"Entity","Column_Count","Subject_Area","PK_Columns","Description"
"ACCESS DEVICE","2","Foundation - Agreement","Access Device Id","A means by which a customer has access to one or more accounts or services provided by the enterprise. Examples of types of devices include credit card plastic, key chain card, cell phone, and personal computer. A device may access more than one account such as both credit card and banking accounts."
"ACCESS DEVICE ACTIVATE EVENT","0","Foundation - Event","","A type of CONTACT EVENT whereby an ACCESS DEVICE such as a CREDIT CARD is activated using a channel such as a telephone."
"ACCESS DEVICE DESCRIPTIVE FEATURE","0","Foundation - Product","","This is a type of descriptive feature that indicates that an access device such as credit, debit, or ATM card is an available feature for an account."
"ACCESS DEVICE EVENT","3","Foundation - Event","Access Device Event Id","This entity is a subtype to EVENT and contains only those events that involve an account ACCESS DEVICE (e.g., credit, ATM, debit, smart, and mobile phone)."
"ACCESS DEVICE FEATURE","0","Foundation - Agreement","","Identifies characteristics associated with an ACCESS DEVICE such as color, shape, size, and image of the device."
"ACCESS DEVICE LIMIT","4","Foundation - Agreement","Access Device Limit Start Dt","This entity identifies the types of limits that apply to ACCESS DEVICEs. For example, an ATM card may have a maximum amount that can be withdrawn per day, or a maximum number of transactions per day."
"ACCESS DEVICE METHOD TYPE","2","Foundation - Agreement","Access Device Method Type Cd","This minor entity describes the access method of an access device event such as magnetic stripe, chip, and optical."
"ACCESS DEVICE PIN","4","Foundation - Agreement","Access Device PIN Issue Dttm","This entity tracks the issue dates of a PIN (Personal Identification Number), the mailing dates and the reasons for issue (first issue, replacement). This will be used for any kind of account ACCESS DEVICE.  The actual PIN value may not be kept in the data warehouse. There may also be more than on"
"ACCESS DEVICE PIN REASON TYPE","2","Foundation - Agreement","Access Device PIN Reason Cd","This minor entity describes the reason a PIN number is issued to an ACCESS DEVICE.   Examples: - First issue - Replacement"
"ACCESS DEVICE REASON TYPE","2","Foundation - Agreement","Access Device Reason Cd","This entity provides a description of the reason code associated with the status of an ACCESS DEVICE.  For example, if the status is inactivated then the reasons could be lost, stolen, or over limit."
"ACCESS DEVICE RELATED","0","Foundation - Agreement","","This entity defines the relationship between two ACCESS DEVICEs, such as replaces, or issued in combination with."
"ACCESS DEVICE RELATED TYPE","1","Foundation - Agreement","Access Device Relate Type Desc","This minor entity describes the type of relationship between two access devices such as 'replaces.'"
"ACCESS DEVICE STATUS","2","Foundation - Agreement","Access Device Status Start Dttm","This entity contains the history of the status and reason of the status change of an ACCESS DEVICE.  Status examples include active, not yet active, and inactivated.  Reasons include lost, stolen, and over limit."
"ACCESS DEVICE STATUS TYPE","2","Foundation - Agreement","Access Device Status Cd","This minor entity describes the status of an account access device such as valid, invalid, and no longer in possession of the card."
"ACCESS DEVICE SUBTYPE","2","Foundation - Agreement","Access Device Subtype Cd","This is a code for the type of device such as: - Card - Key card - Mobile phone"
"ACCESS DEVICE VERIFY TYPE","2","Foundation - Agreement","Access Device Verify Type Cd","This minor entity describes the verification method of an access device event such as PIN, signature, or no verification."
"ACCESS MEDIUM TYPE","2","Foundation - Agreement","Access Medium Type Cd","This minor entity defines the different access medium types such as debit card, ATM card, credit card, passbook, and mobile phone."
"ACCIDENT EVENT","1","Foundation - Event","Accident Event Id","This is a man-made event that causes damage such as a traffic accident or an oil spill."
"ACCIDENT TYPE","4","Unassigned","Insurance (all LOB)","This minor entity identifies the type of accident that resulted in this specific claim. Examples for an automobile accident include rear impact, side impact, head-on collision, rollover, runoff, and hit and run. Other types include hurricane, earthquake, and airplane crash.   A further breakdown o"
"ACCOUNT","7","Foundation - Agreement","Account Id","For financial services, this entity is used for accounts payable payment accounts, external standing order accounts and for reward program accounts. There is a one to zero/one relationship between AGREEMENT and ACCOUNT. For example, for external accounts the enterprise only knows about the account a"
"ACCOUNT INVOLVEMENT SUBTYPE","2","Foundation - Agreement","Account Involvement Subtype Cd","This is a subtype discriminator that indicates whether the enterprise is one of the parties to the account. 'Internal' indicates the enterprise is a party to the account, and 'external' indicates that the enterprise is not a party to the account."
"ACCOUNT METRIC","6","Foundation - Agreement","Account Metric Amt","This entity contains any kind of metric applicable to this account over time such as current monetary balance, current point balance, and current past due balance amount. This entity can track any kind of metric over time."
"ACCOUNT METRIC TYPE","2","Foundation - Agreement","Account Metric Type Cd","This is a code for the type of metric such as current monetary balance, current point balance, and current past due balance amount."
"ACCOUNT PURPOSE SUBTYPE","2","Foundation - Agreement","Account Purpose Subtype Cd","This is a subtype discriminator based on the purpose of the account such as a transaction account or a loyalty account."
"ACCOUNT RENEWAL","4","Foundation - Agreement","Account Renewal Actual Start Dttm","This entity tracks history information regarding account renewal start and end dates for renewable accounts. Each instance is one renewal period including the original or first period."
"ACCOUNT TYPE","2","Foundation - Agreement","Account Type Cd","This is a classification of the account."
"ACCOUNTING CALENDAR TYPE","0","Foundation","","This entity supports all types of accounting or fiscal calendars as required by the enterprise."
"ACCOUNTING CURRENCY","4","Foundation - Agreement","Business Unit Party Id","This entity tracks the changes to the Internal Accounting Currency (IAC) over time. For example, if the country is Germany, then the internal accounting currency could be Marks. There is one instance for Marks. When the change is made to go to the Euro as the IAC then there is an instance for Euro. "
"ACCOUNTING TYPE","2","Foundation - Agreement","Accounting Type Cd","This minor entity specifies the type of accounting currency such as global or local currency."
"ACCOUNTS PAYABLE","0","Foundation - Finance","","The entity that provides details of ACCOUNTS PAYABLE for a company. ACCOUNTS PAYABLE records how much a company owes suppliers for the purchase of supplies or services on credit."
"ACCOUNTS RECEIVABLE","0","Foundation - Finance","","The entity that provides details for the ACCOUNTS RECEIVABLE accounts. ACCOUNTS RECEIVABLE is the payment a company expects to collect from a PARTY, generally from a completed transaction of sales or services rendered. ACCOUNTS RECEIVABLE accounts are types of current assets."
"ACCRUED LIABILITY ACCOUNT","0","Foundation - Finance","","The entity that provides details for the accrued liabilities. Accrued liabilities recognize expenses incurred during the accounting period but not yet paid."
"ACTIVITY ACTIVITY GROUP","0","Foundation - Event","","This entity associates an activity with activity groups. An activity can be associated with many groups and a group consists of many activities. This allows an activity to be grouped many ways. For example, the deposit activity may be grouped into financial account transactions and also asset relate"
"ACTIVITY GROUP","4","Foundation - Event","Activity Group Cd","This recursive entity groups the activity groups into higher levels. For example, the financial institution may want to group the activity groups into all electronic transactions or all nonaccount transactions."
"AD CONTACT XREF","1","Foundation - Campaign","Contact Event Id","This entity captures information regarding any contact with a party with regards to an ad.  Frequently, displayed ads generate viewer feedback. This enables linking comments back to the specific ad that was displayed."
"AD DELIVERY TYPE","2","Foundation - Campaign","Ad Delivery Type Cd","This code defines the type of delivery utilized for an impression.  Examples: - Stream - Macromedia Flash - Pop-up"
"AD EVENT","1","Foundation - Event","Page Ad Displayed Id","This entity captures information regarding custom ad click-through events. Ad click-through events capture information regarding the ads displayed when a visitor performs a click-through action."
"AD EVENT TYPE","2","Foundation - Event","Ad Event Type Cd","This code captures information regarding ad event types."
"AD GROUP CAMPAIGN XREF","1","Foundation - Campaign","Ad Group Id","This entity captures information regarding linkages between paid search ad groups and paid search campaigns. Ad groups are actually groups of items that have linkages to the keywords or phrases."
"AD IMPRESSION SUMMARY","4","Foundation - Campaign","Ad Impression Summary Statistics Dttm","This entity provides periodic statistics about the advertisement objects that have been displayed. These values are usually collected by the ad agency.  Some ad agencies only capture summary information with regard to the delivery of advertisements and the actions taken by the viewers of the adver"
"AD NETWORK","3","Foundation - Channel","Ad Network Id; Controlling Party Id","This entity represents a group of publisher sites that an ad or campaign is run on. Ad networks commonly have predefined networks that advertisers can choose to run their ads on. Examples include a computers & technology network that would include all of the computer & technology related sites the a"
"AD NETWORK WEB SITE","0","Foundation - Channel","","This entity relates the web sites that are contained in a specific ad network."
"AD OBJECT","0","Foundation - Campaign","","An associative entity that tracks MULTIMEDIA OBJECTs involved in the creation of an AD."
"AD OFFER","0","Foundation - Campaign","","This entity relates ads to offers. An offer is presented in an ad."
"AD ORDER","11","Foundation - Campaign","Ad Order Id; Parent Ad Order Id","This is an order from a buyer (advertiser or ad agency) to an ad space seller (ad agency or publisher) indicating the buyer's desire to reserve space to display an advertisement."
"AD ORDER BROADCAST MEDIUM","0","Foundation - Campaign","","This entity captures information regarding the broadcast output medium (channel) for this ad order."
"AD ORDER COMMISSION","3","Foundation - Campaign","Sales Party Id","This is a cross-reference of sales persons and commissions associated with the ad order.  Example:  - M. Stephenson will be receiving 10% on all revenue generated by Ad # 54298743."
"AD ORDER DELIVERY SUBTYPE","2","Foundation - Campaign","Ad Order Delivery Subtype Cd","This entity captures information regarding the types of delivery channels ads may be distributed over.  Examples: - Ad Order Traditional (billboards, standard TVs, and sides of vehicles) - Ad Order Online (web, and interactive devices)"
"AD ORDER DISPLAY TIME","0","Foundation - Campaign","","This entity defines a date and time that an ad will be shown.  Examples: - Ad 2005467 is shown Monday morning (9am-11am) - Ad 872364098 is shown on Weekends (24 hours a day)"
"AD ORDER EVENT","0","Foundation - Event","","This entity enables the linking of ad orders to event activities. By providing a cross reference between ad orders and events, the ad order function can be tracked within the event hierarchy."
"AD ORDER EXPENSE FORECAST","3","Foundation - Campaign","Ad Order Expense Forecast End Dt","This entity is used for future estimates, projections, and forecasts of ad order expenses by ad space buyers.   It accommodates multiple simultaneous methods and forecast sources (allowing for the selection of the most accurate method when the 'actuals' become known).   It also houses the (deriv"
"AD ORDER INTERACTIVE DEVICE MEDIUM","0","Foundation - Campaign","","The output medium (channel) for this ad order is an access device such as a mobile phone."
"AD ORDER MAKE GOOD","2","Foundation - Campaign","Make Good Reason Cd","This entity captures information regarding advertisement orders where the customer is unhappy with the placement or the placement failed to occur so a make good request is issued."
"AD ORDER MAKE GOOD PLACEMENT","0","Foundation - Campaign","","This entity captures information regarding make good replacement requests."
"AD ORDER MAKE GOOD REASON TYPE","2","Foundation - Campaign","Make Good Reason Cd","This entity captures information regarding the reason for the make good request."
"AD ORDER MAKE GOOD REFUND","5","Foundation - Campaign","Refund Item Qty","This entity captures information regarding a make good request for a refund. The customer refuses to accept a replacement and requests a refund of the order."
"AD ORDER MAKE GOOD SUBTYPE","2","Foundation - Campaign","Ad Order Make Good Subtype Cd","This entity defines ad order make good subtypes such as placement and refund."
"AD ORDER ONLINE","9","Foundation - Campaign","Total Maximum Impression Cnt","This is an order from a buyer (advertiser or ad agency) to an ad space seller (ad agency or publisher) indicating the buyer's desire to purchase space to display an advertisement in an on-line venue.  Note: If the property is an online publication, linkage to more information about it is provided "
"AD ORDER ONLINE SUBTYPE","2","Foundation - Campaign","Ad Order Online Subtype Cd","This code is a classification of online channels for advertisements.  Examples: - Web - Interactive television  - Interactive game play device"
"AD ORDER OUTDOOR MEDIUM","0","Foundation - Campaign","","This entity captures information regarding billboard output medium (channel) for ad orders."
"AD ORDER PARTY","0","Foundation - Campaign","","This entity contains the various parties involved in the ad order. The various parties and their role include: - Advertiser: The party whose products or services will be promoted in the ad space. - Ad agency: The third party handling or facilitating the ad order between the advertiser and the publ"
"AD ORDER PARTY ROLE","2","Foundation - Campaign","Ad Order Party Role Cd","This is a role that a party may play with an ad order such as: - Advertiser: The party whose products or services will be promoted in the ad space. - Ad Agency: The third party handling or facilitating the ad order between the advertiser and the publisher. Not used when the ad order is placed dire"
"AD ORDER PRINT MEDIUM","2","Foundation - Campaign","Print Page Type Cd","This entity captures information regarding print output medium (channel) for ad orders."
"AD ORDER STATUS","2","Foundation - Campaign","Ad Order Status Start Dttm","This entity defines the status of an ad order over time."
"AD ORDER STATUS TYPE","2","Foundation - Campaign","Ad Order Status Type Cd","This entity defines the status of an ad order.  Examples:  - Cancelled - On hold - Complete"
"AD ORDER TRADITIONAL","5","Foundation - Campaign","Client Cost Amt","An order from a buyer (advertiser or ad agency) to an ad space seller (ad agency or publisher) indicating the buyer's desire to purchase space to display an advertisement in an off-line venue.  The title version defines the specific property in which the ad is to be displayed.  Examples:  - Ins"
"AD ORDER TRADITIONAL SUBTYPE","2","Foundation - Campaign","Ad Order Traditional Subtype Cd","This entity captures information regarding traditional channels for advertisements.  Examples: - Print - Television  - Billboard - Radio"
"AD ORDER TYPE","2","Foundation - Campaign","Ad Order Type Cd","This is a code for ad order classifications.  Examples: - Up front - Spot  - Makegood"
"AD ORDER WEB MEDIUM","2","Foundation - Campaign","Web Page Type Cd","This entity captures information regarding web output medium (channel) for ad orders."
"AD PLACEMENT","4","Foundation - Campaign","Ad Placement Id; Ad Placement Visit Id; Secondary Segment Id","This entity contains information about when and where an ad is delivered for a specific delivery channel."
"AD PLACEMENT BROADCAST MEDIUM","0","Foundation - Campaign","","This entity captures information regarding broadcast mediums for the advertisement placement. The broadcast medium covers output mediums such as cinema, radio, and television."
"AD PLACEMENT DISPLAY TIME","0","Foundation - Campaign","","This entity defines the date and time that an ad was shown.  Examples: - Ad 2005467 is shown Monday morning (9am-11am) - Ad 872364098 is shown on Weekends (24 hours a day)"
"AD PLACEMENT OUTDOOR MEDIUM","0","Foundation - Campaign","","This entity captures information regarding the display medium for outdoor advertisement placement. The outdoor medium covers billboards and advertisement displayed on vehicles."
"AD PLACEMENT PRINT MEDIUM","6","Foundation - Campaign","Print Ad Placement Page Type Cd","This entity captures information regarding the display medium for the advertisement placement. The print medium covers display mediums such as books, magazines, newspapers, and yellow pages."
"AD PLACEMENT SUBTYPE","2","Foundation - Campaign","Ad Placement Subtype Cd","This code identifies the medium in which the ad appeared and is used as a category discriminator such as: - Print - TV - Radio - Web - Email"
"AD SPACE ITEM","3","Foundation - Campaign","Ad Space Item Id","This entity defines a type of media space that can be sold by a media publisher.  It is used for pricing and ordering purposes to predefine rates and ad space specifications."
"AD STATUS","3","Foundation - Campaign","Ad Status Start Dttm","This entity defines the status of an ad over time."
"AD STATUS TYPE","2","Foundation - Campaign","Ad Status Type Cd","This entity defines the status of an ad.  Examples:  - Active  - Canceled - Under trial test"
"AD SUBCATEGORY","2","Foundation - Campaign","Ad Subcategory Cd","This code provides a second higher level of classification of advertisement."
"AD SUBTYPE","2","Foundation - Campaign","Ad Subtype Cd","This is a classification of advertisement delivery types such as radio, TV, and web."
"AD VIEWER PLACEMENT DEMOGRAPHIC","0","Foundation - Campaign","","This entity captures demographic information regarding the desired characteristics of the expected audience for the advertisement being placed. Examples include education level, age range, income level, and job status."
"ADD ON FACTOR PARAMETER","5","Banking - Agreement","Add On Factor Id","This parameter table defines the potential future exposure add-on factors. It is used to calculate the counterparty credit risk charge for single name credit derivative transactions in the trading book.  Reference paragraph 707 in June 2004 Accord."
"ADDRESS","2","Foundation - Location","Address Id","This entity contains all locators that are addresses of point locations where no further decomposition of the address is desired.  Currently, the entity does not carry any nonkey attributes. It might carry a common short name for a locator. A short name would typically be derived from the detailed"
"ADDRESS DELIVERY STATUS","1","Foundation - Party","Delivery Status Dttm","Information about potential problems in delivery of content to addresses.    Different sources can provide information such as:  - Post office providing change of address notifications  - 3rd party vendors providing address cleanup information  - Information known internally, such as mail being"
"ADDRESS SUBTYPE","4","Foundation - Location","Address Subtype Cd","A code that uniquely identifies the ADDRESS SUBTYPE.   Examples: - Street address - Electronic address  - Geospatial locator  - Parcel address - Post office box address  - Military address"
"ADJUDICATION AMOUNT TYPE","3","Unassigned","Insurance (all LOB)","The type of monetary amount on a claim resulting from adjudication.  Examples: - Noncovered amount - Paid amount - Copaid amount - Deductible amount - Withheld amount - Allowed amount - Discount amount - Per day limit amount - Tax amount"
"ADJUDICATION TYPE","3","Unassigned","Insurance (all LOB)","This is a code used to identify uniquely the type of adjudication.  Examples: - Internal  - COB (Coordination of Benefits)"
"ADJUSTED EARNING","1","Foundation - Party","Associate Payroll Transaction Id","Adjustments made to an Associate's earnings. Adjustments can be for retroactive pay, reimbursement for over withheld taxes, or other corrections to include negative adjustments."
"ADJUSTED EARNING SUBTYPE","2","Foundation - Party","Adjusted Earning Subtype Cd","This is a code for the types of adjusted earnings.  Examples: - Retroactive pay  - Reimbursement for over withheld taxes  - Other corrections including negative adjustments"
"ADJUSTMENT REASON TYPE","2","Foundation - Finance","Adjustment Reason Type Cd","This entity identifies the specific reason for an adjustment within an ADJUSTMENT TYPE.   Examples:  - For ADJUSTMENT TYPE of 'Goodwill' ADJUSTMENT REASON TYPE of: Packaging lightly damaged or driver late;  - For ADJUSTMENT TYPE of 'Bad Debt,' ADJUSTMENT REASON TYPE of: Company out of business o"
"ADJUSTMENT TYPE","2","Foundation - Finance","Adjustment Type Cd","This is a high-level classification of why an adjustment was made. The related entity will contain an amount attribute that will designate whether the adjustment is positive (+) or negative (-).   Examples: - Goodwill  - Debit - Rating change  - Bad debt - Adjustment increase"
"ADMINISTRATIVE ALERT","1","Foundation - Event","Alert Estimated Issuance Dttm","This entity identifies a type of ALERT EVENT such as notifications that scheduled maintenance has been performed or that scheduled testing has been done. ADMINISTRATIVE ALERTs may or may not be issued to a PARTY for action but may only be maintained for statistical review.  This type of ALERT EVEN"
"ADVERTISEMENT USAGE INFORMATION","1","Foundation - Campaign","Receiver Usage Start Dttm","Captures information from a TV Receiver device regarding Advertisement usage."
"AFFILIATE PRODUCT AGREEMENT","0","Banking - Agreement","","This is an agreement between the financial institution and a company to provide financial products to that company's employees at a discount."
"AFTER TAX CHARITABLE CONTRIBUTION","0","Foundation - Party","","An after tax deduction for a charitable contribution, such as United Way."
"AFTER TAX DEDUCTION","1","Foundation - Party","Assoc Payroll Transaction Id","For an ASSOCIATE PAYROLL TRANSACTION, deductions from earnings reduce amounts paid to an ASSOCIATE. AFTER TAX DEDUCTIONs are types of reductions made from payroll payments after income taxes are calculated.   Examples of AFTER TAX DEDUCTIONs include: - Savings plan - after tax contributions - Ch"
"AFTER TAX DEDUCTION SUBTYPE","2","Foundation - Party","After Tax Deduction Subtype Cd","This is a code for the types and descriptions of after tax deductions.   Examples: - Savings plan - after tax contributions - Charitable contributions (i.e., United Way)"
"AFTER TAX SAVINGS PLAN","0","Foundation - Party","","A savings plan that consists of deductions from an Associate's pay on an after tax basis."
"AGE DETERMINATION TYPE","2","Foundation - Party","Age Determination Type Cd","A code for whether the age was determined based on the next birthdate or the last birthdate."
"AGENCY CREDIT REPORT","14","Foundation - Party","Obligor First Name","This is the credit report containing data elements specific to an agency such as Experian, Equifax, and Trans-Union. It can also include information from other reports such as Dunn & Bradstreet, Moody's, and Standard & Poor's.   The attributes in this entity will vary by reporting agency. A few at"
"AGENT APPLICATION DETAIL","3","Unassigned","Insurance (all LOB)","This entity is a subtype of PARTY APPLICATION when the subtype indicator, Contract Party Role Cd, indicates a relationship between an agent and an application."
"AGENT BROKER AGREEMENT DETAIL","2","Unassigned","Insurance (all LOB)",""
"AGENT COMMISSION OPTION TYPE","3","Unassigned","Insurance (all LOB)","This minor entity translates the agent commission option code into a description.   Examples: - Monthly payment - Separate check - Include with base pay"
"AGENT INDEPENDENCE TYPE","2","Foundation - Party","Agent Independence Type Cd","The degree to which the agent is independent of the insurance company it represents such as employed, fully independent, and limited independence and tied."
"AGENT PARTICIPATION TYPE","3","Unassigned","Insurance (all LOB)","This minor entity translates the participation type codes into a description.   Examples of participation types are: - Branch manager - Primary sales agent - Apprentice sales agent"
"AGENT REPORT","10","Unassigned","Insurance (all LOB)","This entity is a subtype of AGENT APPLICATION DETAIL and provides additional information on the application, as noted by the agent."
"AGREEMENT","15","Foundation - Agreement","Agreement Id","This entity contains information about arrangements between two or more parties where there are terms and conditions. It includes legally binding contracts and arrangements that are not legally binding."
"AGREEMENT ABUSE","5","Foundation - Agreement","Agreement Abuse Dt","This entity tracks abuses, such as 1st party fraud, 2nd party fraud, or kiting that occur against an account over time. 'Kiting' is taking advantage of float. 'Float' is the time between the deposit of the check in a bank and payment."
"AGREEMENT ACCESS DEVICE","3","Foundation - Agreement","Agreement Access Device Type Cd","This entity relates an ACCESS DEVICE such as a credit or debit card to an account. An account can have many devices associated with it (e.g., one each for husband and wife) and a device can be used with many accounts (e.g., savings and checking). If a noncustomer used a channel such as an ATM, then "
"AGREEMENT ACCESS DEVICE FEATURE","2","Foundation - Agreement","Agreement Device Feature Start Dt","This entity identifies the conditions (Features) that are valid for this ACCESS DEVICE for this Account.  Examples of Conditions are:  - Card can only be used for types of purchase types explicitly stated (e.g., supplies) - Card is temporary and will expire in 90 days  The standard yearly fee "
"AGREEMENT ACCESS DEVICE TYPE","2","Foundation - Agreement","Agreement Access Device Type Cd","This minor entity describes the relation between AGREEMENT and ACCESS DEVICE such as 'is primary card for' or 'is secondary card for.'"
"AGREEMENT AGREEMENT CLASS XREF","2","Foundation - Agreement","Agreement Class Start Dt","This entity provides for an AGREEMENT to be classified many ways. The classification scheme and classification value together will identity the specific classification.   The business rule says that for a given classification scheme an agreement has only one value at one point in time (that is why"
"AGREEMENT AGREEMENT GROUP","3","Foundation - Agreement","Agreement Agreement Group Start Dt","This associative entity relates agreements with the agreement group."
"AGREEMENT AGREEMENT GROUP SUBTYPE","2","Foundation - Agreement","Agreement Agreement Group Subtype Cd","This is a code for the reason why the agreement is related to this group of agreements.   Examples:  - The agreement is part of this securitization pool,  - The securitization agreement resulted in this pool."
"AGREEMENT APPLICATION","3","Foundation - Agreement","Asset Role Cd","This entity identifies relationships between agreements and applications."
"AGREEMENT APPLICATION ROLE","4","Foundation - Agreement","Agreement Application Role Cd","This minor entity describes the relationship between an agreement and an application.   Examples: - Agreement created from application - Agreement supplemented by application - Agreement is collateral of application"
"AGREEMENT ASSET","2","Foundation - Agreement","Agreement Asset Start Dt","This associative entity relates agreement to an asset along with the role that the asset has with the agreement. An example of a role of an asset to an agreement is a collateral role."
"AGREEMENT BALANCE TYPE METRIC","14","Foundation - Agreement","Agreement Metric Type Cd","This entity contains summary agreement metrics at the end of a time period (the time period to be determined by each financial institution using this model) for a particular balance category. Even though the information is technically derivable from events and should not be in a logical model, it is"
"AGREEMENT CHANNEL","4","Foundation - Agreement","Agreement Channel Start Dt","This associative entity identifies the various roles that a channel plays with a specific account. Roles include 'belongs to,' or 'is managed by.'"
"AGREEMENT CHANNEL ROLE TYPE","2","Foundation - Agreement","Agreement Channel Role Type Cd","This minor entity describes the role that the channel plays with the agreement.  Examples: - Belongs to - Is managed by  - Was acquisition channel for - Is most used"
"AGREEMENT CHANNEL TYPE","69","Foundation - Agreement","Agreement Channel Type Start Dt","This entity identifies the channel types related to this agreement with a role such such as:  - Is managed by  - Was acquisition channel for - Is most used - Is preferred"
"AGREEMENT CHART OF ACCOUNTS","2","Foundation - Agreement","Agreement Chart Of Accounts Start Dt","Over time an agreement that is an asset or liability account can relate to more than one chart of accounts number. For example, a loan account may be, at one point in time, active and another point in time it could be in write-off status."
"AGREEMENT CLAIM","3","Unassigned","Insurance (all LOB)","This associative entity relates claims to the insurance account the claim is reported against."
"AGREEMENT CLAIM RELATIONSHIP TYPE","3","Unassigned","Insurance (all LOB)","This entity describes the relationship between an agreement and a claim.  Examples: - Policy of the party that caused the claim - Policy of the party that is making the claim - Group policy of claim - Individual policy of claim"
"AGREEMENT CLASS ADJUSTMENT PARAMETER","3","Banking - Agreement","Agreement Class Adjustment Start Dttm","This entity contains the adjustment rates to be applied to this classification of agreements when determining the value of the exposure for this agreement. These are often referred to as 'haircuts' within risk management."
"AGREEMENT CLASS RISK GRADE","5","Foundation - Agreement","Agreement Class Risk Start Dttm","This entity contains the risk grades for a given classification of agreements for a given period of time.   Examples of classifications include mortgages, commercial real estate loans, derivatives, personal loans, and purchased receivable debt."
"AGREEMENT CLASS SCHEME TYPE","5","Foundation - Agreement","Agreement Class Cd","This minor entity describes the schemes for classifying agreements. Examples of schemes include tax purposes, Basel 1 purposes, Basel II purposes, and marketing purposes.  The hierarchy in this structure allows you to roll up a classification into another classification. For example, a swap agreem"
"AGREEMENT CLASS SUBJECT","0","Foundation","","This entity contains those subjects that are classifications of agreements. There is one instance for each agreement classification such as insurance policies that have been in force for over one year."
"AGREEMENT CLASS VALUE","8","Foundation - Agreement","Agreement Class Value Cd","For a given classification scheme, these codes represent the various values for that scheme. For example, for tax reporting purposes the possible values may be individual, joint, or corporate. For Basel II purposes the possible values could be corporate/sovereign/bank, retail, equity, purchased rece"
"AGREEMENT COLLATERAL ITEM","2","Banking - Party Asset","Agreement Collateral Item Start Dt","This entity contains those assets used as collateral where the assets are customer deposits or investment holdings held with your institution that are pledged as collateral. More than one agreement could be bundled into a collateral item."
"AGREEMENT COLLECTION STATUS","5","Foundation - Agreement","Collection Status Start Dttm","This entity keeps track of the collection status for an account that is past due and considered to be in collections. There is one instance for each type of amount (e.g., principal or interest) and for each past due type (e.g., 30, 60 or 90 days) and when that money became associated with that past "
"AGREEMENT COST","5","Foundation - Agreement","Agreement Cost Start Dttm","This entity tracks the changes to the cost of an agreement over time. Agreement costs are those costs allocated to each agreement such as facilities, data processing, product advertisement, underwriting, collections, customer service, or closing agreements."
"AGREEMENT COVERAGE EVENT","4","Unassigned","Insurance (all LOB)","This entity contains those events that are related to agreement coverage for each insurable interest."
"AGREEMENT COVERAGE EVENT BASE TYPE","3","Unassigned","Insurance (all LOB)","This minor entity identifies the basis of the policy coverage event.  Examples: - 1 = Direct  - 2 = Assumed  - 3 = Ceded"
"AGREEMENT COVERAGE EVENT CATEGORY","3","Unassigned","Insurance (all LOB)","This minor entity identifies the policy coverage transaction category.   Examples:  - 1 = Billed  - 2 = Received  - 3 = Cancellation  - 4 = Retro / contingent  - 5 = Other adjustment"
"AGREEMENT COVERAGE EVENT TYPE","3","Unassigned","Insurance (all LOB)","This minor entity identifies the types of policy coverage transactions.  Examples:  - 1 = Premium - 2 = Fee - 3 = Commission  - 4 = Underwriting expense - 5 = Taxes"
"AGREEMENT CREDIT REPORT","0","Foundation - Agreement","","This links an agreement to a credit report that is run to determine the potential health of this agreement in light of the obligor's other obligations and credit standing."
"AGREEMENT CREDIT RISK TYPE METRIC","8","Banking - Agreement","Agreement Credit Risk Metric Amt",""
"AGREEMENT CURRENCY","3","Foundation - Agreement","Agreement Currency Start Dt","This entity tracks changes to the account level currency over time. There is one instance for each account number, currency code, currency use, and date combination."
"AGREEMENT DIRECT EXPENSE","1","Foundation - Agreement","Direct Expense Amt","This entity contains the direct expense amounts for a given agreement for a given unit cost type (e.g., standard versus actual). This entity allows for many types of unit cost and direct expense calculations. There is one table for each profit cycle."
"AGREEMENT DOCUMENT","0","Foundation - Agreement","","This entity associates documents with agreements such as financial reports, copies of identification documents, and copies of executor authority."
"AGREEMENT EVENT","1","Foundation - Agreement","Reward Event Ind","This entity is a subtype to EVENT and contains only those events that involve agreements."
"AGREEMENT EVENT TYPE","2","Foundation - Agreement","Agreement Event Type Cd","This minor entity is a category discriminator for events that involve an account. If the event involves the posting of money to the account then it is a FINANCIAL AGREEMENT EVENT. If it involves a card (e.g., insurance card, and reward points) then this is an ACCESS DEVICE EVENT."
"AGREEMENT FEATURE","12","Foundation - Agreement","Agreement Feature Role Cd","This entity associates the agreement with features that are specific to the agreement. Examples could be to defer interest charges until account closes, or mail interest to account holder. This would include all agreement level features.  This entity also includes the possibility of one feature re"
"AGREEMENT FEATURE GROUP","3","Foundation - Agreement","Agreement Feature Group Role Cd","This entity relates agreements to group of features.   Example: - Features can be grouped into tiers, and the agreement is related to the tier feature group. This is useful for deposit term agreements where the agreement is for Tier 1, which represents minimum balance of $10,000 for 5 years with "
"AGREEMENT FEATURE GROUP ROLE","2","Foundation - Agreement","Agreement Feature Group Role Cd","The role that this feature group has with this agreement.  Examples: - Is included - Is excluded"
"AGREEMENT FEATURE METRIC","8","Foundation - Agreement","Agreement Feature Role Cd","This entity tracks the 'subbalance' over time for a given account feature metric.  This is especially useful for Credit Card companies where a balance can be divided into portions (balance segments) and the amount of that balance needs to be tracked over time."
"AGREEMENT FEATURE METRIC TYPE","2","Foundation - Agreement","Agreement Feature Metric Cd","This entity contains the various metrics that are reported about this account feature at a point in time.   Examples of metrics include principal balance owed and interest balance owed."
"AGREEMENT FEATURE RELATED","2","Foundation - Agreement","Agreement Feature Role Cd","This associative entity allows for an override of a subfeature by another subfeature or the override of subfeature metrics at the agreement level.  Examples of subfeatures include: - A credit card agreement has a card (feature), which has an annual card fee (subfeature), which is overridden by a "
"AGREEMENT FEATURE ROLE TYPE","3","Foundation - Agreement","Agreement Feature Role Cd","The relationship of the feature to account related subjects; account, application, quotation:  Examples: - Negotiated override standard product feature  - Nonnegotiated override of standard product feature"
"AGREEMENT FINANCIAL RULE","3","Foundation - Finance","Agreement Financial Rule Amt","This entity relates a financial rule to a specific agreement to identify a rule that governs this agreement."
"AGREEMENT FUNDING SOURCE","1","Foundation - Agreement","Agreement Funding Source Amt","This entity identifies the third-party source of funding of various amounts for an agreement such as deposit monies and loan down payment monies. This entity allows for more than one source for a given amount."
"AGREEMENT GROUP","9","Foundation - Agreement","Agreement Group Id","This entity represents a grouping of agreements. For example, a group could be a securitized package of loan accounts or a 'tranche.' Agreement groups can also be used internally by the Financial Institutions for account analysis and reporting purposes. An agreement group can also be considered a 's"
"AGREEMENT GROUP BALANCE","4","Foundation - Agreement","Agreement Group Balance Start Dttm","This entity contains derived balance information at the AGREEMENT GROUP level over time. It could be derived from the individual agreements that make up the group. The balance is in the currency of the books."
"AGREEMENT GROUP CHART OF ACCOUNTS","2","Foundation - Agreement","Agreement Group Chart Of Accounts Start Dt","Accounts may be grouped into portfolios and then that portfolio is related to a GL account number. For example, for a given portfolio a bank may set aside money for loan loss provisions. These are general provisions (at the portfolio level) versus specific provisions, which are at the account level."
"AGREEMENT GROUP CRITERION","0","Foundation - Agreement","","This entity identifies the criterion that can be used to group agreements together, such as balance > 3000 or delinquent more than 120 days."
"AGREEMENT GROUP EVENT","1","Foundation - Event","Agreement Group Id","This entity is a subtype entity of EVENT and is directly related to one agreement group."
"AGREEMENT GROUP FEATURE","2","Foundation - Agreement","Agreement Group Feature Start Dt","This entity contains the terms and conditions for this group of agreements. For example, if agreements are grouped into 'tranches' for securitization, that tranche may have some conditions such as duration and rate. This allows for that possibility.  Another example of features related to agreemen"
"AGREEMENT GROUP FEATURE ROLE","2","Foundation - Agreement","Agreement Group Feature Role Cd","The role of this feature to this agreement group.   For example, if the feature is used as selection criteria and if one feature is the beginning value of a time band and another feature is the ending value of the time band and a third feature is the currency then the role indicates: - Beginning "
"AGREEMENT GROUP LIMIT","3","Foundation - Agreement","Agreement Group Limit Start Dt","This entity tracks the limit for groups of accounts over time. Examples of types of limits include 'gross limit' (sum of debit balances only) and 'net limit' (includes credit balances). Used by Basel II for on balance sheet netting arrangements."
"AGREEMENT GROUP METRIC","6","Foundation - Agreement","Agreement Group Metric Start Dt","This entity tracks metrics for a grouping of agreements."
"AGREEMENT GROUP METRIC TYPE","2","Foundation - Agreement","Agreement Group Metric Cd","A code for the type of metric that measures one account group compared to another account group or that measures a group.  For example, for asset liability management, one of the metrics might be duration gap, which is the difference between the duration of an asset portfolio (account group) and a"
"AGREEMENT GROUP REASON TYPE","2","Foundation - Agreement","Agreement Group Reason Type Cd","The reason for the grouping of accounts such as for securitization or risk retail pooling, and market risk banding."
"AGREEMENT GROUP RELATED","1","Foundation - Agreement","Agreement Group Id","This entity relates agreement groups to other agreement groups.   For market risk, one group of agreements can be used as a hedge against another group of agreements."
"AGREEMENT GROUP RELATED METRIC","1","Foundation - Agreement","Agreement Group Id","This entity keeps track of metrics of the relationship of one group of accounts to another.   For example, for asset liability management, one of the metrics might be duration gap, which is the difference between the duration of an asset portfolio (account group) and the duration of a liability po"
"AGREEMENT GROUP RELATED ROLE","0","Foundation - Agreement","","This entity identifies the reasons why one group of agreements is related to another group of agreements. Possible values include one group hedges another group, and market risk."
"AGREEMENT GROUP RISK","15","Banking - Agreement","Agreement Group Loss Given Default Rate","This entity contains various calculations at the AGREEMENT GROUP level over time for the purposes of determining risk. Many of these attributes are required for Basel II and are derived from other elements in the model. This entity has an attribute for each metric.   For specific kinds of risk mea"
"AGREEMENT GROUP RISK GRADE","4","Banking - Agreement","Agreement Group Risk Start Dttm","This entity contains the risk grade at the agreement group level. This entity contains both externally provided and internally calculated risk grades."
"AGREEMENT GROUP RISK TYPE METRIC","5","Banking - Agreement","Agreement Group Risk Metric Amt","This entity is used for metrics associated with groups of agreements or financial instruments for credit risk and market risk.  ================  For credit risk:  This entity contains a history of various risk metrics over time for a given group of exposures. The metrics are usually an amount,"
"AGREEMENT GROUP SCORE","2","Foundation - Agreement","Analytical Model Id","This entity contains a score associated with this group of agreements for this scoring model (e.g., probability of default)."
"AGREEMENT GROUP SUBJECT","1","Foundation","Agreement Group Id","This entity contains those subjects that are groupings of agreements. There is one instance for each agreement grouping such as all insurance policies written by a certain agent."
"AGREEMENT GROUP TEXT","3","Foundation - Agreement","Agreement Group Text Dttm; Agreement Group Source Party Id","This entity contains free form text information about a group of agreements."
"AGREEMENT GROUP TYPE","2","Foundation - Agreement","Agreement Group Type Cd","A code for the type of group such as a securitization group where a group of exposures are sold to a third party, or a group of exposures that share some characteristics such as past due 90 days, and high credit risk."
"AGREEMENT GROUP TYPE XREF","4","Foundation - Agreement","Agreement Group Id","This entity contains the many ways to classify an agreement group. An agreement group can be classified as securitized, part of a risk pool, and whether it can be deducted from capital on the balance sheet. For insurance policies may be grouped into ring-fenced funds."
"AGREEMENT HOLDER","0","Banking - Agreement","","This entity is a placeholder for the parties who are legally bound by the terms of the agreement - the customer. They could be the named insured for an insurance policy or the account holder in a banking agreement.  This entity is in the model to show completeness and may be removed."
"AGREEMENT ID TYPE JAPAN","2","Banking - Agreement","Agreement Identification Cd","Indicates whether when the account matures if the rate goes to the liquid rate or to the new term rate."
"AGREEMENT IDENTIFICATION","5","Foundation - Agreement","Agreement Identification Type Cd; Issuing Organization Party Id","This entity contains information about identifiers for agreements. An agreement can have more than one identifier over time and at the same point in time.  Examples of identifiers include IBAN - International Bank Agreement Number."
"AGREEMENT IDENTIFICATION CATEGORY","2","Foundation - Agreement","Agreement Identification Category Cd","The codes used as the category discriminator for entity AGREEMENT IDENTIFICATION.   Examples: - IBAN - Other"
"AGREEMENT IDENTIFICATION TYPE","2","Foundation - Agreement","Agreement Identification Type Cd","A code for the type of identifier for this agreement such as IBAN - International Bank Agreement Number or the ABA (American Bankers Association) number in the U.S."
"AGREEMENT INDIRECT EXPENSE","1","Foundation - Agreement","Indirect Expense Amt","This entity contains the indirect expense amounts for a given account. This is an entity because there can be many indirect expense amounts - one for each version/view. There is one table for each profit cycle."
"AGREEMENT INSURANCE RISK CATEGORY","3","Unassigned","Insurance (all LOB)","This associative entity tracks the combination of agreement and risk category over time."
"AGREEMENT INSURED ASSET","5","Unassigned","Agreement Insured Asset Amt","This is a subtype to AGREEMENT ASSET and contains details of the customer asset in relation to the agreement or policy in the role of being insured by."
"AGREEMENT INSURED ASSET COST","3","Foundation - Agreement","Agreement Insured Asset Cost Start Dt","This entity contains the information on the costs incurred by the combination of the asset and account, such as estimation costs."
"AGREEMENT INSURED ASSET FEATURE","3","Unassigned","Agreement Asset Feature Start Dt; Overridden Feature Id","This entity associates assets that are insured by a specific policy to the product features that apply to that insured asset. For example, property damage coverage applies to a specific automobile for a specific policy.  If two motor vehicles are insured by the same account (policy), a replacement"
"AGREEMENT INSURED ASSET FEATURE RELATED","0","Unassigned","","This entity associates subfeatures (e.g., limit and deductible) to the coverage features that apply to an insured asset for a specific policy. For example, a limit of $500 may apply to the property damage coverage. The limit amount and the coverage are each separate features."
"AGREEMENT INSURED PARTY","2","Unassigned","Insurance (all LOB)",""
"AGREEMENT INVESTOR","0","Banking - Agreement","","In a banking Securitization Agreement or Reinsurance Agreement, one party sells the risk (or part of the risk) and another party buys the risk. This is the party that bought the risk or has assumed the exposure in some manner. This may or may not be your enterprise.  This is a subtype entity to th"
"AGREEMENT LEASING ASSET","6","Banking - Agreement","Asset Leasing Value Amt","This is a subtype to AGREEMENT ASSET and contains details of the customer asset in relation to the account in the role of being leased."
"AGREEMENT LEGAL ACTION","3","Foundation - Agreement","Judgment Amt","This entity keeps track of the legal history applicable to an account."
"AGREEMENT LIMIT","4","Foundation - Agreement","Agreement Limit Start Dttm","This entity tracks the changes to an agreement's limit over time. There is one instance for each agreement-limit change date combination."
"AGREEMENT LOCATOR","2","Foundation - Agreement","Agreement Locator Start Dt","This associative entity relates locators (i.e., addresses) with agreements. The relationship is defined by means of a relation code.   Examples of relations are: -The state or country in which the agreement was signed -The area for which rates and tariffs were used to set up the agreement -The "
"AGREEMENT LOCATOR ROLE","2","Foundation - Agreement","Agreement Locator Role Type Cd","This minor entity describes the codes and their descriptions of types of relations between applications, quotations, and accounts on one side, with Locators (i.e., addresses) on the other side.  Type of relations may be: - The address in which the contract was/will be signed - The area for which"
"AGREEMENT MARGIN HISTORY","3","Investment - Agreement","Agreement Margin Start Dttm","This entity keeps track of past and current margin percentages as allowed for this account."
"AGREEMENT MARKET RISK FACTOR","5","Banking - Agreement","Bank Risk Factor Type Cd","This entity contains the factors that affect the price sensitivity of this agreement to market factors. For holdings, there is one investment agreement for each holding.  For example, an option's price can be influenced by the price sensitivity of the underlying instrument, by the time to expirati"
"AGREEMENT MARKET RISK TYPE","8","Banking - Agreement","Agreement Market Risk Metric Amt","This entity tracks the interim and final metrics when calculating market risk for a given agreement. These agreements can be either in the banking book or the trading book.  This entity can be used as a generic way of capturing any market risk metrics at the agreement/account level."
"AGREEMENT METRIC","8","Foundation - Agreement","Agreement Metric Time Period Cd","This entity contains derived metrics at the agreement level for a given point in time or time period. If it is a point in time then the start and end dates are the same. Examples of metrics include point in time cleared balance and number of withdrawal transactions for a month."
"AGREEMENT METRIC PROJECTION","7","Foundation - Agreement","Risk Metric Type Cd","This entity contains a projection of metrics for this agreement."
"AGREEMENT METRIC TYPE","4","Foundation - Agreement","Agreement Metric Type Cd","This entity classifies the types of account metric.   Examples: - Average cleared balance amount - Average ledger balance amount - Ending ledger balance amount - Ending cleared balance amount - Fee income amount - Total credit count - Total debit count - Collateral balance amount - Reserv"
"AGREEMENT OBJECTIVE TYPE","2","Banking - Agreement","Agreement Objective Type Cd","This minor entity contains the objective for this agreement or quotation. For example, for a loan it might be for education, home improvement, and pension."
"AGREEMENT OBTAINED TYPE","2","Foundation - Agreement","Agreement Obtained Cd","This minor entity describes how the agreement was obtained such as existing agreement, and promotion."
"AGREEMENT PARTY FEATURE","3","Foundation - Agreement","Party Agreement Feature Start Dt; Overridden Feature Id","This entity captures terms and conditions (features) that apply to a party within an agreement. For example, in insurance there may be different coverages for adults versus children under the same policy."
"AGREEMENT PARTY FEATURE RELATED","1","Foundation - Agreement","Agreement Party Feature Start Dt","This entity captures terms and conditions (features) that apply to a party and another condition (feature) within an agreement. For example, in insurance there may be different coverages for adults versus children under the same policy."
"AGREEMENT PARTY TEXT","3","Foundation - Agreement","Agreement Party Text Dttm; Party Agreement Text Source Party Id","This entity contains text related to a party and agreement combination."
"AGREEMENT PAYMENT OPTION","3","Foundation - Agreement","Agreement Payment Time Period Cd","This entity defines the payment amount that is due each period for this account. The customer may be given several choices of payment types such as for a loan - minimum payment due, 15-year payment due, 30-year payment due."
"AGREEMENT PORTFOLIO","2","Investment - Agreement","Agreement Portfolio Start Dttm","This entity associates an agreement with a customer portfolio. This entity is used when the financial institution is providing a service related to trades in securities, commodity contracts or their derivatives and where the holdings move in and out of a portfolio. The financial institution receives"
"AGREEMENT PORTFOLIO EVENT","0","Investment - Event","","This entity contains those events that affect an agreement/portfolio combination such as an investment holding within a portfolio within an agreement/account."
"AGREEMENT PORTFOLIO RELATIONSHIP TYPE","2","Investment - Agreement","Agreement Portfolio Relationship Cd","This entity translates the code into a description.   Examples of relations between agreements and portfolios are: - Agreement is contract for investment services - Agreement is for paying investment purchases - Agreement is for receiving dividends and interest - Agreement is for receiving div"
"AGREEMENT PRIVACY PREFERENCE","4","Foundation - Agreement","Agreement Privacy Preference Num","A customer's agreement privacy preferences for the collection and use of personal data."
"AGREEMENT PRODUCT","3","Foundation - Agreement","Agreement Product Role Cd-new","This entity tracks the products associated with an AGREEMENT at one point in time and over time.   In banking, it is possible for an account to be associated with more than one product over time, but with only one product at any given time. An example of this is the account may be a certificate of"
"AGREEMENT PRODUCT FEATURE","16","Foundation - Agreement","Agreement Product Role Cd-new","This entity tracks terms and conditions at the level of product for an agreement."
"AGREEMENT PRODUCT FEATURE RELATED","5","Foundation - Agreement","Agreement Product Role Cd-new","This entity contains features that can describe/override other features that are related to a product for an agreement.  For example, if an insurance policy is for more than one insurance product then this could be the limit for a coverage for a given product for a given policy."
"AGREEMENT PRODUCT ROLE TYPE","3","Foundation - Agreement","Agreement Product Role Cd","This minor entity describes the role that this product has with this agreement:  Examples: - Is offered product (e.g., stock option),  - Is primary purpose of agreement (insurance policy, deposit, swap investment) - Is underlying financial instrument (Teradata stock, U.S. Dollars) - Is a produ"
"AGREEMENT PROFIT","4","Foundation - Agreement","Agreement Profit Start Dttm","This entity tracks the changes to an agreement's profitability over time. This entity has the agreement profitability that is calculated outside of this system. There is one instance for each agreement, date, and profit type combination. This entity can be derived from other entities in the model th"
"AGREEMENT PROFIT COMPONENT","1","Foundation - Agreement","Agreement Profit Component Amt","This entity contains the final profit numbers for this account along with the amounts for other components that make up the profit number such as net interest revenue, other revenue, cost/value of funds, and economic value add."
"AGREEMENT PROMOTION OFFER","1","Foundation - Campaign","Promotion Offer Id","This associative entity tracks offers targeted to specific accounts for a given promotion."
"AGREEMENT PROMOTION OFFER ROLE TYPE","2","Foundation - Agreement","Agreement Promotion Offer Role Cd","This minor entity identifies the various roles that how an account relates to the promotion offer, for example, targets account and created account."
"AGREEMENT PROVISION","4","Foundation - Agreement","Agreement Provision Start Dttm","This entity tracks the amount of provision allocated to this agreement over time. This would normally be specific provision as opposed to general provision. Specific provision can be calculated to the account level and is the expected loss should this account default. If the provision is a general p"
"AGREEMENT QUOTATION ROLE","2","Foundation - Agreement","Agreement Quotation Role Cd","This minor entity identifies the role that accounts have with insurance quotations. Possible roles include ' is subaccount for,' and 'was converted from.'"
"AGREEMENT RATE","4","Foundation - Agreement","Agreement Rate Start Dttm","This entity contains rate for this account, for this time period, for this 'as of date' and for this type of rate. Types of rates could include simple rate, compound rate, rate adjusted for day basis, insurance rate and more. This structure gives you flexibility in keeping track of any kind of rate "
"AGREEMENT RELATED","0","Foundation - Agreement","","This entity identifies relationships between agreements and identifies the type of relationship. For example, one agreement replaces another agreement, one agreement is a subset of another agreement, and one agreement is an amendment to another agreement.  An example would agreements that are link"
"AGREEMENT RELATED REASON","0","Foundation - Agreement","","This minor entity describes the type of relationship between two agreements such as one agreement replaces another agreement, one agreement is a subset of another agreement, and one agreement is an amendment to another agreement."
"AGREEMENT REMEDIATION PLAN","2","Foundation - Agreement","Agreement Remediation Plan Start Dttm","If an agreement looks like it is going into default or indications are that it is in trouble of meeting the terms of the agreement then this entity contains the plans to mitigate the risk of this agreement going into default."
"AGREEMENT REMEDIATION STATUS","1","Foundation - Agreement","Remediation Plan Status Dttm","This entity tracks the status of the remediation plan.  Examples: - Remediation plan established - Remediation plan in process - Remediation plan was able to prevent default - Remediation plan had no effect"
"AGREEMENT RENEWAL","5","Foundation - Agreement","Agreement Renewal Planned Start Dt","This entity tracks actual history information regarding agreement renewal start and end date for renewable contracts. Each instance is one renewal period not including the original. If the agreement does not have a renewal option then this entity will not be populated."
"AGREEMENT REVENUE","6","Foundation - Agreement","Agreement Revenue Start Dttm","This entity contains the direct and indirect revenue allocated to an agreement."
"AGREEMENT RISK GRADE","4","Foundation - Agreement","Agreement Risk Grade Start Dttm","This entity contains the risk grade assignment for this account for this date for this type of grading."
"AGREEMENT RISK GRADE RELATED","4","Foundation - Agreement","Agreement Risk Grade Start Dttm; Agreement Risk Override Party Id","This entity relates one risk grade assessment to another risk grade assessment to identify when one risk assessment replaces or overrides another risk assessment for an account. Risk assessments done by different methods or parties can result in different assessments.  This structure allows for on"
"AGREEMENT RISK HISTORY","50","Banking - Agreement","Exposure At Default Amt","This entity contains various calculations and credit risk related metrics at the account/exposure level over time for the purposes of determining risk. Many of these attributes are required for Basel II and are derived from other elements in the model. This entity would only exist for those agreemen"
"AGREEMENT RISK METRIC INTERNAL INVESTMENT","3","Banking - Agreement","Regulatory Equity LGD Rate","This entity tracks credit risk metrics for internal investments, which are investments in security instruments held by your enterprise where there may be some credit risk involved."
"AGREEMENT RISK METRIC OFF BALANCE SHEET","4","Banking - Agreement","Exposure Collateral Currency Adjusted Amt","This entity tracks credit risk metrics for off balance sheet exposures.  Some facilities may be included in this scope."
"AGREEMENT RISK METRIC OTC DERIVATIVE","1","Banking - Agreement","Potential Exposure Add On Amt","This entity tracks credit risk metrics for over the counter derivative exposures."
"AGREEMENT RISK METRIC PURCHASED RECEIVABLE","2","Banking - Agreement","Dilution Risk Expected Loss Rate","This entity tracks credit risk metrics for purchased receivable exposures."
"AGREEMENT RISK METRIC SECURITIZATION","7","Banking - Agreement","Securitization Credit Exposure Amt","This entity tracks credit risk metrics for securitization exposures."
"AGREEMENT SCORE","1","Foundation - Agreement","Agreement Score Val","This entity tracks the changes to an account's score value over time. This entity has the account score value that is calculated outside of this system. There is one instance for each account-score model combination. Types of account related scores include delinquency score, propensity to refinance "
"AGREEMENT SCORE RELATED","0","Foundation - Agreement","","This entity contains information about one score related to another score for an agreement. For example, if one way of determining loss given default overrides another way for this specific agreement then this shows which scores were overridden and why."
"AGREEMENT SELLER","0","Banking - Agreement","","In a banking securitization or insurance reinsurance agreement, one party sells the risk (or part of the risk) and another party buys the risk. This is the party that sold the risk or has reduced the exposure in some manner. This may or may not be your enterprise.  This entity is in the model to s"
"AGREEMENT STATEMENT","0","Foundation - Agreement","","This entity associates an account with the statement general information."
"AGREEMENT STATEMENT LINE AMOUNT TYPE","2","Foundation - Agreement","Agreement Statement Line Item Type Cd","The type of amount that is reflected in the line item such as direct debit, standing order, check deposit, interest posting, card (line) amount, no amount, total amount for purchase or sale (investment), amount for costs (investment), amount for commission (investment), amount for trader's fees (inv"
"AGREEMENT STATEMENT LINE ITEM","4","Foundation - Agreement","Agreement Statement Line Item Num","The summary of detail that appears on the statement of the account."
"AGREEMENT STATEMENT LINE ITEM SUBTYPE","2","Foundation - Agreement","Agreement Statement Line Item Subtype Cd","This minor entity is a category discriminator for agreement statement line items, for example, card, investment, or other."
"AGREEMENT STATEMENT LINE METRIC","3","Foundation - Agreement","Agreement Statement Line Item Amt","This entity contains the metrics for a statement detail line item for a given account/agreement for a given statement. These details lines are usually transactions and activities that occurred for this account.  Metrics can be amounts, counts, or rates.  Amount examples are cash withdrawal amoun"
"AGREEMENT STATEMENT METRIC","3","Foundation - Agreement","Agreement Statement Amt","This entity shows metrics for a given account/agreement for a given statement.   Metrics can be amounts, counts, or rates.  Amount examples:  - For banking, it could be cash withdrawal total, fee total, previous balance, past due amount, current due amount, penalty amount, finance charge amoun"
"AGREEMENT STATUS","2","Foundation - Agreement","Agreement Status Start Dttm","This entity contains the history of the status of the agreement such as active, inactive, or pending closure. This structure provides for the agreement to be in more than one status type at the same time."
"AGREEMENT STATUS REASON TYPE","2","Foundation - Agreement","Agreement Status Reason Cd","This minor entity describes the reason the agreement was terminated such as moved, deceased, or dissatisfied with the arrangement."
"AGREEMENT STATUS TYPE","2","Foundation - Agreement","Agreement Status Cd","This minor entity describes the type of agreement status such as active, inactive, or pending closure."
"AGREEMENT SUBJECT","0","Foundation","","This entity contains those subjects that are accounts, contracts and other kinds of agreements. There is one instance for each agreement."
"AGREEMENT SUBTYPE","2","Foundation - Agreement","Agreement Subtype Cd","This minor entity is a subtype discriminator for AGREEMENT.  Examples: - Financial agreement - Insurance agreement - Network service agreement - Collection payment agreement - Labor agreement"
"AGREEMENT SUMMARY","41","Foundation - Agreement","Agreement Summary Start Dttm","This entity contains summary account information at the end of a time period (the time period to be determined by each financial institution using this model). Even though the information is technically derivable from events and should not be in a logical model, it is included here because it is pra"
"AGREEMENT SURVEY RESPONSE","0","Foundation","","This subtype entity identifies the account number that is the subject of this survey question."
"AGREEMENT TAX RULE","7","Foundation - Agreement","Agreement Tax Rule Start Dt","This entity contains the tax rules for a given agreement/account. Rules can vary by country and should be customized. Possible rules include local and federal marital status, number of allowances/dependents, additional withholding amount, and tax status (exempt, not exempt, and foreign)."
"AGREEMENT TEXT","3","Foundation - Agreement","Agreement Text Dttm; Agreement Text Source Party Id","This entity contains free form text related to the account. This can include any notes attached to this account."
"AGREEMENT TEXT SECTION","0","Foundation","","This entity is the link to agreement text unstructured data."
"AGREEMENT TO AGREEMENT GROUP OTHER","0","Foundation - Agreement","","Other reasons for the accounts to be related to this account group."
"AGREEMENT TO SECURITIZATION POOL","0","Banking - Agreement","","This entity contains those accounts or exposures that are related to an account group (pool) for securitization purposes. These accounts are being securitized and placed into this pool."
"AGREEMENT TYPE","2","Foundation - Agreement","Agreement Type Cd","A classification of the agreement.  For financial services, it is a major classification based on the scope of the agreement such as banking, insurance, human resources, and investment."
"ALARM TYPE","2","Foundation - Party Asset","Alarm Type Cd","This minor entity converts the alarm type code into a description."
"ALERT EVENT","6","Foundation - Event","Alert Event Id","This entity contains alerts to you about your customer based on other events or changes in external or internal information about your customer or their account at another institution. These alerts can come to you from an external data provider or can be from internal analysis.   These alerts can "
"ALERT EVENT CATEGORY","2","Foundation - Event","Alert Event Category Cd","A code for the type of alert such as: - Marketing - acquisition alert - Marketing - cross sell or up sell alert - Risk - lien filed - Risk - court legal action - Risk - bankruptcy filing - Risk - credit score change above threshold - Retention - external credit inquiry - Online banking set b"
"ALERT EVENT SUBTYPE","2","Foundation - Event","Alert Event Subtype Cd","A subtype code for the type of alert such as: - Maturity event alert - Administrative event alert - Warning alert"
"ALERT EVENT WEIGHTING","2","Foundation - Event","Alert Event Weighting Amt","This entity assists in tracking the weighting of an ALERT EVENT by assigning a currency amount."
"ALERT PRIORITY TYPE","2","Foundation - Event","Alert Priority Cd","The priority or urgency level of an ALERT EVENT.  Examples could include: - Advisory and immediate - Low, mid, high, top, and lowest - Minor, moderate, severe, extreme, and life-threatening"
"ALERT RESOLUTION TEXT","4","Foundation - Event","Alert Resolution Txt","This entity identifies unstructured textual comments related to the resolution of an ALERT EVENT, for example, initial comments from the person investigating the alert or feedback from conversations concerning the alert."
"ALERT SETUP","5","Foundation - Event","Alert Setup Id","This entity sets the standard business rules that would cause an ALERT EVENT to occur.  For online banking, these could be password change, username change, suspended access, tax payment reminder, or unusual account activity such as a financial transaction over a certain amount such as $10,000.  "
"ALERT SETUP COMMENT","0","Foundation - Event","","This entity identifies the standard comments that should be included in any ALERT EVENT triggered by an ALERT STANDARD TRIGGER, for example, a canned textual statement of the type of conditions that have occurred and a separate text stating the priority of the alert. These textual statements can app"
"ALERT SETUP CONDITION","6","Foundation - Event","Alert Setup Condition Start Dttm","This entity identifies the conditions that would cause the creation of an ALERT EVENT. The actual conditions are stored in an SQL statement as the conditions could rely on actual attribute values.  Example: - Issue an alert if a financial transaction is above $10,000."
"ALERT SETUP FOR AGREEMENT","2","Foundation - Event","Alert Setup Amt","This entity contains those alerts that are setup based on account activity such as a financial transaction over a certain amount. The threshold amount or quantity is indicated in this entity."
"ALERT SETUP NOTIFICATION LEVEL TYPE","2","Foundation - Event","Alert Setup Notification Level Cd","The code used to represent the level of the party to be notified such as is the primary person for first level alert, second level alert, escalation level alert, or should be simply copied on the alert."
"ALERT SETUP NOTIFICATION LOCATOR","3","Foundation - Event","Foundation - Party.Party Information Validation","This entity contains the addresses to be notified when an alert is executed. This can include email addresses, phone number addresses, and street addresses. This allows more than one address to be notified of the alert. The transmittal model allows for one locator (such as a phone number) to be noti"
"ALERT SETUP NOTIFICATION PARTY","7","Foundation - Event","Alert Setup Party Hierarchy Start Dt","This entity identifies the PARTYs to be alerted when an alert setup and its associated conditions are met. It also identified who to escalate unresolved ALERT EVENTs to and the timing for escalation."
"ALERT STANDARD TRIGGER","1","Foundation - Event","Trigger Alert Standard Id","This entity identifies a type of ALERT EVENT that was triggered by an ALERT STANDARD."
"ALERT TRIGGER SUBTYPE","2","Foundation - Event","Alert Trigger Subtype Cd","This entity identifies whether the ALERT EVENT is triggered by an ALERT STANDARD or by some other means such as an alert created by an external system or piece of equipment."
"ALERT TYPE","2","Foundation - Event","Alert Type Cd","This is a code for the type of alert. For online banking, these could be password change, username change, suspended access, tax payment reminder, or unusual account activity."
"ALERT WEIGHTING VALUE TYPE","2","Foundation - Event","Alert Weighting Value Type Cd","This entity identifies the currency cost of an alert such as cost of food expiring on a shelf, cost of scrap, and cost of downtime."
"ALLOWANCE FOR LOAN LOSS ACCOUNT","0","Banking - Finance","","Banks are allowed to build up a reserve for future loan losses from their flow of income based on their recent loan-loss experience. This is a contra-asset account, which represents an accumulated reserve against which loans declared to be uncollectible can be charged off."
"AMERICAN DEPOSITORY RECEIPT","0","Investment - Product","","American Depository Receipt. The ADR is a certificate issued by a U.S. bank representing shares of a non-U.S. company that have been deposited with the bank or its custodian. An ADR may represent a multiple or a fraction of a share of the foreign company deposited in the program, a relationship desi"
"AMERICAN EXERCISE OPTION","0","Investment - Product","","A type of option that is exercisable at any time during the life of the option."
"AMORTIZATION METHOD TYPE","2","Foundation - Finance","Amortization Method Cd","This reference entity contains the method or type of gradual and periodic reduction (amortization) of any amount, such as the periodic write-down of the cost of an intangible asset or periodic payment of debt."
"AMOUNT FEATURE","3","Foundation - Product","To Feature Amt","This is a subtype entity to FEATURE. The AMOUNT FEATURE entity contains all features that have an amount attribute. It defines an amount to be associated with a financial product, for example, a fee amount.  For banking, this could be the beginning or minimum balance amount. For example, a certifi"
"ANALYTICAL MODEL","8","Foundation","Model Id","Describes a process used to predict, cluster, or classify information. Typically, used in data mining and knowledge discovery.   Example:  - Customer scoring and segmentation, and a model that describes the propensity of a customer to engage in a particular activity.  Modeling Note: This modeli"
"ANALYTICAL MODEL GROUP","2","Foundation","Analytical Model Group Id","This entity groups models for various reasons. It was created to support Basel II Credit Risk so that business users can quickly locate a model by first going to the group. An analytical model can be in many groups for various reasons. For example, one set of models may determine the probability of "
"ANALYTICAL MODEL RISK FACTOR","2","Foundation","Analytical Model Risk Start Dttm","This entity associates instruments that are a risk factor with the analytical model that might be used to determine the risk of that factor. This is used for banking risk management."
"ANALYTICAL MODEL RISK FACTOR ROLE","11","Foundation","Analytical Model Risk Role Cd","Code indicating the role of analytical model with respect to the risk factor, for example, a consumer, or producer."
"ANALYTICAL MODEL RUN REVIEW","3","Foundation","Analytical Model Id; Reviewer Party Id","This entity tracks reviews made of the results of the execution of an analytical model such as the calculation of Probability of Default (PD)."
"ANALYTICAL MODEL STATUS","2","Foundation","Model Status Start Dt","The status of a model over time."
"ANALYTICAL MODEL TO GROUP","5","Foundation","Model To Group Start Dttm","This is the association of an analytical model to an analytical model group. This entity allows a group to contain many models and a model to belong to more than one group."
"ANALYTICAL MODEL TO RISK GRADE","2","Foundation","Analytical Model Risk Grade Start Dt","This entity tracks the mapping of analytical model values to risk grade values. This is necessary for Risk Management for Basel II where a Probability of Default (PD) range of values maps to a Risk Grading and that mapping can change over time."
"ANALYTICAL MODEL VALUE","10","Foundation","Analytical Model Value Id","This entity contains the possible output values for the analytical model. The domains of the model could be a range or an amount. A given model can have many possible valid values."
"ANCHOR","0","Unassigned","",""
"ANIMAL","2","Foundation - Party Asset","Animal Birth Dt","This entity is a subtype of PARTY ASSET and describes an animal."
"ANIMAL BREED TYPE","2","Foundation - Party Asset","Animal Breed Type Cd","This minor entity converts the animal breed code into a description."
"ANIMAL TYPE","2","Foundation - Party Asset","Animal Type Cd","This minor entity converts the animal type code into a description."
"AP INVOICE","0","Foundation - Finance","","This entity identifies an INVOICE or billing document received by the company from a third-party VENDOR as a request for payment for goods purchased or services received. The AP INVOICE entity captures transaction information such as invoice date, host invoice number, payment terms, and freight term"
"AP INVOICE EXPENSE","0","Foundation - Finance","","This entity is a subtype of AP INVOICE. It is one of four subtypes. The other three are AP REIMBURSABLE EXPENSE, AP RECURRING EXPENSE, and OTHER INVOICE EXPENSEs.   AP INVOICE EXPENSE pertains to INVOICEs for costs incurred to operate the company and billed to the company directly by the VENDOR, s"
"AP INVOICE LINE","0","Foundation - Finance","","AP INVOICE LINEs provide line item billing details for items or services purchased by the company. This entity identifies detailed information related to the lines on a specific AP INVOICE.   AP INVOICE LINE includes information such as the quantity and unit of measure for the invoice line item, a"
"AP INVOICE LINE ADJUSTMENT","0","Foundation - Finance","","This entity identifies the adjustments that have been made to an AP INVOICE LINE."
"AP INVOICE LINE AMOUNT","0","Foundation - Finance","","This entity relates the invoice line with the monetary value amount for the line item, such as tax amount or freight line amount. The amounts are recorded in transaction, local accounting, and global currencies."
"AP INVOICE LINE PAYMENT","0","Foundation - Finance","","Further classifies an Invoice Line Payment as a remittance related to a specific line item on an Accounts Payable invoice."
"AP INVOICE LINE STATUS","0","Foundation - Finance","","This entity tracks the status of an AP INVOICE LINE, such as cancelled, approved, pending, and send."
"AP INVOICE LINE VENDOR PO LINE","1","Foundation - Finance","Vendor PO Line Num","This entity identifies the quantities on a VENDOR PO that are included on an account payable invoice."
"AP INVOICE LINE VENDOR RECEIPT LINE","0","Foundation - Finance","","This entity identifies the relationship between a vendor receipt line and an AP invoice line. It identifies the quantity of internal asset types associated with a vendor receipt line that is included on the AP invoice line and can be used to compare the invoice quantity to what has actually been rec"
"AP INVOICE SUBTYPE","0","Foundation - Finance","","This entity defines the type of AP INVOICE such as AP invoice expense, AP reimbursable expense (employee expense reports), AP recurring expense, or other invoice expense."
"AP RECURRING EXPENSE","0","Foundation - Finance","","This entity is a subtype of AP INVOICE. It is one of four subtypes. The other three are AP REIMBURSABLE EXPENSEs, AP RECURRING EXPENSE, and OTHER INVOICE EXPENSEs.   AP RECURRING EXPENSE pertains to periodic business expenses for which the company may not receive an INVOICE for each period, such a"
"AP REIMBURSABLE EXPENSE","0","Foundation - Finance","","This entity is a subtype of AP INVOICE. It is one of four subtypes. The other three are AP REIMBURSABLE EXPENSEs, AP RECURRING EXPENSE, and OTHER INVOICE EXPENSEs.   AP REIMBURSABLE EXPENSE pertains to expenses submitted for reimbursement via employee expense reports. Expense reports cover the pur"
"APPLICANT FRAUD","0","Foundation - Event","","A type of application fraud that is fraudulent by the applicant."
"APPLICANT INTERVIEW RESULT TYPE","2","Foundation - Event","Applicant Interview Result Type Cd","This is the result of the interview with an applicant as related to the position applied for. Examples include scheduled, cancelled, rescheduled, no-show, and completed."
"APPLICATION","7","Foundation - Agreement","Application Id","This entity identifies all applications for a financial institution product, for which a PARTY needs to qualify. Currently this applies to insurance accounts and loan type accounts including credit card and current accounts.   Even though an application is really an early state of an account, it i"
"APPLICATION ACTIVITY","1","Foundation - Agreement","Application Activity Dt","This entity tracks the application activity changes over time including what has happened and what will happen such as planned dates, e.g., planned review date."
"APPLICATION ACTIVITY TYPE","2","Foundation - Agreement","Application Activity Type Cd","This minor entity identifies the activity of the application such as receive application, verify assets and liabilities, do credit scoring, call employer, verify fire insurance, approve application, fund loan, close application, and establish account."
"APPLICATION ASSET","1","Foundation - Agreement","Application Asset Start Dt","This associative entity relates an application to an asset along with the role that the asset has with the application. An example of a role of an asset to an application is a collateral role."
"APPLICATION CHECKLIST","3","Foundation - Agreement","Application Checklist Item Type Cd","This entity contains a checklist of items to validate as part of the application approval process. Items can include validation of the applicant income, house inspection completed, house appraisal completed, credit score obtained, internal credit assessment completed, underwriting completed, and mar"
"APPLICATION CHECKLIST ITEM TYPE","2","Foundation - Agreement","Application Checklist Item Type Cd","A code for each item that needs to be validated from the application such as income, number of children, number of cars, value of property, and credit risk score."
"APPLICATION CHECKLIST STATUS TYPE","2","Foundation - Agreement","Application Checklist Status Cd","A code for the status of validating this item for this application."
"APPLICATION COLLATERAL ASSET","2","Banking - Agreement","Application Collateral Asset Amt","This is a subtype to entity APPLICATION ASSET and contains details of the asset in relation to the application in the role of to be collateral."
"APPLICATION CREDIT REPORT","0","Foundation - Agreement","","This entity relates an application to a credit report that was used to make a decision about the application.  Roles that a report may have with the application include: - Initial - The initial report pulled for this application - Interim - A periodic report to see trends or changes - Decision "
"APPLICATION DOCUMENT","1","Foundation - Agreement","Application Document Start Dttm","This entity identifies the documents that are associated with an application such as income tax document or pay stub to support the income specified on the application, or a passport to support proof of citizenship."
"APPLICATION EVENT","0","Foundation - Agreement","","This entity is a type of EVENT and contains those activities that involve the application for a product or service such as a loan, credit card, insurance policy, or investment account."
"APPLICATION FEATURE","14","Foundation - Agreement","Application Feature Role Cd","This entity associates the application with features that are specific to the application. Examples could be to defer interest charges until account closes, or mail interest to account holder. This would include those features that are fees and where the fees for the account are different from the f"
"APPLICATION FEATURE RELATED","3","Foundation - Agreement","Agreement Feature Role Cd; Application Feature Overridden Feature Id","This associative entity is used to describe the second level of Feature.   Insurance example: - The application has as feature 'personal liability' (coverage) and that coverage has a limit of U.S. $5,000,000.00 and a deductible of U.S. $500.00. The coverage is specified by APPLICATION FEATURE and"
"APPLICATION FORM","2","Foundation - Agreement","Application Form Start Dt","The list of valid printed business forms available for use when documenting the application information for a specific product."
"APPLICATION FORM QUESTION","2","Foundation - Agreement","Application Form Question Num","This entity identifies the questions on the form. There is one instance for each question for a given form."
"APPLICATION FORM QUESTION TYPE","3","Foundation - Agreement","Application Question Type Cd","This associative entity contains the valid combinations of application forms and question types."
"APPLICATION FRAUD CASE","0","Foundation - Event","","This is a case that involves researching potential fraudulent activity related to an application for products or services such as insurance, loan, or credit card."
"APPLICATION FRAUD TYPE","2","Foundation - Event","Application Fraud Type Cd","A classification of the type of application fraud such as identity theft or first party fraud (misrepresentation of information on the application by the applicant)."
"APPLICATION IDENTITY THEFT","0","Foundation - Event","","A type of application fraud that is due to identity theft."
"APPLICATION INSURANCE RISK CATEGORY","3","Unassigned","Insurance (all LOB)","This associative entity tracks the combination of an application and risk category over time."
"APPLICATION INSURED ASSET","2","Unassigned","Application Insured Asset Amt","This is a subtype to entity APPLICATION ASSET and contains details of the asset in relation to the application in the role of to be insured."
"APPLICATION INVESTMENT DETAIL","4","Investment - Agreement","Product Id","This entity contains the investment products of the application  For each investment product, the attribute Application Detail Investment Pct specifies the percentage of the total available amount of money that should be used for this investment product."
"APPLICATION LOCATOR","2","Foundation - Agreement","Application Address Start Dt","This associative entity relates locators (i.e., addresses) with applications. The relationship is defined by means of a relation code.   Examples of relations are: - The address where the application was signed - The area for which rates and tariffs will be used to set up the agreement once appr"
"APPLICATION METRIC","5","Foundation - Agreement","Application Metric Amt","This entity contains any kind of metric reported on the application. For example, for a mortgage loan it could be the loan to value ratio, the requested mortgage amount, anticipated down payment, and interest rate."
"APPLICATION METRIC TYPE","2","Foundation - Agreement","Application Metric Type Cd","A code for the type of metric such as loan to value ratio, the requested mortgage amount, anticipated down payment, and interest rate."
"APPLICATION PRODUCT","0","Foundation - Agreement","","This entity tracks the products associated with an application.  It is possible for an application to be associated with more than one product at one time."
"APPLICATION QUESTION RESPONSE","2","Foundation - Agreement","Application Response Num","This entity contains the response to the question on the application."
"APPLICATION QUESTION TYPE","2","Foundation - Agreement","Application Question Type Cd","The code for the type of application question, such as: - Income type question - Recreational sports type question - Education type question"
"APPLICATION RELATED","5","Foundation - Agreement","Application Relationship Start Dt","This entity identifies relationships between applications and identifies the type of relationship. An example would be one application replaces, supplements, or is part of another application. There is one instance for each application-application relationship."
"APPLICATION RELATIONSHIP TYPE","4","Foundation - Agreement","Application Relationship Type Cd","This minor entity describes the type of relationship between two applications such as replaces, supplements, and is part of."
"APPLICATION SCORE","1","Foundation - Agreement","Application Score Val","This entity maintains the application scores. This entity has the application score value that is calculated outside of this system. There is one instance for each application-score type combination. Types of application scores include credit scores for loan applications (mortgages, personal, and au"
"APPLICATION STATUS","1","Foundation - Agreement","Application Status Dt","The application status history entity tracks the application status changes over time."
"APPLICATION STATUS REASON TYPE","2","Foundation - Agreement","Application Status Reason Type Cd","This minor entity describes the reason for the account status such as credit score, income, insurance, or did not meet conditions of product. It can also be used to explain why an application was accepted that did not appear to meet requirements."
"APPLICATION STATUS TYPE","2","Foundation - Agreement","Application Status Type Cd","This minor entity describes the account status type such as open-active, on hold pending approval, closed-accepted, or closed-rejected."
"APPLICATION TEXT","3","Foundation - Agreement","Application Text Id","This entity contains any text associated with this application such as applicant comments or underwriting/review text."
"APPLICATION TYPE","2","Foundation - Agreement","Application Type Cd","A minor entity to indicate whether this is an application for a product or for a product feature."
"APPLICATION UNDERWRITE EXCEPTION","1","Unassigned","Insurance (all LOB)","This associative entity links applications with underwriting requirement type codes, to identify which underwriting requirements are not needed for this application."
"APPLICATION UNDERWRITE REQUIREMENT","1","Unassigned","Insurance (all LOB)","This associative entity links applications with underwriting requirement type codes, to identify which underwriting requirements apply to this application."
"APPLICATION UNDERWRITE REQUIREMENT STATUS","3","Unassigned","Insurance (all LOB)","This entity contains the results or status leading up to the results of the underwriting decision for this requirement."
"APPLICATION UNDERWRITE REQUIREMENT TEXT","3","Unassigned","Insurance (all LOB)","This entity captures any comments about this requirement for this application."
"APPLICATION WEB EVENT","1","Unassigned","Web Application Event Id","This entity contains a link to the application that was submitted during this web event."
"APPORTIONMENT VERSION TYPE","2","Foundation - Agreement","Apportionment Version Cd","This entity contains the various ways that indirect expense amounts can be apportioned to the account. The various ways (or views) are customer, product, and organization."
"AR COLLECTION ACTIVITY","0","Foundation - Finance","","This entity contains AR scheduled payment activity information. There is one instance for each scheduled payment for each activity type and each occurred date.  AR COLLECTION ACTIVITY includes any action a company takes to solicit settlement of AR INVOICE obligations. Customer contact by phone, wr"
"AR COLLECTION ACTIVITY TYPE","0","Foundation - Finance","","This entity classifies the types of AR COLLECTION ACTIVITY, for example, dispute, customer contacted, and follow-up."
"AR INVOICE","1","Foundation - Finance","Order Event Id","This entity identifies an INVOICE or billing document issued by the company to a third-party customer as a request for payment for goods sold or services rendered. The AR INVOICE entity captures transaction information about such as invoice date, host invoice number, payment terms, and freight terms"
"AR INVOICE LINE","1","Foundation - Finance","Host Invoice Line Num","This table has one row per AR INVOICE LINE. Line type can be item line, tax line, or freight. Records the quantities ordered, invoiced, and credited along with the unit price."
"AR INVOICE LINE ADJUSTMENT","0","Foundation - Finance","","This entity identifies the adjustments made to an AR INVOICE LINE. Adjustments or changes may be made to an AR Invoice Line to correct an error in the original AR Invoice Line, or to write off an amount that a customer refuses to pay, such as a bad debt, or to make an allowance for a late delivery o"
"AR INVOICE LINE AMOUNT","0","Foundation - Finance","","This associative entity relates the AR INVOICE LINE AMOUNT with the amounts for the AR INVOICE LINE item, such as tax amount and freight line amount, as defined in the Invoice Amount Type Cd. The amounts are recorded in transaction, local accounting, and global currencies."
"AR INVOICE LINE QUANTITY","0","Foundation - Finance","","Defines quantity and unit of measure by various types of quantities to a specific AR INVOICE LINE. Examples of quantity types are credited, invoiced, and ordered."
"AR INVOICE LINE RECEIPT","0","Foundation - Finance","","Further classifies an Invoice Line Payment as an amount collected related to a specific line item on an Accounts Receivable Invoice."
"AR INVOICE LINE TYPE","0","Foundation - Finance","","Table to hold all the line types for the INVOICEs in AR. Defines the type of invoice line.   Examples:  - Chargeback - Charges - Freight - Line - DM-reversal - Tax"
"AR INVOICE REASON TYPE","0","Foundation - Finance","","This minor entity defines the reason for invoicing.  Examples: - AR billing error - Cancellation - customer cancellation of an order - Contracts - contract lines have been billed - Credit and rebill - Duplicate billing - Foreign - foreign interface credit memo - Free product - invoiced for "
"AR INVOICE TYPE","0","Foundation - Finance","","Contains the list of all the In Use AR INVOICE TYPEs.   Examples of invoice types are invoice, invoice local, invoice state, and projects credit memo."
"AREA JAPAN","1","Foundation - Location","Japan Area Id","In Japan, an area groups prefectures. This 'area' does not represent a governmental boundary but rather an economic area. Some prefectures may belong to more than one area. However, each financial institution has its own grouping scheme where one prefecture belongs to one area, hence the one-to-many"
"ASIAN OPTION","11","Unassigned","Asian Option Average Start Dt","Asian options include European average price and average strike options."
"ASIAN OPTION TYPE","3","Investment - Product","Asian Option Type Cd","A code for the type of Asian Option such as Average Price Option and Average Strike Option."
"ASSET ACCOUNT","0","Foundation - Finance","","The entity that indicates a general ledger account is an ASSET ACCOUNT. These accounts represent tangible or intangible property owned by a company or business. Types of ASSET ACCOUNTs include cash, accounts receivable, and inventory."
"ASSET ACCOUNT SUBTYPE","2","Foundation - Finance","Asset Account Subtype Cd","The entity that identifies the type of asset like fixed asset, current asset, or other asset."
"ASSET APPRAISAL REASON TYPE","2","Foundation - Party Asset","Asset Appraisal Reason Cd","A code for the reason for the appraisal such as: - Applying for a loan - Estate valuation due to death of owner or joint owner - To determine cost basis at point in time - Insurance salvage purposes - Regular appraisal for risk management purposes"
"ASSET BACKED SECURITY PRINCIPAL","0","Investment - Product","","This entity tracks the principal for an asset-backed security over time."
"ASSET BACKED SECURITY PRODUCT","1","Investment - Product","Securitization Pool Id","Asset Backed Securities are bonds whose interest and principal payments are backed by underlying cash flows from other assets. Examples of asset-backed securities are mortgage-backed securities (MBS's), collateralized mortgage obligations (CMOs), and collateralized debt obligations (CDOs)."
"ASSET BACKED SECURITY TYPE","2","Investment - Product","Asset Backed Security Type Cd","A code for the type of Asset Backed Security such as mortgage-backed securities (MBS's), collateralized mortgage obligations (CMOs), and collateralized debt obligations (CDOs)."
"ASSET CLASS MATURITY RISK GRADE","3","Foundation - Party Asset","Asset Class Maturity Start Dttm","This entity identifies the risk grade for this classification of party assets (e.g., collateral) and this maturity time band for those assets that have a maturity (e.g., bonds)."
"ASSET CLASS TO OBLIGOR TYPE","2","Banking - Agreement","Asset To Obligor Start Dt","This entity maps a Basel Asset Class to an Obligor Type (Party Class Value) for Basel II calculation purposes."
"ASSET CLASSIFICATION SUBJECT","0","Foundation","","This entity contains those subjects that are classifications of assets. There is one instance for each asset classification, such as houses worth over $1 million."
"ASSET COLLATERAL ITEM","2","Banking - Party Asset","Asset Collateral Item Start Dt","This entity contains those assets used as collateral where the assets are tangible or intangible property held outside your institution. This includes real estate, automobiles, and financial instruments or cash not held at your institution. More than one party asset could be bundled into a collatera"
"ASSET COLLATERAL ROLE TYPE","2","Banking - Party Asset","Asset Collateral Role Type Cd","Code indicating the type of relationship between the asset and the collateral item, for example, primary, first claim, second claim."
"ASSET CONTRACT ROLE SUBTYPE","2","Foundation - Party Asset","Asset Contract Role Subtype Cd","This minor entity converts the contract asset role code into a description.  Contract asset role applies to asset related to applications, to quotations and to agreements."
"ASSET DETAIL CODE XREF","8","Foundation - Party Asset","Asset Detail Xref Start Dt","This associative entity combines tangible objects with the detail codes and specifications that are valid for the tangible objects. An example is occupancy type (retail office, manufacturing, food processing, and hotel) for real estate."
"ASSET DETAIL SCHEME TYPE","2","Foundation - Party Asset","Asset Detail Scheme Type Cd","This is a higher-level classification of the asset detail type.   The code represents the coding scheme. If the asset detail scheme type is 'fuel line location' then the asset detail type is 'front of dwelling.'"
"ASSET DETAIL TYPE","2","Foundation - Party Asset","Asset Detail Cd","This entity contains codes describing details of tangible objects. Examples are given for motor vehicles and real estate.  Motor vehicles: - Vehicle passenger restrictive device codes - Vehicle anti-theft device codes - Vehicle damage codes - Vehicle performance codes  Real estate: - Constr"
"ASSET FEATURE","2","Foundation - Party Asset","Asset Feature Start Dt","This associative entity describes the terms and conditions of the asset such as the interest rate and the term for a time deposit."
"ASSET INSPECTION","1","Foundation - Party Asset","Inspection Dt","This entity keeps track of physical inspections of customer assets. This may be done to value assets such as raw materials, work-in-process goods, finished goods, dealers' inventories of autos, and equipment.  Basel II QIS paragraph 470"
"ASSET INSURABLE INTEREST","2","Unassigned","Insurance (all LOB); Asset Insurable Interest Id","This entity contains those insurable interests that are party assets such as automobile, real estate, and inventory."
"ASSET INSURANCE HISTORY TYPE","2","Foundation - Party Asset","Asset Insurance History Type Cd","This minor entity converts the asset insurance history type code into a description."
"ASSET INSURANCE RISK CATEGORY","0","Foundation - Party Asset","","The association of a risk category to a customer asset."
"ASSET INSURANCE RISK FACTOR","2","Unassigned","Asset Risk Factor Start Dt","This associative entity relates the asset with any risk factors, such as air bags, sprinkler system, and theft alarm."
"ASSET LIABILITY TYPE","2","Foundation - Agreement","Asset Liability Cd","Indicates whether the type is an asset or liability or both.  Examples: - Asset - Liability - Allocated capital  - Neither asset nor liability  - Both asset and liability - depends on balance"
"ASSET MAINTENANCE TYPE","2","Foundation - Party Asset","Asset Maintenance Type Cd","A code for the type of maintenance to this asset such as: - Real estate plumbing maintenance - Real estate electrical maintenance - Real estate heating maintenance - Automobile check up"
"ASSET RISK GRADE","3","Foundation - Party Asset","Asset Risk Grade Start Dttm","This entity contains a history of the risk grades for this customer asset item."
"ASSET RISK GRADE RELATED","3","Foundation - Party Asset","Asset Risk Override Start Dttm; Asset Risk Override Party Id","This entity relates one risk grade assessment to another risk grade assessment to identify when one risk assessment replaces or overrides another risk assessment for an asset. Risk assessments done by different methods or parties can result in different assessments.  This structure allows for one "
"ASSET ROLE TYPE","2","Foundation - Party Asset","Asset Role Cd","This minor entity converts the asset role code into a description. Examples of asset roles could be owner, co-owner, beneficiary, or insures. There is one instance for each role code."
"ASSET SCORE","2","Foundation - Party Asset","Analytical Model Id","This entity contains predictive scores that are a result of a calculation model/formula. An example of a score could be a liquidity score or a risk score. An example of a score for an asset could be probability of damage due to fire or earthquake."
"ASSET SUBJECT AREA","0","Unassigned","","Drawing_Object_Rectangle_84196"
"ASSET USE TYPE","2","Foundation - Party Asset","Asset Use Cd","This minor entity converts the asset use code into a description."
"ASSET VALUATION AMOUNT TYPE","2","Foundation - Party Asset","Asset Valuation Amount Cd","Code for the various amounts related to this valuation event. Value types include: - Valuation amount - Market value  - List price - Selling price - Value prior to adjustments for Basel II - Value after adjustments (haircuts) for Basel II"
"ASSET VALUATION METHOD TYPE","2","Foundation - Party Asset","Asset Valuation Method Cd","A code for the method used to value this asset such as: - Basel II calculation rules - Fair market value - Blue Book"
"ASSET VALUATION PURPOSE TYPE","2","Foundation - Party Asset","Asset Valuation Purpose Cd","A code that describes why this valuation was done such as: - Required for risk management regulatory capital calculations - Appraisal"
"ASSET VALUE","5","Foundation - Party Asset","Asset Value Start Dt; Evaluator Party Id","This entity tracks the changes to the value of the asset over time. There is one instance for each change in value to the asset. This would include appraisal values for houses and land.  Examples of amounts include: - Market value - Listed value - Selling value - Value for risk management befo"
"ASSOCIATE","3","Foundation - Party","Associate Party Id; Primary Site Id","An individual who is, was, or will be employed by the enterprise. Dependent on the enterprise, this could constitute both employees and contractors.  The ASSOCIATE entity has been modeled as a subtype of an INDIVIDUAL. All information that ASSOCIATEs have in common with INDIVIDUALs (such as name, "
"ASSOCIATE BENEFICIARY","10","Foundation - Party","Beneficiary Party Id; Benefit Plan Id; Benefit Plan Option Id","Holds information about the person or persons designated by an associate to receive the payment of the benefit plan amounts upon the death of the associate. The primary beneficiary is first in line to receive benefits and the contingent beneficiary receives benefits in the event the primary benefici"
"ASSOCIATE BENEFIT PLAN","6","Foundation - Party","Benefit Plan Id; Benefit Plan Option Id","This entity captures information about associate benefit plan enrollment.   Associates generally can choose to enroll for various benefits offered by their employer. Employer benefit plan types may include health, vision and dental plans, retirement plans, profit sharing, and various other nonwage"
"ASSOCIATE CONTACT","5","Foundation - Party","Associate Contact Party Id","Holds information about how to contact an associate or the associate's designated related person or persons in the event of emergency. Contact may or may not be an ASSOCIATE BENEFICIARY.   Typical contact relationships include parent, spouse, or child."
"ASSOCIATE DEDUCTION","2","Foundation - Party","Assoc Payroll Transaction Id","For an ASSOCIATE PAYROLL TRANSACTION, deductions from earnings reduce amounts paid to an ASSOCIATE. Reductions may be made for taxes, Associate portion of benefit costs, and voluntary savings plans."
"ASSOCIATE DEDUCTION SUBTYPE","4","Foundation - Party","Associate Deduction Subtype Cd","This entity further classifies deductions from earnings, or reductions to amounts paid to an ASSOCIATE. Examples of deduction types include taxes, associate portion of benefit costs, and voluntary savings plans."
"ASSOCIATE EMPLOYMENT","10","Foundation - Party","Associate Employment Start Dt","This entity tracks the historical employment and termination of an ASSOCIATE. An ASSOCIATE is hired or employed by a company for the purpose of performing a job in exchange for wages and compensation."
"ASSOCIATE EMPLOYMENT BASIS","3","Foundation - Party","Occupation Type Cd","This entity tracks over time the movement of the employee from one employment basis to another. For example, an employee can move back and forth between full and part-time."
"ASSOCIATE FUNCTION","2","Foundation - Internal Organization","Associate Function Start Dt","This entity assigns associates with functions. Associates can be assigned job functions independent of job title and department assignments."
"ASSOCIATE JOB CLASSIFICATION LABOR ACTUAL","3","Foundation - Party","Labor Dt","Details actual labor performed by associates on specific shifts on specific days. This information could be derivable if labor is captured at the task level, where multiple tasks can be worked on during a single Work Shift.  Example: - An associate is scheduled to work 8 hours on first shift on 1"
"ASSOCIATE JOB CLASSIFICATION SHIFT SCHEDULE","6","Foundation - Party","Labor Pool Start Dt; Associate Party Id","This entity specifies for a given location, date, work shift and Job Classification Code, how many regular and overtime hours will be scheduled. A complete schedule for a location can be created by building an entry for each Job Classification code at that location for a particular date.  Note: On"
"ASSOCIATE LABOR TASK","13","Foundation - Party","Labor Task Start Dttm","This contains the labor involved in a single identifiable task."
"ASSOCIATE LEAVE EARNED","7","Foundation - Party","Associate Leave Earned Start Dttm","This entity tracks balance information about leave earned and accumulated by associates. Various forms of leave, including sick, vacation and floating holiday, can be accumulated and tracked. Once leave is accumulated, associates' leave time used is tracked through payroll."
"ASSOCIATE LEAVE PLAN","3","Foundation - Party","Associate Leave Plan Start Dt","This entity tracks information about leave planned by associates. Various forms of leave, including sick, vacation and floating holiday."
"ASSOCIATE LEAVE REASON","4","Foundation - Party","Associate Leave Reason Cd","The reason for an associates taking leave, for example, pregnancy, marriage, and sickness."
"ASSOCIATE LEAVE TAKEN","9","Foundation - Party","Associate Leave Start Dttm","This entity tracks information about leave used by associates. Various forms of leave, including sick, vacation and floating holiday, can be accumulated and tracked. Once leave is accumulated, associates' leave time used is tracked through payroll."
"ASSOCIATE LEAVE TYPE","4","Foundation - Party","Associate Leave Type Cd","This entity defines the forms of paid and unpaid time away from work that are available to ASSOCIATEs as part of their employer's benefit plans. Examples are sick leave, vacation, floating holiday, military leave, and worker's compensation."
"ASSOCIATE ORGANIZATION POSITION","6","Foundation - Party","Position Id",""
"ASSOCIATE PAY ELEMENT","4","Foundation - Party","Associate Pay Element Start Dt","Captures the PAY ELEMENTs that an ASSOCIATE receives such as regular pay."
"ASSOCIATE PAYROLL TRANSACTION","12","Foundation - Party","Associate Payroll Transaction Id; Assoc Payroll Transaction Id; Payroll Register Id","ASSOCIATE PAYROLL TRANSACTION provides line item payroll details for a specific associate within a PAYROLL REGISTER. It includes information such as the quantity and unit of measure for the payroll line item, as well as the description. Multiple transactions may combine to affect the balance of one "
"ASSOCIATE PERFORMANCE EVALUATION","7","Foundation - Party","Associate Evaluation Time Period Cd","This entity contains information about an associate's performance evaluation such as the dates delivered and signed and a code for the overall performance."
"ASSOCIATE PERFORMANCE EVALUATION DETAIL","0","Foundation - Party","","This entity contains the associate's accomplishments as measured against the objective."
"ASSOCIATE PERFORMANCE GRADE TYPE","2","Foundation - Party","Associate Performance Grade Type Cd","This is a grading scale to measure associate performance such as needs improvement, successful, and exceptional. These grades may be linked to merit increases."
"ASSOCIATE PLAN CONTRIBUTION","8","Foundation - Party","Benefit Plan Id; Benefit Plan Option Id","This entity holds information about the monetary cost amounts or percentages for each benefit plan type for which an associate is enrolled."
"ASSOCIATE PLAN CONTRIBUTION TYPE","4","Foundation - Party","Associate Plan Contribution Type Cd","This entity contains monetary amount types and descriptions that can be associated with an ASSOCIATE PLAN CONTRIBUTION.  Examples are: - Health insurance plan amount - 401k plan amount"
"ASSOCIATE POSITION STATUS","8","Foundation - Party","Associate Position Status Cd","This entity tracks the status or conditions of an ASSOCIATE ORGANIZATION POSITION such as pending approval, open, or rejected."
"ASSOCIATE POSITION STATUS TYPE","4","Foundation - Party","Associate Position Status Type Cd","The status or conditions that can be assigned to an ASSOCIATE ORGANIZATION POSITION such as applied, interview, offer, hired, or rejected."
"ASSOCIATE RELATIONSHIP TYPE","4","Foundation - Party","Associate Relationship Type Cd","Indicates the type of relationship to the ASSOCIATE. Examples include contact and beneficiary."
"ASSOCIATE STATUS","8","Foundation - Party","Associate Status Type Cd","This entity tracks the status of an ASSOCIATE, such as completed drug testing and physical exam, completed reference check, active, FMLA leave, HR phone interview, interview 1, involuntary separation, limited with pay, military leave, rejected, resume received by HR, retired, or transfer."
"ASSOCIATE STATUS REASON","4","Foundation - Party","Associate Status Reason Cd",""
"ASSOCIATE STATUS TYPE","4","Foundation - Party","Associate Status Type Cd","The status or conditions that can be assigned to an ASSOCIATE, such as completed drug testing and physical exam, completed reference check, active, FMLA leave, HR phone interview, interview 1, involuntary separation, LTD with pay, military leave, rejected, resume received by HR, retired, or transfer"
"ASSOCIATION","1","Foundation - Party","Association Party Id","Associations are external organizations that are not legal entities. Examples include joint accounts, clubs, and college graduating classes."
"ASSOCIATION TYPE","2","Foundation - Party","Association Type Cd","This minor entity describes the type of association such as joint account, social club, golf club, and graduating class."
"ASSUMPTION SET","21","Foundation","Assumption Rate","This entity identifies the assumption set that was used as input to the analytical model. Examples of assumptions include inflation rate, wage growth, life expectancy, cost of living increase, annual income, and age. More than one assumption set can be used as input to the analytical model.   The "
"ATM CHANNEL INSTANCE","1","Foundation - Channel","Network Unit Cost Amt","This entity represents a specific Automated Teller Machine that is used as a channel instance.  If the ATM is owned by your institution then it is also a fixed asset and will have a Fixed Asset Id."
"ATM CHANNEL TYPE","0","Foundation - Channel","","This is a type of channel that is an Automated Teller Machine (ATM)."
"AUDIO PLAY EVENT","11","Foundation - Event","Audio Playlist Start Dttm; Utilized Device Id","This entity captures information regarding online audio play devices.  Note: The AUDIO PLAY EVENT utilizes the generic item identifier for the title being played; however if the title management module is being utilized the audio track entity should be utilized to capture the audio play event info"
"AUDIO PLAY RADIO STATION XREF","0","Foundation - Event","","This entity captures information regarding audio play activity on radio stations."
"AUDITED TYPE","2","Foundation - Party","Audited Cd","This minor entity identifies whether this business financial document is audited in order to identify or distinguish the quality of the financial statements, for example, 1 = audited, and 2 = unaudited."
"AUTHOR RANK","2","Foundation - Event","Author Ranks Sequence Cnt; Author Rank Type Id","Captures information containing the usernames of the ten most prolific authors for this day, and the highest ranked authors for this day."
"AUTHORIZATION APPROVAL TYPE","3","Unassigned","Insurance (all LOB)","Indicates the outcome of the review of the authorization request.  Examples: - Total request approved - Partial request approved - Alternative plan given - Denied"
"AUTHORIZATION TYPE","2","Foundation - Event","Authorization Type Cd","Identifies the type of authorization for access to this agreement such as pin code, thumb print, or palm scan."
"AVAILABLE CASH ACCOUNT","0","Foundation - Finance","","The entity that provides details for the AVAILABLE CASH ACCOUNTs or cash on hand. These asset accounts represent any cash in currency, checks, marketable securities, or near cash items. AVAILABLE CASH ACCOUNTs are types of current assets."
"AVAILABLE COVERAGES","0","Unassigned","","Drawing_Object_Rectangle_162033"
"AVERAGE PRICE OPTION","0","Investment - Product","","An Average Price Option is an option whose payoff is the difference between the strike price and the average price of the underlying asset during the averaging period."
"AVERAGE STRIKE OPTION","0","Investment - Product","","An Average Strike Option is an option whose strike price is set to the average price of the underlying asset at the end of the averaging period."
"BACK OFFICE EVENT","1","Foundation - Event","Back Office Event Effective Dttm","This entity contains information about financial events that occur within the enterprise and which do not enter or leave the enterprise. Examples include posting of interest, charging of fees, transferring of amounts from one customer account to another, retirement account distribution, recording of"
"BALANCE CATEGORY TYPE","2","Banking - Agreement","Balance Category Type Cd","This minor entity describes the balance categories such as purchase balance, balance transfer, cash advance balance, asset balance, or liability balance. It can also designate a tier level if amounts are tracked by a balance tier."
"BALANCE CATEGORY USE TYPE","2","Banking - Agreement","Balance Category Use Type Cd","A code that describes how a balance category is used such as for credit card balance segmentation purposes or deposit agreement balance tiering (a balance in a certain range has a given interest rate)."
"BALANCE RATE TYPE","2","Banking - Agreement","Rate Type Cd","This minor entity describes the types of rates such as simple rate, compound rate, rate adjusted for day basis, insurance rate, and more."
"BALANCE SHEET GL MAIN ACCOUNT","1","Foundation - Finance","Balance Sheet GL Main Account  Cd","The entity that indicates a general ledger account is in the Balance Sheet statement category. Types of this category include asset, liability, and equity accounts."
"BALANCE SHEET GL MAIN ACCOUNT TYPE","4","Foundation - Finance","Balance Sheet GL Main Account Cd","The entity that indicates the types of general ledger accounts are on the Balance Sheet financial statement. Examples are asset account, liability account, and equity account."
"BALANCE SHEET TYPE","2","Banking - Agreement","Balance Sheet Cd","This is a code that describes whether the type is on or off the balance sheet. An example of an off balance sheet type is float.  Code values are: - On (most common) - Off - Neither"
"BANK ACTUAL RISK LOSS","10","Banking - Party","Bank Actual Loss Id; Bank Actual Loss Id","When doing stress testing banks should have a record of actual amounts for their largest losses over a reporting period. Each instance represents a loss event with a given amount.  Reference: Market Risk Amendment B5-5."
"BANK BUSINESS TYPE","0","Foundation - Party","","A classification of an organization as a bank. A commercial institution licensed as a receiver of deposits. Banks are mainly concerned with making and receiving payments as well as supplying short-term loans to individuals."
"BANK CAPITAL SUMMARY","11","Banking - Party","Period Start Dt","This summary entity tracks available capital metrics for the Bank or one of its subsidiaries over time. Capital metrics are defined in line with the Basel II Accord and are intended to support Basel market disclosure (Pillar 3) requirements, specifically Table 2. The Tier 1/2 Latent Equity Gain Amou"
"BANK DRAFT","6","Foundation - Finance","Bank Draft Document Id","A draft is a payment order in writing directing one party (payor) to pay another party (payee) a specified sum of money. A check is a type of draft which is payable when presented. Drafts may also be payable at future dates (e.g., time draft)."
"BANK EVENT","1","Banking - Event","Bank Event Agreement Id","This is a subtype entity to FINANCIAL EVENT and contains those events that involve only the institution's customer and the institution. An example is a cash withdrawal from a customer's account. The accounts involved are the customer's account and the institution's cash account in the general ledger"
"BANK LOSS TYPE","3","Banking - Party","Bank Loss Type Cd","A code for the type of loss that this loss event represents such as computer outage, fraud, and data corruption."
"BANK TRADE BOOK TYPE","2","Banking - Agreement","Bank Trade Book Cd","A code that indicates which accounting 'book' this agreement appears in.  Examples: - Banking book - Trading book (internal) - Equity investment (internal) - Neither (is not an accounting agreement)"
"BANK TRANSFER EVENT TYPE","2","Foundation - Event","Bank Transfer Event Type Cd","A code for the type of bank transfer event such as interbank event or intrabank event."
"BANKERS ACCEPTANCE","7","Investment - Product","Bankers Acceptance Face Amt","A banker's acceptance is a bill of exchange that is an order to pay a specified amount at a specified time drawn on individuals, business firms, or financial institutions. When the drawee formally acknowledges his obligation to honor the draft, it becomes an acceptance. Interest is calculated on a d"
"BANKING LINE OF BUSINESS TYPE","2","Banking - Product","Banking Line Of Business Cd","A code for the banking major line of business such as commercial or retail."
"BANKING PRODUCT","0","Banking - Product","","This entity contains those products that support the banking function and is not an investment product or an insurance product."
"BANKING PRODUCT TYPE","2","Banking - Product","Banking Product Type Cd","A major classification of the banking product such as: - Deposit - Mortgage - Loan - Credit card"
"BANKRUPTCY TYPE","2","Foundation - Party","Bankruptcy Type Cd","This minor entity identifies the type of bankruptcy such as Chapter 7 or Chapter 11 (American classification)."
"BARRIER OPTION AGREEMENT","4","Investment - Agreement","Barrier Option Low Limit Amt","A Barrier Option is a type of financial option where the option to exercise depends on the underlying crossing or reaching a given barrier level. Barrier options were created to provide the insurance value of an option without charging as much premium. For example, if you believe that company X's st"
"BARRIER OPTION PRODUCT","2","Investment - Product","Barrier Amt","A type of option whose payoff depends on whether or not the underlying asset has reached or exceeded a predetermined price."
"BARRIER OPTION TYPE","2","Investment - Agreement","Barrier Option Type Cd","A classification of a barrier option. The four main types of barrier options are: - Up-and-out: Spot price starts below the barrier level and has to move up for the option to be knocked out.  - Down-and-out: Spot price starts above the barrier level and has to move down for the option to become nu"
"BASEL COLLATERAL HAIRCUT PARAMETER","9","Banking - Party Asset","Collateral Haircut Start Dttm; Maturity Time Band Scheme Id; Maturity Time Band Id","This entity contains the haircut (adjustment) to be applied in the standardized supervisory haircut approach when calculating collateral haircut for this classification of financial instruments for Basel II Accord (June Accord paragraph 151).  This rule contains the haircut factor for financial in"
"BASEL DEFAULT STATUS PARAMETER","5","Banking - Agreement","Basel II Function Cd","This captures whether a particular Agreement Status and Market Participant Type is classified as in Default (past due). It is needed since the definition of past due can vary by market participant type. This is for wholesale products."
"BASEL ELIGIBLE COLLATERAL PARAMETER","5","Banking - Party Asset","Basel II Function Cd","This entity identifies those types of collateral including financial instruments that are eligible as collateral when calculating risk per Basel II specifications. The eligibility is a function of the collateral type, the risk grade, and the Basel II approach.   Reference paragraph 145 in June 200"
"BASEL ELIGIBLE GUARANTEE PARAMETER","4","Banking - Party","Basel II Function Cd","This entity contains all of the information related to whether a guarantee is eligible as a risk mitigant for Basel II. It is a function of the guarantor credit rating, the Basel II approach, and the type of guarantor."
"BASEL EQUITY RISK WEIGHT PARAMETER","5","Banking - Product","Basel Equity Parameter Start Dttm","This entity lists the risk weights to be applied to equity exposures. The risk-weights are as defined by the Basel Accord."
"BASEL EXPOSURE HAIRCUT PARAMETER","8","Banking - Agreement","Maturity Time Band Id; Maturity Time Band Scheme Id","This table lists all the haircut values to be used with exposures. These haircut values can be used primarily while allocating collateral. These values are further used in the E* calculations for Basel II."
"BASEL FUNCTION TYPE","4","Banking - Agreement","Basel Function Type Cd","The data requirements and calculation rules for Basel II depend on which banking function and banking product is being measured. This entity identifies those functions. They include: - Credit risk - corporate, sovereign, banks - Credit risk - retail and SME - Securitization - Operational risk -"
"BASEL II APPROACH","3","Banking - Agreement","Basel II Approach Type Cd","This minor entity describes the calculation approaches for a given Basel function. There is one code value for each function/approach combination.   Examples:  - Function of Retail Credit Risk: Approaches are Standardized and IRB Advanced - Functions for Corporate Credit Risk: Approaches are Sta"
"BASEL II ASSET CLASS","3","Banking - Agreement","Haircut Adjusted Formula Type Cd; Basel II Asset Class Id; Parent Basel II Asset Class Id","Basel II asset classes are classifications of exposures for purposes of calculating capital requirements per the Basel II requirements.  Basel II has identified specific asset classes, and these asset classes are then grouped into higher-level classifications.  For example, within the corporate "
"BASEL II LGD NO COLLATERAL PARAMETER","0","Banking - Agreement","","This entity contains the parameters to be used when calculating Loss Given Default for exposures that are not secured by recognized collateral under the Foundation IRB approach.  Agreements (exposures) are classified as 'senior claim not collateralized' and 'subordinated claim not collateralized.'"
"BASEL II MINIMUM LGD PARAMETER","10","Banking - Agreement","Minimum LGD Parameter Start Dt","For secured portions of senior exposures, this is the minimum loss given default by classification of collateral.   Reference paragraph 295 in June 2004 Basel Accord."
"BASEL III CAPITAL TYPE","10","Foundation - Product","Basel III Capital Type Cd","This code classifies this instrument based on Basel III regulations:  1 = this is a common stock instrument issued by the enterprise and which meets the criteria for inclusion in the calculation of tier 1 capital for Basel III purposes. 2 = this is an instrument issued by the enterprise and meets"
"BASEL IRB RISK MITIGANT TYPE","2","Banking - Agreement","Basel IRB Risk Mitigant Cd","Code to indicate eligibility type for Internal Ratings Based, IRB, alternative treatment. For example, in Annex 8 part 3 paragraph 74 to 76 of Directive 2000/12, real estate might get 50% risk weight when certain criteria are met."
"BASEL MARKET PARTICIPANT TYPE","2","Banking - Party","Basel Market Participant Cd","A classification used in Basel II to identify whether this organization is a market participant and the type according to Basel II rules (rep paragraph 171 in Basel Accord). Examples include: (1) sovereign, central bank, and public sector entity (2) bank and securities firm (3) other financial insti"
"BASEL OPERATIONAL RISK BETA PARAMETER","3","Banking - Agreement","Basel Operational Risk Beta Start Dttm","This parameter table describes the beta factors for each business lines as defined in June 2004 Accord, Paragraph 654.  In the Standardized Approach, bank activities are divided into eight business lines: corporate finance, trading & sales, retail banking, commercial banking, payment & settlement,"
"BASEL ORGANIZATION TYPE","2","Banking - Party","Basel Organization Type Cd","Basel II has a classification of organizations that drives some of the calculations.  Examples: - Corporation - Noncentral government public sector entity (PSE) - Multilateral development bank (MDB) - Bank - Securities firm - Sovereign and central banks"
"BASEL PARAMETER","12","Banking - Agreement","Basel Parameter Id; Basel Parameter Id","This entity contains various values or constants that are used for the Basel calculations. This is not a complete list and can be expanded by adding more rules. These are parameters at the level where the only granularity is the date the parameter is effective. It is a global table of constants and "
"BASEL RETAIL DEFAULT PARAMETER","3","Banking - Product","Basel Retail Default Start Dttm","The entity identifies whether this status is considered default for retail products. Mortgage products may have different criteria from other products."
"BEFORE TAX DEDUCTION","1","Foundation - Party","Assoc Payroll Transaction Id","For an ASSOCIATE PAYROLL TRANSACTION, deductions from earnings reduce amounts paid to an ASSOCIATE. BEFORE TAX DEDUCTIONs are types of reductions made from payroll payments before income taxes are calculated. BEFORE TAX DEDUCTIONs may not be subject to income taxes, as in medical insurance costs, or"
"BEFORE TAX DEDUCTION SUBTYPE","2","Foundation - Party","Before Tax Deduction Subtype Cd","The types and descriptions of before tax deductions.   Examples of BEFORE TAX DEDUCTIONs include: - Savings plan - before tax contributions - Health insurance - associate portion  - Dental insurance - associate portion"
"BEFORE TAX MEDICAL INSURANCE","0","Foundation - Party","","Medical insurance copay that consists of deductions from an Associate's pay on a before tax basis."
"BEFORE TAX SAVINGS PLAN","0","Foundation - Party","","A savings plan that consists of deductions from an Associate's pay on a before tax basis."
"BENEFIT PLAN","6","Foundation - Party","Benefit Plan Id; Benefit Plan Id","Benefit plans are the parts of the total compensation package, other than for pay for time worked, provided to ASSOCIATEs in whole or in part by employer payments.  Benefit plans may be composed of regulated benefits such as Social Security and Unemployment Insurance as well as components sponsore"
"BENEFIT PLAN ELIGIBILITY TERM TYPE","4","Foundation - Party","Benefit Plan Eligibility Term Cd","This contains the various terms that can be used to determine whether an ASSOCIATE is eligible for benefits. Examples of eligibility terms include six months service and immediate."
"BENEFIT PLAN OPTION","11","Foundation - Party","Benefit Plan Id; Benefit Plan Option Id; Benefit Plan Option Id","Captures the components of an organization's benefit plan. Generally, benefit plans are the parts of the total compensation package, other than for pay for time worked, provided to ASSOCIATEs in whole or in part by employer payments. Examples include life insurance, pension, and vacation."
"BENEFIT PLAN OPTION ELIGIBILITY","8","Foundation - Party","Benefit Plan Id; Benefit Plan Option Id","This entity captures eligibility terms associated with a position's benefit plan options. For example, eligibility for vacation time or profit sharing benefits offered with a position may require a certain length of service."
"BENEFIT PLAN OPTION POSITION","9","Foundation - Party","Position Id","This entity defines which benefit plan options are available to a specific position. For example, full-time permanent positions may include different benefits than part-time or temporary positions may offer."
"BENEFIT PLAN OPTION STATUS TYPE","4","Foundation - Party","Benefit Plan Option Status Cd","The status or conditions that can be assigned to a BENEFIT PLAN OPTION such as active, inactive, pending, or cancelled."
"BENEFIT PLAN OPTION SUBTYPE","4","Foundation - Party","Benefit Plan Option Subtype Cd","The entity that holds information about elective or discretionary parts of an employer's benefit plan offered to associates. Examples include medical insurance, life insurance, pension, and vacation. This is used as a subtype discriminator."
"BENEFIT RULE TYPE","3","Unassigned","Insurance (all LOB)","The algorithm that is used by the Claim Settlement System when determining the claim adjudication amounts."
"BERMUDA EXERCISE OPTION","0","Investment - Product","","A type of option that is exercisable at specified periods during the life of the option. In concept, it is between an American and a European option, where the analogy is the island of Bermuda is between Europe and America."
"BERMUDA EXERCISE SCHEDULE","2","Investment - Product","Bermuda Option Exercise Dt","This entity contains the specific dates when this option can be exercised."
"BEST OF OPTION","0","Investment - Product","","A put or call option on the best or worst return of two or more securities or indexes for a given measurement period."
"BIC BUSINESS TYPE","0","Foundation - Party","","This entity contains the 4-digit bank number portion of the Business Identifier Code (BIC)."
"BILLBOARD CHANNEL INSTANCE","1","Foundation - Channel","Billboard Channel Instance Id","A type of CHANNEL INSTANCE that identifies communication through billboards. This represents a specific billboard."
"BINARY LARGE OBJECT","0","Unassigned","","MM Audio Object Blob"
"BINARY OPTION","0","Investment - Product","","A binary option is a type of option where the payoff is either some fixed amount of some asset or nothing at all. The two main types of binary options are the cash-or-nothing binary option and the asset-or-nothing binary option. The cash-or-nothing binary option pays some fixed amount of cash if the"
"BLOCK JAPAN","1","Foundation - Location","Japan Block Id","A district consists of blocks referred to as 'banchi.'"
"BODY TYPE","2","Foundation - Party Asset","Body Type Cd","This minor entity converts the body type into a description. Examples are sedan, station wagon, sport utility vehicle, hatchback, minivan, coupe, convertible, or sports car."
"BOFD CHECK EVENT","0","Banking - Event","","This entity is a subtype to CHECK EVENT, and contains attributes that apply only to checks received at the BOFD (Bank of First Deposit)."
"BOFD CHECK IMAGE","2","Banking - Agreement","Payor Check Agreement Num","This entity is a subtype to CHECK IMAGE, and contains attributes that apply only to checks received at the BOFD (Bank of First Deposit)."
"BOND AMORTIZATION SCHEDULE","4","Investment - Product","Bond Amortization Dt","A complete schedule of periodic blended loan payments, showing the amount of principal and the amount of interest that comprise each payment so that the loan will be paid off at the end of its term. Early in the schedule, the majority of each periodic payment is interest. Later in the schedule, the "
"BOND CALL SCHEDULE","4","Investment - Product","Bond Call Dt","A list specifying dates on which the issuer of the bond can call back the bond. The list includes dates and prices."
"BOND CALL TYPE","2","Investment - Product","Bond Call Type Cd","Three types of call provisions are commonly encountered: - Optional redemption allows the issuer to call the security for any reason.   - Extraordinary redemption primarily applies to bonds. It provides for redemption if certain specified events occur. One such event might be the destruction of f"
"BOND CONVERSION SCHEDULE","4","Investment - Product","Bond Conversion Dt","List specifying the conversion ratio. This is the number of shares of stock the holder will receive for each unit of the notional principal in the bond. It is expressed as a ratio of number of stock shares to number of bond units."
"BOND CONVERSION STYLE TYPE","4","Investment - Product","Bond Conversion Type Cd","Convertibles can have American, European, or Bermuda conversion types."
"BOND DELIVERY FORM TYPE","4","Investment - Product","Bond Delivery Form Cd","Categorization of delivery forms.   Examples: - Book entry - Registered - Bearer"
"BOND FIXED INTEREST RATE","0","Investment - Product","","A percentage of the face or principal amount that remains fixed over the entire investment period."
"BOND FLOATING INTEREST RATE","0","Investment - Product","","A bond interest type that is adjusted periodically based upon on a predefined formula, which is typically linked to an index."
"BOND FUTURES","3","Investment - Product","Investment Product Id","A bond future is a contractual obligation for the contract holder to purchase or sell a bond on a specified date at a predetermined price. A bond future can be bought in a futures exchange market and the prices and dates are determined at the time the future is purchased."
"BOND INTEREST PAY AT MATURITY","0","Investment - Product","","Bonds that have no periodic interest payments and the investor receives a single payment at maturity equal to the purchase price + interest earned, compounded semiannually at the original interest rate.   These are known as Zero Coupon Bonds."
"BOND ISSUE PURPOSE TYPE","2","Investment - Product","Bond Issue Purpose Cd","A code for the reason the issuer issued the bond such as research and development, roads, equipment, or cash backup."
"BOND PAYMENT SCHEDULE","8","Investment - Product","Bond Payment Interest Payment Start Dt","This entity contains payment schedule details for bonds."
"BOND PUT SCHEDULE","4","Investment - Product","Bond Put Dt","This is a list of dates on which the holder of the bond can sell it back to the issuer. The list includes dates and prices."
"BOND REDEMPTION","3","Investment - Event","Bond Redemption Qty","The return of an investor's principal in a fixed income security, such as a preferred stock or bond, or the sale of units in a mutual fund. Redemption occurs in a fixed income security at par or at a premium price upon maturity or cancellation by the issuer. With mutual funds, the time of the redemp"
"BOND SUBTYPE","2","Investment - Product","Bond Subtype Cd","A code for the classification of the bond such as fixed rate bond, floating rate bond (FRN), high yield bond, zero coupon bond, inflation linked bond, indexed bond, equity linked note, subordinated bond, perpetual bond, bearer bond, registered bond, municipal bond, book-entry bond, lottery bond, and"
"BOND TO EQUITY CONVERSION","3","Investment - Event","Per Share Conversion Qty; Equity Investment Product Id","Event involving conversion of a convertible bond from bond to equity."
"BONUS","1","Foundation - Party","Associate Payroll Transaction Id","This entity contains information about an ASSOCIATE's bonus, a form of variable earning usually tied to achievement of a goal and paid as a lump sum."
"BOOKMARK","3","Foundation - Event","Bookmark URL Val; Bookmark Event Id","This entity captures information usually generated by book marking services. They allow users to store, categorize, and tag bookmarks. They also allow the searching of bookmarks. The services then use the aggregate collection of bookmarks to recommend new sites to users. For example, the service cou"
"BRANCH SITE","0","Foundation - Location","","This entity is a subtype of site, which is a physical branch."
"BROKER BUSINESS TYPE","0","Investment - Party","","A classification of an organization as a broker. Brokers are the primary agent within capital markets. They execute transactions on behalf of both individual and institutional clients; however, they do not take a principal position in transactions."
"BROWSER APPLICATION TYPE","2","Foundation - Channel","Browser Application Cd","This entity represents the web browser application being used.   Examples:  - Internet Explorer - Firefox - Safari - AOL - Playstation - iPhone - Xbox"
"BROWSER GEOGRAPHIC ADDRESS INFORMATION","0","Foundation - Channel","","This entity captures information regarding geographic address information associated with the visitor's browser."
"BROWSER IDENTIFICATION","2","Foundation - Channel","Browser Identification Id","This entity defines a specific instance of a unique web browsing application on a specific computer. This identifier is placed in the actual browser used by the visitor (typically) in the form of a 'cookie.' This technique allows the enterprise to track and identify the browsing specifics of this 't"
"BROWSER VERSION","1","Foundation - Channel","Browser Application Version Num","This is the version of web browser application a being used.   Examples:  - Internet Explorer 7.0 - Safari 3.1 - Firefox 2.0"
"BUSINESS","5","Foundation - Party","Business Legal Class Cd","A formal organization that is a legal entity (e.g., has a tax status with the government) consisting of one or more individuals formed for the purpose of conducting business or providing a service."
"BUSINESS CATEGORY","4","Foundation - Party","Business Category Cd","A code used as a category discriminator to classify the Business.  Examples are, financial institution, government sponsored entity, exchange, private foundation, private investment fund manager, sovereign wealth fund manager, insurance agency, or pension plan organization."
"BUSINESS DAY CONVENTION TYPE","4","Foundation","Business Day Convention Cd","This is a code for the convention that is followed when adjusting dates to fall on a business day as recognized by financial institutions.   Business day convention is the convention of adjusting dates specified or determined in respect of a transaction, e.g., a payment date. The adjustment is nec"
"BUSINESS IDENTIFIER ADDRESS","0","Foundation - Location","","This is the BIC (Business Identifier Code) number for a financial institution organization which is ISO 9362 standard. Also known as SWIFT code.  Where an 8-digit code is given, you may assume that it refers to the primary office.  The Society for Worldwide Interbank Financial Telecommunication "
"BUSINESS INTEREST SUMMARY","8","Foundation - Party","Period Start Dt","This entity tracks the enterprise's interests in businesses, including the treatment of subsidiary capital surplus/deficiency, and any risk weighted investment amounts. It is intended to support Basel market disclosure requirements, Pillar 3, specifically Table 1 and also supports the Participation "
"BUSINESS LINE LOSS SCORE","2","Banking - Internal Organization","Analytical Model Id","This entity contains the probability of loss event (PE) and the Loss Given Event (LGE) for a given business line/loss type combination. A predictive model is run to determine the probability of that loss event for that business unit. Both PE and LGE are part of the equation when calculating operatio"
"BUSINESS LINE LOSS TYPE MEASURE","0","Banking - Internal Organization","","This entity identifies the various types of operational losses that can occur for a given internal business unit and the various way to measure that loss. This is used when calculating Operational Risk for the Internal Measurement Approach for Basel II. See Annex 4 of Operational Risk Consultative d"
"BUSINESS LINE RISK MEASURE","0","Banking - Party","","This entity contains the operational risk measurement drivers for this business unit. For example, a driver could be revenue, cost, or headcount."
"BUSINESS OWNERSHIP","0","Foundation - Party","","This is a specific structure of party to party relationship that is a business ownership relationship. It is a subentity to PARTY RELATED. The ownership percent and any other kind of metric associated with the relationship can be found in PARTY RELATED METRIC."
"BUSINESS STRATEGY","4","Foundation - Finance","Business Strategy Id","A business strategy is a series of steps to strategize investment decisions, instrument investment decisions, business partner decisions, and business transaction time frame and conditions. The reason to develop a strategy includes minimizing risk, maximizing opportunities (investments), raising cap"
"BUSINESS STRATEGY OBJECTIVE","0","Foundation - Finance","","This entity links the business strategy with the business objective. It allow for a strategy to have many objectives and for an objective to be for many strategies."
"BUSINESS STRATEGY TYPE","2","Foundation - Finance","Business Strategy Type Cd","A code for the classification of the type of strategy used as a category discriminator. Examples include liquidity strategy, risk strategy, financial instrument strategy, and funding strategy."
"BUSINESS TYPE RISK FACTOR","5","Banking - Party","Bank Risk Factor Type Cd","This entity contains the risk factors associated with a given type of business such as airlines, aerospace, pharmaceuticals, and consumer manufacturing. These risk factors may affect the price of its stock.   An example of a risk factor is if this industry is subject to cyclical ups and downs in p"
"BUSINESS UNIT OPERATIONAL RISK ADVANCED","5","Banking - Internal Organization","Business Unit Loss Operational Risk Amt","This entity contains a history of the amount of operational risk exposure for this business unit for this type of loss over time. This is used for the Basel II Operational Risk Advanced Measurement Approach."
"BUSINESS UNIT OPERATIONAL RISK STANDARDIZED","4","Banking - Internal Organization","Operational Risk Exposure Amt","This entity contains a derived history of the amount of operational risk exposure for this business unit over time. This is used for the Basel II Operational Risk Standardized Approach. It is derived by multiplying the 'beta factor' times a measure (e.g., annual average assets) for that business uni"
"BUY SELL TYPE","2","Foundation - Agreement","Buy Sell Type Cd","This is a code to indicate whether this is a buy agreement or a sell agreement."
"BYTEINT","2","Unassigned","",""
"CALENDAR","0","Unassigned","",""
"CALENDAR SPREAD OPTION","0","Investment - Product","","A calendar spread option is similar to an ordinary spread option except the price differential is between two forward or futures contracts with different maturities on the same underlying asset."
"CALENDAR TYPE","2","Foundation","Calendar Type Cd","This defines the type of calendar such as fiscal year.  This table allows for the identification of multiple different versions of a fiscal calendar such as where one starts in January and another starts in July. It will prove useful to those companies where multiple versions of fiscal calendars a"
"CALL CENTER CHANNEL TYPE","0","Foundation - Channel","","This is a type of channel that is a call center."
"CALL CENTER CONTACT EVENT","2","Foundation - Event","Call Center IVR Call Ind","A contact event that uses a call center."
"CALL CENTER CONTACT TYPE","2","Foundation - Event","Call Center Contact Type Cd","A classification of the call center event such as inbound call, outbound call, inbound email, web self-help, and interactive chat."
"CALL CENTER TERMINAL CHANNEL INSTANCE","1","Foundation - Channel","Call Center Channel Instance Id","This entity represents a specific call center terminal that is used as a channel."
"CALL CENTER TYPE","2","Foundation - Channel","Call Center Type Cd","This minor entity classifies the types of call center such as inbound, outbound, or inbound and outbound."
"CAMPAIGN","13","Foundation - Campaign","Campaign Id","A campaign is a concentrated effort to retain, acquire, or consolidate customers or to build an image. It has a specific start and end date and typically consist of multiple promotions. The goal of a campaign is usually to enhance the image of the enterprise, and/or drive more business and/or obtain"
"CAMPAIGN AGREEMENT","4","Foundation - Campaign","Campaign Agreement Start Dt","This associative entity allows for a campaign to be related to an account and for an account to be related to campaign. Such as the campaign is targeted to this account or the campaign is the cause of creation of this account."
"CAMPAIGN AGREEMENT ROLE TYPE","4","Foundation - Campaign","Campaign Agreement Role Cd","This minor entity describes the role that the campaign has with the account. Examples are 'targets to' or 'caused creation of.'"
"CAMPAIGN CELL","6","Foundation - Campaign","Campaign Cell Id","A group created in order to measure the effectiveness of the various elements employed in a campaign such as contact list, campaign message, media type, offering, and promotion.  A cell is a specialized treatment strategy for a grouping of parties for campaign promotion purposes. Parties in this c"
"CAMPAIGN CELL AD","0","Foundation - Campaign","","The advertisements used by a campaign cell."
"CAMPAIGN CELL CLASSIFICATION","2","Foundation - Campaign","Campaign Cell Class Cd","The business strategies used in the creation of a campaign cell."
"CAMPAIGN CELL COST","3","Foundation - Campaign","Campaign Cell Cost Start Dt","A summary of costs for a specific time period, by the type of cost. Cost associated with marketing to a specific CAMPAIGN CELL."
"CAMPAIGN CELL MANAGEMENT","2","Foundation - Campaign","Campaign Cell Management Start Dt","A history of the roles (as specified by campaign party role) that a party plays in the management and running of a campaign cell."
"CAMPAIGN CELL PARTY","1","Foundation - Campaign","Target Party Dt","This entity identifies the parties in a campaign cell."
"CAMPAIGN CELL RESPONSE","1","Foundation - Campaign","Primary Target Ind","All campaign responses related to an event for a given campaign cell."
"CAMPAIGN CELL WEB SITE SECTION","0","Foundation - Campaign","","This entity contains the web site sections used by a campaign cell."
"CAMPAIGN CHANNEL TYPE MULTIMEDIA OBJECT","0","Foundation - Campaign","","This associative entity identifies those multimedia objects that are used for this campaign for this channel type. For example, if the channel type is ATM, then this multimedia object (which may be a text message) is sent to all ATM's identified in CAMPAIGN CHANNEL TYPE XREF. This entity relates an "
"CAMPAIGN CHANNEL TYPE XREF","0","Foundation - Campaign","","This associative entity identifies the types of channels that are planned for the campaign at any level. For example, a high-level campaign may use several channel types. The lowest level in the campaign (campaign event) uses one channel type."
"CAMPAIGN COLLATERAL","1","Foundation - Campaign","Communication Collateral Version Num","This entity identifies the communication collateral associated with a campaign."
"CAMPAIGN CONDITION","0","Foundation - Campaign","","This associative entity identifies the key conditions that are highlighted about this product during this campaign."
"CAMPAIGN COST","3","Foundation - Campaign","Campaign Cost Start Dt","A summary of costs for a specific time period, by the type of cost.  Cost associated with a specific marketing campaign."
"CAMPAIGN COST CATEGORY","2","Foundation - Campaign","Campaign Cost Category Cd","This entity describes a high level of grouping of campaign costs.  Examples:  - Utilities - Operations - Staffing - Supplies - Advertising - Third-party - Material - Capital Acquisition"
"CAMPAIGN COST TYPE","2","Foundation - Campaign","Campaign Cost Type Cd","This entity describes the types of costs that can be incurred for a campaign.  Examples  - Mailing - Staffing - Print costs - Marketing consulting - Research - Material - Distribution"
"CAMPAIGN LEVEL TYPE","2","Foundation - Campaign","Campaign Level Num","This minor entity describes the level in the campaign hierarchy. The campaign structure can be any number of levels depending on the requirements of the financial institution. This entity relates a level number to a description, such as the highest level may be strategy and the lowest level may be e"
"CAMPAIGN LOCATOR","2","Foundation - Campaign","Campaign Locator Start Dt","This entity associates a campaign with locators (geographical areas). Any level in the campaign can be associated with any locator (geographical area). This is useful when only certain geographical areas are targeted for campaigns."
"CAMPAIGN LOCATOR RELATIONSHIP TYPE","2","Foundation - Campaign","Campaign Locator Relationship Cd","This minor entity converts campaign-address relationship type codes into a description. An example of this relationship type is the area that a campaign will be targeted."
"CAMPAIGN LOYALTY PROGRAM","0","Foundation - Campaign","","This entity identifies the loyalty program(s) that may be promoted as part of this campaign."
"CAMPAIGN MANAGEMENT","0","Foundation - Campaign","","This entity contains a history of the roles (as specified by the attribute Campaign Party Role Cd) that a party plays in the management and running of a campaign."
"CAMPAIGN PARTY","2","Foundation - Campaign","Campaign Party Start Dt","This associative entity identifies the role that a party has with a campaign. The party can be a target of a campaign or in the role of management and running of a campaign."
"CAMPAIGN PARTY ROLE","2","Foundation - Campaign","Campaign Party Role Cd","The responsibilities that a party may have with a campaign or promotion.   Examples:  - Is targeted for - Is managing - Is running"
"CAMPAIGN PRODUCT","0","Foundation - Campaign","","This associative entity relates a campaign to products that are marketed in the campaign. A campaign can market to more than one product, and a product can be marketed by many campaigns. Products may also have different roles with the campaign such as the product being offered and the product requir"
"CAMPAIGN PRODUCT ROLE","2","Foundation - Campaign","Campaign Product Role Cd","Products may have different roles with the campaign such as the product being offered and the product required (e.g., in order to qualify for the higher time deposit interest rate, you must have a checking/current account)."
"CAMPAIGN RESPONSE TYPE","2","Foundation - Campaign","Campaign Response Type Cd","This entity categorizes a customer response to a campaign message. Responses include 'buy,' 'send me more information,' 'check back in the future,' 'not interested right now,' and 'don't want it.'"
"CAMPAIGN SEGMENT","0","Foundation - Campaign","","This entity provides the linkage between campaigns and market segments and allows a campaign to target multiple segments, and a market segment to be targeted by many campaigns."
"CAMPAIGN STATUS","2","Foundation - Campaign","Campaign Status Start Dttm","This entity tracks the status of a campaign over time."
"CAMPAIGN STATUS TYPE","2","Foundation - Campaign","Campaign Status Cd","This entity defines the status of a campaign.  Examples: - Active  - Canceled - Under trial test"
"CAMPAIGN STEP RESPONSE","1","Foundation - Campaign","Next Step Id","This entity contains the next step given a response to a promotion step for a cell. The response may be no response in which case the next step is a 'timeout' step. If the next step is null then no further action is taken.  These are planned responses to a step."
"CAMPAIGN STRATEGY TYPE","2","Foundation - Campaign","Campaign Strategy Cd","The business objective or strategy of the campaign.  Example:  - Increase sales of snowmobiles in America that are east of the rocky mountains."
"CAMPAIGN TYPE","2","Foundation - Campaign","Campaign Type Cd","The types of campaigns that can be conducted by the organization.   Examples: - Mass media - Direct marketing blind - Direct marketing semiblind - Direct marketing known  An example of a blind campaign is when a third-party organization includes a bill insert to their customers. The third-pa"
"CAMPAIGN WEB EVENT","1","Foundation - Event","Campaign Web Event Id","This entity contains information about the campaign that was referenced during this web event."
"CAP AND FLOOR OPTION","0","Investment - Product","","Caps and floors are forms of option contracts, conferring potential benefits to the purchaser and potential obligations on the seller. When purchasing a cap or floor, the buyer pays a premium- typically up-front. The premium amount depends on the specified cap or floor rate and time period covered, "
"CAPACITY TYPE","2","Foundation - Channel","Capacity Type Cd","This minor entity identifies the type of channel capacity such as maximum, minimum, and limit."
"CAPITAL REQUIREMENTS SUMMARY","15","Banking - Party","Basel II Function Cd; Basel Portfolio Product Group Id","This entity tracks the Basel II Capital Requirements related to various types of exposures and risks for a Bank or subsidiary. It is intended to support Pillar 3 market disclosure requirements of Basel II, particularly Tables 3 and 9."
"CARD ASSOCIATION TYPE","2","Banking - Product","Card Association Type Cd","A code that classifies a card by the card association that develops the product for card issuers. Examples are Master Card, VISA, and American Express."
"CARD NETWORK CAMPAIGN","0","Banking - Campaign","","This is a type of campaign that is a concerted effort to expand the third-party network business. This effort includes acquiring more credit card merchants, partnering with card issuers, encouraging merchant promotion of card acceptance at their location, or reciprocating network acceptance."
"CARD STATEMENT","0","Banking - Agreement","","This entity contains the card level details in the billing statement.  It can include any access device to the account including plastic cards and mobile phones."
"CARD STATEMENT LINE ITEM","5","Banking - Agreement","Statement Merchant Purchase Reference Num; Statement Merchant Party Id",""
"CARD STATEMENT METRIC","3","Banking - Agreement","Card Statement Amt","This entity shows metrics for a given account access device (e.g., credit card plastic) for a given account for a given statement.  Example of metrics include purchase amount, cash advance amount, purchase count, and cash advance request count."
"CARD SUBTYPE","2","Foundation - Agreement","Card Subtype Cd","This is a code that classifies the card into major types such as debit or credit. It is also a category discriminator."
"CART ACTION TYPE","2","Foundation - Event","Cart Action Type Cd","This entity captures information regarding the type of shopping cart event the visitor experienced.  Examples:  - Add  - Remove  - View"
"CASE AMOUNT","2","Foundation - Event","Case Amount Dttm","This entity contains amounts related to the case such as the amount of the fraud, the amount recovered, the amount written off, and adjustments."
"CASE AMOUNT TYPE","2","Foundation - Event","Case Amount Type Cd","The type of amount related to the case such as amount of fraud, amount of any write-offs of principal or interest, amount of any adjustments such as credits or transfers."
"CASE CATEGORY TYPE","2","Foundation - Event","Case Category Cd","A classification of the case such as insurance claim research, credit card transaction fraud, and application fraud. This is used as a category discriminator."
"CASE DETAIL","4","Foundation - Event","Case Id","A case is a business process that involves managing the research of an activity that has happened. This can include researching potential fraudulent activities by clients for insurance claims, or potential fraudulent credit card activity, or a fraudulent application. An activity (e.g., a claim or cr"
"CASE DOCUMENT","0","Foundation - Event","","This entity contains information about documents that may support or be the result of this case. These can include police reports, field agent reports, photos, and testimonies."
"CASE EVENT","0","Foundation - Event","","This entity contains the various events related to the Case. This can include the event that triggered the case to be created (e.g., the credit card transaction that is suspect). It can also include the research events related to the case such as phone calls and emails that support the research."
"CASE EVENT ROLE TYPE","2","Foundation - Event","Case Event Role Cd","The role of the event to this case such as 'the fraudulent event,' 'research event,' and 'corrective action event.'"
"CASE PARTY","0","Foundation - Event","","There may be many parties to the case such as the case manager, the case researcher(s), the party committing the fraud, the affected party, and attorneys."
"CASE PARTY ROLE TYPE","2","Foundation - Event","Party Case Role Cd","A code for the role that a party has with a case such as case manager, case researcher, party doing the fraud, party affected by the fraud, and attorney."
"CASE RESOLUTION TYPE","2","Foundation - Event","Case Resolution Type Cd","A code for the resolution of the case such as fraud confirmed and handed over to legal authorities, not fraudulent, and in process with no resolution."
"CASE SCORE","1","Foundation - Event","Case Score Val","This entity contains scores related to this case such as the probability that this case is fraudulent. The score can change over time as more information is collected and the model is rerun."
"CASE STATUS","2","Foundation - Event","Case Status Start Dttm","This entity tracks the status of this case over time."
"CASE STATUS TYPE","2","Foundation - Event","Case Status Cd","A code for the type of status such as in process or resolved."
"CASE TEXT","2","Foundation - Event","Case Text Dttm","This entity contains textual notes about the case such as field notes and research notes."
"CASE TYPE","2","Foundation - Event","Case Type Cd","This is another classification of this case such as credit card fraud, claim fraud, application fraud, identity theft, and application misrepresentation."
"CASH ASSET","0","Foundation - Party Asset","","This entity contains information about cash, foreign exchange, or a deposit of money that resides at another institution. (If your institution has this asset then it would be an instance of AGREEMENT)."
"CASH AT OTHER BANK","5","Banking - Agreement","Other Bank Account Num",""
"CASH DIVIDEND EVENT","1","Investment - Event","Per Share Amt","This entity contains all dividends that are cash dividends."
"CASH FLOW AMOUNT TYPE","2","Foundation - Agreement","Cash Flow Amount Type Cd","This minor entity describes whether the cash flow amount is principal, interest, or fee."
"CASH FROM CENTRAL BANK","0","Banking - Agreement","","This entity represents an internal account that contains cash received from a central bank."
"CASH HANDLING","0","Banking - Agreement","","Services that provide specialized cash management services such a management of cash flow in and out of accounts, lock box, account reconciliation, currency counting, and night deposit boxes."
"CASH MANAGEMENT","0","Banking - Agreement","","Money management services provided to customers by means of deposit accounts, such as checking, savings and time accounts, and specialized cash management services that enable businesses to handle cash, transfer monies, and in general make and receive payments."
"CASH MANAGEMENT SUBTYPE","2","Banking - Agreement","Cash Management Subtype Cd","This entity is used as a category discriminator for cash management agreements."
"CASH SETTLEMENT","0","Investment - Agreement","","This subtype identifies that the settlement for this contract is with cash."
"CATEGORY SCORE","2","Foundation - Event","Scored Category Name","This entity captures information regarding the scores for the various categories for which post belong."
"CAUSAL EVENT","0","Foundation - Event","","This entity is a subtype to EVENT and contains those events that usually originate external to the enterprise that can cause another event. Examples of causal events are earthquake, hurricane, political uprising, and stock market crash. A causal event can be an event that will happen or has happened"
"CAUSAL EVENT TYPE","3","Foundation - Event","Causal Event Type Cd","This is a code for the type of causal event such as weather, war, stock market crash, or terrorist attack. In this context, a causal event is an external event that has an impact to the operation of the enterprise."
"CCF BAND PARAMETER","1","Banking - Agreement","Parent CCF Band Id","This is a grouping of credit conversion (CCF) factors.  This is used in Europe for reporting to the Committee of European Banking Supervision. This groups the CCF's as follows: - Band 1 - 0% - Band 2 - 0% to 20% - Band 3 - 20% to 50% - Band 4 - 50% to 100% - Band 5 - above 100%"
"CCF EARLY AMORTIZATION PARAMETER","2","Banking - Agreement","Committed Ind","This entity contains the CCF (Credit Conversion Factor) for retail credit line and nonretail credit line product groups for controlled and uncontrolled early amortization features.   The Credit Conversion Factor reflects what portion of the undrawn facility is expected to be drawn in the event tha"
"CELL TARGET ACCESS DEVICE","1","Foundation - Campaign","Target Access Method Dt","This entity captures information regarding the access devices targeted by a specific campaign cell."
"CELL TARGET AGREEMENT","1","Foundation - Campaign","Target Agreement Dt","The agreements included in a specific campaign cell."
"CELL TARGET CHANNEL INSTANCE","3","Foundation - Campaign","Target Channel Instance Dt","This entity contains those channel instances that are the target of a marketing campaign cell."
"CELL TARGET CONTACT LIST","0","Foundation - Campaign","","An association of a specific contact list and a campaign cell. Multiple contact lists may be used for a given campaign cell."
"CELL TARGET MARKET","1","Foundation - Campaign","Target Market Dt","This entity includes the geography designations included in a specific campaign cell. This structure would be especially useful for indirect marketing campaigns."
"CENTRAL BANK","0","Foundation - Party","","A central bank, reserve bank, or monetary authority is the entity responsible for the monetary policy of a country or of a group of member states. Its primary responsibility is to maintain the stability of the national currency and money supply, but more active duties include controlling subsidized-"
"CERTIFICATION","6","Foundation - Party","Certification Dt","Certifications that are earned through completion of training or meeting other criteria required to achieve qualification. Often earned from a professional society or other agency, for example, Certified Public Accountant (CPA).  Note: Certification for the completion of a multipart course, or a s"
"CERTIFICATION TYPE","2","Foundation - Party","Certification Type Cd","The types of certification. Examples of certifications include business (for example, internal product-specific), computer technology (A+ certification), and profession-wide such as commercial pilot."
"CHANGED UNEARNED PREMIUM RESERVE ACCOUNT","1","Unassigned","Insurance (all LOB)","This entity contains the unearned premium at the end of a period minus unearned premium at the beginning of the period."
"CHANNEL CAPACITY","3","Foundation - Channel","Channel Capacity Start Dt","This associative entity identifies the volume of transaction per unit of time and, by channel characteristics set by bank business rules."
"CHANNEL CHANNEL CLASS XREF","6","Foundation - Channel","Party Classification Cd","This entity relates a CHANNEL CLASS VALUE with a CHANNEL INSTANCE. A CHANNEL INSTANCE can be classified many ways. This entity contains the various descriptive classifications for channels.   The business rule says that for a given classification scheme a channel has only one value at one point i"
"CHANNEL CLASS SCHEME TYPE","10","Foundation - Channel","Channel Class Cd","This minor entity describes the schemes for classifying channels. Examples of schemes include proximity to business and daytime usage (e.g., high, medium, and low)."
"CHANNEL CLASS VALUE","15","Foundation - Channel","Channel Class Value Cd","For a given classification scheme these value codes represent the various values for a given classification scheme. For example, if the classification scheme is daytime usage then the possible values could be high, medium, or low.  The hierarchical structure allows you to create a relationship bet"
"CHANNEL COST","4","Foundation - Channel","Channel Cost Start Dttm","This entity tracks allocated costs related to channels that cannot otherwise be derived from events and accounts."
"CHANNEL DEMOGRAPHIC","4","Foundation - Channel","Channel Demographic Start Dt","This entity relates demographic values to the financial institution channels. It keeps a history of demographic changes to the channels. A channel can have many demographics that describe it such as channel functions (full function, and cash only), channel features, or location (in store, on/off pre"
"CHANNEL EVENT","4","Foundation - Channel","Channel Event Start Dt","This entity tracks the servicing and downtime for each channel that is susceptible to downtime."
"CHANNEL EVENT REASON TYPE","2","Foundation - Channel","Channel Event Reason Cd","This minor entity defines the reason for the downtime of the financial institution equipment."
"CHANNEL FEATURE","11","Foundation - Channel","Channel Feature Id","This entity associates the channel with features that are specific to the channel. For example, payment orders via a branch assess a fee of $3.50, whereas via internet banking it is $0.75."
"CHANNEL INSTANCE","5","Foundation - Channel","Channel Instance Id","This entity brings together all the specific touch points in the enterprise. It identifies all the specific channels that customers and other parties use to interact with the enterprise. One instance exists for each specific channel. For example, each ATM has its own ID; each point of sale terminal "
"CHANNEL INSTANCE LOCATOR","2","Foundation - Channel","Channel Instance Locator Start Dt","This entity relates a channel instance to a locator, which can include addresses, geospatial points, geospatial areas, and geographic areas."
"CHANNEL INSTANCE LOCATOR REASON","2","Foundation - Channel","Channel Instance Locator Reason Cd","The code for the roles an address has with a channel instance.  Examples:  - Used for parcel delivery - Mail address"
"CHANNEL INSTANCE RELATED","0","Foundation - Channel","","This entity relates one channel instance to another channel instance and describes the relationship between the two channel instances. This structure allows for both a hierarchical relationship and a network relationship between channel instances."
"CHANNEL INSTANCE RELATED REASON","0","Foundation - Channel","","A code for the role that one channel instance has with another channel instance such as 'replaces,' 'is part of,' or 'contains.'"
"CHANNEL INSTANCE SITE XREF","2","Foundation - Channel","Channel Instance Site Start Dt","This entity tracks the site of a channel instance over time.  Channels such as specific ATMs can move from site to site over time."
"CHANNEL INSTANCE SUBTYPE","4","Foundation - Channel","Channel Instance Subtype Cd","A code for the subtype instance such as kiosk, electronic channel, call center terminal, party, radio station, print, television, and location."
"CHANNEL NETWORK","0","Foundation - Channel","","This associative entity describes those networks to which a channel has access. ATMs and Point of Sale devices have access to third-party networks for communication between the device and the financial institution."
"CHANNEL OPERATING HOURS","1","Foundation - Channel","Channel Hours Change Dt","This entity describes the operating hours for a channel. This structure allows for a channel to operate at different hours for different days. It also allows for the channel to have more than one time range for a given day. For example, the branch is operating Monday from 8am - 12pm and then from 3p"
"CHANNEL PROCESSING TYPE","2","Foundation - Channel","Channel Processing Cd","This minor entity identifies the type of processing for a channel type for customer communications. It is specifically defined for the Teradata Relationship Management.   Examples: - 1 = Use party channel link. - 2 = Allocate all parties to channel instance # 1."
"CHANNEL PROFIT","3","Foundation - Channel","Channel Profit Start Dttm","This derived entity contains the profit for a channel and is derivable from channel costs (CHANNEL COST) and event revenues. Technically, it does not belong in the model but is here for those banks that cannot yet derive profit from the model."
"CHANNEL REPLENISHMENT","1","Foundation - Channel","Replenishment Amt","This entity identifies the quantity that was replenished when the channel ran out of its delivery product. Delivery products include anything returned to the customer such as cash, stamps, or tickets."
"CHANNEL RISK GRADE","3","Foundation - Channel","Channel Risk Grade Start Dttm","This entity contains risk grades for channel instances. This may be used when determining the sensitivity of customers to certain risks when using a specific channel."
"CHANNEL STATUS TYPE","2","Foundation - Channel","Channel Status Cd","This minor entity identifies the status of the channel for purposes of using it for customer communications. Examples would be active, in development, on hold, no new campaigns, or closed for deletion."
"CHANNEL TYPE","7","Foundation - Channel","Channel Type Cd","This entity defines the major classifications of channels; consider, for example, call center, web site, and brick and mortar.  For financial services, examples include direct physical mail, kiosk, electronic mail, ATM, over the counter (face-to-face), statement insert mail, party type (such as fi"
"CHANNEL TYPE CAPACITY","3","Foundation - Channel","Channel Type Capacity Start Dt","This associative entity identifies the volume of transaction per unit of time and, by channel type."
"CHANNEL TYPE GROUP","2","Foundation - Channel","Channel Type Group Cd","This entity is a grouping of channel types into higher levels. For example, a kiosk could be grouped into a self-service classification. A billboard could be grouped into a marketing classification."
"CHANNEL TYPE GROUP XREF","6","Foundation - Channel","Channel Type Group Xref Start Dt","This entity is the association of a channel type with a grouping of channel types. It allows for a channel type to belong to more than one group."
"CHANNEL TYPE RISK GRADE","3","Foundation - Channel","Channel Type Risk Grade Start Dttm","This entity contains risk grades for types of channels. This may be used when determining the sensitivity of customers to certain risks via certain types of channels. Kiosks or ATMs may be viewed more risky than over the counter for certain types of transactions."
"CHANNEL TYPE SITE","2","Foundation - Location","Channel Type Site Start Dt","This entity identifies the channel types related to a SITE. A SITE can have one type of channel that represents its main or major type of channel. This entity then identifies all other types of channels related to a SITE."
"CHANNEL TYPE SUBTYPE","8","Foundation - Channel","Channel Type Subtype Cd","This minor entity is a subtype discriminator to CHANNEL TYPE. Examples include ATM, kiosk, and telephone."
"CHANNEL TYPE SURVEY RESPONSE","0","Foundation","","This subentity identifies the channel type that is the subject of this survey question."
"CHANNEL TYPE USAGE","0","Foundation - Channel","","This entity identifies the ways this channel can be used such as for sales, marketing, fraud prevention, and general notification."
"CHANNEL USAGE TYPE","2","Foundation - Channel","Channel Usage Type Cd","This is a code for the ways a channel can be used such as: - Sales - Marketing - Fraud prevention - Information delivery"
"CHARACTER LARGE OBJECT","0","Unassigned","",""
"CHARGE GROUP TYPE","2","Foundation - Finance","Charge Group Type Cd","This entity captures information regarding a high level grouping of charges that are in addition to the item or service that was bought or sold.  Examples: - Shipping - Handling - Insurance - (Customs) duty - Recycling fee - Tax"
"CHARGE TYPE","3","Foundation - Finance","Credit Party Id","This entity captures information regarding the type of charge that is in addition to the item or service that was bought or sold.  Examples: - Expedited shipping - State sales tax - Customs broker fee - Layaway fee - Restocking charge"
"CHART OF ACCOUNTS CODE","0","Foundation - Finance","","This entity allows the grouping of COA CODE SEGMENTs to represent the structure of a CHART OF ACCOUNTS CODE number."
"CHECK EVENT","0","Banking - Event","","This entity is a subtype to FINANCIAL EVENT and contains only those events that involve checks. A check event relates to a transaction between two financial institutions.  The account number in this entity is the customer account involved for BOFD banks, or will be involved for home banks. This is"
"CHECK EVENT TYPE","2","Foundation - Event","Check Event Type Cd","This minor entity identifies the different types of check events.  Examples: - 1 - check at BOFD event (Bank of First Deposit) - 2 - check at home bank event"
"CHECK IMAGE","10","Banking - Agreement","Check External UDK Num; Issuing Bank Id","This entity is a subtype to BANK DRAFT and contains only those document images that involve checks."
"CHECK IMAGE TYPE","4","Banking - Agreement","Check Image Type Cd","This minor entity identifies the different types of check images, for example, check at BOFD (Bank of First Deposit), and check at home bank."
"CHECK TRANSACTION TYPE","2","Banking - Agreement","Check Transaction Type Cd","This minor entity identifies the different types of transaction types for checks as used at the home bank."
"CHILD DELETE CASCADE","0","Unassigned","","WHEN (0 < (SELECT count(*) FROM %Parent, oldtable WHERE %JoinFKPK(oldtable,%Parent,' = ',' AND')))     /* ERwin Builtin Trigger */     /* %Action trigger on %TableOwner(.)%TableName */     /* %Parent %VerbPhrase %Child on child delete restrict */     /* %ErwinRelationInfo */      ABORT 'Cannot delet"
"CHILD DELETE NO ACTION","0","Unassigned","","WHEN (0 < (SELECT count(*) FROM %Child, oldtable WHERE %JoinFKPK(%Child,oldtable,' = ',' AND')))     /* ERwin Builtin Trigger */     /* %Action trigger on %TableOwner(.)%TableName */     /* %Parent %VerbPhrase %Child on parent delete restrict */     /* %ErwinRelationInfo */    ABORT 'Cannot delete %"
"CHILD DELETE RESTRICT","0","Unassigned","","/* ERwin Builtin Trigger */     /* %Action trigger on %TableOwner(.)%TableName */     /* %Parent %VerbPhrase %Child on child update set null */     /* %ErwinRelationInfo */     UPDATE %Child       SET         /* %%SetFK(,NULL) */         %SetFK(,NULL)       WHERE         /* %%JoinPKPK(%Child,newtabl"
"CHILD DELETE SET DEFAULT","0","Unassigned","","/* ERwin Builtin Trigger */ /* %Action trigger on %TableOwner(.)%TableName */ /* %Parent %VerbPhrase %Child on child update set default */ /* %ErwinRelationInfo */ /* Application specific.  Left out intentionally. */"
"CHILD DELETE SET NULL","0","Unassigned","","/* ERwin Builtin Trigger */ /* %Action trigger on %TableOwner(.)%TableName */ /* %Parent %VerbPhrase %Child on child delete set default */ /* %ErwinRelationInfo */ /* Application specific.  Left out intentionally. */"
"CHILD INSERT CASCADE","0","Unassigned","","WHEN (0 = (SELECT count(*) FROM %Parent, newtable WHERE %JoinFKPK(newtable,%Parent,' = ',' AND')      %If (%NotnullFK(newtable,' IS NOT NULL')) { AND %NotnullFK(newtable,' IS NOT NULL',,' AND') }))     /* ERwin Builtin Trigger */     /* %Action trigger on %TableOwner(.)%TableName */     /* %Parent %"
"CHILD INSERT NO ACTION","0","Unassigned","","WHEN (0 < (SELECT count(*) FROM %Parent, oldtable WHERE %JoinFKPK(oldtable,%Parent,' = ',' AND')))     /* ERwin Builtin Trigger */     /* %Action trigger on %TableOwner(.)%TableName */     /* %Parent %VerbPhrase %Child on child delete restrict */     /* %ErwinRelationInfo */      ABORT 'Cannot delet"
"CHILD INSERT RESTRICT","0","Unassigned","","/* ERwin Builtin Trigger */     /* %Action trigger on %TableOwner(.)%TableName */     /* %Parent %VerbPhrase %Child on parent delete set null */     /* %ErwinRelationInfo */     UPDATE %Child       SET         /* %%SetFK(,NULL) */         %SetFK(,NULL)       WHERE         /* %%JoinFKPK(%Child,oldtab"
"CHILD INSERT SET DEFAULT","0","Unassigned","","/* ERwin Builtin Trigger */ /* %Action trigger on %TableOwner(.)%TableName */ /* %Parent %VerbPhrase %Child on parent insert set default */ /* %ErwinRelationInfo */ /* Application specific.  Left out intentionally. */"
"CHILD INSERT SET NULL","0","Unassigned","","/* ERwin Builtin Trigger */   /* %Action trigger on %TableOwner(.)%TableName */   /* %Parent %VerbPhrase %Child on child insert cascade */   /* %ErwinRelationInfo */     INSERT INTO %Parent (%ParentPK(',',))       SELECT %ChildFK(',',) FROM newtable WHERE           /* %%NotnullFK(newtable,' IS NOT N"
"CHILD UPDATE CASCADE","0","Unassigned","","WHEN (0 = (SELECT count(*) FROM %Parent, newtable WHERE %JoinFKPK(newtable,%Parent,' = ',' AND')      %If (%NotnullFK(newtable,' IS NOT NULL',,' AND')) { AND %NotnullFK(newtable,' IS NOT NULL',,' AND')}))   /* ERwin Builtin Trigger */   /* %Action trigger on %TableOwner(.)%TableName */   /* %Parent "
"CHILD UPDATE NO ACTION","0","Unassigned","","WHEN ( (0 < (SELECT count(*) FROM %Parent, oldtable, newtable WHERE %JoinPKPK(oldtable,newtable,' <> ',' OR '))) AND      (0 < (SELECT count(*) FROM %Child, oldtable WHERE %JoinFKPK(%Child,oldtable,' = ',' AND'))))   /* ERwin Builtin Trigger */   /* %Action trigger on %TableOwner(.)%TableName */   /"
"CHILD UPDATE RESTRICT","0","Unassigned","","/* ERwin Builtin Trigger */     /* %Action trigger on %TableOwner(.)%TableName */     /* %Parent %VerbPhrase %Child on child insert set null */     /* %ErwinRelationInfo */     UPDATE %Child       SET         /* %%SetFK(,NULL) */         %SetFK(,NULL)       WHERE         /* %%JoinPKPK(%Child,newtabl"
"CHILD UPDATE SET DEFAULT","0","Unassigned","","/* ERwin Builtin Trigger */ /* %Action trigger on %TableOwner(.)%TableName */ /* %Parent %VerbPhrase %Child on child insert set default */ /* %ErwinRelationInfo */ /* Application specific.  Left out intentionally. */"
"CHILD UPDATE SET NULL","0","Unassigned","","/* ERwin Builtin Trigger */   /* %Action trigger on %TableOwner(.)%TableName */   /* %Parent %VerbPhrase %Child on child update cascade */   /* %ErwinRelationInfo */     INSERT INTO %Parent (%ParentPK(',',))       SELECT %ChildFK(',',)         FROM newtable         WHERE           /* %%NotnullFK(new"
"CHOOSER OPTION","0","Investment - Product","","A chooser option (or preference option) is a path dependent option for which the purchaser pays an up-front premium and has the choice of having the derivative be a vanilla put or call on a given underlier. The investor has a fixed period of time to make that choice. There is usually a single strike"
"CITY JAPAN","1","Foundation - Location","Japan City Id","In Japan, a city is the next level below prefecture. A city can have wards or towns or villages. These are all conceptually treated as a city."
"CITY TO COUNTY","2","Foundation - Location","Primary Rollup Ind","Provides the relationship of cities within a county while accommodating the more unusual case where a city may span multiple counties. For example, major U.S. cities that lie in multiple counties include Houston, Chicago, Atlanta, and Kansas City."
"CITY TYPE","2","Foundation - Location","City Type Cd","A code that classifies the city as either a political boundary or a pseudo city for mail routing purposes. For example, in the United States for routing military mail, Army Post Office (APO) and Fleet Post Office (FPO) post offices exist and are treated like a city when routing mail.  Examples: -"
"CLAIM","5","Unassigned","Insurance (all LOB); Claim Id","A claim is the request to the insurance company to honor the terms and conditions of one or more coverages included in one or more policies.   A claim is usually accompanied by one or more documents, such as an invoice, accident report, or death certificate.  Parties involved in a claim might in"
"CLAIM ADJUDICATION","3","Unassigned","Insurance (all LOB); Claim Adjudication Id","A decision on the settlement of a claim."
"CLAIM ADJUDICATION AMOUNT","2","Unassigned","Insurance (all LOB)","This associative entity relates adjudications done at the claim level to the claim adjudication. For this combination, the adjudicated amount is included.  Examples include amounts at claim level such as: - Paid amount - Allowed amount - Approved amount"
"CLAIM AMOUNT","4","Unassigned","Insurance (all LOB)","This associative entity relates the claim with the amounts for the claim, such as the total claimed amount, lawyer fees, and claims adjuster fees."
"CLAIM AMOUNT TYPE","3","Unassigned","Insurance (all LOB)","This minor entity contains the claim amount types and descriptions that can be associated with a claim or a claim service. These types can be categorized as either indirect or direct amount types. These types include dollar amounts such as the claimed amount, adjuster fees, lawyer fees, or numbers/q"
"CLAIM ASSET","4","Unassigned","Motor Vehicle Ind","This entity demonstrates which assets were involved with the claim."
"CLAIM ASSET RELATIONSHIP TYPE","2","Unassigned","Claim Asset Relationship Type Cd","This is the code for the type of association between the claim and the asset, such as the object of the claim, or the replacement asset while the damaged asset is being repaired."
"CLAIM AUTHORIZATION","11","Unassigned","Insurance (all LOB); Claim Authorization Id","This entity describes the authorizations that have been granted for insurance purposes. This includes admission review, claim service review, and specialty care reviews."
"CLAIM AUTHORIZATION AMOUNT","2","Unassigned","Insurance (all LOB)","This entity associates authorized amounts with the claim authorization. These are for amounts at the authorization level."
"CLAIM AUTHORIZATION AMOUNT TYPE","3","Unassigned","Insurance (all LOB)","This minor entity contains the claim authorization amount codes and descriptions that can be associated with a claim authorization. Examples include requested length of stay amount, requested minimum amount, and approved number of units."
"CLAIM AUTHORIZATION DIAGNOSIS CODE","1","Unassigned","Insurance (all LOB)","This entity identifies the diagnostic code(s) associated with a claim authorization."
"CLAIM AUTHORIZATION END REASON TYPE","3","Unassigned","Insurance (all LOB)","This minor entity converts the claim authorization and reason code into a description."
"CLAIM AUTHORIZATION EVENT","1","Unassigned","Insurance (all LOB)","This entity relates the claim authorizations to the health care services review request for review and response events that it is related to.  An example is the incident event that caused the need for the authorization of services."
"CLAIM AUTHORIZATION EVENT ROLE","3","Unassigned","Insurance (all LOB)","Product Feature Related End Dt"
"CLAIM AUTHORIZATION FEATURE","4","Unassigned","Insurance (all LOB); Authorization Feature Id","This entity identifies those procedures as requested on the authorization.  For health insurance, one authorization can be representative of up to eleven procedures involved with the authorization."
"CLAIM AUTHORIZATION RELATED","3","Unassigned","Insurance (all LOB)","This associative entity relates one claim authorization to another."
"CLAIM AUTHORIZATION RELATIONSHIP TYPE","3","Unassigned","Insurance (all LOB)","This minor entity describes the type of relationship between two claim authorizations such as one authorization replaces another, or that one authorization is a subsequent authorization."
"CLAIM AUTHORIZATION TYPE","5","Unassigned","Insurance (all LOB)","This minor entity describes the kind of authorizations.   Examples: - Renewal - Initial - Appeal - immediate - Appeal - standard - Revised"
"CLAIM CATEGORY TYPE","3","Unassigned","Insurance (all LOB)","A high-level categorization of a claim based on type of claim, service codes, and diagnosis codes."
"CLAIM CLAIM AUTHORIZATION","1","Unassigned","Insurance (all LOB)","This entity associates a claim authorization to the claims it is for. A claim can be associated to many claim authorizations and a claim authorization can be used for many claims."
"CLAIM CLAIM GROUP","3","Unassigned","Insurance (all LOB)","An associative entity that relates the claims to the claim groupings that they belong to. There is one instance for each claim/claim grouping occurrence."
"CLAIM COST RECOVERY","5","Unassigned","Insurance (all LOB)","This entity contains information about the recovery of costs for this claim such as recovery due to subrogation legal action."
"CLAIM COVERAGE","2","Unassigned","Insurance (all LOB)","This entity associates claims with coverages.   A claim may be associated with one or more of the coverage features that are associated by the insurance account.  A coverage feature may be associated with one or more claims.  For example, this relates the claim to the property damage coverage,"
"CLAIM COVERAGE ADJUDICATION","1","Unassigned","Insurance (all LOB)","This entity relates the adjudication to the coverage involved in the adjudication."
"CLAIM COVERAGE ADJUDICATION AMOUNT","2","Unassigned","Insurance (all LOB)","This entity describes the various amounts that were adjudicated for this claim for this coverage.   Examples: - Noncovered amount - Paid amount - Copaid amount - Deductible amount - Withheld amount - Allowed amount - Discount amount - Per day limit amount - Tax amount"
"CLAIM COVERAGE AMOUNT","4","Unassigned","Insurance (all LOB)","This associative entity relates the claim coverage with the amounts for the claim coverage, such as the claimed amount, the consumed amount, or subrogation amount."
"CLAIM COVERAGE COST RECOVERY","5","Unassigned","Insurance (all LOB)","This entity contains information about the recovery of costs for this claim coverage such as recovery due to subrogation legal action."
"CLAIM COVERAGE INSURABLE INTEREST","1","Unassigned","Insurance (all LOB)","This entity links the claim with the coverage and the insurable interest."
"CLAIM COVERAGE INSURABLE INTEREST AMOUNT","4","Unassigned","Insurance (all LOB)","This entity contains the various amounts associated with a claim for an insurable interest and for a coverage. Examples of amounts include the amount of the claim, the amount that has been paid, the amount under dispute, and the amount being reserved."
"CLAIM COVERAGE INSURABLE INTEREST REINSURANCE","1","Unassigned","Insurance (all LOB)","This entity creates the association between claims, coverages being claimed, the insurable interest involved in the claim coverage and the reinsurance agreement that covers this claim coverage for this insurable interest."
"CLAIM COVERAGE SCORE","2","Unassigned","Insurance (all LOB)","This entity contains scores related to claims on coverages such as probability of eligibility for subrogation of bodily injury coverage."
"CLAIM COVERAGE STATUS","7","Unassigned","Insurance (all LOB)","This entity tracks the status of a coverage for a claim over time such as 'paid,' 'not paid,' and 'in process.'"
"CLAIM COVERAGE TEXT","3","Unassigned","Insurance (all LOB)","This entity captures any textual information related to the claim coverage such as notes prepared by an agent or adjustor."
"CLAIM COVERAGE TEXT SECTION","0","Foundation","","This entity is the link to claim coverage text unstructured data."
"CLAIM DATE","4","Unassigned","Insurance (all LOB)","This entity relates claims to the various claim dates.  Examples:  - Claim receipt date - Claim settled date - Claim occurred date - Last worked date - Returned to work date - Unable to work date - Schedule to return to work date - Unable to work start date - Unable to work end date"
"CLAIM DATE TYPE","5","Unassigned","Insurance (all LOB)","This entity identifies the claim date types.   Examples: - Occurred date - Settled date - Receipt date - Reported date - Documented date - Last changed date - Unable to work start date - Unable to work end date"
"CLAIM DIAGNOSIS CODE","2","Unassigned","Insurance (all LOB)","Identifies the diagnosis code(s) that are associated with a claim at the header level. This might be relevant for bodily injury claims."
"CLAIM DOCUMENT","2","Unassigned","Insurance (all LOB)","Associates the claim with the related attachments. These can include documents such as radiology films, physical therapy certifications, or death certificates."
"CLAIM EVENT","1","Unassigned","Insurance (all LOB)",""
"CLAIM EVENT ROLE","3","Unassigned","Insurance (all LOB)","Identifies the role that an event can have with the claim.  Examples: - Is payment for  - Is status request for"
"CLAIM GROUP","5","Unassigned","Insurance (all LOB); Claim Group Id","This entity represents the insurance institution's representation of claim groupings. Examples would be to group all claims related to the same incident or to group all claims with the same primary diagnosis code for analysis reasons."
"CLAIM GROUP TYPE","3","Unassigned","Insurance (all LOB)","This minor entity describes how claims are grouped. Examples of groupings can be diagnosis codes, incident, claim status, and services claimed."
"CLAIM INSURABLE INTEREST","1","Unassigned","Insurance (all LOB)","This entity associate the claim with the insurable interests which is the thing being insured."
"CLAIM INSURABLE INTEREST TYPE","3","Unassigned","Insurance (all LOB)","A category discriminator that classifies the type of insurable interest for this claim. It could be an asset such as automobile, or house, or a life."
"CLAIM LOCATOR","1","Unassigned","Insurance (all LOB)","This entity associates claims with addresses and geographic areas via the LOCATOR entity such as the location of the claim."
"CLAIM LOCATOR ROLE","3","Unassigned","Insurance (all LOB)","A code for the role of the locator to the claim such as the location of the claim."
"CLAIM MANAGEMENT AUTHORITY TYPE","3","Unassigned","Insurance (all LOB)","A code for the degree of authority this agent has with managing claims."
"CLAIM MEDIA TYPE","3","Unassigned","Insurance (all LOB)","This minor entity converts the claim media type into a description."
"CLAIM MOTOR VEHICLE","1","Unassigned","Passenger Cnt","This entity represents the information that is specific to the motor vehicle in relation to the claim."
"CLAIM OBLIGATION TYPE","3","Unassigned","Insurance (all LOB)","This minor entity classifies the types of claim obligations, for example, ECO (Extra Contractual Obligations), XPL (Excess of Policy Limits), no ECO, or no XPL."
"CLAIM PAYMENT TYPE","3","Unassigned","Insurance (all LOB)","A code for the claim transaction type.   Examples are claim medical payment, claim legal payment, claim auto body payment, expense payment, reserve transaction, salvage transaction, subrogation transaction, and reinsurance recovery transaction."
"CLAIM PERIL","1","Unassigned","Insurance (all LOB)","Identifies the kinds of perils (cause of loss) associated with the claim. Property is insured in two main ways - open perils and named perils. Open perils cover all the causes of loss not specifically excluded in the policy. Common exclusions on open peril policies include damage resulting from eart"
"CLAIM PRICING RULE TYPE","3","Unassigned","Insurance (all LOB)","This is a list of codes indicating the pricing rule type that was used in the adjudication process.  Examples: - Capitated - Noncapitated"
"CLAIM PROVIDER SURVEY RESPONSE","2","Unassigned","Insurance (all LOB); Provider Party Id","This entity contains the survey results about a provider to a claim."
"CLAIM REINSURANCE AMOUNT","2","Unassigned","Insurance (all LOB)","The amount associated with the reinsurance of this claim for this coverage for this insurable interest. Amount examples include the portion of the claim paid by the reinsurer, the amount outstanding (reported), and the amount incurred (not yet reported). These are used to set up reserves."
"CLAIM RELATED","1","Unassigned","Insurance (all LOB)","This entity defines the relationship between claims such as replaces."
"CLAIM RELATIONSHIP TYPE","3","Unassigned","Insurance (all LOB)","This minor entity identifies the relationship between two claims such as replaces or caused by same incident/accident."
"CLAIM SCORE","2","Unassigned","Insurance (all LOB)","This entity contains scores related to claims such as probability of eligibility for subrogation."
"CLAIM SERVICE","7","Unassigned","Insurance (all LOB)","This entity associates claims with services or procedure features. This is the lowest level of detail on a claim.  A claim may be associated with one or more services or procedures and it may be associated with the same service type more than once, hence the sequence number in the primary key.  "
"CLAIM SERVICE ADJUDICATION","1","Unassigned","Insurance (all LOB)","This entity relates the adjudication to the service involved in the adjudication."
"CLAIM SERVICE ADJUDICATION AMOUNT","2","Unassigned","Insurance (all LOB)","This entity describes the various amounts that were adjudicated for this claim for this specific service.   Example: - Noncovered amount - Paid amount - Copaid amount - Deductible amount - Withheld amount - Allowed amount - Discount amount - Per day limit amount - Tax amount"
"CLAIM SERVICE AMOUNT","3","Unassigned","Insurance (all LOB)","This associative entity relates the claim service with the amounts for the claim service, such as the claimed amount or the consumed amount."
"CLAIM SERVICE ASSET","0","Unassigned","","The associative entity that links claim services to assets."
"CLAIM SERVICE COST RECOVERY","5","Unassigned","Insurance (all LOB)","This entity contains information about the recovery of costs for this claim service such as recovery due to subrogation legal action."
"CLAIM SERVICE COVERAGE","1","Unassigned","Insurance (all LOB)","This associative entity relates the service or procedure reported on the claim to the coverage that is associated with this service or procedure. An example is an auto repair (service) is related to collision coverage."
"CLAIM SERVICE COVERAGE AMOUNT","3","Unassigned","Insurance (all LOB)","This entity captures metrics for a service for a coverage for a claim such as the reserve amount or claim amounts paid. Loss reserves, or loss adjustment expense reserves, are set aside for this service for this coverage. Claim reserves are set aside when the claim or the adjustment is reported."
"CLAIM SERVICE DATE","6","Unassigned","Insurance (all LOB)","This entity relates the claim service to the various claim service dates.  Examples: - Settlement date - Recorded date - Shipped date"
"CLAIM SERVICE DATE TYPE","5","Unassigned","Insurance (all LOB)","This entity identifies the claim service date types.   Examples: - Settlement date - Paid date - Recorded date - Shipped date"
"CLAIM SERVICE DIAGNOSIS CODE","1","Unassigned","Insurance (all LOB)","This entity contains the relationship of diagnosis codes to a service line on a claim. Multiple diagnosis codes can be specified along with their ordering such as primary, secondary, or tertiary."
"CLAIM SERVICE FEATURE STATUS","3","Unassigned","Insurance (all LOB)","This entity contains the history of status of a Claim Service, which is the lowest level detail for a claim."
"CLAIM SERVICE SCORE","2","Unassigned","Insurance (all LOB)","This entity contains scores related to services for claims such as probability of eligibility for subrogation of auto bodywork service."
"CLAIM SERVICE STATUS REASON TYPE","3","Unassigned","Insurance (all LOB)","This minor entity translates the claim service status reason type code into a description.  Examples: - Insufficient coverage - Insufficient evidence"
"CLAIM SERVICE STATUS TYPE","3","Unassigned","Insurance (all LOB)","This minor entity translates the claim service status type code into a description.  Examples: - Paid - Rejected - Under adjudication"
"CLAIM SERVICE TEXT","3","Unassigned","Insurance (all LOB)","This entity contains any textual information related to a service performed for this claim."
"CLAIM SERVICE TEXT SECTION","0","Foundation","","This entity is the link to claim service text unstructured data."
"CLAIM STATUS","3","Unassigned","Insurance (all LOB)","This entity tracks the history of the status of a claim."
"CLAIM STATUS REASON TYPE","3","Unassigned","Insurance (all LOB)","This minor entity translates the claim status reason type code into a description.  Examples: - Insufficient coverage - Insufficient evidence"
"CLAIM STATUS TYPE","3","Unassigned","Insurance (all LOB)","This minor entity translates the claim status type code into a description.   Examples:  - Paid - Rejected - Under adjudication - Closed without payment - Reopened"
"CLAIM SUBMITTAL TYPE","3","Unassigned","Insurance (all LOB)","This minor entity identifies the types of parties that could submit the claim. Examples include insured submitted, provider submitted, and third-party submitted."
"CLAIM SUBMITTING PARTY","1","Unassigned","Insurance (all LOB)","This is a subtype to PARTY CLAIM and contains those parties involved in submitting the claim."
"CLAIM SUBSCRIBING PARTY","1","Unassigned","Insurance (all LOB)","This is a subtype to PARTY CLAIM and contains those insured parties that were involved in the incident related to the claim and are making the claim against his/her insurance company. For example, party A damages party B's car. Party A is the insured party (or subscriber). Party B is the injured par"
"CLAIM SURVEY RESPONSE","1","Unassigned","Insurance (all LOB)","This subentity identifies the claim that is the subject of this survey question."
"CLAIM TEXT","3","Unassigned","Insurance (all LOB)","This entity captures any textual information related to the claim such as notes prepared by an agent or adjustor."
"CLAIM TEXT SECTION","0","Foundation","","This entity is the link to claim text unstructured data."
"CLAIM TEXT TYPE","3","Unassigned","Insurance (all LOB)","This entity classifies the text such as report by adjustor, or agent notes."
"CLAIM THIRD PARTY","1","Unassigned","Insurance (all LOB)","This is a subtype to PARTY CLAIM and contains those parties that, other than the insured party, are parties who are the subject of the incident (damage or injury) causing the claim. For example, Party A damages party B's car. Party A is the insured party and is the first party. Party B is the injure"
"CLAIM TYPE","3","Unassigned","Insurance (all LOB)","This minor entity categorizes the type of claim or claim service by line of business such as property and casualty, or life."
"CLAIMANT INSURABLE INTEREST STATUS","3","Unassigned","Insurance (all LOB)","This entity contains the history of the status of the claim for each claimant for this insurable interest.  Examples would be open, closed, settled, reopened, settled again, and closed again."
"CLAIMANT INSURABLE INTEREST STATUS TYPE","3","Unassigned","Insurance (all LOB)","This minor entity identifies the status of the claim to each claimant. Examples would be open, closed, settled, reopened, settled again, and closed again."
"CLEARING AND SETTLEMENT","0","Banking - Agreement","","Services that clear and settle payments for financial transactions other than trades of securities and commodity contracts."
"CLICK ACTION TYPE","2","Foundation - Event","Click Action Type Cd","This is a code for the page action such as paging click, scrolling click, submit click, cancel click. The enterprise will have defined codes for the various actions a user might take with a click on their web site."
"CLICK ACTIVITY","6","Foundation - Event","Click Activity Num; Click Activity Source Id","This entity captures clickmap information; it is the information contained in the address of the link the user clicked on (URL / JS function)."
"CLICK CONTEXT TYPE","2","Foundation - Event","Click Context Type Cd","This entity indicates whether the pagename or URL was used for the click activity (such as submitting information, requesting information, or moving around the page)."
"CLIQUET OPTION","0","Investment - Product","","A Cliquet Option (also known as Ratchet Option) is an exotic option consisting of a series of consecutive forward start options. The first is active immediately. The second becomes active when the first expires. Each option is struck at-the-money when it becomes active.  A cliquet is, therefore, a"
"CLOUD CONDITION TYPE","2","Foundation - Location","Cloud Condition Type Cd","This is a classification for the degree of cloud cover such as sunny, cloudy, partially cloudy, snow, thunderstorms, rain, sleet, and hail."
"COA CODE BALANCE","2","Foundation - Finance","Financial Item Status Cd","The entity that indicates the actual account balance amounts for defined groups of COA CODE SEGMENTs. COA CODE SEGMENTs identify areas of the business the company wants to track (e.g., accounts, subaccounts, internal departments, and products) that when combined or concatenated into segment groups r"
"COA CODE BALANCE REASON","2","Foundation - Finance","Financial Item Status Reason Cd","A code for why there is a need for this balance type such as divestitures, Securities & Exchange Commission (U.S. regulatory agency), or other regulatory requirement. This allows for a reason for the restatement."
"COA CODE BALANCE SUBTYPE","0","Foundation - Finance","","This is the code that discriminates between a monetary balance and a quantitative balance. For example, an account for salaries-exempt (from overtime) would be expected to have a monetary balance for the year 2009. It might also have a quantitative balance of 1525 FTE (Full Time Equivalent) headcoun"
"COA CODE BALANCE TYPE","2","Foundation - Finance","Financial Item Status Cd","A code for the Chart of Account Actual Balance type such as original or restated."
"COA CODE SEGMENT","0","Foundation - Finance","","This entity identifies individual segments that when combined compose a company's accounts."
"COA CODE SEGMENT SUBTYPE","0","Foundation - Finance","","The entity describes a COA CODE SEGMENT.   Examples:  - GL main Account - GL account sub-GL account - GL account project - GL project"
"COA CODE SEGMENT XREF","0","Foundation - Finance","","This entity associates a COA CODE SEGMENT with a CHART OF ACCOUNTS CODE."
"COA MONETARY BALANCE","10","Foundation - Finance","Starting Monetary Balance Amt","This entity carries the aggregate monetary balance of the CHART OF ACCOUNTS CODE. For example, $100,000 was the ending monetary amount of long-term receivables."
"COA QUANTITATIVE BALANCE","6","Foundation - Finance","Quantitative Balance Start Cnt","The quantitative balance of a CHART OF ACCOUNTS CODE. For example, the salaried expense for the architecture and modeling solutions team might have included 22 full-time equivalents."
"COA SEGMENT RELATED","2","Foundation - Finance","Segment Relationship Start Dt","This entity carries the reason two segments are related and the effective time period of the relationship."
"COLLATERAL AGREEMENT","1","Banking - Agreement","Maximum Collateral Amt","A contract between the customer and your bank or your customer and another party where the customer agrees to pledge collateral to another agreement. This collateral agreement may have a maximum amount pledged along with a contract expiration date. This entity is used to understand all the parties t"
"COLLATERAL AGREEMENT COVERAGE","6","Banking - Agreement","Risk Mitigant Agreement Item Start Dt","This entity contains the amount of collateral that is covered by this collateral item for this agreement. Since the value of the collateral can change over time so does the coverage."
"COLLATERAL AGREEMENT TYPE","2","Banking - Agreement","Collateral Agreement Type Cd","This entity is a subtype discriminator and identifies whether this collateral agreement is for customer assets that are held outside the bank (e.g., real estate or securities held at another institution) or customer assets held within your bank (e.g., a deposit account or investment account)."
"COLLATERAL ITEM","3","Banking - Party Asset","Collateral Item Id; Risk Mitigant Item Id; Collateral Item Host Id","This entity contains assets that are held by parties, usually customers, and which are pledged to loans as collateral. This could be an asset that is held outside of the bank such as real estate or automobile. It could also be an asset that is held in an account by the bank such as securities or dep"
"COLLATERAL ITEM ADJUSTMENT","4","Banking - Party Asset","Collateral Value Adjusted Amt","This entity contains adjustments to the value of the collateral item for various reasons including Basel II 'haircuts.'  These adjustments are at the whole collateral item level and not at the portion that protects the exposure/account."
"COLLATERAL ITEM CLASS XREF","5","Banking - Party Asset","Risk Mitigant Item Id","This entity classifies a collateral item many ways. For example, it may be classified as real estate, debt instrument with AAA rating, time deposit account, automobile, or inventory."
"COLLATERAL ITEM GROUP","5","Banking - Party Asset","Collateral Item Group Id","This entity represents a grouping or pool of collateral items. For risk calculation and collateral value allocation purposes, there may be a limit applied to a collection of collateral items.   The pool limit is an optional limit applied to pools of collateral, which is used in the collateral allo"
"COLLATERAL ITEM GROUPED","3","Banking - Party Asset","Risk Mitigant Item Id","This entity relates a collateral item to one or more groupings."
"COLLATERAL ITEM RISK METRIC","6","Banking - Party Asset","Collateral Item Metric Calculation Dt","Risk metrics and calculation parameters associated with a collateral item which includes customer assets used as collateral (e.g., real estate), customer assets held as accounts within the bank (e.g., deposits or bonds outside a portfolio), and securities held at your bank in a portfolio."
"COLLATERAL ITEM STATUS","3","Banking - Party Asset","Risk Mitigant Item Id","This entity tracks the status of this collateral item over time such as: - Asset held for sale - Asset held by counterparty - Asset sold - Asset claimed - In process of being repossessed by your bank - In process of being repossessed by other bank - Repossessed by your bank"
"COLLATERAL ITEM STATUS TYPE","2","Banking - Party Asset","Collateral Item Status Cd","A code for the status values for a collateral item such as: - Asset held for sale - Asset held by counterparty - Asset sold - Asset claimed - In process of being repossessed by your bank - In process of being repossessed by other bank - Repossessed by your bank."
"COLLATERAL ITEM TYPE","2","Banking - Party Asset","Collateral Item Type Cd","This minor entity defines code for the type of collateral item such as: - Customer asset held outside the bank - Customer agreement held inside the bank (e.g., time deposit or security instrument) - Investment product within a portfolio  This will designate which entity in the model to link to "
"COLLATERAL ITEM VALUE","19","Banking - Party Asset","Risk Mitigant Item Id","This entity contains the value of this collateral item over time. It contains the values before and after any adjustments due to Basel II haircuts (adjustments)."
"COLLATERALIZED DEBT OBLIGATION","0","Investment - Agreement","","An investment-grade security backed by a pool of bonds, loans and other assets. CDOs do not specialize in one type of debt but are often nonmortgage loans or bonds."
"COLLATERALIZED EXPOSURE","12","Banking - Agreement","Collateralized Exposure Amt","This entity represents the portion of the exposure that is covered by a given credit protection instrument such as collateral or guarantee. It contains the amount of the exposure that is covered by the risk mitigant agreement at this point in time along with the risk weight of that portion and the L"
"COLLATERALIZED EXPOSURE ADJUSTMENT","3","Banking - Agreement","Collateralized Portion Adjusted Rate","This entity contains the adjustment rates that are applied to this collateralized portion of the exposure for a given adjustment type and calculation date."
"COLLATERALIZED MORTGAGE OBLIGATION","0","Investment - Product","","This is a type of mortgage-backed security that creates separate pools of pass-through rates for different classes of bondholders with varying maturities, called tranches. The repayments from the pool of pass-through securities are used to retire the bonds in the order specified by the bonds' prospe"
"COLLECTION CAMPAIGN","0","Foundation - Campaign","","COLLECTION CAMPAIGN is a concentrated effort to collect payment on delinquent accounts in order to bring them current. COLLECTION CAMPAIGNs are defined primarily by the level of delinquency such as 30 day, 60 day, or pre-legal. Examples of COLLECTION CAMPAIGN include making a right party contact, ob"
"COLLECTION COST","2","Foundation - Agreement","Collection Cost Dttm","This entity contains the costs associated with collecting and recovering due to default. Examples of types of costs include direct collection costs, indirect collection costs, costs to recover collateral, and administrative costs."
"COLLECTION DEBT INVOICE","4","Banking - Agreement","Collection Issuer Agreement Num","This is an agreement where the financial institution agrees to collect debt from its customer (the issuer) usually for a fee. The debt issuer owns the debt but the financial institution is providing a collection service. This differs from purchased receivables where the financial institution actuall"
"COLLECTION ISSUER AGREEMENT","1","Banking - Agreement","Collection Issuer Agreement Id","This entity represents the agreement between the financial institution and its customer (the issuer) to collect debt on the issuer's behalf. The issuer retains the debt and the risk for the debt. The financial institution is providing a collection service."
"COLLECTION PAYMENT AGREEMENT","0","Foundation - Agreement","","A formal or informal agreement or arrangement with the obligor to collect monies due.  Formal agreements, known as a payment program, is a product offered to delinquent, high credit risk or charged off customers that has a time limit, terms and conditions and incentives. Depending on the type of p"
"COLLECTION STATUS TYPE","2","Foundation - Finance","Collection Status Type Cd","This minor entity identifies the types of COLLECTION STATUS TYPE such as past due 1-30 days, past due 31-60 days, past due 61-90 days, charged off, in collections, promised to pay, payment received, or current (not past due)."
"COLOR DEPTH TYPE","2","Foundation - Event","Color Depth Type Cd","This entity captures information regarding the various browser color depths available.  Examples: - Monochrome - 256 8-bit - 65536 16-bit - 16 million 32-bit - 16 million 24-bit"
"COMMERCIAL INSURANCE POLICY","1","Unassigned","Insurance (all LOB)","An agreement between the insurance company and an organization for insurance of that organization. This is different from a group policy such as group life."
"COMMERCIAL PAPER","7","Investment - Product","Commercial Paper Face Value Amt","An unsecured, short-term debt instrument issued by a corporation, typically for the financing of accounts receivable, inventories and meeting short-term liabilities. Maturities on commercial paper rarely range any longer than 270 days. The debt is usually issued at a discount, reflecting prevailing "
"COMMERCIAL PAPER TYPE","4","Investment - Agreement","Commercial Paper Type Cd","Commercial paper type, either direct paper or dealer paper.  Direct paper is sold by the issuing firm directly to investors without using a securities dealer as an intermediary.   Dealer paper is sold by securities firms."
"COMMISSION","1","Foundation - Party","Associate Payroll Transaction Id","This entity captures information about commissions, a type of variable earnings tied to productivity or achievement of performance goals. For example, sales people are often compensated with commission calculated as a percentage of the product sales price."
"COMMISSION TYPE","3","Unassigned","Insurance (all LOB)","This is the code for the type of commission.  Examples: -Commission for new business -Commission for renewal of policy"
"COMMODITY","0","Investment - Product","","COMMODITYs are bulk goods that are traded over an exchange such as grain, oats, gold, oil, beef, silver, and natural gas. A unit of measure (e.g., barrels, ounces, and bushels) is associated with each marketed commodity. When they are traded on an exchange, commodities must also meet specified minim"
"COMMODITY FUTURES","0","Investment - Product","","An agreement to buy or sell a set amount of a commodity at a predetermined price and date. Buyers use these to avoid the risks associated with the price fluctuations of the product or raw material, while sellers try to lock in a price for their products. Like in all financial markets, others use suc"
"COMMODITY SWAP","0","Investment - Agreement","","A conventional swap agreement where the underlying is a commodity price."
"COMMODITY TIME BAND SCHEME","0","Investment - Agreement","","This entity contains information about time band schemes for commodities. For commodity risk there is one set of time bands (scheme) for each type of commodity."
"COMMODITY TYPE","2","Investment - Product","Commodity Type Cd","A classification of the type of goods being commoditized such as grain, oats, gold, oil, beef, silver, and natural gas."
"COMMON STOCK","0","Investment - Product","","Security that represents ownership in a corporation. Holders of common stock exercise control by electing a board of directors and voting on corporate policy. Common stockholders are on the bottom of the priority ladder for ownership structure. In the event of liquidation, common shareholders have r"
"COMMON STOCK ACCOUNT","3","Foundation - Finance","Common Shares Outstanding Qty","The entity that identifies a general ledger equity account as common stock. Common stocks are units of ownership of a public corporation. Common stock, the most frequently issued class of stock, usually provides a voting right, but is secondary to preferred stock in dividend and liquidation rights."
"COMMON STOCK ACCOUNT TYPE","2","Foundation - Finance","Common Stock Account Type Cd","The entity that identifies the type of common stock accounts. Types of common stock include voting stock and nonvoting stock."
"COMMUNICATION COLLATERAL","4","Foundation - Campaign","Communication Collateral Id","This entity contains information about a piece of communication collateral that supports a communication plan with customers and prospects. Examples can include brochures, papers, scripts, web page content, instructions, and presentation material."
"COMMUNICATION COLLATERAL TYPE","2","Foundation - Campaign","Communication Collateral Type Cd","A code for the type of communication collateral such as brochure, paper, script, web page content, instruction, poster, and sign."
"COMPETE LEVEL TYPE","4","Foundation - Campaign","Compete Level Cd","A code for the degree of competition for this competitor for this opportunity such as: - Primary competitor - Medium competitor - Low competitor"
"COMPUTER","4","Unassigned","",""
"CONNECTION TYPE","2","Foundation - Channel","Connection Type Cd","This is a code containing information regarding connection methods.  Examples:  - Cable - DSL - ISDN - Dial-up"
"CONSENT EVENT","0","Foundation - Event","","A type of customer initiated EVENT that caused a privacy preference to change for a customer or a customer's account. This Event could be a response to a request initiated by the enterprise to understand a customer's preference for how information is to be used about them or their accounts."
"CONSOLIDATED INVOICE","3","Foundation - Finance","Consolidated Invoice Id; Consolidated Invoice Created By Party Id","A CONSOLIDATED INVOICE represents a collection of multiple INVOICEs for single payment or customer billing."
"CONSOLIDATED INVOICE STATUS","1","Foundation - Finance","Consolidated Invoice Status Dttm","This entity tracks the status of a CONSOLIDATED INVOICE, such as cancelled, approved, pending, send, hold, and release."
"CONSOLIDATED INVOICE SUMMARY","5","Foundation - Finance","Consolidated Invoice Summary Dttm","This entity contains summary account information as of this summary date. Even though the information is technically derivable from the separate invoices that compose the CONSOLIDATED INVOICE, it is included here because companies commonly require tracking of payments and balances at the CONSOLIDATE"
"CONSTRUCTION TYPE","2","Foundation - Party Asset","Construction Type Cd","This minor entity converts the construction type code into a description."
"CONSUMER MARKETING CAMPAIGN","0","Foundation - Campaign","","This is a type of CAMPAIGN related to the credit card and consumer product business. An acquisition campaign focuses on acquiring new customers for cards, banking products or other consumer products. A portfolio campaign focuses on existing customers for retention, increased usage or cross sell."
"CONSUMER SERVICE AGREEMENT","0","Banking - Agreement","","CONSUMER SERVICE AGREEMENT is a type of AGREEMENT the company enters into with a consumer to provide a service such as wallet protection, fraud protection, account guard, and portfolio reporting."
"CONSUMER SERVICE AGREEMENT TYPE","2","Banking - Agreement","Consumer Service Agreement Type Cd","A classification of consumer service agreements such as wallet protection, fraud protection, account guard, and portfolio reporting. This is a separate agreement that could be related to another agreement."
"CONTACT EVENT","3","Foundation - Event","Authorization Num","This is a subtype entity of EVENT and describes all events caused by having contact with the Financial Institution either of a personal nature where an employee talks to the customer, or an impersonal nature where the customer uses the ATM or automatic call center or any other touch point. It includ"
"CONTACT EVENT OFFER","0","Foundation - Campaign","","This entity contains the offer(s) that were presented to the counterparty during this event and the response and action."
"CONTACT EVENT TYPE","2","Foundation - Event","Contact Event Type Cd","Classifies the contact event as direct contact, self-service, or web."
"CONTACT INITIATION TYPE","2","Foundation - Event","Contact Initiation Type Cd","Code that indicates the type of party that initiated the contact.  Examples: - Cus = Customer - CS = Customer Service - SL = Sales"
"CONTACT INITIATOR TYPE","2","Foundation - Event","Contact Initiator Cd","This minor entity describes who initiated the event. Contact events can be initiated by a party or by the financial institution."
"CONTACT LIST","4","Foundation - Campaign","Contact List Id","This entity lists the prospects or existing customers targeted for campaigns. Contact lists may be strategically created by the enterprise, obtained via another organization, or generated by contact leads."
"CONTACT LIST AVAILABILITY TYPE","2","Foundation - Campaign","Contact List Availability Type Cd","A categorization of the availability or recurrence of a contact list.   Examples: - W = Once a week - M = Once a month - SA = Semiannual - A = Annually - O = One time only"
"CONTACT LIST MANAGEMENT","2","Foundation - Campaign","List Management Start Dt","A history of the roles (as specified by the attribute Campaign Party Role Cd) that a party plays in the creation and maintenance of a contact list."
"CONTACT LIST SOURCE TYPE","2","Foundation - Campaign","Contact List Source Type Cd","The source of a contact list.   Examples:  - Competitor's customer listing  - Third-party purchased mailing list  - Government roll - Tax list"
"CONTACT LIST UPDATE","2","Foundation - Campaign","List Update Dt","A history of the updates that are made to a contact list."
"CONTACT MENU OPTION","1","Foundation - Event","Menu Sequence Num","This entity describes the path that the customer took with the Voice Response Unit during a session. Each option selected is one instance in the entity. The customer may go through several options before getting to where s/he wants, may go back to the main menu, and then may end up talking to a serv"
"CONTACT OUTCOME TYPE","2","Foundation - Event","Contact Outcome Cd","This minor entity describes the event contact outcome type such as satisfied or dissatisfied."
"CONTACT SCRIPT","0","Foundation - Event","","This associative entity identifies the scripts that were used during a contact event with a customer. An event may have multiple scripts depending on the script path taken by the agent."
"CONTENT GROUP VIEW","1","Foundation - Event","Content Group View Event Id","This entity captures information regarding custom content view events. Content view events capture information regarding the areas of the web site that are visited by the visitor."
"CONTENT TYPE","2","Foundation - Event","Content Type Cd","This minor entity describes the content that can be presented by the customer to the financial institution and that can be returned from the financial institution to the customer. Examples of what a customer can present include a card, cash, check, deposit slip, and passbook. Examples of what can be"
"CONTEXT","3","Foundation - Channel","Context Cd","This contains the business intent represented by web pages."
"CONTINGENT OPTION","0","Investment - Product","","An option for which the holder only pays the premium if the option is exercised. Contingent options are zero-cost unless exercised."
"CONTRACT OR POSITION INSTRUMENTS","0","Unassigned","","Drawing_Object_Rectangle_159032"
"CONTRACT SETTLEMENT TYPE","4","Investment - Agreement","Contract Settlement Type Cd","Forward and Futures contracts can have either physical or cash settlement. Physical delivery requires delivery of the underlying physical commodity. Cash settlement requires delivery of the cash difference between the contract strike price and the spot market price for the underlying commodity."
"CONVENIENCE FACTOR TYPE","2","Foundation - Channel","Convenience Factor Cd","This minor entity classifies the types of channel by how convenient they are to the customer. Potential values are low, medium, high, and very high."
"CONVERSION","8","Foundation - Event","Conversion Dttm","This cross-reference entity links conversions to advertisements that have been viewed.  Conversions occur when the viewer of an advertisement takes the action prescribed by the advertisement. Usually, this is a request to buy or view some additional information.  Represents the successful result"
"CONVERSION CATEGORY","3","Foundation - Campaign","Conversion Category Id","This entity contains information concerning the linkage between recommended offerings and the web page on which the offering was displayed.  Example: - An offer for a beach umbrella is found on web page #67824435 that offers seasonal specials."
"CONVERSION STEP","3","Foundation - Event","Conversion Step Cnt","This entity captures information regarding the steps of a conversion experienced during a session by a visitor."
"CONVERTIBLE BOND","1","Investment - Product","Conversion Type ID","A bond that can be converted into a predetermined amount of the company's equity at certain times during its life, usually at the discretion of the bondholder."
"COOKIE","4","Foundation - Event","Cookie Num","This entity captures user cookie information. It contains the content of cookies for all cookie types."
"CORPORATE BOND","0","Investment - Product","","A bond issued by a corporation."
"CORPORATE BOND TYPE","4","Investment - Product","Corporate Bond Type Cd","Corporate bonds come in a variety of formats. Examples include collateral trust bonds, equipment trust certificates, debenture bonds, and guaranteed bonds."
"CORPORATE CARD","0","Banking - Agreement","","CORPORATE CARD is a type of CREDIT CARD AGREEMENT that provides card accounts to employees of the company."
"COST OF SALES ACCOUNT","0","Foundation - Finance","","This entity identifies an expense account as a cost of sales. Cost of Sales represents expenses a company incurs to purchase products or services that it sells. Cost of sales expenses includes labor costs, raw materials, and overhead."
"COST RECOVERY TYPE","3","Unassigned","Insurance (all LOB)","This entity describes the method used for cost recovery of insurance claims such as salvage and subrogation."
"COST TYPE","3","Foundation","Cost Type Cd","This entity identifies the type of costs that are tracked. This is used by all cost related entities."
"COUNTRY","1","Foundation - Location","Country Id","A geopolitical region with sovereign governing.  Examples:  - USA - Canada - Denmark"
"COUNTRY GROUP","1","Foundation - Location","Country Group Id","A grouping of countries.   Examples:  - Europe - Asia - Middle East"
"COUNTY","1","Foundation - Location","County Id","A geographic region within a TERRITORY that is generally larger than a city or town. Can also be referred to as a parish (i.e., Louisiana) or a borough (i.e., Alaska).  Example:  - Los Angeles County"
"COURSE","12","Foundation - Party","Course Id; Training Course Id","Education imparted in a series of lessons or meetings for the purpose of improving skills or attaining certification. This entity represents the lowest level of granularity that is needed for the training.  Examples:  - A single-part webinar on company ethics - Part 1 of an 8-part series on prog"
"COURSE COMPLETED","5","Foundation - Party","Training Course Id","Records the completion date and grade attained for completed courses."
"COURSE COMPLETED CERTIFICATION","0","Foundation - Party","","This is the completed course that is required for certification. Other aspects required for certification may be added onto the CERTIFICATION entity as required for unique business needs."
"COURSE FEEDBACK QUESTION","5","Foundation - Party","Training Course Id","Student feedback questions that may be asked for a specific training course."
"COURSE FEEDBACK RESPONSE","5","Foundation - Party","Training Course Id; Student Party Id","Student responses to COURSE FEEDBACK QUESTIONs concerning a specific course."
"COURSE PREREQUISITE","5","Foundation - Party","Training Course Id; Prerequisite Course Id; Prerequisite Course Id","Identifies prerequisite courses for a training course."
"COURSE SCHEDULED","8","Foundation - Party","Course Scheduled Id; Course Offered Id","Represents the intention to schedule and offer training during the scheduled dates for a particular training course.  The related TRAINING EVENT breaks down the offered course into multiple sessions on multiple days.  Note: This is used for formally scheduled training, typically in a classroom o"
"COVERAGE FEATURE","2","Unassigned","Insurance (all LOB); Coverage Feature Id","This entity identifies those features that are coverages such as bodily injury, property damage, dental, or medical coverages."
"CRAWLER","2","Foundation - Channel","Crawler Id","This entity contains a list of crawler sites that have visited the web site of the business entity. A crawler is a program search engine that takes information from a web site."
"CRAWLER PERMISSION TYPE","2","Foundation - Channel","Crawler Permission Type Cd","This is a code used to specify the type of permission that a crawler is allowed when accessing a web site or web page."
"CRAWLER WEB PAGE PERMISSION","5","Foundation - Channel","Crawler Web Page Id","This entity contains the access rights granted to a crawler for a specified web page."
"CRAWLER WEB SITE PERMISSION","0","Foundation - Channel","","This entity contains the access rights granted to a crawler for a specified web site."
"CREDIT AGREEMENT","20","Banking - Agreement","Credit Agreement Reaging Cnt","Services that provide money or credit to businesses, consumers, and governments. It includes loans, mortgages, current accounts, purchased receivables (factoring), credit cards or lines of credit (transaction accounts), and leasing."
"CREDIT AGREEMENT SUBTYPE","2","Banking - Agreement","Credit Agreement Subtype Cd","This entity is used as a category discriminator for credit agreements.  Examples: - Loan agreement - Current agreement - Purchased receivables invoice - Facility agreement - Letter of credit agreement"
"CREDIT APPLICATION","6","Banking - Agreement","Down Payment Fund Source Cd","This is an application for a loan or mortgage."
"CREDIT APPLICATION PRECREDIT CHARGE","3","Banking - Agreement","Credit Application Precredit Charge Start Dttm","This entity contains the precredit charges that a credit application might have such as prepayment charge and preinterest charge."
"CREDIT CARD","0","Banking - Agreement","","This entity is a subtype to CARD entity and contains information about cards that may allow the cardholder a revolving line of credit."
"CREDIT CARD AGREEMENT","0","Banking - Agreement","","CREDIT CARD AGREEMENT is a type of FINANCIAL AGREEMENT that provides a line of credit to card members through a credit card such as consumer, corporate, or small business card. This entity captures only those card member agreements that are assets from the company's perspective."
"CREDIT CARD BALANCE SEGMENT","0","Banking - Agreement","","This is a type of balance used by credit card companies to divide up a balance into portions or 'segments' where each segment might have its own terms and conditions and where payments can get applied to a specific segment."
"CREDIT CARD SUBTYPE","2","Banking - Agreement","Credit Card Subtype Cd","This minor entity classifies credit cards into types such as purchase credit card, small business card, corporate card, student card, family card, and individual card."
"CREDIT CONVERSION FACTOR PARAMETER","2","Foundation - Agreement","Maturity Time Band Id; Maturity Time Band Scheme Id","This entity contains the Basel II credit conversion factors for exposures that do not have an early amortization feature."
"CREDIT DEFAULT SWAP","1","Investment - Agreement","Contract Settlement Type ID","A credit default swap is a hedging instrument where the protection buyer (e.g., a bank) pays the seller (e.g., the insurer) a fixed regular fee and the seller of protection provides the buyer with an exchange contingent on the maturity of the swap or the underlying instrument (e.g., loan or bond). T"
"CREDIT DERIVATIVE AGREEMENT","5","Investment - Agreement","Credit Derivative Unfunded Ind","Also known as synthetic securitization, this is a type of agreement where the bank buys protection for counterparty default (or downgrade) from a protection seller, similar to buying insurance against a counterparty default. Types of Credit Derivatives include Credit Default Swap (CDS), Total Return"
"CREDIT DERIVATIVE PRODUCT","0","Investment - Product","","A credit derivative is a financial instrument or derivative (finance) whose price and value derives from the creditworthiness of the obligations of a third party, which is isolated and traded.  Credit default products are the most commonly traded credit derivative products and include unfunded pro"
"CREDIT DERIVATIVE SUBTYPE","2","Investment - Agreement","Credit Derivative Subtype Cd","There are many types of credit derivatives. Credit derivatives are fundamentally divided into two categories of product: funded credit derivatives and unfunded credit derivatives.   An unfunded credit derivative is a bilateral contract between two counterparties, where each party is responsible fo"
"CREDIT EVENT TYPE","2","Investment - Agreement","Credit Event Type Cd","A type of event that could trigger a credit default such as bankruptcy, foreclosure, or past due payment."
"CREDIT INQUIRY REASON TYPE","2","Foundation","Credit Inquiry Reason Cd","This minor entity contains reason codes for credit inquiries such as applying for a loan or a credit card."
"CREDIT LINKED NOTE","0","Investment - Agreement","","Credit Linked Note is a technique to hedge against the risk of the Credit Default and Total Return swaps. If the protector goes bankrupt then to avoid this, the protector puts the payments to the bank into a trust and the trust pays the bank.  It is a security with an embedded credit default swap "
"CREDIT MARKET RISK STRATEGY","0","Foundation - Finance","","The strategy for dealing with credit or market risk."
"CREDIT MATURITY SUMMARY","6","Banking - Agreement","Period Start Dt; Basel Portfolio Product Group Id","This entity tracks the residual contractual maturity breakdown of the whole portfolio of the Bank or a subsidiary. It is classified by major types of exposure, and is intended to support Basel Pillar 3 reporting for Table 4."
"CREDIT RATING","2","Unassigned","","Drawing_Object_Rectangle_163087"
"CREDIT RATING TYPE","2","Foundation","Credit Rating Cd","A code for a classification of the credit rating such as excellent, good, poor, or bankrupt."
"CREDIT REPORT COMMENT TYPE","2","Foundation - Party","Credit Report Comment Cd","This minor entity classifies the comments that are received from external credit reports at the obligor party level.   Examples: - 2 = Level of delinquency on accounts  - 18 = Number of accounts with delinquency  - 24 = No recent revolving balances  - 11 = Amount owed on revolving accounts is "
"CREDIT REPORT ROLE TYPE","2","Foundation - Agreement","Credit Report Role Type Cd","A code for the role that the credit report has with the application or the agreement such as: - Initial - The initial report pulled for this application - Regular - A normal periodic report, often quarterly - Decision - This is the report that was used for the approval decision"
"CREDIT REPORTING PARTY SUBTYPE","2","Foundation - Party","Credit Reporting Party Subtype Cd","This minor entity is a subtype discriminator to distinguish the type of party that is making the credit report such as a credit reporting agency or an internal party."
"CREDIT RISK STRATEGY","0","Banking","","The strategy for dealing with credit risk."
"CREDIT RISK SUMMARY","13","Banking - Agreement","Basel II Function Cd; Basel Portfolio Product Group Id","This summary entity tracks credit risk metrics for the Bank or one of its subsidiaries over time with respect to various dimensions such as exposure type and geographic area. Credit risk metrics are defined in line with the Basel II Accord and are intended to support Basel market disclosure (Pillar "
"CREDIT STATUS TYPE","3","Foundation - Agreement","Credit Status Cd","This minor entity describes the credit status such as agreed, paid off, inactive, and collection."
"CUMULATIVE PREFERRED STOCK","0","Investment - Product","","A preferred stock whose dividends if omitted will accumulate until they are paid out.  Cumulative preferred stock has preference over common dividends, which cannot be paid until cumulative preferred obligations are paid first."
"CURRENCY","4","Foundation","Currency Name","This entity identifies the name for the system of money.   Example:  - U.S. Dollars - Canadian Dollars - Japanese Yen"
"CURRENCY DENOMINATION TYPE","2","Foundation","Currency Denomination Type Cd","A code for the type of currency denomination such as $5, $10, $20, $100, and $500."
"CURRENCY EXCHANGE RISK FACTOR","7","Investment - Agreement","Bank Risk Factor Type Cd","This entity tracks the risk associated with the exchange of one currency to another for spot sales, for those currencies where the institution has significant exposure to impact to currency fluctuations."
"CURRENCY FORWARD","8","Investment - Agreement","Currency Forward Exchange Rate","A forward contract in the foreign exchange market that locks in the price at which an entity can buy or sell a currency on a future date. Also known as 'outright forward currency transaction,' 'forward outright,' or 'FX forward.'"
"CURRENCY POSITION METRIC","0","Investment - Agreement","","This entity tracks metrics at the level of currency type for a given position - long or short. There is one instance for each type of currency (e.g., USD) for each type of position (long or short), for each type of metric and for each calculation scenario.  From this entity, the derived short and "
"CURRENCY PRODUCT","1","Investment - Product","Currency Investment Product Id","This is a type of product that is a currency. For example, USD and Yen would each be an instance of this entity. Because swaps and derivatives involve currencies as instruments, each currency type is included in the domain of INVESTMENT PRODUCT and PRODUCT.  The currency code is in the supertype I"
"CURRENCY PRODUCT PAIR","0","Investment - Product","","This represents a pair of currencies such as USD-EUR. This is used to represent a risk factor for risk management purposes."
"CURRENCY RISK FACTOR","5","Investment - Product","Bank Risk Factor Type Cd","This entity contains adjustments that are made to the market value of this currency instrument usually due to its volatile nature when subjected to market forces."
"CURRENCY SEGMENT","0","Foundation - Finance","",""
"CURRENCY SWAP","5","Investment - Agreement","Swap In Currency Qty","This entity is for currency swap agreements only and contains information about the currency being swapped."
"CURRENCY TRANSLATION RATE","6","Foundation","Currency Translation Rate Start Dttm","The entity that indicates the conversion rates for translating from/to a source currency to a specified target currency."
"CURRENCY TRANSLATION RATE TYPE","2","Foundation","Currency Translation Rate Type Cd","The entity that indicates the type of currency translation. Possible examples may be: - Monthly average rate - End of period rate - Daily rate"
"CURRENCY USE TYPE","2","Foundation","Currency Use Cd","This minor entity defines the uses that a currency may have. For example, when it is related to an account it may be the currency the statement is printed in or the currency that internal amounts related to that account are stated in."
"CURRENT AGREEMENT","8","Banking - Agreement","Interest Disbursement Type Cd","This entity contains all current accounts. It inherits attributes from both the asset (loan) and liability (deposit) aspects of accounts. It is a type of account that is highly liquid, high volume and goes back and forth between asset and liability. This is a type of account that is offered in Europ"
"CURRENT ASSET ACCOUNT","0","Foundation - Finance","","The entity that indicates assets of a company that could be liquidated or converted to cash in less than one year. CURRENT ASSET ACCOUNTs provide a source of funds for ongoing operations and are important to investors in the event the company goes bankrupt."
"CURRENT ASSET ACCOUNT SUBTYPE","2","Foundation - Finance","Current Asset Account Subtype Cd","The entity that identifies the type of current asset like available cash, prepaid expenses, inventory, accounts receivable, or securities."
"CURRENT LIABILITY ACCOUNT","0","Foundation - Finance","","The entity that indicates the types of CURRENT LIABILITY ACCOUNTs, or liabilities owed by a company that are due within one year."
"CURRENT LIABILITY ACCOUNT TYPE","2","Foundation - Finance","Current Liability Account Type Cd","The entity that identifies the type of CURRENT LIABILITY ACCOUNTs. Types of current liabilities include accrued liability, deferred revenue, short-term debt, current long-term debt, income taxes, and accounts payable."
"CURRENT LONG TERM DEBT ACCOUNT","0","Foundation - Finance","","The entity that provides details for the current long-term debt. Long-term debt is the principal on the long-term debt due in the next year."
"CUSIP PRODUCT IDENTIFIER","0","Investment - Product","","Committee on Uniform Securities Identification Procedures (CUSIP). This nine-digit number identifies all stocks and registered bonds that trade in the U.S.  The number consists of nine characters (including letters and numbers) that uniquely identify a company or issuer and the type of security. A"
"CUSTODIAN BUSINESS TYPE","0","Investment - Party","","A classification of an organization that holds securities and cash on its clients' behalf and may effect settlement of trades on its clients behalf  Included here are the following types of custodians: - Global custodian - Local custodian - Central security depository - Settlement agents"
"CUSTOM AREA","1","Foundation - Location","Custom Area Id","This entity contains any artificial area that is of interest to the enterprise such as collections of countries, regions of countries, built-up areas, rural areas, marketing geographies, and sales districts. Note that some custom area groups already exist in the fixed hierarchy such as COUNTRY GROUP"
"CUSTOM AREA REASON TYPE","2","Foundation - Location","Custom Area Reason Cd","The reason this grouping of geographic areas was created such as for risk management, anti --money laundering, for Basel II, or for marketing analysis."
"CUSTOM CALENDAR DAY","2","Foundation","Custom Calendar Day Of Month Num","This entity assigns a GREGORIAN DATE to a CUSTOM CALENDAR WEEK, month, and year. An example of a custom calendar is a fiscal year, where the period could start in the month of July and end in June."
"CUSTOM CALENDAR MONTH","2","Foundation","Custom Calendar Month Id","Defines the months belonging to a custom calendar. In the context of finance, it is a fiscal month, for example, 'Fiscal Month 2.'"
"CUSTOM CALENDAR MONTH WEEK","0","Foundation","","A Cross reference mapping custom weeks to the month(s) they fall in."
"CUSTOM CALENDAR QUARTER","2","Foundation","Custom Calendar Quarter Id","Defines the quarters belonging to a custom calendar. In the context of finance, it is a fiscal quarter, for example, 'Q1 Fiscal 2005.'"
"CUSTOM CALENDAR WEEK","2","Foundation","Custom Calendar Week Id","Defines the weeks belonging to a custom calendar. In the context of finance, it is a fiscal week, for example, 'Fiscal Week 5, 2005.'"
"CUSTOM CALENDAR YEAR","2","Foundation","Custom Calendar Year Id","A CUSTOM CALENDAR YEAR defines a calendar year for a specific business purpose. Finance frequently defines a fiscal year, which may be different from a calendar year, for accounting closing periods, for example, 'Fiscal 2005.' A fiscal year may start in July and end in June, or include any 12 consec"
"CUSTOM EVENT INFORMATION","5","Foundation - Event","Custom Event Dttm","This entity captures information specific to system defined custom events. These are events configured by the web site to capture information unique to specific visitor event types."
"CUSTOM NUMERIC TYPE","2","Foundation - Event","Custom Numeric Sequence Cnt","This entity captures information regarding custom numeric data used by the custom event. The actual meaning of the numeric data is dependent on its usage by the enterprise."
"CUSTOM PAGE VIEW EVENT","1","Foundation - Event","Custom Page View Event Id","More detailed information regarding a user-defined event is captured in this entity."
"CUSTOM STRING TYPE","2","Foundation - Event","Custom String Sequence Cnt","This entity captures information regarding custom string data used by the custom event. The actual meaning of the string data is dependent on its usage by the enterprise."
"CUSTOM TRIGGER DEFAULT BODY","0","Unassigned","",""
"CUSTOM TRIGGER FOOTER","0","Unassigned","","%TeradataCreateReplace TRIGGER %ProcedureOwner(.)%TriggerName   %Fire %Actions(' OR ')   ON %TableOwner(.)%TableName %TriggerFireOrder   %RefClause   %Scope   %TriggerWhen"
"CUSTOM TRIGGER HEADER","0","Unassigned","","-- ERwin Builtin Trigger ;"
"CUSTOM WEB EVENT","3","Foundation - Event","Custom Web Event Id","Captures information specific to Custom events defined by the user.  In the case where specific events cause customer input of strings then this entity should be used to maintain linkage of the name/value pair to the event that initiated the input."
"CUSTOMER ADDRESS","0","Unassigned","","Drawing_Object_Rectangle_162298"
"CUSTOMER AGREEMENT AS COLLATERAL AGREEMENT","0","Banking - Agreement","","This is a collateral agreement where a customer account contains customer assets used as collateral. It could include deposit accounts and securities accounts. A separate collateral agreement would be created when using these kinds of assets as collateral."
"CUSTOMER LINK TO ADDRESS","0","Unassigned","","Drawing_Object_Rectangle_162297"
"CUSTOMER LOCATION TYPE","2","Foundation - Party","Customer Location Type Cd","This is a derived code that indicates whether the business customer is located in the business territory of the financial institution. This is information used in Japan where regional banks are expected to support small business growth."
"CUSTOMER NAME","2","Unassigned","","Drawing_Object_Rectangle_162299"
"CUSTOMER PORTFOLIO EVENT","0","Investment - Event","","This is a subtype entity to EVENT. It contains those events that affect a customer portfolio.   Examples: - Opening of a portfolio - Closing of a portfolio - Maintenance fee of a portfolio.  If a customer portfolio event also is an investment product event that is related to a customer portfo"
"CUSTOMER ROLE","0","Unassigned","","Drawing_Object_Rectangle_162294"
"CUSTOMER TONE TYPE","2","Foundation - Event","Customer Tone Cd","This minor entity describes the customer's tone when the contact was made such as happy or angry."
"CUSTOMER TRANSACTION FRAUD","0","Foundation - Event","","This entity contains those cases where the fraud is due to customer fraudulent activity."
"DATA QUALITY TYPE","2","Foundation","Data Quality Cd","A code that identifies the degree to which this information has been verified for accuracy such as 'verified by customer,' 'verified by third party,' 'verified by data quality tools,' 'not verified,' 'c/o address,' and 'mail return to sender.'"
"DATA SOURCE TYPE","2","Foundation","Data Source Type Cd","This minor entity identifies the various sources of data such as, demographic, psychographic, scoring, and financial statements. Many demographics and psychographics are acquired from third parties. Identifying the data source may be necessary when auditing financial records for coverage approval. A"
"DATE FEATURE","1","Foundation - Product","Feature Dt","This entity contains specific dates associated with this product. There is one instance for each date value.  For example, for a bond instrument issuance there are specific dates associated with this instrument such as the call date. The maturity date for the bond would be the end date in the PROD"
"DAY COUNT BASIS TYPE","2","Banking - Agreement","Day Count Basis Cd","In finance, a day count convention specifies days in a month and days in a year when calculating how interest accrues over time for a variety of investments, including bonds, notes, loans, medium-term notes, swaps, and FRAs. This includes the amount transferred on interest payment dates, but also th"
"DAY OF WEEK","2","Foundation","Day Of Week Num","This is a code that indicates the seven days of the week. -1 = Sunday -2 = Monday -3 = Tuesday"
"DAYPART","2","Foundation","Daypart Cd","A Subdivision of a day. Convenient to group segments of business activity with similar activity levels. This detail level of time period information allows an enterprise to analyze customer sales transaction activity as well as associate labor activity at a granular level within a given day.  Exam"
"DAYPART HOURS","2","Foundation","Daypart Start Tm","This is a code for the start and end time that defines a DAYPART depending on the DAY OF WEEK.  Examples for Monday: - 4a-6a = Preopening - 6a - 9a = Early morning  - 9a - 12n = Morning  - 12n-1p = Lunch - 2p - 4p = Afternoon"
"DAYS TYPE","2","Foundation - Internal Organization","Days Cd","This minor entity describes the operating days for the organization."
"DEAL COMPLETE DAY TYPE","4","Foundation - Campaign","Deal Complete Day Cd","This is a code for a range of days when this deal is expected to close:  Examples: - 1 = < 10  - 2 = 11-20  - 3 = 21-50  - 4 = 51-100 - 5 = > 100"
"DEALER AGREEMENT","0","Banking - Agreement","","For the financing business unit of a manufacturer, this would be the agreement between the manufacturer and the dealer that is selling the merchandise (e.g., automobile) and the financial arrangements between the two parties."
"DEALER BUSINESS TYPE","0","Investment - Party","","A classification of an organization willing to buy or sell securities for their own account. A dealer differs from an agent in that a dealer acts as a principal in a transaction. That is, a dealer takes ownership of assets and is exposed to inventory risk, while an agent only facilitates a transacti"
"DEBIT CARD","0","Banking - Agreement","","A plastic card that contains information to allow the merchant to take funds directly from an associated bank account of the consumer such as a checking account."
"DEBIT CREDIT TYPE","2","Foundation - Event","Debit Credit Cd","A code as to whether the account is being increased in value (debit) or decreased in value (credit).  From the enterprise perspective, a debit increases assets and decreases liabilities. A credit increases liability and decreases asset."
"DEBT ISSUE DEFAULT","1","Investment - Event","Debt Issue Default Announce Dt","Default occurs when an issuer of debt fails to pay interest or principal on outstanding obligations. Default more generally can occur if certain covenants are breached."
"DEBT PRINCIPAL REPAYMENT","3","Investment - Event","Debt Principal Repayment Amt; Debt Repayment Agent Party Id","Scheduled repayment of principal on debt instrument."
"DEBT RECEIVABLE AGREEMENT TYPE","2","Banking - Agreement","Debt Receivable Agreement Type Cd","This entity classifies the debt receivable agreement as either a factoring agreement or a collection service agreement.   A factoring service is where the bank purchases the receivable from its customer and takes on the risk of the obligor defaulting.  A collection service is where the bank's cu"
"DECISION LEVEL TYPE","4","Foundation - Campaign","Decision Level Cd","A code for the decision level required at prospect company.  Examples: - CEO - CIO - VP - Manager - Other"
"DEFAULT OCCURRENCE","5","Foundation - Agreement","Default Dttm","This entity tracks information each time an agreement goes into default status. Default is the failure of the obligor to meet a contractual obligation such as repayment of a loan by a borrower. Default gives the note holder rights and recourse under the terms of the contract to claim the asset or gu"
"DEFAULT OUTCOME TYPE","3","Foundation - Agreement","Default Outcome Type Cd","This minor entity defines how the funds will be recovered such as: - Guarantee - Collateral - Payment plan"
"DEFAULT REASON TYPE","3","Foundation - Agreement","Default Reason Type Cd","This minor entity defines the reason for the default such as physical event (fire, earthquake, flood), life event (death, illness), and out of town."
"DEFAULT RECOVERY","0","Foundation - Agreement","","This entity tracks the recovering of funds from payments made by obligor or other parties. There is one instance for each payment that is linked to the payment event."
"DEFAULT RECOVERY ITEM","4","Foundation - Agreement","Recovery Amt","This entity identifies the collateral items that are being recovered or foreclosed as a result of this exposure going into default. Since a collateral item can be a bundle of assets, the relationship is with PARTY ASSET."
"DEFAULT RECOVERY ITEM STATUS","1","Foundation - Agreement","Default Recovery Status Dttm","This entity tracks the changes to the status of recovering the amounts from this item to pay for a defaulted loan. It tracks the status from the time this item was started to be collected until final resolution."
"DEFERRED CHARGE ACCOUNT","0","Foundation - Finance","","The entity that provides details for deferred charges. These are expenditures that will be gradually written off over a future period of time."
"DEFERRED INCOME TAX ACCOUNT","0","Foundation - Finance","","The entity that provides details for the deferred income taxes. Deferred income taxes are the tax liabilities a company may postpone paying until some future time."
"DEFERRED REVENUE ACCOUNT","0","Foundation - Finance","","The entity that provides details for the deferred revenue. Deferred revenue is sales or revenues the company has been paid but has not yet earned, such as advance deposits on a contract."
"DELETE FOOTER","0","Unassigned","","%TeradataCreateReplace TRIGGER %If(%TriggerName) {%ProcedureOwner(.)%30TriggerName} %Else {%ProcedureOwner(.)t%1Action_%27TableName%TriggerSeq} AFTER %Action ON %TableOwner(.)%TableName    REFERENCING OLD TABLE AS OLDTABLE FOR EACH ROW"
"DELETE HEADER","0","Unassigned","","-- ERwin Builtin Trigger ;"
"DELIVERY STATUS","3","Foundation - Party","Delivery Status Cd; Source Organization Party Id","This is a code provided by a source to indicate a potential problem in delivery with an address.    These codes can range from explicit (mail sent to the customer is returned as undeliverable, or an email bounced), to less deterministic, like a partial match between an existing customer and a chan"
"DEMOGRAPHIC","4","Foundation","Demographic Cd; Source Organization Party Id","This is information describing a subject such as a party, a geographic area, and parties in a geographic area. DEMOGRAPHICs are commonly purchased from 3rd party vendors, but may also be directly acquired by the enterprise through surveys, registration, warranty programs, and loyalty programs.  Ex"
"DEMOGRAPHIC GROUP","2","Foundation","Demographic Group Cd","This is a clustering of related demographics.  Examples:  - Financial (e.g., grouping income and debt) - Geographic (e.g., population group in a geographic area)"
"DEMOGRAPHIC VALUE","5","Foundation","Demographic Value Cd","This is the actual value of a demographic, which can be a range or a single value.  Examples:  - Income level = $40,000 to $49,999 - Number of children = 2"
"DEPOSIT AGREEMENT","4","Banking - Agreement","Interest Disbursement Type Cd","This entity contains only those customer agreements that are deposits (liabilities) from the financial institution's perspective. Liability agreements include deposits such as checking account, certificate of deposits and the deposit aspect of current accounts. Current accounts are considered both a"
"DEPOSIT AGREEMENT JAPAN","3","Banking - Agreement","Japan Agreement Consolidated Num","This entity contains only those customer accounts that are deposits (liabilities) from the financial institution's perspective. Liability accounts include deposits such as checking account, certificate of deposits, and the deposit aspect of current accounts. Current accounts are considered both asse"
"DEPOSIT BOX SIZE TYPE","2","Banking - Agreement","Deposit Box Size Cd","This minor entity describes the size of the safe deposit box such as small, medium, or large."
"DEPOSIT GL ACCOUNT","0","Banking - Finance","","The entity that provides details for deposit LIABILITY ACCOUNT. The principal liability of any bank is its deposits, representing the financial claims held by businesses and individuals against the bank."
"DEPOSIT SLIP","5","Banking - Agreement","External UDK Num; Issuing Bank Id","This entity is a subtype to DOCUMENT. It contains information on a deposit slips."
"DEPOSIT SLIP TRANSACTION TYPE","2","Banking - Event","Deposit Slip Transaction Type Cd","This minor entity identifies the different types of transaction types for deposit slips."
"DEPOSIT TERM AGREEMENT","2","Banking - Agreement","Next Term Maturity Dt","This entity contains information about deposit agreements that have a term associated with it such as IRA, Keogh, and Certificate of Deposit.  This is a subtype entity to DEPOSIT AGREEMENT."
"DEPOSIT TRANSACTION AGREEMENT","0","Banking - Agreement","","This entity contains those accounts that are deposits (liabilities) without a term such as checking and savings accounts.  It currently has no attributes so is a placeholder for future attributes specific to deposit transaction accounts.  This is a subtype entity to DEPOSIT ACCOUNT."
"DEPRECIABLE ASSET ACCOUNT","0","Foundation - Finance","","The entity that identifies the DEPRECIABLE ASSET ACCOUNT. DEPRECIABLE FIXED ASSETs include property, plant, and equipment."
"DEPRECIABLE ASSET ACCOUNT PAYABLE","4","Foundation - Finance","Depreciable Asset GL Main Account Num","This associative entity provides details of ACCOUNTS PAYABLE for a company and identifies the depreciable fixed asset general ledger account."
"DEPRECIABLE ASSET DEPRECIATION","2","Foundation - Finance","Depreciable Asset Depreciation Start Dttm","This entity identifies the DEPRECIATION METHOD TYPE that can be used for a given DEPRECIABLE FIXED ASSET."
"DEPRECIABLE ASSET TYPE","2","Foundation - Finance","Depreciable Asset Type Cd","This entity identifies the type of depreciable asset like property, equipment, or plant."
"DEPRECIABLE EQUIPMENT","1","Foundation - Finance","Depreciable Equipment Fixed Asset Id","This entity defines details for the DEPRECIABLE EQUIPMENT accounts. DEPRECIABLE EQUIPMENTs are used to perform company business and is a type of a DEPRECIABLE FIXED ASSET."
"DEPRECIABLE FIXED ASSET","1","Foundation - Finance","Depreciable Fixed Asset Id","The entity that identifies a DEPRECIABLE FIXED ASSET."
"DEPRECIABLE PROPERTY","1","Foundation - Finance","Depreciable Property Fixed Asset Id","The entity that provides details for the property accounts. DEPRECIABLE PROPERTY is a type of a DEPRECIABLE FIXED ASSET."
"DEPRECIATION AMOUNT","0","Foundation - Finance","","This entity identifies the monetary amounts associated with a DEPRECIATION AMOUNT."
"DEPRECIATION METHOD TYPE","2","Foundation - Finance","Depreciation Method Cd","The entity that indicates the method used for depreciating the fixed and depreciable asset. These methods are used to allocate the acquisition cost of the asset over their depreciable life. Depreciation reduces taxable income but does not affect cash.  Examples of depreciation methods are: - Stra"
"DERIVATIVE AGREEMENT","9","Investment - Agreement","Derivative Notional UOM Cd","Derivatives are contracts bearing a contractual relationship to some underlying instrument. Options, futures, forwards, and swap contracts are examples of derivative contracts.  The underlying instrument(s) may be a commodity, stock, stock index, bond, currency, or interest rate or a combination, "
"DERIVATIVE SUBTYPE","2","Investment - Agreement","Derivative Subtype Cd","This is a classification for the type of derivative such as future (exchange traded), option (puts and calls), forwards (not exchange traded), caps/floors, and swaptions (option of a swap)."
"DESCRIPTIVE FEATURE","0","Foundation - Product","","This is a subtype entity to FEATURE and contains those conditions that could be indicators or descriptors such as, ATM card included, interest compounded, simple interest, prepayment penalty applies, or no withdrawals."
"DESCRIPTIVE FEATURE TYPE","2","Foundation - Product","Descriptive Feature Type Cd","A classification of the descriptive feature such as the type of access device that may be included with a credit card or deposit account."
"DIAGNOSIS CLASSIFICATION TYPE","3","Unassigned","Insurance (all LOB)","The classification standard used to record the diagnosis.  Examples:  - Not specified  - International Classification of Diseases (ICD9) - International Classification of Diseases (ICD1O)  - National Criteria Care Institute (NCCI) - The Systematized Nomenclature of Human and Veterinary Medici"
"DIAGNOSIS CODE","3","Unassigned","Insurance (all LOB)","This is an official list of reference data (ICD-9 Codes) that identifies standard codes and descriptions of an illness, injury, or condition requiring healthcare, for example, flat foot condition is 734.  Diagnosis codes exist across many different healthcare standards such as: - International Cl"
"DIAGNOSTIC CODE LEVEL TYPE","3","Unassigned","Insurance (all LOB)","This minor entity describes the types of levels that a diagnosis code can be for a claim, such as primary, secondary, or tertiary."
"DIFFERENTIAL SWAP","0","Investment - Agreement","","A differential swap is a swap with two floating legs."
"DIGITAL ITEM","4","Foundation - Event","Digital File Name","This entity is used to capture the specifications of an item that is of a digital (electronic file) nature.  Typically, used for items that can be purchased via downloading (mp3 songs, e-books, software, and movies).  Note: These digital items can also be 'watermarked' or serialized by using the"
"DIRECT CONTACT EVENT","5","Foundation - Event","Contact Follow-up Cd","This entity is a subtype to CONTACT EVENT and contains those contacts that directly involve contact with the customer either in person or in writing. The customer is able to express him/herself during the communication. This excludes self-service and point of sale interfaces."
"DIRECT CONTACT TYPE","2","Foundation - Event","Direct Contact Type Cd","This minor entity defines the direct contact types such as collection/recovery, application, and quotation direct contacts."
"DIRECT EARNING","2","Foundation - Party","Assoc Payroll Transaction Id","For an ASSOCIATE PAYROLL TRANSACTION, direct earnings refer to various types of compensation that are paid directly in the form of cash. Examples of direct earnings include regular earnings (e.g., standard wages, and overtime), variable earnings (e.g., bonus, and commission), and adjusted earnings ("
"DIRECT EARNING SUBTYPE","4","Foundation - Party","Direct Earning Subtype Cd","This entity further classifies direct earnings, or pay received directly in the form of cash. Examples of types of direct earnings include wages, bonuses, and incentives."
"DIRECT EARNINGS FINANCIAL INSTRUMENT","0","Foundation - Party","","If an employee is paid via a financial instrument that is not cash then this entity identifies the financial instrument. This would include payments to associates in the form of stock options. This is a subtype of DIRECT EARNING so that regular and variable compensation can be in different forms of "
"DIRECT MAIL AD","0","Foundation - Campaign","","This is an ad that can be delivered to a customer via direct mail.  Example:  - A mailing is sent to customers with an offer for a tax preparation application together with a limited time coupon for a discount."
"DIRECT MAIL CHANNEL TYPE","0","Foundation - Channel","","This is a type of channel that is physical mail."
"DIRECT PAY ELEMENT","2","Foundation - Party","Direct Pay Element Id","As part of a POSITION's compensation package, DIRECT PAY ELEMENT refers to various types of compensation that are paid directly in the form of cash. Examples of DIRECT PAY ELEMENT include wages, bonuses, and incentives."
"DIRECT PAY ELEMENT FIXED","2","Foundation - Party","Direct Pay Element Fixed Id","The fixed or not 'at risk' pay portion of a DIRECT PAY ELEMENT. Forms of fixed pay include salaries for exempt employees."
"DIRECT PAY ELEMENT FIXED TYPE","4","Foundation - Party","Direct Pay Element Fixed Type Cd","The type of DIRECT PAY ELEMENT FIXED that can be assigned to a HR POSITION. Forms of fixed pay include salaries for exempt employees."
"DIRECT PAY ELEMENT TYPE","4","Foundation - Party","Direct Pay Element Type Cd","The type of DIRECT PAY ELEMENT that can be assigned to a HR POSITION.   Examples:  - Direct pay element fixed (salaries) - Direct pay element variable (bonuses and commissions)"
"DIRECT PAY ELEMENT VARIABLE","8","Foundation - Party","Direct Pay Element Variable Id","The variable portion of a DIRECT PAY ELEMENT, generally any compensation that is tied to ASSOCIATE productivity or to some measure that varies with enterprise profitability. Forms of variable pay include hourly wages, bonuses, and incentives."
"DIRECTION TYPE","2","Foundation - Location","Direction Type Cd","This minor entity identifies a geographic direction such as north, south, east, west, southwest, and northwest."
"DISTRICT JAPAN","1","Foundation - Location","Japan District Id","A district is one element of the address. A district is referred to as 'chome' in Japan."
"DIVIDEND DECLARE EVENT","5","Investment - Event","Dividend Declare Exchange Party Id","This entity contains all investment product events that are declarations of dividend. The date/time in EVENT is the date/time of the declaration of the dividend. The record date, ex- dividend date and the payable date are attributes in this entity. These details can vary by market exchange for each "
"DIVIDEND EQUITY ACCOUNT","0","Foundation - Finance","","The entity that identifies the type of dividend equity. Types of dividend equities are common stock and preferred stock."
"DIVIDEND EQUITY ACCOUNT TYPE","2","Foundation - Finance","Dividend Equity Account Type Cd","The entity that identifies the type of dividend for DIVIDEND EQUITY ACCOUNTs. Types of dividend equities are common stock and preferred stock."
"DIVIDEND TYPE","2","Investment - Event","Dividend Type Cd","This is a code for the form of dividend such as: - Cash dividend - Stock dividend - Property"
"DOCUMENT","13","Foundation","Document Id","This entity contains physical or electronic documentation submitted to the financial institution or produced by the financial institution that is of interest. It represents information being exchanged between parties and where that information is desired for the warehouse.   Documents to the finan"
"DOCUMENT CATEGORY TYPE","4","Foundation","Document Category Type Cd","This minor entity is a category discriminator for DOCUMENT.   Examples: - Draft - A draft is a payment order directing one party to pay another, such as a check. A check is a demand draft drawn at a bank payable to a third party when presented (versus in the future which is time draft). - Statem"
"DOCUMENT CYCLE TYPE","6","Foundation","Document Cycle Cd","This minor entity describes how often the document will be generated such as monthly, bimonthly or quarterly and the day of the month for transaction cut-off."
"DOCUMENT IMAGE SOURCE TYPE","2","Banking - Agreement","Document Image Source Cd","This minor entity identifies the different technology that was used to capture the document image such as NCR Image Mark Proof of Deposit."
"DOCUMENT IMAGE TYPE","2","Banking - Agreement","Document Image Type Cd","This minor entity identifies the different types of categories of document images, such as business or personal. The recognition equipment may be able to deduct the category from the position of the serial number in the MICR (Magnetic Ink Character Recognition) line."
"DOCUMENT PAYMENT AGREEMENT","0","Banking - Agreement","","Services that provide documents that can be used as payment instruments, such as money orders, traveler's checks, certified checks, and letters of credit. Includes services of certifying checks. A Document Payment agreement would only be relevant if an agreement or account was established to provide"
"DOCUMENT RELATED","0","Foundation","","This entity relates one document to another document for such reasons as one document replaces another document, or one document supplements another."
"DOCUMENT RELATED TYPE","0","Foundation","","This minor entity describes the type of relationship between the two documents such as one document that is replaced by another document."
"DOCUMENT TEXT SECTION","0","Foundation","","This entity is the link to document unstructured data."
"DOCUMENT TYPE","2","Foundation - Party","Document Type Cd","This minor entity identifies the type of documents that a customer or other parties provide to the financial institution or that the financial institution provides to other parties.   Examples are tax return, deed, death certificate, birth certificate, billing invoice, bank statement, brokerage st"
"DOMAIN ROOT TYPE","2","Foundation - Channel","Domain Root Cd","This is the extension name of the domain server sourced from the web log.  Examples:  - .com  - .net - .org"
"DOMESTIC FOREIGN TYPE","2","Investment - Event","Domestic Foreign Type Cd",""
"DOWNLOAD EVENT","4","Foundation - Event","Download Id","This entity captures information regarding download events."
"DOWNLOAD FAILURE REASON TYPE","2","Foundation - Event","Download Failure Reason Cd","This is a code for the description of why a download failed.  Examples: - Link failed - User disconnected unexpectedly - Server failed"
"DOWNLOAD ITEM","2","Foundation - Event","Source URL Val","This entity captures information regarding items that are downloaded from the web site."
"DRAFT TYPE","2","Foundation - Agreement","Draft Type Cd","This minor entity is a category discriminator for DRAFT, for example, check (sight draft), time draft, travelers check, money order, and certified check."
"DRIVERS LICENSE REVOKE REASON","6","Unassigned","Drivers License Revoke Reason Cd",""
"DUNNING LETTER","0","Foundation - Finance","","This entity contains information related to debt collection letters, or dunning letters. These dunning notices are sent to bill-to parties when payments are past due."
"DUNNING LEVEL TYPE","2","Foundation - Finance","Dunning Level Cd","This is a code for how many dunning notices have been sent.   Examples:  - First - Second - Final notice"
"DWELLING TYPE","4","Foundation - Location","Dwelling Type Cd","This is a code that identifies a type dwelling.   Examples:  - Single family - Multifamily"
"EARLY AMORTIZATION TYPE","2","Banking - Agreement","Early Amortization Type Cd","This minor entity converts the early amortization type code into a description. Examples are controlled and noncontrolled."
"EARNED PREMIUM ACCOUNT","1","Unassigned","Insurance (all LOB)","The entity that provides details for EARNED PREMIUM ACCOUNT. For an insurance company, this is the income from the paid insurance premium."
"EARNING STATEMENT TYPE","2","Foundation - Finance","Earning Statement Type Cd","This entity contains a vendor's 1099 Type.   A 1099 classification scheme is used in the United States for types of payments. Each 1099 form has one or more payment types. A 1099 supplier may receive payments from more than one type. The 1099-MISC form has the following types: rents, royalties, pr"
"ECONOMIC EVENT","1","Foundation - Event","Economic Event Id","This is an event that has economic impact such as: - Credit event - country default - Stock market crash"
"ECONOMIC MEASURE TYPE","2","Foundation - Location","Economic Measure Type Cd","This minor entity describes the type of measurement for this geographic area.   Examples: - Unemployment rate - Inflation rate - Housing price index rate - Consumer price index rate"
"EDUCATION LEVEL TYPE","2","Foundation - Party","Education Level Type Cd","A code for the level of education completed such as high school, level 1 insurance training, college, graduate, and certificate."
"EDUCATION SUPPORT TYPE","2","Foundation - Party","Education Support Type Cd","A code for the type of education provided to the agent by the enterprise such as general sales training."
"ELECTRONIC ADDRESS","3","Foundation - Location","Electronic Address Id","A nonphysical / virtual ADDRESS. Could be an email, FTP, or URL.  Examples:  - clark@kryptonite.com  - ftp.att.net/bob"
"ELECTRONIC ADDRESS SUBTYPE","2","Foundation - Location","Electronic Address Subtype Cd","Specifies the type of ELECTRONIC ADDRESS such as email, FTP, URL, or internet protocol address."
"ELECTRONIC CHANNEL INSTANCE","1","Foundation - Channel","Electronic Address Channel Instance Id","This entity represents a specific electronic address (e.g., web site address, and email address) that is used as a channel instance."
"ELIGIBILITY RESTRICTION TYPE","2","Foundation - Product","Eligibility Restriction Type Cd","This minor entity describes the different types of eligibility restrictions, such as include as a restriction or exclude from the restrictions."
"ELIGIBLE RISK MITIGANT TYPE","2","Banking - Party Asset","Eligible Risk Mitigant Cd","This is a code used for Basel II to classify the eligible ways this collateral item can be used for risk mitigation.   Examples:  - Financial simple - Financial comprehensive - Standard guarantee"
"EMAIL AD","1","Foundation - Campaign","Email Ad Id","This entity represents an advertisement that can be delivered to a customer via email.  Example: - An email is sent to customers with an offer for a tax preparation application together with an embedded link to the appropriate web page that the recipient may click."
"EMAIL CLIENT APPLICATION","3","Foundation - Campaign","Email Client Application Cd","This entity represents the email application used by a client to read and send email.   Examples:  - Eudora - Microsoft Outlook Express 5.0"
"EMAIL REFERRAL","0","Foundation - Campaign","","This entity is used to capture information about any uniform resource locator embedded in emails that were used to access a web site. Email referrals could be due to promotions, web ads or other methods. See EMAIL AD entity.  Example:  - A customer using the Microsoft Outlook email client clicks "
"EMIGRATION HISTORY","2","Foundation - Party","Emigration Dt; To Country Id","This entity tracks the movement of an individual in an out of a country based on change in emigration status.  A generic alternative is to use the PARTY LOCATOR entity to derive movement from one country to another."
"EMPLOYMENT BASIS TYPE","5","Foundation - Party","Employment Basis Type Cd","This minor entity converts the employment type code into a description. Examples of employment types are full-time employee, part-time employee, and contractor."
"ENVELOPE MESSAGE TYPE","4","Foundation - Agreement","Envelope Message Type Cd","This is a code for how the message was delivered such as a statement insert, or on the envelope."
"EQUIPMENT ASSET","0","Foundation - Party Asset","","This entity is a subtype of PARTY ASSET and describes the equipment asset."
"EQUIPMENT TYPE","2","Foundation - Party Asset","Equipment Type Cd","This minor entity identifies the type of equipment, such as machinery, tools, and supplies."
"EQUITY ACCOUNT","0","Foundation - Finance","","These general ledger accounts are related to ownership interest in a company in the form of common stock or preferred stock. Types of EQUITY ACCOUNTs include dividend equity and nondividend equity."
"EQUITY ACCOUNT TYPE","2","Foundation - Finance","Equity Account Type Cd","Types of EQUITY ACCOUNTs include dividend equity and nondividend equity."
"EQUITY BASEL TYPE","2","Investment - Agreement","Equity Basel Type Cd","A classification of this holding based on Basel II requirements, for example, position under legislated programs, and significant minority investment in financial entity."
"EQUITY FUTURES","2","Investment - Product","Equity Future Dividend Yield Rate","A futures contract on a stock or financial index. For each index, there may be a different multiple for determining the price of the futures contract."
"EQUITY FUTURES DIVIDEND SCHEDULE","4","Investment - Product","Equity Future Dividend Payment Dt","List specifying the expected dividends during life of futures contract."
"EQUITY HOLDING SUMMARY","14","Investment - Agreement","Basel II Function Cd; Equity Type Product Group Id","This entity tracks various metrics related to the equity holdings of the Bank or a subsidiary. It is intended to support Basel II market disclosure requirements (Pillar 3), specifically Table 12."
"EQUITY NETTED GROUP RISK","1","Investment - Agreement","Equity Netted Position Amt","This entity contains the market risk calculations for the equity holdings that are being netted together.   Refer to Market Risk Amendment A2.6 for equity positions."
"EQUITY RISK NETTED GROUP","0","Investment - Agreement","","This entity contains those equity holdings that can be combined together for netting purposes when calculating market risk.  If there are multiple agreements/holdings for the same equity issue then all the positions (e.g., long and short) are offset to arrive at a single net long or net short posi"
"EQUITY SUBJECT AREA","0","Unassigned","","Drawing_Object_Rectangle_84191"
"EQUITY SURPLUS ACCOUNT","0","Foundation - Finance","","The entity that identifies the net worth that is from stock issued at a premium over par or stated value."
"ETHNICITY TYPE","2","Foundation - Party","Ethnicity Type Cd","The ethnicity of an individual.   Examples:  - Hispanic - Caucasian - Black - Asian - American Indian - Pacific Islander  Ethnicity is a population of human beings whose members identify with each other, either on the basis of a presumed common genealogy or ancestry, or recognition by othe"
"EUROCURRENCY FUTURES","2","Investment - Product","Euro Future Rate Month Cnt","This is a type of futures contract that deals with futures in the Euro currency."
"EUROPEAN EXERCISE OPTION","0","Investment - Product","","A type of option that is exercisable only at the expiration of the option."
"EVENT","7","Foundation - Event","Event Id; Source Transaction Id","A history of internal or external situations that are of business significance to the enterprise. Examples of events may be a contact with a party, the issuance of a statement, or even a geographic occurrence such as a hurricane or earthquake. Events will be used for such purposes as tracking custom"
"EVENT ACTIVITY TYPE","2","Foundation - Event","Event Activity Type Cd","This minor entity describes the event activity type at the lowest level such as deposit, withdrawal, balance inquiry, stamp purchases, and credit card payment. Income and interest expenses can be derived from the events in the model. Noninterest expenses are allocated and are not derivable from even"
"EVENT CHANNEL INSTANCE","10","Foundation - Event","Event Channel Start Dttm","This lists the channels that are involved with an event as specified by the event reason."
"EVENT CHANNEL REASON","2","Foundation - Event","Event Channel Reason Cd","Validation_RuleNameMappingOption"
"EVENT CLASS SCHEME TYPE","5","Foundation - Event","Event Class Cd","This minor entity describes the schemes for classifying events. Examples of schemes include:  - Channel transacted - Product the transaction applies to - Time of day - Location of transaction - Owner of channel - on us or not on us - Financial or not financial - Purpose of transaction - Line"
"EVENT CLASS VALUE","6","Foundation - Event","Event Class Value Cd","This is a code for the value for a given scheme.  For example, if the scheme is to classify the transaction by banking transactions then some possible values could be withdrawal and deposit.  This entity also allows you to create a hierarchy of values where one is at a higher level than another."
"EVENT CONTENT","0","Foundation - Event","","This entity identifies the type of medium that was passed from the customer to the financial institution and back from the financial institution to the customer."
"EVENT CONTENT ITEM","3","Foundation - Event","Content Serial Num","This entity identifies the cash denomination for a given event and medium. For example, if the customer deposited $100 in cash consisting of three $20 bills and four $10 bills, this would identify the total amount of each denomination. One instance would be the $20 denomination and the other instanc"
"EVENT COST","3","Foundation - Event","Event Cost Start Dttm","This entity identifies costs at the activity level. An activity may have more than one cost associated with it. These are fully burdened costs that are used to calculate profitability."
"EVENT DOCUMENT","0","Foundation - Event","","This entity identifies the documents involved in an event such as a check, a claim submittal form, a deposit slip, and an application form."
"EVENT DOCUMENT ROLE","2","Foundation - Event","Event Document Role Cd","This entity contains the role that the document has in the event such as the document is attached to this event or the document is the subject of this event."
"EVENT EVENT CLASS XREF","2","Foundation - Event","Event Class Start Dttm","This entity relates a classification value for a given classification scheme to the event that is being classified.  For a given classification scheme an event can have only one value at one point in time."
"EVENT FEATURE","0","Foundation - Event","","This associative entity relates EVENTs to FEATUREs to be able to specify to which balance component a payment is to be applied.  It can also be used if the subject of a communication is for a product feature such as a debit card or online bill pay.  For insurance payments to a health provider as"
"EVENT FEATURE ROLE","2","Foundation - Event","Event Feature Role Cd","This entity contains the role that the feature had in the event if it cannot be derived from the account such as was payment for."
"EVENT FORECAST METRIC","6","Foundation - Event","Event Forecast Metric Start Dttm","This entity contains forecasted metrics about an event. For example, if the event is a weather alert or a major incident then the forecast would be amount of rainfall, wind speed, barometric pressure, and snowfall amount."
"EVENT GROUP","4","Foundation - Event","Event Group Id; Parent Event Group Id","This entity identifies a group of events that have some meaning for the financial institution such as session, transaction, or issue. All these are ways of grouping events together for different purposes."
"EVENT GROUP TYPE","2","Foundation - Event","Event Group Type Cd","This minor entity defines the different ways that events can be grouped together. Events can be grouped into transactions, sessions, and issues."
"EVENT GROUP XREF","0","Foundation - Event","","This associative entity relates an event to groups of events. An event can be a part of many groups, and a group consists of many events."
"EVENT LOCATOR","2","Foundation - Event","Event Locator Start Dttm","This entity associates an event such as an incident or a claim with a locator (geographical area). A claim such as a traffic accident may have occurred in one locator (geographical area) and be reported to the police in another locator (geographical area)."
"EVENT LOCATOR REASON","2","Foundation - Event","Event Locator Reason Cd","This minor entity identifies the various relations that a locator (i.e., address) has with an event such as a bank card used, an insurance claim occurred, and an insurance claim reported."
"EVENT MEDIUM TYPE","2","Foundation - Event","Event Medium Type Cd","A code for the type of medium involved in the exchange such as base currency cash, nonbase currency cash, check, money order, and electronic."
"EVENT METRIC","5","Foundation - Event","Event Metric Amt","This entity contains a further breakdown of the various amounts, counts, rates, and percents associated with an event such as an amount that applies to the principal component of an account or the amount that applies to the income component of the account.  If you do detailed activity-based costin"
"EVENT METRIC TYPE","2","Foundation - Event","Event Metric Type Cd","A code for the types of metrics at the event level.  For account events, this could include fees, taxes, and commission associated with a transaction.   For back office, this can include principal amount or income amount."
"EVENT MULTIMEDIA OBJECT","0","Foundation - Event","","This entity relates multimedia objects to events. It associates such objects as letters, brochures and other material sent or received from the customer to be associated with the event."
"EVENT MULTIMEDIA REASON","7","Foundation - Event","Event Multimedia Reason Cd","This is the role that a MULTIMEDIA OBJECT fills when related to an EVENT such as a photo obtained during a claim event or transmitted as part of a claim, a video received from a satellite, or video from a street camera or car dashboard camera."
"EVENT PARTY","2","Foundation - Event","Event Party Start Dttm","A history of the parties who are involved with an event as specified by the event role.  A party can have many events and roles with that event; and an event can involve many parties. There is one instance for each party/event/role/start date combination."
"EVENT PARTY ROLE","2","Foundation - Event","Event Party Role Cd","Identifies the purpose for this party being associated with this event, for example, a customer who reported the event, customer affected by event, responsible financial institution party, or party who caused the event.  Examples of relationships between a party and payment (funds transfer) event "
"EVENT PARTY TEXT SECTION","0","Foundation","","This entity is the link to party event text unstructured data."
"EVENT PRODUCT","0","Foundation - Event","","This associative entity relates events to products.   Examples: - An event may involve the inquiry about many products and a product can be associated with many contact events. There is one instance for each event-product combination. - For derivative agreements where the agreement is for the de"
"EVENT PRODUCT IDENTIFICATION","0","Foundation - Event","","This entity relates an event to a product identifier where the ID is established outside the enterprise and where the ID cannot be derived via the associated product.  For example, for security trades, the ISIN will come in on the trade transaction but the security product is not known. Therefore,"
"EVENT PRODUCT ROLE","2","Foundation - Event","Event Product Role Cd","This entity contains the role that the product played in the event if it cannot be derived from the account such as: - Subject of inquiry - Was investment product sold - Was investment product bought"
"EVENT REASON","2","Foundation - Event","Event Reason Cd","The reason an event occurred.   Examples:  - A call center contact event occurred because of a customer billing inquiry, or a fee charge can happen to a bank account because of an overdrawn account."
"EVENT RELATED","0","Foundation - Event","","A history of the relationships that exist between separate events. For example, one event is the follow-up to another event.   This associative entity relates events to other events. There is one instance for each relationship. The Event Relationship Type Cd describes the relationship type between"
"EVENT RELATED REASON","0","Foundation - Event","","This minor entity describes the type of relationship between the two events such as one contact that is followed up by another contact."
"EVENT SCORE","1","Foundation - Event","Event Score Val","This entity contains score information based on a calculation that was triggered by this event. For example, if a customer is withdrawing money at an ATM and has an overdraft situation, a score may be calculated while the customer is at the ATM to determine the response that could vary by customer a"
"EVENT SITE","2","Foundation - Event","Event Site End Dttm","This entity associates an event such as an incident or a claim with a site.   For example, if the event is an earthquake then these might be the sites affected."
"EVENT SITE REASON","2","Foundation - Event","Event Site Reason Cd","The role this site has with this event such as 'occurred at' or 'affected.'"
"EVENT STATUS","3","Foundation - Event","Event Status Start Dttm","A history of the status of this event over time.  Examples: - A credit card charge request event may be pending approval, approved, rejected, and accepted."
"EVENT STATUS REASON","2","Foundation - Event","Event Status Reason Cd","This minor entity describes the reason for the event status. For example, if the event status is rejected, the event status reason will describe the reason the event was rejected. Reasons include insufficient funds, credit limit exceeded, and card reported as stolen.  Other examples are: - The AT"
"EVENT STATUS TYPE","2","Foundation - Event","Event Status Type Cd","This minor entity describes the event status such as completed, not completed, pending, in progress, suspended, canceled, abandoned, and refused."
"EVENT SUBTYPE","2","Foundation - Event","Event Subtype Cd","This is the discriminator that identifies the subtype of EVENT. For example, an event many be an agreement event, or an agreement group event, or an application event, or a quotation event, or a causal event. An event may also be none of these types."
"EVENT SURVEY RESPONSE","1","Foundation","Survey Event Id","This entity identifies the event that is the subject of the survey. For example, the survey may ask for feedback about a recent phone call event."
"EVENT TEXT","3","Foundation - Event","Text Sequence Cnt; Event Text Source Party Id","This entity contains textual messages associated with this event. These can include bank-to-bank instructions, person-to-person instructions, and call center notes. One event can have many types of text messages.  For events, we allow more than one text message for the same event for the same type"
"EVENT TEXT SECTION","0","Foundation","","This entity is the link to event text unstructured data."
"EXCEPTION RANGE ZONE TYPE","2","Banking - Agreement","Exception Range Zone Type Cd","This minor entity identifies the exception zone type, for example, green, yellow, and red.  Basel II Accord June Accord paragraph 180."
"EXCHANGE","0","Investment - Party","","A marketplace in which securities, commodities, derivatives and other financial instruments are traded. The core function of an exchange, such as a stock exchange, is to ensure fair and orderly trading, as well as efficient dissemination of price information for any securities trading on that exchan"
"EXCHANGE DELISTING","0","Investment - Event","","This is a type of corporate action where a security is delisted from an exchange for a variety of reasons, including price dropping below threshold level, bankruptcy, and change of corporate structure."
"EXCHANGE DELISTING REASON TYPE","2","Investment - Event","Exchange Delisting Reason Type Cd","The reason for the delisting including: - Price dropping below threshold level - Bankruptcy - Change of corporate structure"
"EXCHANGE LISTED PRODUCT RELATED","1","Investment - Product","Exchange Party Id","This entity relates one listed investment product to another listed investment product. This entity was necessary for options where the listed exchange for the option may be different from the listed exchange for the underlying product.   Example: - An example of a relationship is investment prod"
"EXCHANGE PRODUCT","4","Investment - Product","Exchange Product Symbol Name","This entity contains information about investment products that is specific to an exchange such as symbol, tick size, and tick value."
"EXPENSE ACCOUNT","0","Foundation - Finance","","The entity that indicates a general ledger account is an EXPENSE ACCOUNT. An expense is any cost of doing business resulting from revenue generating activities. Types of EXPENSE ACCOUNTs include operating expense, interest expense and other expense."
"EXPENSE ACCOUNT COST TYPE XREF","0","Foundation - Finance","","This entity associates a COST TYPE with EXPENSE ACCOUNT. The many-to-many relationship allows for a more flexible way to roll up GL accounts to various cost types. For example, roll up all GL expense accounts for a given channel cost type."
"EXPENSE ACCOUNT SUBTYPE","2","Foundation - Finance","Expense Account Subtype Cd","The entity that indicates the type of expense account. Types of expense accounts include cost of sales, operating expense, interest expense, interest income, and other expense."
"EXPENSE SUBJECT AREA","0","Unassigned","","Drawing_Object_Rectangle_84190"
"EXPOSURE AGREEMENT ASSET VALUE","25","Banking - Agreement","Risk Mitigant Item Id; Evaluator Party Id","This entity tracks the value and adjustments to the value of the asset over time as it relates to the exposure being protected by this asset. There is one instance for each valuation of the asset as it relates to this exposure. The adjustments are due to haircuts to the value of the asset."
"EXPOSURE AGREEMENT ASSET VALUE ADJUSTMENT","10","Banking - Agreement","Risk Mitigant Item Id","This entity contains adjustments to the value of the asset as it relates to the exposure being covered for various reasons including Basel II 'haircuts.'  For example, in Basel II there could be the following adjustments to the value of the asset as it relates to the exposure being covered: - Mat"
"EXPOSURE AGREEMENT COLLATERAL ITEM","5","Banking - Agreement","Risk Mitigant Item Id","This entity relates the agreement that creates an exposure (e.g., loan) to the asset that is covering the exposure (e.g., real estate or a customer account).   This relationship provides for adjustments ('haircuts') that are made due to a currency or expiration date mismatch between the exposure a"
"EXPOSURE AGREEMENT RISK MITIGANT AGREEMENT","3","Banking - Agreement","Exposure Agreement Id; Risk Mitigant Agreement Id",""
"EXPOSURE RISK FACTOR","0","Banking - Agreement","","This entity associates the underlying risk factor(s) with exposures. A risk factor is an instrument feature (e.g., interest rate or commodity price) that can cause another instrument to fluctuate in value. This entity is also associated with embedded options where the option and underlying security "
"EXTENDED SESSION INFORMATION","18","Foundation - Event","Session Test Variant Val; External Visitor Id; External Data Source Id","This entity captures session-based information relating to the visitor's activities or site usage during their session."
"EXTERNAL ACCOUNT","1","Foundation - Agreement","External Account Id","This is an account between two third parties where the enterprise is not an active party (either on the debit or credit side) or is not a signatory on the account agreement."
"EXTERNAL AGREEMENT","2","Foundation - Agreement","External Agreement Num","This entity identifies agreements where your institution is not a party to the agreement but has an interest in knowing information about that agreement.   This may be of interest for mortgages to understand the fire and earthquake insurance for the structure being mortgaged.   It is also if int"
"EXTERNAL AGREEMENT TYPE","2","Foundation - Agreement","External Agreement Type Cd","This minor entity converts the other insurance type code into a description. Examples are external collateral agreement where another bank has claim to an asset, and external insurance policy of dental, health, property and casualty, or life."
"EXTERNAL DIRECT DEBIT","6","Banking - Agreement","External Direct Debit Start Dt","This entity contains information about direct debits allowed from an account inside the financial institution to an account outside of the financial institution.   A direct debit is a transfer of money, executed by the financial institution, on the request of the creditor. The creditor specifies t"
"EXTERNAL LIST","3","Foundation - Party","External List Id","This entity identifies the various external lists that are purchased from third-party suppliers."
"EXTERNAL LIST TYPE","2","Foundation - Party","External List Type Cd","This entity identifies the various external lists that are purchased from third-party suppliers. Examples include potential customers list and 'do not call' or 'do not spam' list."
"EXTERNAL MARGIN AGREEMENT","2","Investment - Agreement","External Margin Threshold Amt","This is a margin agreement where your enterprise holds a margin brokerage account with another institution that is a broker. In this situation the other institution is loaning your enterprise cash to purchase securities where those securities act as collateral for the account. If a margin call happe"
"EXTERNAL PROJECT","0","Foundation - Finance","","EXTERNAL PROJECT Type indicates the PROJECT is for use outside the company, for example, for a 3rd party customer."
"EXTERNAL STANDING ORDER","6","Banking - Agreement","External Standing Order Start Dt","This entity records all standing orders, or automatic debits from an account inside the financial institution to an account outside of the financial institution. For example, a standing order could be to send $30.00 each month to a health club for membership dues.   A standing order has a fixed am"
"EXTERNAL TRIGGER","1","Foundation - Event","External Trigger Source Name","This entity identifies a type of ALERT EVENT triggered by an external event such as an alert generated by an external system or a person, for example, an airplane monitoring system could generate alerts when a plane moves into the head of a thunderstorm. This alert may be sent directly to the plane "
"EXTERNAL TRIGGER TYPE","2","Foundation - Event","External Trigger Type Desc","This entity classifies the type of EXTERNAL TRIGGER such as an alert generated by an external system or a person, for example, a system could send an alert when fraud is detected or when a financial transaction exceeds a certain amount."
"EXTERNAL WATCH LIST SOURCE","0","Foundation","","This subtype entity identifies the watch list data sources external to the enterprise."
"FACILITY AGREEMENT","0","Banking - Agreement","","A facility is an umbrella agreement that sets the broad terms and conditions of 'subagreements' that are linked to it.   For example, commercial bill is an agreement that has a limit. This agreement sets the limit and has open and expiration dates.  Within this facility are the deals that draw u"
"FACILITY OPERATING EXPENSE ACCOUNT","0","Foundation - Finance","","The entity that indicates the operating expense pertains to facilities. Facility expenses are related to the maintenance of a physical facility."
"FAMILY CARD","0","Banking - Agreement","","FAMILY CARD is a type of CREDIT CARD AGREEMENT between the company and one or more members of a household."
"FAMILY HEALTH CONDITION","4","Unassigned","Insurance (all LOB)","This entity lists the health condition of family member of the individual. The only identification of the family member is via the relationship type code, indicating the type of family relationship."
"FAMILY MEDICAL HISTORY","4","Unassigned","Insurance (all LOB)","This entity lists medical details of family member of the individual. The only identification of the family member is via the relationship type code, indicating the type of family relationship."
"FEATURE","5","Foundation - Product","Feature Id","This entity consists of those valid characteristics, terms and conditions that might apply to marketable products and/or terms offered by the financial institution. The 'feature' identifies constraints that allow the financial institution to contract their products. There is one instance for each fe"
"FEATURE CLASSIFICATION TYPE","2","Foundation - Product","Feature Classification Cd","This minor entity defines the various descriptive classifications that can be used to classify further features of the same Feature Type Cd such as an amount can be classified as a balance, a limit, or a deductible, and a term can be classified into a grace period, or a loan term."
"FEATURE DEMOGRAPHIC ELIGIBILITY","2","Foundation - Product","Feature Demographic Start Dt","This entity restricts features by demographic values. This can make the feature available to these demographic values or make it unavailable for these demographic values."
"FEATURE ELIGIBILITY","3","Foundation - Product","Feature Eligibility Start Dt","This entity restricts features by eligibility type This can make the feature available to these eligibility types or make it unavailable for these eligibility types."
"FEATURE EVENT ACTIVITY ELIGIBILITY","2","Foundation - Product","Feature Event Activity Start Dt","This entity restricts features by an event activity types. This can make the feature available for these event activity types or make it unavailable for these event activity types. For example, liability insurance is not available if the customer had a DUI incident."
"FEATURE GROUP","7","Foundation - Product","Feature Group Id","This independent recursive entity represents the financial institution's feature groups in a hierarchical structure. A feature group is a grouping of features. An example would be to group the set-up fee, maintenance fee, collection fee, and transaction fee into a 'fee' group. Groups of features can"
"FEATURE GROUP METRIC","6","Foundation - Product","Feature Group Metric Start Dttm","This entity contains metrics for a group of features. For example, for insurance Solvency II when calculating capital requirements for surety ship insurance risk, it is necessary to group homogeneous risks (coverages) and then apply the calculation to that group. Examples of metrics for coverage gro"
"FEATURE GROUP TYPE","2","Foundation - Product","Feature Group Type Cd","This minor entity describes how features are grouped. Examples of groupings could be tier, balance, rate, and term."
"FEATURE INSURANCE SUBTYPE","2","Foundation - Product","Feature Insurance Subtype Cd","This entity specifies categories for the feature such as coverages and services for insurance."
"FEATURE LOCATOR","2","Foundation - Product","Feature Locator Start Dt","This associative entity defines the relationship that exists between product features and locators (i.e., addresses), such as 'is applicable within,' or 'is not applicable within.'"
"FEATURE OCCUPATION ELIGIBILITY","2","Foundation - Product","Feature Occupation Start Dt","This entity restricts features by an occupation code. This can make the feature available to these occupation codes or make it unavailable for these occupation codes."
"FEATURE OFFER","0","Foundation - Campaign","","This entity contains the terms and conditions for the OFFER. For example, open a home equity loan account via the web and receive $50. For the next 60 days, any charges to this credit line account for purchases at select merchants will have 0% interest rate.  The codification of the conditions cou"
"FEATURE RELATED","0","Foundation - Product","","This associative entity relates features to other features over time and identifies the type of relationship with a relationship type code. There is one instance for each relationship. A feature can have many relationships with many other features.  This entity allows one to define a hierarchy of "
"FEATURE RELATED LOCATOR","0","Foundation - Product","","This associative entity defines the relationship that exists between features that describe other features ('feature feature') and locators (i.e., addresses), such as 'is applicable within,' or 'is not applicable within.'"
"FEATURE RELATIONSHIP TYPE","2","Foundation - Product","Feature Relationship Type Cd","This minor entity identifies the relationship between two features such as 'replaces.'"
"FEATURE RISK GRADE ELIGIBILITY RULE","4","Foundation - Product","Feature Credit Rating Start Dt","This entity restricts features to parties with certain risk grades. This can make the feature available to parties with these risk grades or make it unavailable to parties with these risk grades."
"FEATURE SCORE MODEL ELIGIBILITY","2","Foundation - Product","Feature Score Model Start Dt","This entity restricts features by score model values. This can make the feature available to these score model values or make it unavailable for these score model values."
"FEATURE SUBJECT","0","Foundation","","This entity contains those subjects that are terms and conditions of a contract such as bodily injury coverage."
"FEATURE SUBTYPE","2","Foundation - Product","Feature Subtype Cd","This minor entity classifies feature into types such as term, amount, quantity, date, descriptive, and rate feature types."
"FEATURE TO FEATURE GROUP","2","Foundation - Product","Feature To Feature Group Start Dt","This entity associates features to groups of Features. There is one instance for each feature-to-feature group association."
"FEATURE UNIFIED COVERAGE","2","Unassigned","Feature Unified Coverage Start Dt","This associative entity links features, as defined by the financial institution, with Unified Coverage Codes, as used in the USA."
"FEDERAL TAX","1","Foundation - Party","Assoc Payroll Transaction Id","This entity holds information about federal taxes which employers are required to withhold from associate's pay. Types of federal taxes vary depending on the employer's tax jurisdiction. Payroll withholding for federal income tax is common in the U.S. for associates who are subject to federal income"
"FILE FORMAT","3","Foundation - Event","File Format Cd","This is the file format used to save digital content.  Examples: - Images   -- Jpeg   -- Tiff  - Audio   -- mp3  - Text   -- PDF"
"FINANCE EXPOSURE AGREEMENT","2","Banking - Agreement","Risk Review Time Period Cd","This entity contains information about those agreements that have some credit risk (exposure) associated with it. This includes risk associated with banking agreements and internal investment (trade) agreements. It does not include insurance risk."
"FINANCE EXPOSURE RISK TYPE","0","Banking - Agreement","",""
"FINANCIAL AGREEMENT","1","Banking - Agreement","Original Maturity Dt","This entity contains those agreements where your enterprise is performing a banking function and offering a banking service to your customers. This also includes internal agreements that your bank may have with other banks or businesses for asset/liability management or for your own internal investm"
"FINANCIAL AGREEMENT ADJUSTMENT","3","Banking - Agreement","Financial Agreement Adjustment Amt","This entity contains adjustments to the value of the exposure or the value of the risk mitigation as a result of volatility of the underlying financial instrument. These are referred to as 'haircuts.' It also contains any metrics that were used to calculate the haircuts for this exposure such as the"
"FINANCIAL AGREEMENT BASEL II APPROACH","3","Banking - Agreement","Basel II Function Cd","This entity contains the Basel II approach that is assigned at this point in time to this agreement for this type of risk (e.g., credit risk, operational risk, and market risk)."
"FINANCIAL AGREEMENT EVENT","4","Foundation - Event","","This is a subtype entity to EVENT and includes those events that involve both agreements and money. Examples are deposit, withdrawal, payment, and interest payment. This entity also includes the requests for authorization and for settlement where the amounts are specified on the requests.  If the "
"FINANCIAL AGREEMENT JAPAN","14","Banking - Agreement","Contract Term Num","This entity contains information that is specific to the Value Family application used in Japan. It contains various codes that direct the processing and calculation for profitability for a given account."
"FINANCIAL AGREEMENT PASSBOOK","2","Banking - Agreement","Financial Agreement Passbook Start Dt","This entity allows an agreement to have more than one passbook over time."
"FINANCIAL AGREEMENT SUBTYPE","2","Banking - Agreement","Financial Agreement Subtype Cd","This entity is used as a category discriminator for financial agreements.   Examples: - Investment agreements  - Credit agreements - Cash management agreements  - Other financial services agreements  There are many other types of accounts that are included in the domain of financial agreemen"
"FINANCIAL AGREEMENT TYPE","2","Banking - Agreement","Financial Agreement Type Cd","This minor entity defines the classification of this financial agreement into major relevant classes such as: - Mortgage loan - Credit card - Term loan - Checking/saving - Time deposit - Internal investment - Foreign exchange agreement - Derivative agreement - Financial services agreement "
"FINANCIAL AGREEMENT TYPE JAPAN","2","Banking - Agreement","Financial Agreement Type Cd","Identifies whether this agreement is cash at other banks, cash from central bank or a customer term deposit."
"FINANCIAL ASSET","3","Foundation - Party Asset","Financial Asset Maturity Dt","This entity contains information about assets of a financial nature. These types of assets include cash, stocks, bonds, futures, options, and commodities."
"FINANCIAL ASSET SUBTYPE","2","Foundation - Party Asset","Financial Asset Subtype Cd","A code used as a category discriminator for party assets."
"FINANCIAL DOCUMENT ITEM TYPE","2","Foundation - Party","Financial Document Item Type Cd","This minor entity classifies the value amount in the Financial Document Item Amt into types for the specific financial documentation type in the Financial Document Type Cd.  For Financial Document Type Cd is 'Balance Sheet,' the examples for the Financial Document Item Type Cd may be Total Asset A"
"FINANCIAL DOCUMENT TYPE","4","Foundation - Party","Financial Document Type Cd","This minor entity identifies the type of financial information that a customer provided to the financial institution.   Examples: - 1 = Balance sheet - 2 = Income statement - 3 = Cash flow - 4 = Tax return"
"FINANCIAL EVENT","3","Foundation - Event","Financial Event Period Start Dt","This is a subtype entity of EVENT. This entity contains all events involved with the Financial Institution that are of a financial nature regardless of whether an account is involved. It includes maintenance transactions such as interest charges or fee assessments. The involved customer is either th"
"FINANCIAL EVENT AMOUNT","8","Foundation - Event","Financial Event Amount Dttm","This entity captures information regarding the monetary amount information associated with a financial event. There is one instance for each amount for each amount type for each amount date."
"FINANCIAL EVENT AMOUNT TYPE","2","Foundation - Event","Financial Event Amount Type Cd","This entity captures information that classifies the types of financial event amounts.  Examples: - Adjusted amount - the amount adjusted against this collection - Applied amount - the amount applied against this collection - Credited amount - the amount credited against this collection - In d"
"FINANCIAL EVENT JOURNAL ENTRY LINE","0","Foundation - Finance","","This entity links a financial event amount to the journal entry lines that it may generate. With double entry bookkeeping, one financial event can have more than one journal entry."
"FINANCIAL EVENT TYPE","2","Foundation - Event","Financial Event Type Cd","A code for the type of financial event such as deposit, withdrawal, funds transfer, payment, settlement, and cashing a check."
"FINANCIAL INSTITUTION","2","Foundation - Party","Financial Institution Type Cd","This is a subtype entity to BUSINESS. A financial institution acts as an agent that provides financial services for its clients or members. Financial institutions generally fall under financial regulation from a government authority. Common types of financial institutions include banks, building soc"
"FINANCIAL INSTITUTION ID TYPE","2","Foundation - Party","Financial Institution Id Type Cd","Identifier types for a financial institution such as: - FED = Federal Reserve Routing - BIC = SWIFT Bank Identifier Code  - CHU = CHIPS Participant User Identifier - CHP = CHIPS Participant Identifier - CDL = Cedel Identifier - EPN = Euroclear Participant Number - DTC = Depository Trust Corpo"
"FINANCIAL INSTITUTION INTERNAL ORGANIZATION","2","Foundation - Internal Organization","Organization Num","This entity identifies all of the internal organizations of your financial institution. Examples of organizations are divisions, regions, branches, work groups, teams, and call centers."
"FINANCIAL INSTITUTION TYPE","2","Foundation - Party","Financial Institution Type Cd","This minor entity classifies the financial institution by type of financial institution such as savings and loan, bank, credit union, and mortgage banker."
"FINANCIAL INSTRUMENT","0","Unassigned","","Drawing_Object_Rectangle_130437"
"FINANCIAL INSTRUMENT GROUP","0","Investment - Product","","Many times investment instruments will be grouped into 'baskets' and that basket is the subject of the deal and treated like a financial instrument.   This is different from a PRODUCT GROUP in that a PRODUCT GROUP is not the subject of a deal but is for internal analysis."
"FINANCIAL ITEM STATUS REASON","2","Foundation - Party","Financial Item Status Reason Cd","This minor entity translates the financial item status reason type code into a description.  Examples: - Original report - Calculation error - Reporting error - Regulatory"
"FINANCIAL ITEM STATUS TYPE","2","Foundation - Party","Financial Item Status Cd","This minor entity translates the financial item status type code into a description.  Examples: - Original - Restated"
"FINANCIAL PLAN","7","Foundation - Finance","Financial Plan Id","The entity that provides details of a company's projected revenue and expenses for a future period of time. Sometimes referred to as budget or forecast."
"FINANCIAL PLAN BALANCE","6","Foundation - Finance","Financial Plan Balance Start Dttm","The entity that indicates the planned account balance amounts for defined groups of COA CODE SEGMENTs. COA CODE SEGMENTs identify areas of the business the company wants to track, such as accounts, subaccounts, internal departments, and products that, when combined or concatenated into segment group"
"FINANCIAL PLAN PROJECT TASK RESOURCE","7","Foundation - Finance","Project Task Resource Id","This entity holds Financial Plan information for Resources assigned to Project Tasks. Financial Plan information includes cost and billing information. Resources can be items, such as machine time, or individuals including associates or 3rd party consultants."
"FINANCIAL PLAN STATUS TYPE","2","Foundation - Finance","Financial Plan Status Cd","The entity that provides the status of a FINANCIAL PLAN. Examples may be, active, in review, or on hold."
"FINANCIAL PRODUCT","0","Foundation - Product","","This is a type of product that is financial in nature and will appear as an asset and/or a liability on the enterprise books from the enterprise perspective.  For example, for banks, a deposit is a liability and a loan is an asset.  Current accounts can be either depending on the balance of the "
"FINANCIAL REGULATOR","0","Foundation - Party","","Regulatory authorities ensure that the business undertaken within the securities marketplace is conducted in a proper manner for the protection of investors and those within the marketplace.   Example regulators: - Securities and Exchange Commission - United States - Ontario Securities Commissio"
"FINANCIAL RISK FACTOR","5","Banking - Party","Financial Risk Factor Type Cd","This is a code for the type of influences that can affect a financial institution's capital position. It is a further classification of risks associated with market, credit, operational and other major risk types.  These factors are across credit, operational and market risk.   Factors can be ca"
"FINANCIAL RULE","7","Foundation - Finance","Financial Rule Id","This entity identifies the business rules, guidelines, and regulations that govern a financial institution's dealings such as for financial compliance. This may include amount to be held in the vault, clearing balance required, and central bank reserve required balance. The rules and amounts will va"
"FINANCIAL RULE METRIC TYPE","2","Foundation - Finance","Financial Rule Metric Type Cd","Identifies the type of financial rule such as the amount to be held in the vault, clearing balance required, central bank reserve required balance. The rules and amounts will vary by jurisdiction. There is one instance for each metric type."
"FINANCIAL RULE PURPOSE TYPE","2","Foundation","Financial Rule Purpose Type Cd","A code that identifies why this rule exists such as regulatory compliance or guideline."
"FINANCIAL RULE RELATED","0","Foundation - Finance","","This entity relates one rule to another and the reason for the relationship such as one rule overrides another, one rule precedes or succeeds the other."
"FINANCIAL RULE RELATED TYPE","0","Foundation","","A code for the reason why one rule is related to another rule, for example, overrides, precedes, and succeeds."
"FINANCIAL RULE STRATEGY","0","Foundation","","This associative entity resolves the many-to-many relationship that exists between a FINANCIAL RULE and a BUSINESS STRATEGY. Multiple regulations and guideline rules may apply or be monitored by a strategy and multiple strategies may be created or applied to a single regulation or guideline rule."
"FIXED ASSET","9","Foundation - Finance","Fixed Asset Id","This entity identifies all the known FIXED ASSETs of the organization. FIXED ASSETs are tangible property used in the operation of the business. Examples of FIXED ASSETs are plant, machinery and equipment, furniture, and fixtures."
"FIXED ASSET ACCOUNT","0","Foundation - Finance","","The entity that indicates the types of fixed asset accounts. Fixed assets are long term, tangible property not expected to be converted to cash in the current fiscal year. Examples are manufacturing equipment, real estate, and furniture."
"FIXED ASSET ACCOUNT SUBTYPE","2","Foundation - Finance","Fixed Asset Account Subtype Cd","The entity that identifies the type of FIXED ASSET ACCOUNT like DEPRECIABLE ASSET ACCOUNT or NONDEPRECIABLE ASSET ACCOUNT."
"FIXED ASSET AMOUNT","5","Foundation - Finance","Fixed Asset Amount Start Dttm","This entity identifies the monetary amounts associated with a FIXED ASSET.  Types of amount that are tracked for a FIXED ASSET include: - Salvage value - Predicted salvage value - Original cost - Adjusted cost - Depreciation amount"
"FIXED ASSET AMOUNT TYPE","2","Foundation - Finance","Fixed Asset Amount Type Cd","This entity contains monetary amount types and descriptions that can be associated with a FIXED ASSET.  Examples: - Historical cost - Gain on disposal - Loss on disposal - Rental income - Capital appreciation - Impairment loss - Refurbishment cost - Present value minimum lease payments - "
"FIXED ASSET BOOK","0","Foundation - Finance","","This entity is a book or collection of assets, along with a record of the transactions performed on those assets, including addition, and depreciation."
"FIXED ASSET GROUP","3","Foundation - Finance","Fixed Asset Group Id","This entity defines a category into which assets may be classified for tracking and reporting.  An example is asset classes that group assets together based on depreciation method and the asset's estimated useful life."
"FIXED ASSET GROUP XREF","2","Foundation - Finance","Fixed Asset Group Start Dttm","This entity tracks the group to which a FIXED ASSET is assigned. For example, FIXED ASSETs may be grouped by asset classes for depreciation tracking and reporting purposes."
"FIXED ASSET IDENTIFICATION","3","Foundation - Finance","Fixed Asset Identification Start Dttm","This entity holds information regarding types of identification that may be assigned to FIXED ASSETs for tracking and reporting purposes.  Examples of identification are serial numbers and asset tag ID numbers."
"FIXED ASSET IDENTIFICATION TYPE","2","Foundation - Finance","Fixed Asset Identification Type Cd","This entity holds the list of possible types of identification that can be assigned to a FIXED ASSET. Examples are asset ID tags and serial numbers."
"FIXED ASSET OWNERSHIP TYPE","2","Foundation - Finance","Fixed Asset Ownership Type Cd","FIXED ASSET OWNERSHIP TYPE describes whether a FIXED ASSET is leased or purchased.  Examples: - Purchased - Leased - capital lease - Reclassed from owner-occupied to investment property - Investment property under finance lease - Investment property owned"
"FIXED ASSET PO","1","Foundation - Finance","Vendor PO Line Num","This entity tracks the purchase orders associated with a fixed asset."
"FIXED ASSET STATUS","3","Foundation - Finance","Fixed Asset Status Start Dttm; Fixed Asset Status Party Id","This entity tracks the status of a FIXED ASSET, such as in use, retired, idle, or disposed."
"FIXED ASSET STATUS TYPE","2","Foundation - Finance","Fixed Asset Status Type Cd","The status or conditions that can be assigned to FIXED ASSET.  Examples are  - In use - Retire - Idle - In repair - Disposal - withdrawn from use - Disposal - sale - Disposal - finance lease to 3rd party"
"FIXED ASSET TYPE","2","Foundation - Finance","Fixed Asset Type Cd","The entity that identifies the type of internal FIXED ASSET like depreciable asset or nondepreciable asset."
"FIXED FIXED INTEREST RATE SWAP","0","Investment - Agreement","","This is a type of interest rate swap where a fixed interest rate is exchanged for another fixed interest rate.   Example: - Party P pays/receives fixed interest in currency A to receive/pay fixed rate in currency B for a term of T years. For example, you pay JPY 1.6% on a JPY notional of 1.2 bill"
"FIXED FLOATING INTEREST RATE SWAP","5","Investment - Agreement","Swap Floating Rate Index Cd","An interest rate swap where a fixed interest rate is exchanged for a floating interest rate.   Fixed-for-floating swaps in same currency are used to convert a fixed rate asset/liability to a floating rate asset/liability or vice versa. For example, if a company has a fixed rate USD 10 million loan"
"FIXED INCOME INTEREST PAYMENT","3","Investment - Event","Fixed Income Interest Payment Amt; Payment Agent Party Id","Periodic payment of interest on fixed income obligations."
"FIXED INTEREST RATE FEATURE","1","Foundation - Product","Fixed Interest Rate","This is a subtype to RATE FEATURE. This entity contains those interest rates that are fixed and do not depend on the fluctuation of an index. This is the rate that is charged to the customer. The periodicity (daily, annual) is specified in the Time Period Cd attribute. Since the customer rate is fix"
"FLASH VERSION TYPE","2","Foundation - Event","Flash Version Num","This entity captures information regarding available flash versions for use by the browser.  Examples: - Shockwave Flash 2.0 - Shockwave Flash 3.0 - Shockwave Flash PM - Shockwave Flash PPC - FlashPix - Learn2.com"
"FLOAT FLOAT INTEREST RATE SWAP","0","Investment - Agreement","","This is a type of interest rate swap where a floating interest rate is exchanged for a fixed interest rate."
"FLOATING RATE NOTE","10","Investment - Product","Floating Note Floor Rate","A note with a variable interest rate. The adjustments to the interest rate are usually made every six months and are tied to a certain money-market index. It is also known as a 'floater.'"
"FOREIGN CURRENCY ADJUSTMENT ACCOUNT","0","Foundation - Finance","","The entity that identifies a NONDIVIDEND EQUITY ACCOUNT as a foreign currency adjustment. Foreign currency adjustments are the gains or losses resulting from a translation of one currency into another."
"FOREIGN EXCHANGE AGREEMENT","8","Banking - Agreement","Nostro Account Num",""
"FOREIGN EXCHANGE EVENT","0","Investment - Event","","This entity contains the destination currency for a foreign exchange event. The source currency is in INVESTMENT PRODUCT EVENT."
"FOREIGN EXCHANGE METRIC","9","Investment - Product","Quoting Party Id","This entity tracks metrics associated with foreign exchange of one currency with another. This includes market quotes for foreign exchange forwards and foreign exchange volatility.  Examples:  - Last bid price - Last ask price - Beta (correlation with benchmark index for volatility) - Average "
"FOREIGN EXCHANGE POINT","1","Investment - Product","Calculated Market Ind","This entity contains the bid and ask values for pairs of currencies for a given period of time."
"FOREIGN EXCHANGE POINT TENOR TYPE","0","Investment - Product","","The code for the type of length of time for foreign exchange points.   Examples: - 0 = Relative - 1 = Spot - 2 = Today - 3 = Tomorrow - 4 = Month end - 5 = Year end"
"FORM FIELD","3","Foundation - Event","Form Field Id","This entity captures information regarding the specific fields within a form."
"FORM FIELD EVENT","8","Foundation - Event","Form Field Event Start Dttm","This entity captures information regarding visitor access to specific fields within a form while visiting the web site."
"FORM OF PAYMENT TYPE","2","Foundation - Party","Form Of Payment Type Cd","This is a code that describes how a party is compensated such as cash, securities, or barter."
"FORM STATUS","2","Foundation - Event","Form Status Start Dttm","This entity contains information regarding the status of the form being utilized by the visitor."
"FORM STATUS TYPE","2","Foundation - Event","Form Status Type Cd","This entity captures information regarding the disposition of the form.  Examples include success, failure, abandon, and view only."
"FORMALITY TYPE","2","Foundation - Agreement","Formality Type Cd","A classification of the type of agreement formality where the agreement conditions are formal (signed) or informally agreed to verbally."
"FORWARD CONTRACT","13","Investment - Agreement","Forward Underlying Product Id","This entity contains information about the holding of a forward contract.  A forward contract or simply a 'forward' is a non-standardized contract between two parties to buy or to sell an asset at a specified future time at a price agreed upon today. This is in contrast to a spot contract, which i"
"FORWARD RATE AGREEMENT","4","Investment - Agreement","Spot Date","Forward Rate Agreement (FRA) allows the purchasers and sellers to fix the interest rate on a certain principal for a specified period in advance. They are similar to Eurocurrency Futures contracts but can be customized for any maturity. One party pays fixed, the other an agreed upon floating rate. F"
"FORWARD START OPTION","0","Investment - Product","","A forward start option is an option that commences at some specified future date with an expiration date further in the future. It is essentially a forward on an option, only the premium is paid in advance. Since the asset price at the start of this option is not known a priori, it is common to spec"
"FORWARD SUBTYPE","2","Investment - Agreement","Forward Subtype Cd","This minor entity describes if this is a currency type of forward contract."
"FREIGHT TERM TYPE","2","Foundation - Finance","Freight Term Type Cd","Freight terms determine who pays shipping costs, the supplier, or the buyer. An example of freight terms is FOB (Free On Board) destination, which indicates the supplier pays shipping costs from the point of manufacture to a specified destination, at which point the buyer takes responsibility."
"FREIGHT TERM TYPE INVOICE XREF","0","Foundation - Finance","","This entity provides a cross reference of freight term types to invoices."
"FUNCTION TYPE","2","Foundation - Internal Organization","Function Cd","This minor entity describes the function that an organization work group or an employee has to perform. Examples for general functions would be, identifies market, conducts survey, prices product, and creates marketing material. For insurance, functions would be, underwriting, and claim processing o"
"FUND SOURCE TYPE","2","Foundation - Agreement","Fund Source Type Cd","The unique code for the type of source that provided the funds or agreement for the account such as cash, other bank's check, transferred from an existing account, and refinance."
"FUND TYPE","2","Investment - Product","Fund Type Cd","A code for the classification of funds such as equity fund, mid cap fund, large cap fund, growth fund, value fund, index fund, bond fund, money market fund, hedge fund, fund of funds, balanced fund, clone fund, capital appreciation fund, and crossover fund."
"FUNDING AMOUNT TYPE","2","Foundation - Agreement","Funding Amount Type Cd","A code for the type of amount being funded such as deposit, loan down payment, and capital markets buy order."
"FUNDING STRATEGY","0","Foundation - Finance","","The strategy for dealing with funding risk."
"FUNDS TRANSFER EVENT","3","Foundation - Finance","Funds Transfer Host Num","This entity captures information regarding the partial or complete discharge of an obligation typically by its settlement in the form of a transfer of funds applied against the monetary value of the debtor's obligation. Payments may be applied against obligations represented by one or more invoices."
"FUNDS TRANSFER METHOD TYPE","2","Foundation - Finance","Funds Transfer Method Type Cd","This entity describes ways in which funds transfers are conveyed to payers. Receipt method tells how the receipt for an invoice will be treated; processing can be manual or automatic, for example, lockbox, check, and wire transfer."
"FUNDS TRANSFER TYPE","9","Foundation - Finance","Funds Transfer Type Cd","Classifies a funds transfer as pertaining to an invoice or other type.  Other payment types could include shopping transactions, or to fulfill the terms and conditions of any contracts that exist between the company and its parties and channels."
"FUTURE TYPE","2","Investment - Product","Future Type Cd","This minor entity provides a classification for future types of investment products such as commodity, equity, currency, and bond."
"FUTURES AGREEMENT","1","Investment - Agreement","Contract Settlement Type ID","This entity contains the details about holdings in future contracts.  A futures is a contract to purchase or sell a given amount of an item for a given price by a certain date in the future. It is a deal made now to take place in the future. The seller of a futures contract agrees to deliver the i"
"FUTURES CONTRACT PRODUCT","9","Investment - Product","Futures Underlying Product Id","A standardized traded contract traded on a futures exchange, to buy or sell a certain underlying instrument at a certain date in the future, at a specified price. The future date is called the delivery date or final settlement date. The preset price is called the futures price. The price of the unde"
"FX AGREEMENT TYPE","0","Banking - Agreement","","This minor entity classifies a foreign exchange agreement as to the method the exchange is accomplished. Possible values include: - 'Nostra' spot agreement is where your bank has an agreement with another bank to provide foreign currency in the country of the other bank. Your knowledge of your acco"
"GAME PLAY EVENT","8","Foundation - Event","Player Score Meas","This entity captures information specific to online interactive game playing events. Information regarding online video game activities.  Note: The GAME PLAY EVENT entity utilizes the generic product identifier for the title being played."
"GENDER TYPE","2","Foundation - Party","Gender Type Cd","This minor entity represents the gender that an individual or animal can have."
"GENERAL AND ADMINISTRATIVE ACCOUNT","0","Foundation - Finance","","The entity that indicates the operating expense pertains to general and administrative. These expenses are typically classified as administrative in nature, for example, advertising, salaries, commissions, and office expense."
"GENERAL LEDGER ACCOUNT SUBJECT AREA","0","Unassigned","","Drawing_Object_Rectangle_84189"
"GENERAL MARKET RISK CHARGE TYPE","2","Investment - Agreement","General Market Risk Charge Type Cd","A code indicating the type of general market risk to be applied to this group of products.  Reference Table 4 in the Market Risk Amendment  Examples: - Yes, as two positions - Yes, as one position in each currency - Carve out together with the associated hedging positions - General market ri"
"GENERAL MEDICAL STATUS TYPE","3","Unassigned","Insurance (all LOB)","This minor entity describes the general medical status that can be associated with a party's medical history such as good, fair, and bad."
"GEOGRAPHIC AREA RISK","1","Foundation - Location","Geographic Area Risk Num","This entity identifies any risks (e.g., natural disaster or political) associated with this geographic area such as earthquake, fire, landslides, floods, and hurricane."
"GEOGRAPHIC AREA RISK TYPE","2","Foundation - Location","Geographic Area Risk Type Cd","A code for any risks (e.g., natural disaster or political) associated with this geographic area such as earthquake, fire, landslides, floods, and hurricane."
"GEOGRAPHIC AREA SUBJECT","0","Foundation","","This entity contains those subjects that are geographic areas such as cities, states, or regional areas. There is one instance for each geographic area."
"GEOGRAPHIC AREA TIME ZONE","0","Foundation - Location","","This entity contains the time zones for a given geographic area."
"GEOGRAPHIC ECONOMIC MEASURE","5","Foundation - Location","Measure Month Num","This entity contains those economic measures that describe the economic condition of a geographical area such as inflation rate, employment rate, housing starts, housing price index, and consumer price index."
"GEOGRAPHIC LIMIT","3","Foundation - Location","Geographic Area Limit Start Dt","This entity contains limits associated with geographic areas such as trading limits to limit exposure with certain countries. This could also vary by type of trade such as foreign exchange, commodity trading, and equity or debt investing."
"GEOGRAPHICAL AREA","9","Foundation - Location","Geographical Area Id","This entity contains all geographical areas that are not addresses. A geographical area can be any kind of geopolitical area (e.g., country), geospatial area (e.g., unique marketing area unbounded by other means), or user defined custom area (e.g., northeast sales region)."
"GEOGRAPHICAL AREA HOLIDAY","1","Foundation - Location","Geographical Area Holiday Name","This entity associates a GEOGRAPHICAL AREA with a HOLIDAY. The type of holiday is also identified. For example, Christmas could be associated to Belgium as a national holiday."
"GEOGRAPHICAL AREA IDENTIFICATION","1","Foundation - Location","Geographical Area Identification Val","This is a generic method for storing the various identifiers for geographical areas. This could include the ISO standards for identifying countries and cities. There is one instance for each identification value for a give geographical area."
"GEOGRAPHICAL AREA IDENTIFICATION TYPE","2","Foundation - Location","Geographical Area Identification Type Cd","This is the classification of the geographical area identifiers, which includes the ISO standards for countries and cities. For example, one type would be the two-digit ISO country code standard, another type would be the three-digit ISO country code standard, another type would be the three-digit n"
"GEOGRAPHICAL AREA SEASON","0","Foundation - Location","","This entity associates a GEOGRAPHICAL AREA with a SEASON. For example, the Summer in Australia or the Thanksgiving shopping season in Canada."
"GEOGRAPHICAL AREA SEASON DAY","1","Foundation - Location","Gregorian Dt","This entity associates a GEOGRAPHICAL AREA SEASON with the GREGORIAN DATEs that are included in that season in that GEOGRAPHICAL AREA. For example, dates in December may be included in the Winter season in the United States and the same dates may be included in the Summer season in Australia. Simila"
"GEOGRAPHICAL AREA SUBTYPE","3","Foundation - Location","Geographical Area Subtype Cd","A subtype discriminator for GEOGRAPHICAL AREA.   Generic method subtypes include geopolitical area, custom area, time zone, and geospatial area.   Specific method subtypes examples are postal code, country, city, region, and territory."
"GEOGRAPHY RISK GRADE","3","Foundation - Location","Geography Risk Grade Start Dttm","This entity represents the risk grade for this geographical area given by this agency as of this date for this type of grading."
"GEOPOLITICAL AREA","4","Foundation - Location","Geopolitical Area Id","This entity contains those geographic areas such as countries, cities, and counties that are established, commonly known to the public, and are not custom areas."
"GEOSEQUENCE","2","Foundation - Location","Geosequence Id","This is a geospatial time sequence, which is a set of latitude/longitude pairs, along with a date/timestamp and any number of custom user defined attributes  Note: This object can be represented by a single Teradata ST_GEOMETRY datatype column for geospatial processing."
"GEOSEQUENCE POINT","1","Foundation - Location","Timestamp Dttm","The collection of individual geospatial points and timestamp information that makes up the GEOSEQUENCE."
"GEOSEQUENCE POINT TRAIT","2","Foundation - Location","Geospatial Line-Curve Id","The set of user defined attribution (or TRAITs) that further describes each GEOSEQUENCE POINT."
"GEOSPATIAL","2","Foundation - Location","Geospatial Coordinates Geosptl; Geospatial Id","This is a geospatial object, as defined by one or more coordinate sets (latitude/longitude pairs).  Types of geospatial objects are points, line curves, areas, and sets.  Note: This object conforms to the Teradata Geospatial datatype (ST_GEOMETRY) used for advanced Geospatial functionality, proc"
"GEOSPATIAL AREA","1","Foundation - Location","Geospatial Area Id","This is a collection of GEOSPATIAL POINTs in a specific order, forming a polygon (enclosed area).  A user defined geographical area in terms of a polygon determined by a number of geospatial locators (or points in space), for example, a unique marketing area unbounded by other geopolitical means."
"GEOSPATIAL AREA POINT","2","Foundation - Location","Area Point Sequence Num","The collection of individual GEOSPATIAL POINTs in a specific order, forming a polygon, that makes up the GEOSPATIAL AREA.  The association of a geospatial point to a geospatial area. The collection of geospatial points determines the formation of a geospatial area. The Point Sequence Num is used t"
"GEOSPATIAL POINT","8","Foundation - Location","Latitude Meas","A point in space under, on, or above the Earth's surface.  Examples: - The latitude/longitude pair that contains the location of the nearest service center - The latitude/longitude pair and elevation that specifies where underground equipment is buried"
"GEOSPATIAL ROADWAY SUBTYPE","2","Foundation - Location","Geospatial Roadway Subtype Cd","A code for the type of geospatial area that is a road such as road or a portion of a road (road segment)."
"GEOSPATIAL SET","1","Foundation - Location","Geospatial Set Id","A Collection of GEOSPATIAL objects (points, line-curves, and areas). Each object may be specified as included or excluded.  Examples: - All the areas that make up the Hawaiian islands (inclusive) - An area of land -minus- the bodies of water it contains (exclusive)"
"GEOSPATIAL SET MEMBER","2","Foundation - Location","Exclude Ind; Member Geospatial Id","The collection of GEOSPATIAL objects that makes up the GEOSPATIAL SET."
"GEOSPATIAL SUBTYPE","2","Foundation - Location","Geospatial Subtype Cd","Identifies the type of geospatial locators as subtypes.  Examples:  - Point - Line-curve - Area - Set"
"GICS INDUSTRY GROUP TYPE","0","Foundation - Party","","The Global Industry Classification Standard (GICS) is used as a basis for certain financial market indexes in which each company is assigned to a subindustry, and to a corresponding industry, industry group, and sector, according to the definition of its principal business activity. The GICS structu"
"GICS INDUSTRY TYPE","0","Foundation - Party","","The Global Industry Classification Standard (GICS) is used as a basis for certain financial market indexes in which each company is assigned to a subindustry, and to a corresponding industry, industry group, and sector, according to the definition of its principal business activity. The GICS structu"
"GICS SECTOR TYPE","0","Foundation - Party","","The Global Industry Classification Standard (GICS) is used as a basis for certain financial market indexes in which each company is assigned to a subindustry, and to a corresponding industry, industry group, and sector, according to the definition of its principal business activity. The GICS structu"
"GICS SUBINDUSTRY TYPE","0","Foundation - Party","","The Global Industry Classification Standard (GICS) is used as a basis for certain financial market indexes in which each company is assigned to a subindustry, and to a corresponding industry, industry group, and sector, according to the definition of its principal business activity. The GICS structu"
"GIIN CATEGORY CODE","0","Foundation - Party","","This two digit alphanumeric code is part of the Global Intermediary Identification Number (GIIN) required by FATCA the United States Foreign Account Tax Compliance Act, It further identifies the financial institution type as follows: -LE = Lead -SL = Single -ME = Member -BR = Branch -SP = Spons"
"GL ACCOUNT COA CODE SEGMENT","0","Foundation - Finance","","The entity that provides an association between the main general ledger accounts and subtypes of COA CODE SEGMENT. For example, a product segment could be associated to a specific GL main account."
"GL BALANCE SUBJECT AREA","0","Unassigned","","Drawing_Object_Rectangle_84120"
"GL MAIN ACCOUNT","1","Foundation - Finance","Parent GL Main Account Num","The entity that indicates accounts used in financial transactions for a company. This includes both the general ledger and subsidiary ledger transactions."
"GL MAIN ACCOUNT CATEGORY","0","Foundation - Finance","","This entity categorizes GL MAIN ACCOUNTs according to the type of financial reporting related components it contains, i.e., balance sheet or income statement."
"GL MAIN ACCOUNT CLASS VALUE","1","Foundation - Finance","Parent GL Main Account Class Cd","This is a code for the value within the scheme. For example, if the scheme is Basel III classification for an asset that is a high quality liquid asset for purposes of calculating the liquidity coverage ratio then this value could be cash."
"GL MAIN ACCOUNT CLASS XREF","0","Foundation - Finance","","This entity relates a GL main account to a classification scheme value. For example, it would classify a GL account as cash for the purposes of Basel III calculation of liquidity coverage ratio."
"GL MAIN ACCOUNT SCHEME TYPE","18","Foundation - Finance","Parent GL Main Account Class Cd","This is a classification scheme for the GL main account. An example is Basel III classifies a certain assets as a 'high quality liquid asset' when calculating the liquidity coverage ratio (LCR). The scheme would be 'Basel III classification scheme for high quality liquid assets.'"
"GL MAIN ACCOUNT SEGMENT","0","Foundation - Finance","","The entity that indicates the GL MAIN ACCOUNT SEGMENT of the accounts used in financial reporting for a company. Selling expense is an example of a GL MAIN ACCOUNT."
"GL MAIN ACCOUNT SET OF BOOKS XREF","0","Foundation - Finance","","This associative entity links GL MAIN ACCOUNT to SET OF BOOKS for this date."
"GL MAIN ACCOUNT STATUS","0","Foundation - Finance","","This entity tracks the status of a GL main account over time. An account can be suspended and then lifted."
"GL MAIN ACCOUNT STATUS TYPE","0","Foundation - Finance","","This entity tracks the status of the GL main account. An account can be suspended and then later the suspension could be lifted."
"GL NONSERVICE PRODUCT TYPE","0","Foundation - Finance","","This entity defines the type of nonservice product, for example, hardware, software, and equipment."
"GL ORGANIZATION SEGMENT","0","Foundation - Finance","","The entity that indicates the internal organization segment of the accounts used in financial reporting for a company."
"GL PRODUCT SEGMENT","0","Foundation - Finance","","The entity that indicates the product segment of the accounts used in financial reporting for a company."
"GL PRODUCT SEGMENT SUBJECT AREA","0","Unassigned","","Drawing_Object_Rectangle_84121"
"GL PROJECT SEGMENT","0","Foundation - Finance","","The entity that indicates the GL PROJECT SEGMENT of the accounts used in financial reporting for a company."
"GL REPORTING NONSERVICE PRODUCT","0","Foundation - Finance","","This entity identifies a GL nonservice product as a physical product (as opposed to a service)."
"GL REPORTING PRODUCT","2","Foundation - Finance","Parent Product Group Id","The entity that indicates the product segment of the accounts used in financial reporting for a company."
"GL REPORTING SERVICE PRODUCT","0","Foundation - Finance","","This entity identifies a GL service product as a service (as opposed to a physical product)."
"GL ROLLUP TYPE","0","Foundation - Finance","","This minor entity identifies the purpose for rolling up GL account information a certain way.   For example, one way of rolling up GL account information would be to accumulate all travel and entertainment expenses. Another way would be from a geographical view such as all expenses in California, "
"GL SERVICE PRODUCT TYPE","0","Foundation - Finance","","This entity defines the type of service product, for example, customer service, professional service, and data service."
"GL SUB ACCOUNT SUBJECT AREA","0","Unassigned","","Drawing_Object_Rectangle_84122"
"GL SUBACCOUNT SEGMENT","0","Foundation - Finance","",""
"GLOBAL INTERMEDIARY IDENTIFICATION NUMBER","0","Foundation - Party","","The Global Intermediary Identification Number (GIIN) is required as part of FATCA - the Foreign Account Tax Compliance Act as required by the United States Internal Revenue Service (IRS). This act requires financial institutions outside of the United States to report to the IRS about their American "
"GLOBE","0","Unassigned","",""
"GOODWILL ACCOUNT","0","Foundation - Finance","","The entity that provides details for goodwill. These details could include the cost differential between the acquisition cost of a business and the market value of the asset acquired."
"GOVERNMENT","1","Foundation - Party","Government Party Id","A government is the organization that is the governing authority of a political unit. It is the ruling power in a political society and the apparatus through which a governing body functions and exercises authority."
"GOVERNMENT SPONSORED ENTITY","0","Investment - Party","","Government sponsored agencies are financial institutions that issue debt and/or equity like independent financial organizations but operate under quasi government control, for example, Fannie Mae."
"GOVERNMENT TYPE","2","Foundation - Party","Government Unit Type Cd","A code for the type of governmental unit such as central bank, financial regulator, taxing authority, defense department, security department, and social services department."
"GREGORIAN DATE","6","Foundation","Gregorian Dt","Allows for the grouping of GREGORIAN DATEs by any period defined by the enterprise. The attributes shown here represent possible rollup periods.  Note: This forms the basis of Fiscal dates as well, but it is important to note that the Gregorian Dt attribute natively references GREGORIAN DATEs but "
"GREGORIAN MONTH","2","Foundation","Gregorian Month Id","The fiscal month, for example, 'February 2005.'"
"GREGORIAN MONTH WEEK","0","Foundation","","This associates weeks with months. Useful when a single week (Sunday through Saturday for example) overlaps 2 months."
"GREGORIAN QUARTER","2","Foundation","Gregorian Quarter Id","The GREGORIAN QUARTER, for example, 'Q1 2005.'"
"GREGORIAN WEEK","2","Foundation","Gregorian Week Id","The GREGORIAN WEEK, for example, 'Week 5 2005.'"
"GREGORIAN YEAR","2","Foundation","Gregorian Year Id","The GREGORIAN YEAR, for example, '2005.'"
"GRIEVANCE PROCEDURE","5","Foundation - Party","Grievance Procedure Id; Applicable Labor Agreement Id; Procedure Owner Party Id","The procedure assigned for resolving this type of grievance. This procedure is established prior to a grievance and is designed for a particular grievance situation. The procedure may describe the flow of the process with the steps and parties to be involved."
"GRIEVANCE PROCEDURE SCOPE TYPE","2","Foundation - Party","Grievance Procedure Scope Type Cd","A code to describe the scope for which the grievance procedure applies. This can designate a set of employees, a location, or a situation."
"GRIEVANCE PROCEDURE TYPE","2","Foundation - Party","Grievance Procedure Type Cd","The type of grievance this procedure is designed to handle. Examples include collective bargaining, corporate policy, violation of law, or a customer dispute."
"GRIEVANCE PROCESS STATUS","2","Foundation - Party","Grievance Process Status Start Dttm","The status of the grievance process."
"GRIEVANCE PROCESS STATUS REASON","2","Foundation - Party","Grievance Process Status Reason Cd","The reason a status of a grievance process ended."
"GRIEVANCE PROCESS STATUS TYPE","2","Foundation - Party","Grievance Process Status Type Cd","A code that designates the status of a grievance process. Examples include pending, in process, or closed."
"GRIEVANCE PROJECT","0","Foundation - Party","","The entity GRIEVANCE PROJECT provides the option of using project modeling to document the grievance process. This may be useful when a great amount of detail is desired. If a simple process is desired then the option of using only LABOR GRIEVANCE PROCESS is adequate. If project modeling is used the"
"GROUP INSURANCE POLICY","1","Unassigned","Insurance (all LOB)","An agreement between an organization and an insurance company who provides coverage for members of that organization such as group life insurance."
"GROUP MEMBER INSURANCE","1","Unassigned","Insurance (all LOB)","This entity represents a member of a group policy."
"GROUP SURVEY","4","Foundation","Group Survey Id","This defines an activity that was conducted to solicit feedback from a group of customers regarding the products and services of the enterprise. This is often done with a specifically targeted market segment.  Example: - A market research group is hired to obtain feedback from customers. This can"
"GUARANTEE CRITERIA TYPE","2","Banking - Agreement","Guarantee Criteria Cd","Code to define the criteria for the types of guarantors a financial institution will recognize for regulatory capital purposes such as certified check, personal guarantee, government mortgage, government paper, letter of credit, maintenance bond, performance bond, rate lock, and signature guarantee."
"HEALTH CONDITION TYPE","3","Unassigned","Insurance (all LOB)","This minor entity defines the different health condition type such as high blood pressure, low blood pressure, have had major operation, HIV positive, have cancer, had cancer, under medication, and heart disease."
"HEALTH INSURANCE INDIRECT EARNING","0","Foundation - Party","","The employer portion of health insurance paid indirectly as a noncash benefit."
"HEALTH PROVIDER BUSINESS TYPE","1","Unassigned","Insurance (all LOB)","A classification of an individual, group, or organization that provides healthcare goods or services. Provider numbers are assigned by the payor organization or by the government."
"HEALTH PROVIDER TYPE","3","Unassigned","Insurance (all LOB)","A domain that classifies or groups providers of healthcare services and procedures.  Examples: - Pharmacy - Hospital - Medical clinic - Hospice - Dental"
"HEDGING SET","2","Banking - Agreement","Hedging Set Id","This entity is specific to Basel II Trading Book when calculating counterparty credit risk. Hedging set is a group of risk positions from the exposure within a single netting set for which only their balance is relevant for determining the exposure amount or exposure at default under the standardize"
"HEDGING SET TYPE","2","Banking - Agreement","Hedging Set Type Cd","A Basel II classification of the type of hedge such as: - Sovereign low risk  - Nonsovereign low risk - Credit default swap low risk - Debt high risk - Equity  - Nongold precious metal  - Commodity  - Electricity  - Foreign exchange gold"
"HOLDING","0","Unassigned","","Drawing_Object_Rectangle_163083"
"HOLDING OF AN INSTRUMENT","0","Unassigned","","Drawing_Object_Rectangle_130436"
"HOLDING VALUE AT RISK","5","Investment - Agreement","Holding Time Period Cd","This entity contains the calculated Value at Risk (VAR) for this holding in one investment instrument.  Value at risk (VaR) is a measure of how the market value of an asset or of a portfolio of assets is likely to decrease over a certain time period (usually over 1 day or 10 days) under usual cond"
"HOLIDAY","2","Foundation","Holiday Cd","A declared nonworking day. Differs by GEOGRAPHICAL AREA.  Examples:  - Christmas - New Year's Day - Bastille Day - Independence Day"
"HOLIDAY CALENDAR","2","Foundation","Holiday Calendar Id","This entity identifies a calendar that is used to determine business days. This is used in capital markets when determining next business day. It is not necessarily tied to a geographic area. Some holiday schedules are tied to security exchanges."
"HOLIDAY CALENDAR DATE","2","Foundation","Gregorian Dt","This entity contains dates that are considered holidays and weekends. This is used in capital markets when determining next business day. It is not necessarily tied to a geographic area. Some holiday schedules are tied to security exchanges."
"HOLIDAY TYPE","2","Foundation - Location","Holiday Type Cd","Type of holiday such as national and regional."
"HOME BANK CHECK EVENT","0","Banking - Event","","This entity is a subtype to CHECK EVENT, and contains attributes that apply only to checks received at the home bank. These would typically be withdrawal events against the payer's account associated with this event."
"HOME BANK CHECK IMAGE","3","Banking - Agreement","Payee Bank Id Account Num","This entity is a subtype to CHECK IMAGE, and contains attributes that apply only to checks received at the home bank."
"HOME EQUITY LINE OF CREDIT AGREEMENT","0","Banking - Agreement","","A home equity line of credit is a form of revolving credit in which a house serves as collateral. Because the house is likely to be a consumer's largest asset, many homeowners use their credit lines only for major items such as education, home improvements, or medical bills, and not for day-to-day e"
"HORIZONTAL DISALLOWANCE PARAMETER","3","Investment - Agreement","Time Band Zone Id; Zone Scheme Id","This entity contains the horizontal disallowance metric used when calculating market risk for interest rate risk using the standardized approach.  Horizontal disallowance is a factor that is applied to the net long/short positions between bands for positions such as bond holdings.  The role code"
"HOURS TYPE","3","Foundation - Internal Organization","Hours Cd","This minor entity contains the codes and description of the operating hours of a financial institution organization."
"HOUSEHOLD","3","Foundation - Party","Household Party Id","This is a subtype entity to PARTY. A household is a grouping of individuals created by the enterprise for marketing purposes. The individuals may live at the same address."
"HOUSEHOLD MEMBER","3","Foundation - Party","Individual Household Score Qty","This entity maintains the relationships between an individual and a household over time.  Specific types of relationships between individual that are in a household are documented via the PARTY RELATED entity."
"HR INTERNAL ORGANIZATION","0","Foundation - Party","","This entity contains the internal organizations as HR defines them.  This entity identifies units or smaller parts in the organization of an INTERNAL ORGANIZATION. Within a corporate structure, Human Resources HR INTERNAL ORGANIZATION represents the business group to which ASSOCIATEs may be assign"
"HR INTERNAL ORGANIZATION TYPE","0","Foundation - Party","","This entity defines the classification of HR INTERNAL ORGANIZATION such as sales, marketing, and purchasing."
"HR POSITION","6","Foundation - Party","Position Id","A HR POSITION that can be filled by an ASSOCIATE (e.g., manager, assistant manager, and sales clerk).  Specific functional role within an organization with defined job scope and responsibilities, usually identified by a job title and grade."
"HR POSITION RELATED","1","Foundation - Party","Position Id","Indicates a relationship between positions. For example, one position may serve as relief backup to another in case of absence."
"HR POSITION RELATED ROLE","0","Foundation - Party","","Defines the role served by the related position. Sample values are relief and replacement."
"HR POSITION SITE","0","Foundation - Party","","This entity links human resource positions with sites such as the site(s) where these positions are valid or are filled."
"HR POSITION SITE REASON","8","Foundation - Party","Letter","This is a code for the reason the site is associated with the human resources position such as 'is valid in' or 'is filled in.'"
"HR POSITION TRAIT","0","Foundation - Party","","A generic construct to describe characteristics of a HR POSITION, for example spending approval limit or stock purchase eligibility grade."
"HR POSITION TYPE","2","Foundation - Party","Position Type Cd","The type of position that can be filled by an ASSOCIATE.   Examples:  - Permanent full-time - Permanent part-time  - Temporary full-time - Temporary part-time"
"IBAN AGREEMENT IDENTIFIER","0","Foundation - Agreement","","This entity contains the IBAN associated with the account.  The International Bank Agreement Number (IBAN) is an international standard for numbering bank accounts. It was originally adopted by the European Committee for Banking Standards, and was later adopted as ISO 13616:1997 and now as ISO 136"
"IDENTIFICATION TYPE USAGE TYPE","2","Foundation - Party","Party Id Type Usage Start Dttm","This entity specifies how a certain identification type can be used. For example, driver's license can be used for identification when applying for a loan."
"IDENTIFICATION USAGE TYPE","2","Foundation - Party","Identification Usage Type Cd","The way a type of identification is used by the financial institution.  Examples: - To verify citizenship - Used as valid ID for a loan - Required ID for deposit"
"IMAGE","5","Unassigned","",""
"IMPRESSION ACTIVITY TYPE","11","Foundation - Campaign","Impression Activity Type Cd","This entity captures information regarding the activity type for an impression experience.  Examples: - Activity is post-click - Post-impression - Unmatched"
"IMPRESSION DELIVERY STATUS","10","Foundation - Campaign","Impression Delivery Status Start Dttm","Captures the delivery status of an advertisement.  Examples: - Successful delivery - Broken link - Missing component"
"IMPRESSION DELIVERY STATUS TYPE","2","Foundation - Campaign","Impression Delivery Status Type Cd","This code defines the status of an impression delivery.  Examples: - Successful delivery - Broken link - Missing component"
"IMPRESSION SELECTED","3","Foundation - Campaign","Impression Selected Dttm","This captures information regarding viewed impressions that were selected (typically 'clicked on') by the viewer.  'Selected,' indicates the advertisement was clicked on by the viewer, which causes additional activity to occur requesting the viewer to take some specific action with regard to the a"
"IN OUT DIRECTION TYPE","2","Foundation - Event","In Out Direction Type Cd","A code that defines the direction of the event as either incoming or outgoing from the enterprise."
"INBOUND CALL","2","Foundation - Event","Inbound Call Agent Start Dttm","A call directed into the call center."
"INBOUND EMAIL","1","Foundation - Event","In Chain Cnt","A type of event where the customer/counterparty sends the call center an electronic correspondence."
"INCENTIVE","6","Foundation - Campaign","Incentive Id","An incentive associated with an offering or campaign that could be applied to a customer's service or billing statement, in order to obtain new customers or reward existing high value customers.  Examples:  - Special event incentives  - Clothing incentives"
"INCENTIVE TYPE","2","Foundation - Campaign","Incentive Type Cd","The domain of incentive classifications offered by the communications service provider.  Examples: - O = Offering incentive - C = Customer incentive"
"INCIDENT","5","Unassigned","Insurance (all LOB); Incident Event Id","This is a subtype entity to EVENT and describes incidents that are of interest to the financial institution. This applies to events that cause (usually multiple) insurance claims, such as traffic accidents, natural disasters such as hurricanes, and health episodes such as a heart attack. A major inc"
"INCIDENT PERIL TYPE","3","Unassigned","Insurance (all LOB)","This entity identifies the types of perils that resulted from this incident. For example, an earthquake incident can cause perils of fire, flood, and trees falling on cars."
"INCOME STATEMENT GL MAIN ACCOUNT","548","Foundation - Finance","Income Statement GL Main Account Cd","The entity that indicates a general ledger account is in the income statement reporting category. Types of this category include expense, and revenue accounts."
"INCOME STATEMENT GL MAIN ACCOUNT TYPE","4","Foundation - Finance","Income Statement GL Main Account Type Cd","The entity that indicates the types of general ledger accounts are on the Income Statement financial statement. Examples are revenue account and expense account."
"INCOME TAX ACCOUNT","0","Foundation - Finance","","The entity that provides the expense details for the income taxes."
"INCOME TAX PAYABLE ACCOUNT","0","Foundation - Finance","","The entity that provides details for the income taxes. Income taxes are the amount due to taxing authorities."
"INDIRECT EARNING","2","Foundation - Party","Assoc Payroll Transaction Id","For an ASSOCIATE PAYROLL TRANSACTION, indirect earning refers to various types of compensation that are paid indirectly through benefits. Examples include pensions, health insurance, and leave."
"INDIRECT EARNING SUBTYPE","2","Foundation - Party","Indirect Earning Subtype Cd","Classifies indirect earnings into types of compensation that are paid indirectly through benefits.  Examples include pensions, health insurance, and leave."
"INDIRECT PAY ELEMENT","2","Foundation - Party","Indirect Pay Element Id","As part of a HR POSITION's compensation package, INDIRECT PAY ELEMENT refers to various types of compensation that are paid indirectly through benefits. Examples of INDIRECT PAY ELEMENT include pensions, health insurance, and vacations."
"INDIRECT PAY ELEMENT TYPE","4","Foundation - Party","Indirect Pay Element Type Cd","The type of INDIRECT PAY ELEMENT that can be assigned to a HR POSITION. Examples of INDIRECT PAY ELEMENT TYPEs include pensions, health insurance, and vacations."
"INDIVIDUAL","6","Foundation - Party","Individual Party Id","This is a subtype entity to PARTY. This entity consists of those people that are of interest to the enterprise."
"INDIVIDUAL BONUS TIMING","1","Foundation - Party","Bonus Month Num","This entity keeps track of the months in which a bonus is paid."
"INDIVIDUAL CARD","0","Banking - Agreement","","INDIVIDUAL CARD is a type of CREDIT CARD AGREEMENT between the company and one or more liable persons. INDIVIDUAL CARD includes cards with only one account per FINANCIAL AGREEMENT, as well as FINANCIAL AGREEMENTs with the master account and subaccount structure that are not issued to businesses. Exa"
"INDIVIDUAL HEALTH CONDITION","4","Unassigned","Insurance (all LOB)","This entity contains health condition about the Individual that is used by the financial institution for determining the right decisions in health related insurance matters.  Attributes in this entity will vary from country to country and from financial institution to financial institution."
"INDIVIDUAL INSURANCE POLICY","1","Unassigned","Insurance (all LOB)","An agreement between the insurance company and a person for insurance."
"INDIVIDUAL MARITAL STATUS","2","Foundation - Party","Individual Marital Status Start Dt","The marital status of this individual over time."
"INDIVIDUAL MEDICAL HISTORY","7","Unassigned","Insurance (all LOB)","This entity contains information about the Individual that is used by the financial institution for determining the right decisions in health related insurance matters.  Attributes in this entity will vary from country to country and from financial institution to financial institution."
"INDIVIDUAL MILITARY STATUS","2","Foundation - Party","Individual Military Start Dt","The status of a person's relationship with their nation's military organization. Some common statuses are active reserve, active duty, or none."
"INDIVIDUAL MORTALITY","4","Foundation - Party","Individual Mortality Table Start Dttm","This entity links an individual for a life insurance policy to an actuarial mortality table. Some mortality tables may consider health risk factors and hence the mortality table assigned to an individual may change over time as health risks change for that individual. An individual may also be assig"
"INDIVIDUAL NAME","8","Foundation - Party","Individual Name Start Dt","This entity tracks an individual's name over time. This entity keeps track of current and prior names."
"INDIVIDUAL OCCUPATION","3","Foundation - Internal Organization","Individual Occupation Start Dt","This is an associative entity between INDIVIDUAL and OCCUPATION TYPE. It identifies those individual's occupation overtime."
"INDIVIDUAL OFFERING","0","Foundation - Product","","This is a product that can be offered by itself or as part of a package. It is shown to help explain the product and package subtyping. Some individual offerings may only be offered as part of a package."
"INDIVIDUAL PAY TIMING","1","Foundation - Party","Pay Day Num","This entity keeps track of information related to the timing of a customer or prospect's pay from their employer. This is not for your employees."
"INDIVIDUAL SKILL","1","Foundation - Internal Organization","Individual Skill Dt","This is an associative entity between INDIVIDUAL and SKILL TYPE. It identifies those skills that an individual has."
"INDIVIDUAL SPECIAL NEED","0","Foundation - Party","","Identifies if this individual has special needs such as requires wheelchair access, sight, hearing, and speech."
"INDIVIDUAL TRAIT","0","Foundation - Party","","This entity defines the actual value of a TRAIT for an individual who in this context is a job applicant. It may correspond to a trait and trait value for an organization position."
"INFORMATION CATEGORY","2","Foundation","Information Category Cd",""
"INFORMATION TYPE","2","Foundation","Information Type Cd","The domain of text describing specific information. This does not represent the actual values ('Home Telephone' not '1-345-678-9876'). Actual data values would be stored in other subject areas within the model. Gender, for example, would be referenced in the INDIVIDUAL entity in the Party subject ar"
"INFRASTRUCTURE SUPPORT TYPE","2","Foundation - Party","Infrastructure Support Type Cd","A code for the type of infrastructure provided to the agent by the enterprise such as computer, filing cabinets, and network."
"INSERT FOOTER","0","Unassigned","","%TeradataCreateReplace TRIGGER %If(%TriggerName) {%ProcedureOwner(.)%30TriggerName} %Else {%ProcedureOwner(.)t%1Action_%27TableName%TriggerSeq} AFTER %Action ON %TableOwner(.)%TableName    REFERENCING NEW TABLE AS NEWTABLE FOR EACH ROW"
"INSERT HEADER","0","Unassigned","","-- ERwin Builtin Trigger ;"
"INSPECTION EVALUATION METHOD TYPE","2","Foundation - Party Asset","Inspection Evaluation Method Type Cd","A code for the method used when doing an inspection such as square foot method, professional appraisal, replacement cost analysis, and unit method (using a table of standard construction costs)."
"INSPECTION RESULT TYPE","2","Banking - Party Asset","Inspection Result Type Cd","A code for the result of the physical inspection such as: - Goods were valued upward - Goods were valued downward - No change in valuation of goods"
"INSTRUCTOR","2","Foundation - Party","Instructor Party Id; Training Event Id","Represents the individual who presents the course to the student attendees. This entity may represent multiple presenters per course, as needed.  Examples: - Part 1 of a data warehousing course offered to 30 attendees lead by one instructor. - Company ethics course taught by 2 Instructors to a l"
"INSTRUMENT","0","Unassigned","","Drawing_Object_Rectangle_162787"
"INSTRUMENT METRIC TYPE CALCULATION","11","Investment - Agreement","Agreement Product Role Cd-new","This entity contains risk metrics at the investment instrument level within an agreement. If a holding has more than one instrument (position) then metrics are calculated for each instrument within the agreement. If the instrument is interest rate or commodity based then it is also slotted into a ti"
"INSTRUMENT STRATEGY","0","Foundation - Finance","","The strategy for dealing with instrument risk."
"INSURABLE INTEREST","6","Unassigned","Insurance (all LOB); Insurable Interest Id","This entity is a higher-level abstraction of those things that can be the subject of insurance, for example, it includes assets and lives.  A person has an 'insurable interest' in something when loss or damage to it would cause that person to suffer a financial loss or certain other kinds of losse"
"INSURABLE INTEREST CATEGORY","3","Unassigned","Insurance (all LOB)","This identifies type of insurable interest and is used as a category discriminator such as asset or person (life)."
"INSURABLE INTEREST EXPOSURE TYPE","3","Unassigned","Insurance (all LOB)","A code for the characteristic of the insurable interest that affects the exposure. For example, if the insurable interest is a car then 'car years' affects the exposure."
"INSURABLE INTEREST METRIC","13","Unassigned","Insurance (all LOB)","Risk metrics and calculations associated with an Insurable Interest such as: - Risk total insured value - Risk insured to value ratio - Exposure amount - Percent of risk insured"
"INSURABLE INTEREST METRIC TYPE","3","Unassigned","Insurance (all LOB)","A code for the type of insurable interest metric.   Examples:  - Risk total insured value - Risk insured to value ratio - Exposure amount - Percent of risk insured"
"INSURABLE INTEREST TO EXPOSURE TYPE","1","Unassigned","Insurance (all LOB)","This entity allows an insurable interest to have many types of exposures. For example, if the insurable interest is a car then exposure types could be 'car years' and 'car model.'"
"INSURANCE AGENCY","1","Unassigned","Insurance (all LOB)","This is a company that markets and sells products via independent agents."
"INSURANCE AGENT","3","Unassigned","Insurance (all LOB); Insurance Agent Party Id","This is an individual that sells and services financial products also known as an insurance producer. For insurance products they can be either and independent agent, representing at least two insurance companies, or a direct writer, representing one insurance company. The agent is not the party tha"
"INSURANCE AGENT BUSINESS TYPE","3","Unassigned","Insurance (all LOB)","This is a code for the business type for this individual agent such as insurance broker, reinsurance broker, and insurance distributor."
"INSURANCE AGENT TYPE","3","Unassigned","Insurance (all LOB)","A code identifying whether the agent is a captive insurance agent (independent exclusive) or a direct writing insurance agent (employee), or a lender."
"INSURANCE AGREEMENT","2","Unassigned","Insurance (all LOB)","This entity contains information about all insurance related contracts, such as insurance policies.  This is a subtype entity to AGREEMENT."
"INSURANCE AGREEMENT HISTORY","11","Unassigned","Insurance (all LOB)","This entity contains the history of some variable aspects of the insurance account.  The values that are subject to change are expiration date, premium amount, premium period code and value, and insurance account status.  Whenever one of the values mentioned above changes, a new instance for thi"
"INSURANCE AGREEMENT LINE OF BUSINESS","3","Unassigned","Insurance (all LOB)","This entity assigns an insurance agreement to one or more lines of business. There can be different schemes for defining a line of business and hence an agreement could belong to more than one depending on the scheme, for example, one scheme is for Solvency II. For Solvency II it is possible for a p"
"INSURANCE AGREEMENT STATUS TYPE","3","Unassigned","Insurance (all LOB)","This entity defines the status of the insurance account during the specified status.   Examples: - First or renewed period - Normal - Temporarily suspended"
"INSURANCE AGREEMENT SUBTYPE","3","Unassigned","Insurance (all LOB)","A subtype category discriminator that classifies the type of insurance agreement.   Examples: - Insurance policy - individual - Insurance policy - group - insurance policy - group member - Reinsurance agreement (buy or sell)"
"INSURANCE AGREEMENT TYPE","3","Unassigned","Insurance (all LOB)","Classifies this agreement as an insurance policy, a reinsurance agreement, or other kind agreement."
"INSURANCE BUSINESS TYPE","3","Unassigned","Insurance (all LOB)","Classifies an insurance policy as being either personal or commercial (nonlife) or individual or group (life) or both."
"INSURANCE CLAIM CASE","1","Unassigned","Insurance (all LOB)","This is a case that is set up to research a claim. If the case is for the entire claim and not specific to a coverage then the coverage will be null."
"INSURANCE COMPANY","1","Unassigned","Insurance (all LOB)","The company whose primary business is selling insurance and taking the risk on compensating for loss."
"INSURANCE COVERAGE TYPE","3","Foundation - Party Asset","Insurance Coverage Type Cd","This entity describes the types of insurance coverages such as fire, flood, earthquake, liability, property damage (auto), and life."
"INSURANCE LINE OF BUSINESS METRIC","6","Unassigned","Insurance (all LOB)","This entity contains metrics for a line of business. For example, for Solvency II insurance reporting it is necessary to show estimated written and earned premium by line of business. Solvency II is specific with regards to the lines of business."
"INSURANCE LINE OF BUSINESS TYPE","4","Unassigned","Insurance (all LOB)","This is a classification of the type of insurance.   Within the insurance company, there could be many ways to classify the line of business depending on the type of reporting. There may be one way for internal reporting and another way for regulatory reporting. This entity allows more than one cl"
"INSURANCE METRIC TYPE","3","Unassigned","Insurance (all LOB)","This minor entity defines the metric types that can be related to an insurance account. Examples could be premium balance amount, total claims paid amount, total loss reserves, unearned premium, and written premium."
"INSURANCE PLAN","2","Foundation - Party","Benefit Plan Id; Benefit Plan Option Id","This is a subtype of BENEFIT PLAN OPTION."
"INSURANCE POOL","2","Unassigned","Insurance (all LOB)","An insurance pool is a group of insurance companies that pool their assets in order to share the loss potential of insuring large risks such as nuclear power stations. Some pools are mandated to cover risks that cannot obtain coverage in the regular market, such as coastal properties that are prone "
"INSURANCE PRODUCT","1","Unassigned","Insurance (all LOB)","This entity contains those products that provide insurance for your customers. Examples are automobile insurance, homeowners insurance, life insurance, and property insurance."
"INSURANCE PROVIDER","1","Unassigned","Insurance (all LOB)","This entity represents the party that takes the risk and compensates the insured for the loss. This includes insurance companies, reinsurance companies, and insurance pools. A business can be any combination of these types."
"INSURANCE QUOTATION","7","Unassigned","Insurance (all LOB)","This is a subtype to QUOTATION and contains those quotations that are for insurance."
"INSURANCE RISK CATEGORY","4","Unassigned","Insurance (all LOB)","This minor entity translates the risk category codes into a description.  Examples of risk categories: - Low - Medium - High - Preferred  - Nonpreferred"
"INSURANCE RISK FACTOR RELATED","1","Unassigned","Insurance (all LOB)","Identifies the risk factor that has a common relationship to another risk factor for the purpose of providing an enhanced understanding of the compounding impact risk factors have on a party."
"INSURANCE RISK FACTOR RELATIONSHIP TYPE","3","Unassigned","Insurance (all LOB)","This minor entity identifies the relationship between two risk factors such as caused or is part of."
"INSURANCE RISK FACTOR RISK CATEGORY","3","Unassigned","Insurance (all LOB)","This is an associative entity that links the risk factors with the risk categories."
"INSURANCE RISK FACTOR TYPE","3","Unassigned","Insurance (all LOB)","Habits, conditions, or activities that may increase the likelihood of a loss or injury.   Examples: - 1 = Smoker - 2 = Skydiver - 3 = Astronaut - 4 = Diabetic - 5 = Air bags - 6 = Sprinkler system"
"INSURANCE RISK UNDERWRITE CLASS","1","Unassigned","Insurance (all LOB)","This entity associates risk factors to underwriting classes."
"INSURANCE STATUS REASON TYPE","3","Unassigned","Insurance (all LOB)","This minor entity converts the status reason type code into a description.  Examples of the reason for a status of an insurance agreement are: - Late payment of premium - Renewed period - Customer initiated change of payment period"
"INSURANCE TYPE","3","Unassigned","Insurance (all LOB)","This minor entity is a primary classification of insurance line of business such as life and property/casualty, and health."
"INSURANCE VERIFICATION STATUS","1","Banking - Agreement","Insurance Verify Status Dttm","This entity tracks the status of verifying insurance as it relates to a credit agreement such as verifying fire insurance on a home being mortgaged or life insurance for the primary obligor."
"INSURANCE VERIFY STATUS TYPE","2","Banking - Agreement","Insurance Verify Status Cd","A code for the status of the insurance verification process.   Examples include verbally verified with counterparty, inspected documents, and verified with insurance company."
"INSURED ASSET UNDERWRITE CLASS","2","Unassigned","Asset Underwrite Class Start Dt","This entity relates an insured asset to the underwriting class codes."
"INSURED PARTY APPLICATION","1","Unassigned","Insurance (all LOB)","This entity is a subtype to PARTY APPLICATION and contains additional details on those parties who are to be insured."
"INSURED PARTY UNDERWRITE CLASS","3","Unassigned","Insurance (all LOB)","This entity assigns underwriting classes to insured parties."
"INSURED PROVIDER SELECTION","5","Unassigned","Insurance (all LOB); Insured Party Id; Provider Party Id","A history of providers that an individual selects to perform services. This entity allows the same service provider to perform more than one service."
"INTANGIBLE ASSET ACCOUNT","1","Foundation - Finance","Intangible Asset Amortization Amt","The entity that indicates the other asset is intangible. Types of intangible assets are patents and goodwill. These assets have no physical existence, such as a brand, franchise, trademark, or patent; yet have a substantial value to the company."
"INTANGIBLE ASSET ACCOUNT SUBTYPE","5","Foundation - Finance","Intangible Asset Account Subtype Cd","The entity that indicates the type of an intangible asset account, for example, patent or goodwill."
"INTELLECTUAL PROPERTY","0","Foundation - Party Asset","","This entity includes intellectual property that is considered a corporate asset such as patents and copyrights."
"INTELLECTUAL PROPERTY TYPE","2","Foundation - Party Asset","Intellectual Property Type Cd","A code for the type of intellectual property such as patent or copyright."
"INTERACTION EVENT","7","Foundation - Event","Interaction Start Dt","Captures information regarding the visitor interaction activities. Activities include things such as posting messages on web pages."
"INTERACTION EVENT IMPRESSION XREF","0","Foundation - Event","","This entity links delivered ads to interactive events. It captures information regarding ads delivered during interaction events."
"INTERACTION STATUS","2","Foundation - Event","Interaction Status Start Dttm","This entity captures information regarding statuses of interaction types."
"INTERACTION STATUS TYPE","3","Foundation - Event","Interaction Status Type Cd","This code contains the interaction status types.  Examples:  - HTTP 200 - HTTP 401  - HTTP 403  - HTTP 500"
"INTERACTION SUMMARY","2","Foundation - Event","Interaction Summary Start Dttm","This entity provides statistics about visitor online interactions."
"INTERACTION TYPE","2","Foundation - Event","Interaction Type Cd","This code contains information regarding interaction types being utilized by visitors.  Examples:  - Message post to a web page  - Message post to other interactive device  - Monitor site list - Monitor site detail  - Monitor site results  - Monitor site content sources  - Monitor site post"
"INTERACTIVE CHAT","2","Foundation - Event","Interactive Participant Cnt","A type of event where the counterparty is involved in an interactive chat session hosted by the call center."
"INTERACTIVE DEVICE","3","Foundation - Channel","Interactive Device Id","This entity captures generic information regarding interactive devices utilized for transmitting information to visitors. It includes information related to a specific type of device.  Examples: - Motorola V9M wireless phone - Xbox 360 game console"
"INTERACTIVE DEVICE TYPE","2","Foundation - Channel","Interactive Device Type Cd","This code captures information regarding audio, video, mobile, and gaming devices.  Examples: - Mobile device (phone/ PDA) - Gaming device (Xbox, PS) - Personal computer (mac, windows) - Audio device (iPod) - Cable set-top devices  - Satellite receiver"
"INTERBANK EVENT","2","Foundation - Event","Interbank Agreement Id; Interbank Counterparty Account Id","This is a subentity to FINANCIAL EVENT and contains information about a money transfer between an account at your financial institution and an account in a different financial institution. Possibly a clearinghouse account is involved."
"INTERDEALER BROKER BUSINESS TYPE","0","Investment - Party","","This is a classification of an organization as an interdealer broker. Interdealer brokers act as intermediaries between investment banks. Interdealer brokers operate most significantly in over the counter derivatives markets for assets such as interest rate swaps and credit default swaps."
"INTEREST BASED AGREEMENT","6","Banking - Agreement","Last Reprice Dt","These are agreements where the pricing is based on interest rates such as loans, deposits, and debt instruments (bonds)."
"INTEREST CALCULATION TYPE","2","Foundation - Agreement","Interest Calculation Type Cd","This is a code for the method in which interest is calculated such as compound or simple."
"INTEREST DISBURSEMENT TYPE","2","Banking - Agreement","Interest Disbursement Type Cd","This minor entity describes the method for disbursing interest, for example, mail the interest payment, or add the interest back to the account."
"INTEREST EXPENSE ACCOUNT","0","Foundation - Finance","","The entity that indicates the expense account is an interest expense. Interest expense is paid to bondholders for the use of their money."
"INTEREST INCOME ACCOUNT","0","Foundation - Finance","","The entity that indicates the REVENUE ACCOUNT is for interest income. Interest income is received by the company from its investment in stocks and bonds.   Note: Some business might treat Interest Income as a negative expense. In this case, the entity is a subtype of EXPENSE ACCOUNT."
"INTEREST INDEX HISTORY","2","Foundation - Product","Index Rate Effective Dt","This entity keeps track of the interest rate over time for a specific index such as LIBOR."
"INTEREST INDEX PRODUCT","0","Investment - Product","","This is a type of product that is an interest index such as LIBOR. Interest indexes can be the subject of an investment and traded betting on how the index will fluctuate over time."
"INTEREST INDEX RISK FACTOR","5","Banking - Product","Bank Risk Factor Type Cd","This entity contains risk factors that can affect the value of interest index rates."
"INTEREST ONLY STRIP","0","Investment - Product","","Bonds that pay only interest to the investor, based on the remaining balance of a notional principal amount."
"INTEREST PAYMENT METHOD TYPE JAPAN","2","Banking - Agreement","Interest Payment Method Cd",""
"INTEREST RATE BANKING BOOK SUMMARY","10","Banking - Agreement","Period Start Dt","This entity tracks the interest rate risk in the banking book (IRRBB), as opposed to the interest rate risk in the trading book (which is in market risk). It is intended to support Basel II market disclosure (Pillar 3) requirements, specifically Table 13."
"INTEREST RATE CAPITAL PARAMETER","5","Banking - Agreement","Time To Maturity Period Cd","When calculating interest rate risk using the standardized approach, the capital charge is a function of the type of instrument:   Government issued paper  Qualifying - issued by public sector and multilateral development banks and others with a certain investment grade  Refer to the Market Ri"
"INTEREST RATE INDEX","5","Foundation - Product","Interest Rate Index Cd","This minor entity represents an interest rate index. Examples of indices are bank prime rate, 3-month bank CD, and LIBOR 6-month. Interest rates charged to customers are based on these indexes.   Each instance includes the tenor. For example, there is one instance for 6 month LIBOR and another ins"
"INTEREST RATE INDEX TYPE","2","Foundation - Product","Interest Rate Index Type Cd","This is a code for the interest rate index such as LIBOR, 11th District Cost of Funds, and U.S. Treasury."
"INTEREST RATE QUOTATION","32","Investment - Product","Letter","<Main Subject Area>"
"INTEREST RATE RISK CALCULATION","9","Investment - Agreement","Agreement Product Role Cd-new","This entity contains interest rate market risk metrics for each financial instrument that is part of an agreement that has market risk. For example, if the agreement is a swap then there would be two financial instruments and each instrument has its own set of market risk metrics.   When calculati"
"INTEREST RATE SUBTYPE","2","Investment - Product","Interest Rate Subtype Cd","A classification of how interest is classified as fixed, floating, or bullet interest payments."
"INTEREST RATE SWAP","0","Investment - Agreement","","An interest rate swap is an agreement to exchange net future cash flows. In fixed for floating swaps, one counterparty pays a fixed rate and the other pays a floating rate based on a reference rate such as Libor. There is no exchange of principal. The interest payments are made on a notional amount."
"INTEREST RATE SWAP SUBTYPE","2","Investment - Agreement","Interest Rate Swap Subtype Cd","A classification of an interest rate swap as either a fixed-fixed interest rate swap, a fixed-floating interest rate swap, or a floating-floating interest rate swap."
"INTEREST RECEIVABLE","0","Banking - Finance","","The entity that provides details for the interest receivable accounts."
"INTERNAL ACCOUNT","1","Foundation - Agreement","Internal Account Id","An account where the enterprise is an active party (either on the debit or credit side) and a signatory to the agreement."
"INTERNAL ASSET SUBJECT AREA","0","Unassigned","","Drawing_Object_Rectangle_84197"
"INTERNAL ASSET SUBTYPE","2","Foundation - Finance","Internal Asset Subtype Cd","This entity further classifies an internal asset as either fixed or consumable."
"INTERNAL ASSET TYPE","3","Foundation - Finance","Internal Asset Type Id","This is the list of types of items or assets that your business purchases to conduct operations. It is related to purchase orders, invoices, receipts, and returns.   Examples include supplies, desks, chairs, and personal computer. This is a classification of the asset and not the asset instance. "
"INTERNAL CLAIM ADJUDICATION","2","Unassigned","Insurance (all LOB); Adjudication Event Id","This is an adjudication done by the Insurance company who owns the warehouse. This is when they are the destination payer on the claim."
"INTERNAL CONSUMABLE ASSET TYPE","0","Foundation - Finance","","This is an internal asset that is consumable such as supplies."
"INTERNAL CREDIT REPORT","0","Foundation - Agreement","","This entity includes the data elements that went into the internal calculation of a credit report and score. The elements will vary by institution and this entity will be customized by adding the additional data elements. There is one instance for each run of the report. The creation of this report "
"INTERNAL DIRECT DEBIT","6","Banking - Agreement","To Agreement Id","This entity contains information about direct debits allowed from one account inside the financial institution to another account within the financial institution.   A direct debit is a transfer of money, executed by the financial institution, on the request of the creditor. The creditor specifies"
"INTERNAL FIXED ASSET TYPE","0","Foundation - Finance","","This is an internal asset that classified as a fixed asset such as buildings."
"INTERNAL MODEL APPROACH SUMMARY","10","Investment - Party","Period Start Dt; Trading Portfolio Id","This entity tracks Basel II market risk values for banks using the Internal Models Approach (IMA) for calculating the market risk of trading portfolios. It is intended to support Basel II market disclosure (Pillar 3) requirements, particularly Table 10. For Table 9 see entity CAPITAL REQUIREMENTS SU"
"INTERNAL ORGANIZATION","2","Foundation - Internal Organization","Internal Organization Party Id","This is a subtype to ORGANIZATION. It is an organization that is internal to an enterprise such as a department or subsidiary."
"INTERNAL ORGANIZATION GROUP FUNCTION","2","Foundation - Internal Organization","Internal Organization Group Function Start Dt","This entity associates internal organization with functions."
"INTERNAL ORGANIZATION GROUP SKILL","0","Foundation - Internal Organization","","This is an associative entity between a financial institution internal organization and type of skill. It identifies those skills that are required for an internal organization."
"INTERNAL ORGANIZATION SUBTYPE","2","Foundation - Party","Internal Organization Subtype Cd","This minor entity is used as a category discriminator to distinguish: - Your financial institution's internal organization (e.g., your branch offices) - Other financial institutions' internal organizations - Other internal organizations that are not of a financial institution (e.g., a branch reta"
"INTERNAL ORGANIZATION TYPE","2","Foundation - Internal Organization","Internal Organization Type Cd","This minor entity identifies the type of INTERNAL ORGANIZATION. Examples of internal organization types can include departments, branches, regional offices, cost centers, profit centers, subsidiary, or divisions."
"INTERNAL ORGANIZATION WORKSTATION","0","Foundation - Internal Organization","","This entity tracks all the workstation terminals that are related to a potential sale or service channel such as the terminals at a branch or call center. The workstation terminal number is unique within the lowest level of the financial institution's internal organization."
"INTERNAL PARTY IDENTIFICATION","0","Foundation - Party","","This entity makes it possible to specify which internal organization of the financial institution issued the (internal) identification number for the party."
"INTERNAL PROCESSING METHOD TYPE","2","Foundation - Finance","Internal Processing Method Type Cd","This entity captures information regarding the internal method used to process the transaction.  Examples: - Batch - Manual - Quick - Refund  Note: Batch payments originate in batches.  Note: Manual payments were made manually and entered into the system.  Note: Quick payments were made "
"INTERNAL PROJECT","0","Foundation - Finance","","INTERNAL PROJECT indicates the PROJECT is for use inside the company only."
"INTERNAL SEARCH ACTION TYPE","2","Foundation - Event","Internal Search Action Cd","This entity captures information regarding the user action in relation to a given search."
"INTERNAL SEARCH EVENT","4","Foundation - Event","Internal Search Page Cnt; Internal Search Web Page Id","This entity captures information regarding internal web site searches."
"INTERNAL SEARCH EVENT XREF","0","Foundation - Event","","This entity captures information linking search events to the search fields being referenced by the search event."
"INTERNAL SEARCH NAME TYPE","2","Foundation - Event","Internal Search Name Cd","This entity captures information regarding the name of the internal search form/process used."
"INTERNAL SEARCH RESULT CONTENT","8","Foundation - Event","Internal Search Result Offset Cnt","This entity captures information pertaining to the result variables returned from an internal search event.  The actual attribute names should be updated at the customer site to reflect better the result types expected from each of the returned values."
"INTERNAL SEARCH RESULT TYPE","2","Foundation - Event","Internal Search Result Cd","This entity captures information regarding the eventual outcome of an internal search."
"INTERNAL STANDING ORDER","6","Banking - Agreement","To Agreement Id","This entity contains information about automatic transfers of money from one account inside the financial institution to another account inside the financial institution. For example, a standing order could be to move $100 each month from checking to savings accounts for the same party.  A standin"
"INTERNET PROTOCOL ADDRESS","4","Foundation - Location","Internet Protocol Address Id; Internet Protocol Registered By Party Id","Internet Protocol (IP) addresses are assigned to every computer or device on a TCP/IP network such as the Internet. They may be assigned statically, where a computer/device is assigned an IP Address and it will always use that address. They may also be assigned dynamically where at the point a compu"
"INTERNET PROTOCOL ADDRESS GEOGRAPHICAL MAP","5","Foundation - Location","Telephone Area Code Num","Maps ranges of Internet Protocol Addresses to their geographical origin.  Note: Since this information is typically provided by a third party, all the geo information listed are not considered derivable. Typically, (almost) all that would be needed would be the Postal Code, after which everything "
"INTRABANK EVENT","2","Foundation - Event","Intrabank Agreement Id; Intrabank Counter Agreement Id","This is a subentity to FINANCIAL EVENT and contains information about money being transferred from a customer's account to an account within the same financial institution."
"INVENTORY","0","Foundation - Party Asset","","This entity is a subtype of PARTY ASSET and describes the list of goods on hand of a business."
"INVESTMENT AGREEMENT","8","Investment - Agreement","Expected Value Dttm","This is a code for the various types of risk such as: - Credit risk - failure of counterparty to meet contract obligations - Market risk - risk of fluctuation of market values of financial instrument - Operational risk - failure of processes, people, systems  For insurance it would include unde"
"INVESTMENT AGREEMENT ALLOCATION","3","Investment - Agreement","Party Investment Allocate Start Dt","This entity keeps track of investment allocation objectives for this investment account. It varies by asset class or product  group such as stock, bonds, and cash.  This is related to agreement because it could include investment accounts and life insurance policies."
"INVESTMENT AGREEMENT SUMMARY","2","Investment - Agreement","Investment Agreement Summary Dttm","This entity contains agreement/brokerage account level metrics such as fair market value, value presented on balance sheet, actual return, and predicted return."
"INVESTMENT ASSET ACCOUNT","0","Foundation - Finance","","The entity that provides details for investments. These investments in debt securities with a positive intent and the ability to hold these securities until they mature."
"INVESTMENT CORPORATE ACTION","0","Investment - Event","","This entity contains all externally originated events that are related to an investment product. These events are usually initiated by the investment product issuer or by an exchange and are referred to as 'corporate actions.'  Examples are: - Declaration of dividend - Distribution of units, suc"
"INVESTMENT EVENT SUBTYPE","2","Investment - Event","Investment Event Subtype Cd","This minor entity translates the code for the type of Investment Event that affects positions into a description. Used as a category discriminator.  Examples are: - 1 = Financial Settlement of trade, fee, cost, commission, and tax - 2 = Trade order - 3 = Trade execution - 4 = Transfer to/from "
"INVESTMENT GRADE PARAMETER","3","Investment - Party","Investment Grade Start Dttm","This entity will identify whether a class of industries with a give risk grade are considered investment grade.  An investment grade security is an investment instrument, other than an insurance policy or fixed annuity, which offers evidence of debt or equity and is issued by an organization that "
"INVESTMENT HOLDING","3","Investment - Agreement","Investment Holding Start Dttm","This entity keeps track of the number of units for the investment products (holdings) that are outside of a portfolio. These investments may include your institution's investments or your customer's investments where you are a party to the investment. There is one instance for each homogenous holdin"
"INVESTMENT HOLDING STATEMENT","1","Investment - Agreement","Statement Holding Position Type Cd","The value for each holding of investment product within a portfolio as of the statement date and which appeared on this statement. This represents a summary of holdings and their market value for this investment account for this investment product."
"INVESTMENT HOLDING STATEMENT METRIC","3","Investment - Agreement","Investment Holding Statement Amt","This entity shows metrics for a given investment holding for a given account for a given statement.  Examples:  - Quantity of shares or units held - Current market unit price (count x unit price) - Current market value of holding - Estimated income for this holding"
"INVESTMENT OBJECTIVE TYPE","2","Investment - Party","Investment Objective Cd","A code for the type of investment objective such as capital appreciation or income."
"INVESTMENT POOL","0","Unassigned","","Drawing_Object_Rectangle_162788"
"INVESTMENT PORTFOLIO POSITION SUMMARY","3","Investment - Agreement","Investment Portfolio Position Start Dt","This is a derived summary entity that reports the investment position by investment product and portfolio (agreement group). This is one example of potentially many such summary entities that could be created from the underlying detailed data. Variations that we have seen include reporting by cost c"
"INVESTMENT POSITION","6","Investment - Agreement","Investment Position Start Dttm","This entity tracks the values of the investment over time for this holding. The values can include book value (as represented on the balance sheet), fair value, and market value. It gives a point in time position value for a holding in a financial instrument. The values could be actual or projected."
"INVESTMENT POSITION SPECIFIC","8","Investment - Agreement","Projected Ind","This entity tracks the values of the investment over time for this holding. The values can include book value (as represented on the balance sheet), fair value, and market value. It gives a point in time position value for a holding in a financial instrument. The values can be actual or projected. "
"INVESTMENT PRODUCT","1","Investment - Product","Investment Product Id","An INVESTMENT PRODUCT is a financial instrument including securities that are listed on an exchange and which can be traded for investment purposes. One instance of INVESTMENT PRODUCT can represent a debt or equity offering or issue including funds, baskets, indexes, or other groups of securities. T"
"INVESTMENT PRODUCT EVENT","3","Investment - Event","Investment Event Unit Cnt","This entity contains those activities that affect either your customer's investments or your own internal investments. This includes events where your customer is the investor and you are the broker, and it includes those events where you are the investor.   The majority of investment events will "
"INVESTMENT PRODUCT EXTERNAL EVENT SUBTYPE","2","Investment - Event","Investment Product External Event Subtype Cd","This entity classifies events that affect investment products where those events originated external to your enterprise, usually by the investment product issuer or by an exchange.   Examples: - Suspension of trading - Restarting of trading - Rights issue - Stock split - Bond redemption - Bo"
"INVESTMENT PRODUCT GROUP RISK FACTOR","5","Investment - Product","Bank Risk Factor Type Cd","This entity contains the market risk factors associated with a group of investment products, such as all oil commodities, or all stocks in a given country, or all stocks in a given industry."
"INVESTMENT PRODUCT RISK FACTOR","5","Investment - Product","Bank Risk Factor Type Cd","This entity contains risk factors associated with the value of this investment product/instrument. Commodities are included in investment product.   Investment product can contain each individual issue/instrument or it can contain an index or grouping of issues too represent a given market (e.g., "
"INVESTMENT PRODUCT RISK METRIC","4","Investment - Product","Investment Product Zero Haircut Ind","This entity contains risk related metrics used for calculating exposures to risk where an investment is made in this security. Many of these are per the Basel II Accord."
"INVESTMENT PRODUCT SUBTYPE","2","Investment - Product","Investment Product Subtype Cd","This minor entity converts Investment Product Type Cd into a description.   Examples: - Stock - Bond - Fund - Option - Future - Commodity - Currency - Interest rate index - Group or basket of products (other than fund) - Swap - Securities index - Forward"
"INVESTMENT PRODUCT TRADE SUBTYPE","2","Investment - Product","Investment Product Trade Subtype Cd","This minor entity identifies whether this investment product is traded over an exchange.  Examples: - Nontraded investment products - Traded security"
"INVESTMENT PRODUCT TRADING SUSPENSION","1","Investment - Event","Investment Product Suspension Day Cnt","This is an event to stop or start trading for a given financial instrument."
"INVESTMENT PRODUCT YIELD CURVE","0","Foundation - Product","","This entity associates a yield curve type, such as 10 year LIBOR, with an investment product and the purpose of the relationship such as for funds transfer pricing or for liquidity premium calculation."
"INVESTMENT PRODUCT YIELD CURVE PURPOSE TYPE","2","Foundation - Product","Investment Product Yield Curve Purpose Cd","This is a code for the reason the yield curve is associated with the product such as for base funds transfer pricing and for liquidity premium calculations."
"INVESTMENT PURPOSE TYPE","2","Investment - Agreement","Investment Purpose Type Cd","A description of the purpose of this investment.  Examples: - Steady income for retirement - Maximize cash flow - Long term - Short term - College savings - Hedge another investment"
"INVESTMENT RISK TOLERANCE TYPE","2","Investment - Party","Investment Risk Tolerance Type Cd","A classification of how tolerant someone is to risk of losing money when it comes to investment decisions such as: - Aggressive/speculative - Moderate - Conservative - Very conservative"
"INVESTMENT SECURITY RISK GRADE","3","Investment - Product","Investment Risk Grade Start Dttm","Financial instruments are also graded by third parties such as Standard & Poor's.  For example, if the agency (method) is Standard & Poor's then the Risk Grade Id would represent the assessment value such as AAA to AA-, A+ to A-, BBB+ to BBB-, BB+ to B-, Below B-, and Unrated."
"INVESTMENT SERVICE","1","Investment - Product","Service Product Id","This type of product is an investment service such as financial analysis or brokerage service. It does not include the financial instruments.  For investment banking, examples of services include investment banking advisory services like mergers and acquisition advice and capital raising advice, a"
"INVESTMENT SERVICE SUBTYPE","2","Investment - Product","Investment Service Subtype Cd","A classification of the type of investment service offered such as: - Brokerage service - Financial analysis service - Investment portfolio management - Merger and acquisition service - Investment underwriting service"
"INVESTMENT STATEMENT LINE ITEM","5","Investment - Agreement","Investment Statement Line Item Num","The line item information for each trade of an investment product as it appeared on the statement. This represents the activity portion of the investment statement."
"INVESTMENT STATEMENT LINE ITEM METRIC","3","Investment - Agreement","Investment Holding Statement Line Amt","This entity represents metrics at the line item level for investment trades within a portfolio. This can include the number of units traded, the sales price, the commission price, and fees."
"INVESTMENT SUBTYPE","2","Investment - Agreement","Investment Subtype Cd","Used as a subtype discriminator to distinguish the types of investments such as: - Foreign exchange (e.g., nostra accounts) - Securities finance (including repos) - Derivative  - Cash at other banks - Security holding  Note that credit derivatives are a subtype to RISK MITIGANT AGREEMENT."
"INVESTMENT VALUE TYPE","2","Investment - Agreement","Investment Value Type Cd","This is a code for the type of value or metric of the investment.   Examples of types of values include: - Fair market value - Fair value or book value as presented on balance sheet - internal investment - Actual return - internal investments - Predicted return - internal investments"
"INVOICE","5","Foundation - Finance","Invoice Id","This entity contains information related to a billing document presented to a bill-to-party as a request for payment for goods sold or services rendered. The INVOICE entity captures information about an invoice such as invoice date, host invoice number, payment terms, and freight terms.   In the F"
"INVOICE ADJUSTMENT","6","Foundation - Finance","Invoice Adjustment Id","This entity identifies the credits and debits made against an INVOICE. For example, a customer may be given a credit for damaged goods or additional charges may be applied to correct improper pricing."
"INVOICE AMOUNT","4","Foundation - Finance","Invoice Amount Dttm","This associative entity relates the INVOICE with the amounts for the INVOICE, such as invoice original amount, and invoice total amount, as defined in the Invoice Amount Type Cd. The amounts are recorded in transaction, local accounting, and base currencies."
"INVOICE AMOUNT TYPE","2","Foundation - Finance","Invoice Amount Type Cd","This minor entity contains the INVOICE monetary amount types and descriptions that can be associated with an AP INVOICE or AR INVOICE.   Examples: - Invoice original amount - Unit price - Invoice total amount - Freight invoice total amount - Tax amount - Discount amount - Paid amount - Unp"
"INVOICE CHARGE","1","Foundation - Finance","Invoice Charge Amt","This entity captures information regarding the specific charges that are added to a purchase or sales transaction that are not related to any particular item.  Examples: - Shipping - Handling - Insurance - Expedited shipping"
"INVOICE LINE PARTY","4","Foundation - Finance","Invoice Line Party Id","This entity is used to store the relationship between AP INVOICE LINE and the Party Role Cd associated with each line item. Possible role codes could be shipment receiver, payment approver, and goods inspector. This entity links to AP INVOICE LINE as well as INVOICE LINE PARTY ROLE."
"INVOICE LINE PARTY ROLE","2","Foundation - Finance","Invoice Line Party Role Type Cd","This entity identifies a PARTY's role relationship to an invoice line.  Possible role codes could be shipment receiver, payment approver, goods inspector."
"INVOICE LINE PAYMENT","3","Foundation - Finance","Invoice Line Payment Num","Contains information about INVOICE LINE PAYMENT detail related to an INVOICE PAYMENT."
"INVOICE LINE PAYMENT STATUS","2","Foundation - Finance","Invoice Line Payment Start Dttm","Assigns a PAYMENT STATUS, such as remitted or reversed, to an invoice line. Tracks INVOICE LINE PAYMENT status by date. In addition, associates a reason with the PAYMENT STATUS, such as wrong amount or agreement closed."
"INVOICE PARTY","3","Foundation - Finance","Invoice Party Start Dttm; Invoice Party Id","This entity identifies the PARTYs associated with an INVOICE. Examples include, the customer, buyer, vendor, requestor, salesperson, collector, payer, payee, ordering party, delivered to party, bill to party, responsible department party, invoice created by party, and responsible sales department."
"INVOICE PARTY ROLE TYPE","2","Foundation - Finance","Invoice Party Role Type Cd","This minor entity identifies the role type of a party to INVOICE such as the customer, buyer, vendor, requestor, salesperson, collector, payer, payee, ordering party, delivered to party, bill to party, responsible department party, invoice created by party, and responsible sales department."
"INVOICE PAYMENT","3","Foundation - Finance","Invoice Payment Event Id","This entity captures information regarding payments made or collected that relates to an invoice. Other payments not represented here could include contract payments or any payment that does not relate to an invoice.  This entity allows for one payment to be applied to many invoices, and one invoi"
"INVOICE PAYMENT METHOD TYPE","2","Foundation - Finance","Invoice Payment Method Type Cd","This code captures information regarding ways to apply one payment to one or more invoices such as largest amount first, alphabetical, or customer request."
"INVOICE PAYMENT SUBTYPE","2","Foundation - Finance","Invoice Payment Subtype Cd","Further classifies an INVOICE LINE PAYMENT as a remittance against an AP INVOICE LINE PAYMENT or collection against an AR INVOICE LINE RECEIPT."
"INVOICE QUANTITY TYPE","6","Foundation - Finance","Invoice Quantity Type Cd; Ad Id","This classifies the status of this order such as credited, invoiced, and ordered."
"INVOICE RELATED","0","Foundation - Finance","","This associative entity relates INVOICEs to other INVOICEs. There is one instance for each relationship. The Invoice Relationship Type Cd describes the relationship type between INVOICEs.  Examples of INVOICE relationships include PA DRAFT INVOICE to AR INVOICE, and INVOICE ADJUSTMENT to the origi"
"INVOICE RELATIONSHIP TYPE","2","Foundation - Finance","Invoice Relationship Type Cd","This minor entity describes the type of relationship between two INVOICEs such as replaces and credit memo for."
"INVOICE SOURCE TYPE","2","Foundation - Finance","Invoice Source Type Cd","This entity describes the source of the invoice, e.g., auto invoice and transactions window."
"INVOICE STATUS","2","Foundation - Finance","Invoice Status Dttm; Invoice Status Party Id","This entity tracks the status of an INVOICE, such as cancelled, approved, pending, send, hold, and release."
"INVOICE STATUS REASON TYPE","2","Foundation - Finance","Invoice Status Reason Cd","A reason why a particular Invoice Status Type Cd is assigned to an INVOICE or an invoice Line.  For example, if the status code is 'release' for an AP INVOICE, the reason codes may be PO was matched, or the quantity ordered has been reconciled. Alternatively, they may be a predefined value of acco"
"INVOICE STATUS TYPE","2","Foundation - Finance","Invoice Status Type Cd","The status or conditions that can be assigned to an AR INVOICE, AP INVOICE or invoice line such as cancelled, approved, pending, send, hold, and release."
"INVOICE SUBTYPE","2","Foundation - Finance","Invoice Subtype Cd","This entity defines the type of INVOICE such as an AR INVOICE, an AP INVOICE, or a PA DRAFT INVOICE."
"ISIN PRODUCT IDENTIFIER","0","Investment - Product","","An International Securities Identification Number (ISIN) uniquely identifies a security. Its structure is defined in ISO 6166. Securities for which ISINs are issued include bonds, commercial paper, equities, and warrants. The ISIN code is a 12-character alphanumeric code that does not contain inform"
"ISO CURRENCY TYPE","0","Foundation","","The code for this currency as assigned by the International Standards Organization.  Examples: - USD = U.S. Dollar - AUD = Australian Dollar - JPY = Japanese Yen"
"ISO LANGUAGE TYPE","0","Foundation - Party","","The ISO 639 standard for this language.  Examples: - Eng = English - Frp = Franco Provencal - Spa = Spanish"
"ITEM CLASS","2","Foundation - Product","Item Class Cd","A grouping of like objects usually created along the enterprise's reporting hierarchy and associated with a certain grouping of ITEMs."
"ITEM IDENTIFICATION TYPE","2","Foundation - Finance","Item Identification Type Cd","This entity contains ITEM IDENTIFICATION TYPE values such as lot number and serial number."
"ITEM SUBCLASS","2","Foundation - Product","Item Subclass Cd","A level of the ITEM hierarchy description. An item is a member of exactly one ITEM CLASS. The actual naming convention for the product or item hierarchy may vary across organizations."
"ITEM TRANSFER","2","Foundation - Event","Item Transfer Object Name; Item Transfer Event Id","This entity captures the transfer of digital items. There is a one-to-many relationship to the sales transaction line entity to handle situations where multiple items are purchased.   For example, the purchase of a single digital item (let us say, a music album) can trigger the download of 10 mp3"
"ITEM TRANSFER DIRECTION TYPE","2","Foundation - Event","Item Transfer Direction Type Cd","This entity captures information regarding item transfer direction; transfer directions can be either uploads or downloads."
"IVR ACTION","0","Foundation - Event","","User interaction function performed in an IVR step. Determined by override process and implemented by the application entry. A function combines operational characteristics such as language."
"IVR BUSINESS TRANSACTION","0","Foundation - Event","","A classification of the type of business transaction that is the result of this call such as open an account, make a payment, or transfer money from one account to another."
"IVR LEG","0","Foundation - Event","","An action performed within the Interactive Voice Response determined by a distinct call record. If the call is routed to a different call center or server then a new leg is created."
"IVR LEG ACTION TYPE","0","Foundation - Event","","A code identifying the IVR action that started the IVR leg."
"IVR LEG TERMINATION TYPE","0","Foundation - Event","","Identifies the outcome at termination of the step or leg."
"IVR STEP NAVIGATION","0","Foundation - Event","","Processing segment of the call leg consisting of an interaction with the caller supported by a single action (override) begun with an entry into the application. The step may transfer to another step, transfer to a different call leg, or end with a caller disconnect.  Each step has a recorded resu"
"IVR STEP TRANSACTION","0","Foundation - Event","","Financial and/or service transaction handled by the IVR STEP if the step resulted in some business transaction. This represents the business transaction that is the result of the navigation such as open an account, make a payment, or transfer money from one agreement to another. The other entities i"
"IVR TERMINATION TYPE","0","Foundation - Event","","Identifies the type of outcome at termination of the step or leg."
"JAVASCRIPT VERSION","2","Foundation - Event","JavaScript Version Num","This entity captures information regarding JavaScript versions.  Examples: - 1.0 - 1.1 - 1.2"
"JEWELRY","0","Foundation - Party Asset","","This entity is a subtype of PARTY ASSET and describes the jewelry."
"JEWELRY GEM TYPE","2","Foundation - Party Asset","Jewelry Gem Type Cd","This minor entity converts the jewelry gem code into a description."
"JEWELRY METAL TYPE","2","Foundation - Party Asset","Jewelry Metal Type Cd","This minor entity converts the jewelry metal code into a description."
"JEWELRY TYPE","2","Foundation - Party Asset","Jewelry Type Cd","This minor entity converts the jewelry type code into a description."
"JOB CLASSIFICATION","2","Foundation - Internal Organization","Job Classification Cd","Describes the general job title or classification of a position. Examples would be teller, customer service rep, branch manager, senior VP, marketing analyst, and product manager."
"JOB CLASSIFICATION LABOR SHIFT SCHEDULE","5","Foundation - Party","Labor Dt","This entity specifies for a given location, date, work shift and job classification code, how many regular and overtime hours will be scheduled. A complete schedule for a location can be created by building an entry for each job classification code at that location for a particular date.  Note: On"
"JOB LABOR TASK CROSS REFERENCE","0","Foundation - Party","","Specifies all the labor task types than can (or may) be performed by someone within a given job classification.  Example: Bill's job classification code of 25 (Sr. Housekeeper) can have the following Labor Tasks associated with it: - Housekeeping inspection task - Housekeeping supervision task "
"JOB TITLE CHANNEL TYPE","0","Foundation - Channel","","This entity contains channel types that are job titles. A job title such as Financial Planner, Relationship Manager, Branch Representative, or Call Center Representative may be treated as a type of channel for marketing, collections, or fraud prevention purposes. In this situation, persons with thes"
"JOINT PROJECT","0","Foundation - Finance","","JOINT PROJECT Type indicates the PROJECT is involves PARTYs both within and outside the company."
"JOURNAL ENTRY HEADER","1","Foundation - Finance","Journal Entry Header Id","The entity that provides summary of an accounting transaction recorded in the general ledger."
"JOURNAL ENTRY LINE","11","Foundation - Finance","Journal Entry Line Cnt","The entity that provides details of an accounting transaction usually, credit, or debit recorded for a transaction. One JOURNAL ENTRY HEADER will have multiple JOURNAL ENTRY LINEs."
"JOURNAL ENTRY SUBJECT AREA","0","Unassigned","","Drawing_Object_Rectangle_84194"
"JOURNEY POINT","2","Unassigned","Vehicle Party Asset Id; Vehicle Monitoring Device Party Asset Id","The entity tracks the various locations where the motor vehicle or vessel is driving through as reported by the on board monitoring device. It contains both places through which it is driven and where it is parked. One instance is one registered point in a journey. The collection of the measurement "
"KEYWORD CATEGORY","2","Foundation - Event","Keyword Category Cd","This is the code for the category in which the keyword resides."
"KEYWORD PHRASE","2","Foundation - Event","Keyword Phrase Id","This entity captures information regarding keywords or keyword phases used during searches."
"KEYWORD PLACEMENT","8","Foundation - Event","Keyword Placement Dt; Ad Group Paid Search Id; Keyword Phrase Paid Search Id","This entity captures information regarding the placement of keywords or keyword phrases and their associations to search engines, search engine accounts, campaigns, advertisement groups and paid search match types."
"KEYWORD PLACEMENT AD GROUP XREF","0","Foundation - Event","","This entity captures information regarding linkages between paid search keywords and paid search ad groups. Ad groups are actually groups of items that have linkages to the keywords or phrases."
"KIOSK CHANNEL INSTANCE","2","Foundation - Channel","Kiosk Channel Instance Id; Kiosk Id","This entity represents a specific kiosk that is used as a channel instance.  If the Kiosk is owned by your institution then it is also a fixed asset and will have a Fixed Asset Id."
"LABOR AGREEMENT","2","Foundation - Agreement","Labor Agreement Id","For a specific HR POSITION, LABOR AGREEMENT is a contract that defines the related employment terms and conditions. For example, an HR POSITION may be subject to a collective bargaining agreement reached with a labor union. Certain executive positions may involve an employment contract containing co"
"LABOR FINANCIAL PLAN","13","Foundation - Finance","Plan Period Start Dt","Denotes the planned labor cost and hours for a specific job classification for a specific plan period at a specific SITE."
"LABOR GRIEVANCE","5","Foundation - Party","Labor Grievance Id; Grievant Party Id","A complaint filed by an employee related to a collective agreement or a law. The grievance may be resolved by procedures provided for in a collective agreement, by a court, by the Nation Labor Relations Board, or by mechanisms established by an employer."
"LABOR GRIEVANCE DOCUMENT","2","Foundation - Party","Labor Grievance Document Id; Author Party Id","A document related to a labor grievance."
"LABOR GRIEVANCE PROCESS","3","Foundation - Party","Labor Grievance Process Start Dttm; Labor Grievance Process Id","The processing of a grievance through the various procedure steps. This entity provides a simple option for following a grievance through the many steps required to reach a resolution. If a very detailed method is preferred then GRIEVANCE PROJECT can be used."
"LABOR GRIEVANCE STATUS","2","Foundation - Party","Labor Grievance Status Start Dttm","The status of the grievance."
"LABOR GRIEVANCE STATUS REASON","2","Foundation - Party","Labor Grievance Status Reason Cd","The reason a status of a grievance ended."
"LABOR GRIEVANCE STATUS TYPE","2","Foundation - Party","Labor Grievance Status Cd","A code that designates the status of a grievance. Examples include reviewed, dismissed, closed, resolved, negotiation, mediation, arbitration, appeal, or litigation."
"LABOR GRIEVANCE TYPE","2","Foundation - Party","Labor Grievance Type Cd","The type of grievance. Examples include trade union, workplace safety, harassment, or discrimination of a protected group."
"LABOR POOL","5","Foundation - Party","Associate Party Id","This entity identifies the ASSOCIATEs that can be drawn from to perform labor at a specific SITE."
"LABOR TASK GROUP","2","Foundation - Party","Labor Task Group Cd","Groups related Labor Task Types.  Examples: - Clerical - typing, filing, receptionist duties - Manual - driving a truck, forklift operation, operate sorting machine - White Collar - adjusting freight claims and making sales calls"
"LABOR TASK TYPE","2","Foundation - Party","Labor Task Type Id","This entity represents a 'type of work' that can be performed.  Examples: - Operate a forklift - Rebuild brake master cylinder - Operate a POS device"
"LANGUAGE PROFICIENCY TYPE","2","Foundation - Party","Language Proficiency Type Cd","The natural method of language expression that a party may be proficient in.  Examples: - Speaking - Understanding (listening) - Reading - Writing"
"LANGUAGE TYPE","3","Foundation - Party","Language Type Cd","This is a code for the method of written or spoken communication that is tied to world regions and cultures such as English, Spanish, German, and French.  Note: ISO 639 can be used as a standard identifier."
"LANGUAGE USAGE TYPE","2","Foundation - Party","Language Usage Type Cd","The way a LANGUAGE TYPE is used in a specific instance by a PARTY.  Examples:  - Verbal communication - Written communication - Solicitation"
"LEASE AGREEMENT","0","Banking - Agreement","","A lease agreement is a contract giving the right or possession and use of an asset for a specified period in exchange for payments. A lease contract may be written for a single piece of equipment, or it may be a master lease governing a continuing arrangement regardless of the equipment leased. On t"
"LEASE TYPE","2","Banking - Agreement","Lease Type Cd","A classification of the lease such as business or personal."
"LEAVE INDIRECT EARNING","0","Foundation - Party","","Earned leave paid indirectly as a noncash benefit."
"LEAVE PLAN","2","Foundation - Party","Benefit Plan Id; Benefit Plan Option Id","Describes the various different leave plans that may be offered to associates as part of a benefit plan."
"LEDGER BATCH","7","Foundation - Finance","Ledger Batch Id","The entity groups journal entries into batches as general ledger transactions."
"LEDGER BATCH TYPE","2","Foundation - Finance","Ledger Batch Type Cd","The entity that indicates the type of general/sub ledger batch.   Possible examples may be: - Batch from journal entries - Batch from accounts payable  - Batch from accounts receivable"
"LEDGER POSTING STATUS","2","Foundation - Finance","Ledger Posting Status Cd","The entity that indicates the posting status of a general/sub ledger batch.   Possible examples may be: - Posted (ready to be entered in the general/subledger) - Do not post"
"LEEWAY TYPE","2","Foundation - Product","Leeway Type Cd","This minor entity identifies the types of negotiating power that a party has for certain features of a product. Examples of leeways include can eliminate a condition, can increase or decrease the terms of a feature like the interest margin or balance requirement."
"LEGAL ACTION","6","Foundation","Legal Action Id","Activities that address the resolution of a dispute between the company and others, usually with the assistance or participation of a third party.   Examples include litigation, contractual resolutions, and other actions covering claims, labor disputes, and convictions.  The model captures legal"
"LEGAL ACTION DOCUMENT","0","Foundation","","This entity identifies the documents associated with a legal action such as a court filing, a property lien, and a police report."
"LEGAL ACTION EVENT","0","Foundation","","This entity contains any activities related to a legal action such as its creation, closure, court appearances, and settlement activities."
"LEGAL ACTION FINANCIAL","3","Foundation","Legal Action Metric Start Dt","Financial information related to the legal action such as: - Amount of the law suit - Cost of the legal action - Expected recovery from legal action"
"LEGAL ACTION METRIC TYPE","2","Foundation - Agreement","Legal Action Metric Type Cd","A code for the type of metric being measured:  Examples: - Desired claim amount - Expected recovery amount - Cost of legal action"
"LEGAL ACTION OUTCOME","2","Foundation","Legal Action Outcome Dt","Details information about the outcome of a specific legal action such as: - Won - Lost - Contingent"
"LEGAL ACTION OUTCOME TYPE","2","Foundation - Agreement","Legal Action Outcome Cd","A code for the outcome of the legal action such as: - Won - Lost - Contingent"
"LEGAL ACTION PARTY ROLE TYPE","2","Foundation - Party","Legal Action Party Role Cd","The role of the party to the legal action such as: - Your organization - filed the law suit - Your organization - recipient of law suit - Your insured - the injured party in a subrogation suit - Responsible party - the party being sued"
"LEGAL ACTION RECOVERY","2","Foundation","Legal Action Probability Dt","This entity contains the probability of recovering the amounts in the legal action."
"LEGAL ACTION RELATED","0","Foundation","","Details the relationship between multiple instances of LEGAL ACTION such as: - One legal action replaces another - One legal action is a counter suit to another"
"LEGAL ACTION RELATED TYPE","0","Foundation - Agreement","","A code representing the relationship that exists between legal actions.   Examples: - One legal action replaces another - One legal action is a counter suit to another"
"LEGAL ACTION STATUS","2","Foundation","Legal Action Status Start Dttm","A status history of legal actions in which the organization is involved."
"LEGAL ACTION STATUS TYPE","2","Foundation - Agreement","Legal Action Status Cd","A code representing the current status of the legal action.  Examples: - Active - Pending filing - Closed"
"LEGAL ACTION TYPE","2","Foundation - Agreement","Legal Action Type Cd","A code for the type of legal action such as: - Subrogation suit - Agreement terms not met - Property lien"
"LEGAL CLASSIFICATION","2","Foundation - Party","Legal Classification Cd","The set of codes used in the legal classification of the businesses. Examples include sole proprietor, partnership, limited partnership, master limited partnership, corporation, S-corporation, nonprofit, or trust."
"LEGAL DOCUMENT","1","Foundation","Legal Document Id","This entity is a subtype to DOCUMENT and contains only those legal documents that are of interest to the enterprise.   Examples are official deeds, notary document, and any types of insurance forms and documents."
"LEGAL ENTITY IDENTIFIER","7","Foundation - Party","Legal Entity Identifier Prefix Num","This entity represents the Legal Entity Identifier (LEI) number that is assigned to legal entities that are not persons by the Financial Stability Board (FSB). This number is consistent with the ISO17442 standard of 20 numeric characters. The 20 characters are decomposed as follows: - 1-4: the four"
"LENDER PARTY LIABILITY","0","Foundation - Party Asset","","This associative entity identifies the party that is the lender for a consumer's liability. For example, one party may be the first mortgage holder and another party may be the second mortgage holder."
"LETTER OF CREDIT AGREEMENT","1","Banking - Agreement","Committed Amt","This is an agreement where one party pledges to meet the obligation on another agreement should the obligor on that agreement (third party) not meet the obligation. The parties to the agreement and their roles are in the entity PARTY AGREEMENT. This entity represents your bank as the guarantor. If o"
"LEVEL OF SERVICE","5","Unassigned","Insurance (all LOB)","This is a code for the level of service provided.  Health examples include: - Emergency - Urgent"
"LIABILITIES SUBJECT AREA","0","Unassigned","","Drawing_Object_Rectangle_84193"
"LIABILITY","4","Foundation - Party Asset","Party Liability Id","This entity identifies all the specific liabilities held by Parties. An example of a liability could be a loan on the 1978 automobile, or a specific credit card. These do not include liabilities held by your financial institution. There is one instance for each liability held by a Party. The term 'l"
"LIABILITY ACCOUNT","0","Foundation - Finance","","The entity that indicates a general ledger account is a LIABILITY ACCOUNT. These accounts are related to a potential loss, or a financial obligation, debt or claim of money owed to owner party. Types of LIABILITY ACCOUNTs include current liability and noncurrent liability."
"LIABILITY ACCOUNT SUBTYPE","2","Foundation - Finance","Liability Account Subtype Cd","The entity that identifies the type of liability account. Types of liability accounts are current liability and noncurrent liability."
"LIABILITY BALANCE","6","Foundation - Party Asset","Liability Balance Dt; Reporting Party Id","This entity is a history of the amount owed by the customer for this liability. Many times the source of this information is credit-reporting agencies."
"LIABILITY FEATURE","2","Foundation - Party Asset","Liability Feature Start Dt","This associative entity identifies the features for this liability such as the terms and conditions for a loan."
"LIABILITY ROLE TYPE","2","Foundation - Party Asset","Liability Role Cd","This minor entity describes the roles that a customer has with a liability. Examples of liability roles could be cosigner, guarantor, or owner."
"LIABILITY TYPE","2","Foundation - Party Asset","Liability Type Cd","This minor entity classifies the liabilities into a type such as credit card, car loan, and home loan. There is one instance for each liability type."
"LIENHOLDER POSITION TYPE","2","Foundation - Party Asset","Lienholder Position Cd","This minor entity identifies the position that the lienholder has with the asset such as first, second, and primary."
"LIFE INSURANCE POLICY","0","Unassigned","","Drawing_Object_Rectangle_162786"
"LIFE LINE AGREEMENT","3","Unassigned","Insurance Life","This is a subtype to INSURANCE AGREEMENT and describes policies for the line of life insurance."
"LIFE LINE QUOTATION","4","Unassigned","Insurance Life","This is a subtype to INSURANCE QUOTATION and contains the details of those quotations that are for the line of life insurance."
"LIFE LINE STRATEGY TYPE","3","Unassigned","Insurance Life","This minor entity contains the investment strategy for this life insurance policy such as equity growth, conservative, aggressive growth, or index fund."
"LIFECYCLE TYPE","2","Foundation - Party","Lifecycle Cd","This minor entity identifies a code that defines where the party is in its lifecycle. For example, for a business it might be inactive, just formed and not operational, fully operational, closed and not operational, and fully active. For an individual it might be child, high school, college, young s"
"LIMIT AUTHORIZATION ORIGIN TYPE","2","Foundation - Event","Limit Authorization Origin Type Cd","This minor entity describes how authorization for the new limit occurred. Examples are underwriting approval, automatic, and automatic override."
"LIMIT CHANGE REASON TYPE","2","Foundation","Limit Change Reason Cd","This minor entity identifies the reason why the limit was changed such as good payment history, poor payment history, or bankruptcy."
"LIMIT TYPE","2","Foundation - Agreement","Limit Type Cd","This minor entity describes the type of limits that can apply to agreements, parties, cards, and geographic areas. For example, limits are established for credit card purchases, overdraft limit on deposits, cash advance limit, purchase limit for certain types of purchases, maximum withdrawal per day"
"LINE OF BUSINESS CLASSIFICATION SCHEME","6","Unassigned","Insurance (all LOB)","This is a code for the method used to classify a line of business. Examples include internal reporting or regulatory reporting (e.g., Solvency II, and United States Annual Statement Line Of Business)."
"LINE OF BUSINESS PARTY METRIC","5","Unassigned","Insurance (all LOB)","This entity contains metrics for a given party (counterparty) and for a given line of business (e.g., motor vehicle liability), for example, risk mitigation amount for nonlife reinsurance."
"LINE OF BUSINESS RISK SCENARIO METRIC","4","Unassigned","Insurance (all LOB)","This entity contains metrics at the insurance line of business level that are the results of a calculation based on a scenario."
"LIQUIDITY STRATEGY","0","Foundation - Finance","","The strategy for dealing with liquidity risk."
"LIST UPDATE REASON","2","Foundation - Campaign","List Update Reason Cd","The categories of reasons that updates were made to a contact list.  Examples include:  - R = Refresh - P = Price change"
"LISTED PRODUCT RELATED ROLE TYPE","0","Investment - Product","","A code for the reason one exchange listed product is related to another. For example, Product 1 is an 'underlying' product for Product 2 as in the case where a stock issue is an underlying product for a stock Option. The role in this case is 'underlying.'"
"LOAN AGREEMENT","5","Banking - Agreement","Due Day Num","This entity contains only those customer accounts that are loans (assets) from the financial institution's perspective. Loan accounts include mortgages, loans, credit cards, and leases.   It is a subtype to FINANCIAL AGREEMENT."
"LOAN GL ACCOUNT","0","Banking - Finance","","The entity that provides details for the loan account. Loan is by far the largest asset item for a bank."
"LOAN PROVISION BALANCE","3","Banking - Agreement","Loan Provision Period Start Dt",""
"LOAN PROVISION CHANGE","3","Banking - Agreement","Provision Change Type Cd","Unique identifier for a multimedia object."
"LOAN REVIEW","3","Banking - Agreement","Loan Review Party Id","This entity tracks the results of the loan review procedures over time."
"LOAN REVIEW RESULT TYPE","2","Banking - Agreement","Loan Review Result Cd","This minor entity identifies the result of the loan review process.  Examples: - No further action required - More detail review required - More information required"
"LOAN REVIEW TYPE","2","Banking - Agreement","Loan Review Type Cd","This minor entity defines the various review categories for the loan account.   Examples: - Payment records - Collateral quality - Collateral condition - Completeness of loan documentation - Borrower's financial condition - Conforms to the landing policies - Receivable values - Inventory v"
"LOAN TERM AGREEMENT","24","Banking - Agreement","Amortization End Dt","This entity contains information about accounts that are loans (assets) and have a term associated with it such as mortgages. It includes home equity loans, mortgages, personal loans, standby letters of credit, and other types of loans.  This is a subtype entity to LOAN AGREEMENT.  Standby Lette"
"LOAN TERM SUBTYPE","2","Banking - Agreement","Loan Term Subtype Cd","This minor entity contains the code for the type of loan such as consumer loan, real estate mortgage, automobile loan, lease, or letter of credit."
"LOAN TRANSACTION AGREEMENT","0","Banking - Agreement","","This entity contains information about loans that do not have a term such as credit card and current accounts. It currently has no attributes so is a placeholder for future attributes specific to loan transaction accounts.  This is a subentity to LOAN AGREEMENT."
"LOAN TRANSACTION SUBTYPE","2","Banking - Agreement","Loan Transaction Subtype Cd","This minor entity classifies the type of loan transaction account such as credit card or home equity line of credit."
"LOCAL TAX","1","Foundation - Party","Assoc Payroll Transaction Id","This entity holds information about local taxes which employers are required to withhold from Associate's pay. Types of local taxes vary depending on the employer's tax jurisdiction. Examples of local taxes include city income tax."
"LOCATOR","2","Foundation - Location","Locator Id","A LOCATOR provides a means of communications such as postal address, telephone number, or electronic address (e.g., email). A LOCATOR may also represent a physical mailing location (e.g., street, and post office box). Furthermore, a LOCATOR may represent any geopolitical area (e.g., Country, City, o"
"LOCATOR DEMOGRAPHIC","6","Foundation - Location","Locator Demographic Start Dt","Provides the relationship of a LOCATOR to a specific DEMOGRAPHIC VALUE. Most geography demographics are describing geographical areas but they may also describe individual street addresses.  Examples:  - U.S. Postal Code 90210 has a characteristic of median income > $100,000 per year - A certain"
"LOCATOR METRIC","6","Foundation - Location","Locator Metric Start Dt","This entity tracks metrics for a given locator such as an insurance company's exposure to a certain geographic area. It can also track and forecast weather conditions such as high/low temperature, barometric pressure, rainfall, wind velocity, and humidity."
"LOCATOR METRIC TYPE","2","Foundation - Location","Locator Metric Type Cd","This entity contains the types of metrics for a geographic area and peril type combination such as number of claims, total insured value, gross capital requirement, capital requirement net of reinsurance, and total claim payments."
"LOCATOR PERIL TYPE METRIC","5","Unassigned","Insurance (all LOB)","This entity contains metrics for a given geographic area (e.g., country) and for a given peril type (e.g., fire)."
"LOCATOR RELATED","1","Foundation - Location","Locator Relationship Type Cd","The relationships that exist between two Locators, as specified by LOCATOR RELATED REASON. The locator relationships are kept over time allowing analysis aggregated by the current or a historic composition of geographical areas.  Examples:  - A PARCEL ADDRESS or STREET ADDRESS may be related with"
"LOCATOR RELATED REASON","2","Foundation - Location","Locator Relationship Type Cd","This is a domain of values indicating why one occurrence of locator has a relationship to another locator. This includes any relationships that may exist between the LOCATOR subtype hierarchies.   Examples:  - A PARCEL ADDRESS or STREET ADDRESS may be related with the GEOSPATIAL POINT of their ma"
"LOCATOR SUBTYPE","4","Foundation - Location","Locator Subtype Cd","A subtype discriminator for LOCATOR. Examples are address and geographical area."
"LOCATOR TO LOCATOR DISTANCE","3","Foundation - Location","To Locator Id","This entity contains the measured distance between two points for those points that do not change their location over time."
"LOCATOR USAGE TYPE","2","Foundation - Location","Locator Usage Type Cd","The way a LOCATOR (i.e., address) is used in a specific instance, usually by a PARTY.  Examples: - Market to - Bill to - Ship to - Customer service - Home phone - Home fax - Work email  Other examples: - Residence, personal  - Business, organization  - Government, municipal  - Importa"
"LOCATOR WEATHER MEASUREMENT","0","Foundation - Location","","These are locator metrics specific to weather such as wind direction and cloud condition."
"LOCK BOX CHANNEL INSTANCE","1","Banking - Channel","Lock Box Channel Instance Id","Lock Box is a channel provided by the bank where the bank establishes a 'Post Office Box' address for each corporate customer. It provides for more efficient delivery of mail (checks) by the postal service directly to the bank, processes them, and deposits the payments directly into the business' ac"
"LOGICAL ONLY","0","Unassigned","",""
"LONG TERM DEBT ACCOUNT","0","Foundation - Finance","","The entity that provides details for the long-term debt. Long-term debt is the liability amount due in a year or more."
"LOOKBACK OPTION","0","Investment - Product","","An exotic option that allows investors to 'look back' at the underlying prices occurring over the life of the option, and then exercise based on the underlying asset's optimal value."
"LOSS ADJUSTED EXPENSE ACCOUNT","1","Unassigned","Insurance (all LOB)","The entity is the GL account for the loss and loss adjustment expenses incurred."
"LOSS ADJUSTED RESERVE ACCOUNT","1","Unassigned","Insurance (all LOB)","The entity is the GL account for loss and loss adjustment reserves."
"LOSS GIVEN DEFAULT RISK GRADE VALUE","0","Banking - Agreement","","This entity is a subtype of RISK GRADE VALUE. This entity provides for the capability to relate a specific (LGD) percentage in the entity RISK GRADE VALUE to the combination of (1) a specific type of exposure, as detailed in the entity AGREEMENT CLASS VALUE, and (2) a specific PRODUCT."
"LOYALTY ACCOUNT","1","Foundation - Agreement","Loyalty Account Id","An account issued by an enterprise to a PARTY to encourage purchase behavior in the form of discounts or the collection of points."
"LOYALTY CONVERSION","2","Foundation - Agreement","Loyalty Program Conversion Rate; To Loyalty Program Id","Calculation factor used to determine the unit equivalence of units in one program with that of another program.  Only needed if the Program Unit Value Amt does not provide an accurate conversion method."
"LOYALTY LEVEL","5","Foundation - Agreement","Loyalty Level Cd","The domain of achievement ratings that may be associated with the reward benefits level.  Examples:  - B: Bronze - S: Silver - G: Gold"
"LOYALTY PARTY ROLE TYPE","2","Foundation - Party","Loyalty Party Role Cd","The responsibilities that a party may carry out in the management and maintenance of a reward program."
"LOYALTY PROGRAM","12","Foundation - Agreement","Loyalty Program Id","The domain of programs for tracking and logging rewards and reward packages, for example, mileage rewards, purchase rewards, and hotel rewards."
"LOYALTY PROGRAM PARTY","3","Foundation - Agreement","Reward Program Cd","A history of the roles (as specified by Reward Party Role Cd) that a party has in the management and maintenance of a reward program."
"MAGNIFY","0","Unassigned","",""
"MANUFACTURER MODEL","4","Foundation - Channel","Model Id","This entity contains model information for a tangible item from a manufacturer."
"MARGIN AGREEMENT","1","Investment - Agreement","Margin Account Remargining Day Cnt","A brokerage account in which the broker lends the customer cash to purchase securities. The loan in the account is collateralized by the securities and cash. If the value of the stock drops sufficiently, the account holder will be required to deposit more cash or sell a portion of the stock, which i"
"MARITAL STATUS TYPE","2","Foundation - Party","Marital Status Cd","A code for the marital status such as single, married, widowed, or divorced."
"MARK TO MARKET","3","Investment - Event","Mark To Market Value Dt","Mark to market is the updating of the value of a financial product position based on market data, and depending on the financial product, a valuation model.   The position that is updated is the agreement found in AGREEMENT EVENT."
"MARKET DATA PROVIDER BUSINESS TYPE","0","Investment - Party","","A classification of an organization as a vendor of market and product data."
"MARKET FEED","6","Unassigned","","Drawing_Object_Rectangle_84089"
"MARKET INDEX","3","Investment - Product","Stock Index Id; Publishing Party Id","This entity tracks the value of a collection of stocks or other securities over time such as the U.S. Dow Jones 30 Industrial, the FTSE 500, and Tokyo Nikkei 300.  The index is usually published by a party, such as the Wall Street Journal publishes the Dow Jones Industrial average index of 30 indu"
"MARKET INDEX VALUE","3","Investment - Product","Stock Index Value Dttm","The closing price for this index. The value of the index may be an average expressed relative to a predetermined market value. The algorithm for the computation of the index value differs from one index to another."
"MARKET MAKER BUSINESS TYPE","0","Investment - Party","","A classification of an organization that accepts the risk of holding a particular security in order to facilitate trading in that security. Each market maker competes for customer order flow by displaying buy and sell quotations for a guaranteed number of units. Once an order is received, the market"
"MARKET PARTICIPANT PARAMETER","5","Banking - Party","Market Participant Start Dttm","This table is a list of market participant types and parameters as listed in the Basel Accord.   Market participant types as listed in the Basel Accord: - Corporate - Bank - Sovereign - Small medium enterprise (SME) corporate - Small medium enterprise (SME) retail - Retail"
"MARKET PLAN","6","Foundation - Campaign","Market Plan Id","This entity contains market and planning information when first creating a market strategy for a product. Some of the information in this entity is based on market research. For example, if the product is a home equity line of credit, then the following analysis could be done:  For each market seg"
"MARKET QUOTATION","6","Investment - Product","Quoting Party Id; Reporting Party Id","This entity contains the value of the Investment Product, in a specified currency, at a specified date and time, at a specified stock exchange, and as reported by a party (such as Reuters). If the time is 24:00, the value represents the final value of that day.  This is the market feed or market q"
"MARKET QUOTATION METRIC","7","Investment - Product","Market Quotation Dttm","This entity contains the various metrics that are reported about this investment product at a point in time.   Examples of metrics include: - Last bid price - Last ask price - Earnings per share - Average earnings per share - Average earnings per share 4 weeks ago - Beta (correlation with be"
"MARKET QUOTATION METRIC TYPE","4","Investment - Product","Market Quotation Metric Type Cd","A code for the type of metric that is reported by the information reporting company such as Reuters or Bloomberg. The metrics can vary.    Examples: - Last bid price - Last ask price - Earnings per share - Average earnings per share - Average earnings per share 4 weeks ago - Beta (correlatio"
"MARKET QUOTATION TIME PERIOD METRIC","6","Investment - Product","Investment Product Metric Type Cd","This entity contains the market feeds that report metrics about an instrument (e.g., stock, bond, or their derivative) over a period of time. It gives information such as high and low for the day, and high and low for a time period (e.g., 52 week high and low).   The metrics reported can vary by r"
"MARKET RISK DERIVATIVE TREATMENT PARAMETER","3","Investment - Agreement","Interest Rate Risk Start Dttm","This is the Market Risk Amendment Tables 4 and 5, which show for a given group of products (e.g., government debt security) whether there is a specific risk charge and the method for general market risk charge (e.g., charge as two positions or as one position in each currency)."
"MARKET RISK HORIZONTAL DISALLOWANCE CALCULATION","2","Investment - Agreement","Market Risk Horizontal Disallowance Amt","This entity contains the horizontal disallowance that is calculated within and between banding zones when calculating interest rate market risk using the standardized approach."
"MARKET RISK NATIONAL MARKET GROUP","1","Investment - Agreement","National Market Geographical Area Id","This entity contains those investments in financial instruments such as equities (e.g., stock) that are grouped according to the national market the instrument belongs for general market risk calculation purposes. For example, all equities for corporations in India may be grouped together."
"MARKET RISK STRATEGY","0","Foundation","","The strategy for dealing with market risk."
"MARKET RISK TYPE","2","Banking - Agreement","Market Risk Type Cd","The classification of market risk this banking agreement is exposed to.  Examples: - Equity market price fluctuations - Interest rate price fluctuations - Foreign exchange price fluctuations - Commodity market risk - No market risk exposure"
"MARKET SEGMENT","6","Foundation - Campaign","Market Segment Id","A grouping of parties for marketing or analysis purposes. A market segment can be reused, can receive multiple offers, serve as a control group, or be used for customer & product analysis purposes.  A market segment is different from a party group in that a market segment is created from an intern"
"MARKET SEGMENT DEMOGRAPHIC","4","Foundation - Campaign","Segment Demographic Start Dt","The characteristics that qualify a PARTY to be a member of a MARKET SEGMENT.  Example:  - Income between $20,000 and $29,999 - Made more than 5 purchases in the last month"
"MARKET SEGMENT GROUP","2","Foundation - Campaign","Segment Group Id",""
"MARKETING EXPENSE ACCOUNT","0","Foundation - Finance","","The entity that indicates the operating expense pertains to marketing. Marketing expenses are related the actual marketing of a product (i.e., advertising)."
"MARKETING GOAL TYPE","2","Foundation - Party","Marketing Goal Type Cd","A code for the commercial marketing target such as expand portfolio or retain portfolio."
"MARKETING SUPPORT TYPE","2","Foundation - Party","Marketing Support Type Cd","A code for the type of marketing support that the insurance company provides its agent to market themselves such as brochures, gifts to give their customers, advertisements, and mailings."
"MASS PROMOTION","1","Foundation - Campaign","Mass Promotion Id","This is a subtype entity to PROMOTION. A lowest level campaign may be a mass promotion. A mass promotion is directed towards a group of people. This entity has no attributes other than the primary key but was created to show the different types of promotions."
"MATCH LIST MEMBER","3","Foundation","Match List Member Risk Num","This entity contains those members that have successfully matched against the watch list."
"MATURITY EVENT ALERT","1","Foundation - Event","Instrument Maturity Event Dt","This entity is an alert that an instrument or investment transaction/agreement has matured. This can include bonds issued by your organization that are due for principal payment. It can include maturing of time deposit accounts. There is one instance for each maturing contract. This is used for trea"
"MEASUREMENT","6","Foundation - Event","Measurement Id","A determination of the size or magnitude of something that can be performed. A MEASUREMENT could be done against the instance of the item, a piece of equipment, a facility or portion of a building, a person, or other physical object. A MEASUREMENT may require the use of specific equipment, a person "
"MEASUREMENT CONDITION TYPE","2","Foundation - Event","Measurement Condition Type Cd","This entity identifies whether a MEASUREMENT can represent an acceptable and standard condition for another MEASUREMENT.  Example: - A reading may require that the humidity around the surface of an item is between 0% and 60% or the reading results may be in question."
"MEASUREMENT DIAGNOSTIC TYPE","8","Foundation - Event","Measurement Diagnostic Cd","A code for the results of a measurement test such as pass or fail."
"MEASUREMENT EVENT","1","Foundation - Event","Measurement Event Id","This entity identifies an EVENT that captures the results of taking a MEASUREMENT. Planned MEASUREMENT EVENTs can be used to schedule such activities as monitoring, maintenance, and/or repair. Examples of MEASUREMENT EVENTs can happen at Goods Receipt Inspection, Production Batch Quality Testing, Ne"
"MEASUREMENT EVENT MEASURE","4","Foundation - Event","Actual Result Value Num","This entity identifies all of the MEASUREMENTs that were obtained during a MEASUREMENT EVENT.  This could be the value for a reading or test or the actual conditions at the time of the reading or test.  Examples for measurements that are vehicle movement related: - Speed: The speed of the motor"
"MEASUREMENT EVENT MEASURE TYPE","2","Foundation - Event","Measurement Event Measure Type Cd","MEASUREMENT EVENT MEASURE TYPE identifies whether the MEASUREMENT EVENT MEASURE represents a test/reading or the actual conditions at the time of the MEASUREMENT EVENT such as actual humidity or temperature."
"MEASUREMENT EVENT PURPOSE","2","Foundation - Event","Measurement Event Purpose Cd","This entity describes the purpose of the MEASUREMENT EVENT.   Examples:  - Ensure product quality  - Analyze equipment maintenance rates"
"MEASUREMENT EVENT RESULT","0","Foundation - Event","","This entity captures the actual STANDARD RESULT SET(s) attained during a MEASUREMENT EVENT.   Examples: - A blood test could result in readings of white blood cell count and a platelet count.  - When an inspection is taken, the results could be both the actual cube measurement and the actual we"
"MEASUREMENT EVENT RESULT TYPE","2","Foundation - Event","Measurement Event Result Type Cd","This entity allows for the classification of a result from a MEASUREMENT EVENT. For example, in semiconductor manufacturing, typical types could include bin or parametric. For a given item instance, 1000s of parametric results are collected - 1 result for each unique parameter, Based on these result"
"MEASUREMENT EVENT TYPE","2","Foundation - Event","Measurement Event Type Cd","This entity defines the types of MEASUREMENT EVENT.   Examples:  - Goods receipt inspection - Production batch quality testing  - New product introduction experiments  - Truckload examination - Customer diagnostic testing  - Reseller receipt inspections   For on board diagnostic codes/read"
"MEASUREMENT READING","0","Foundation - Event","","A type of MEASUREMENT that represents output from an instance of an item such as the reading of an onboard diagnostic code, RFID tag scan, or equipment error code."
"MEASUREMENT RELATED","0","Foundation - Event","","This entity identifies the relationships between MEASUREMENTs. For example, the company created examinations can be tied to the related governmental requirement for an examination, a test that is dependent on another test (such as when the medium used by one test distorts the output from a second te"
"MEASUREMENT RELATED ROLE","0","Foundation - Event","","This entity identifies the roles that can be filled when two MEASUREMENTs are related. For example, a new MEASUREMENT could replace, or be substituted, for an existing MEASUREMENT.  MEASUREMENT RELATED ROLE can also identify that one MEASUREMENT is a standard condition for a second MEASUREMENT."
"MEASUREMENT STANDARD CONDITION","0","Foundation - Event","","This entity identifies the standard and usual conditions for a MEASUREMENT such as an acceptable humidity range from 80% to 85% or a temperature humidity combination where the test must be performed at 85 Celsius and 85% humidity. MEASUREMENT STANDARD CONDITIONs are usually predetermined before test"
"MEASUREMENT STANDARD RESULT","3","Foundation - Event","Measurement Standard Result Start Dttm; Measurement Standard Result Id","This entity identifies the expected outcome to be achieved by a MEASUREMENT, for example, humidity less than 10%, or temperature greater than 50 degrees."
"MEASUREMENT STANDARD RESULT TYPE","2","Foundation - Event","Measurement Standard Result Type Cd","This entity identifies the type of MEASUREMENT STANDARD RESULT at the time of its assignment to the STANDARD RESULT SET such as acceptable results, warning results, and unacceptable results."
"MEASUREMENT SUBTYPE","2","Foundation - Event","Measurement Subtype Cd","This entity identifies the classification of a MEASUREMENT such as readings, examinations, experiments, inspections, tests, and metrics."
"MEDIA PLAYER EVENT","5","Foundation - Event","Completion Status Ind","This entity captures information specific to media player events.  Note: The media player event utilizes the generic item identifier for the title being played. However if the title management module is being utilized the audio video version entity should be utilized to capture media player event "
"MEDIUM TERM NOTE","6","Investment - Product","Medium Term Note Face Amt","Medium Term Notes (MTN) are noncallable, unsecured, senior debt securities with fixed coupon rates and investment grade credit ratings. They differ from corporate bonds in the distribution process. They are traditionally sold on a best efforts basis by investment banks."
"MEMBER PRIVACY PREFERENCE","3","Foundation - Event","Member Privacy Preference Num; Authorizing Member Id","A user's privacy preferences for the collection and use of personal data.  Example: - Mary Jones permits direct marketing to a specific address but not to her any of her telephone numbers and does permit release of certain types of personal information.  It is expected that only explicit choice"
"MENU OPTION TYPE","2","Foundation - Event","Menu Option Cd","This minor entity translates the calling option to a description. This entity would only be used during a session with a Voice Response Unit or other automatic device that directs the customer through a series of options before they get to the one they want."
"MERCHANT SERVICE AGREEMENT","0","Banking - Agreement","","MERCHANT SERVICE AGREEMENT is a type of AGREEMENT the company enters into with a merchant to provide a service such as fraud checking, debit service, interchange, and merchant discount."
"MERCHANT TRANSACTION FRAUD","0","Foundation - Event","","This entity contains those cases where the fraud is due to merchant fraudulent activity."
"MERGER","3","Investment - Event","Merger Per Share Price Amt; Merger Partner Party Id","A general term used to refer to the consolidation of companies. A merger is a combination of two companies to form a new company."
"METRIC DOMAIN TYPE","2","Foundation","Metric Domain Type Cd","Identifies whether the metric is an amount, a rate, or a quantity."
"METRIC PURPOSE TYPE","2","Foundation","Metric Purpose Type Cd","This is a code to describe the purpose of the metric. For example, a site which is a company building might measure physical characteristics such as square footage, and a site which is a weather station might report weather statistics such as wind speed.  Examples: - Physical facility characteris"
"MILITARY STATUS TYPE","2","Foundation - Party","Military Status Type Cd","Possible code values for military status. Some common statuses are active reserve, active duty, or none."
"MISCELLANEOUS BENEFIT PLAN","2","Foundation - Party","Benefit Plan Id; Benefit Plan Option Id","A subtype of BENEFIT PLAN OPTION for various benefits that may not fit in traditional benefit categories. An example might be an employee discount."
"MM OBJECT TEXT SECTION","0","Foundation","","This entity is the link to multimedia object text unstructured data."
"MOBILE PHONE","0","Foundation - Agreement","","This represents a physical mobile phone, which could be used as a device to access an account."
"MOBILE TELEPHONE NUMBER","2","Foundation - Location","Mobile Telephone Number Start Dt","This entity keeps track of the telephone number assigned to this physical mobile phone over time."
"MODEL ALGORITHM TYPE","2","Foundation","Model Algorithm Type Cd","Describes the algorithm technique used for the analytical model.  Examples:  - Neural net - Time series - Cluster - Regression"
"MODEL CALCULATION CRITERIA","1","Foundation","Analytical Model Id","The type of data that was used for a given model."
"MODEL PURPOSE TYPE","2","Foundation","Model Purpose Cd","Describes the purpose of the analytical model.  Examples:  - Churn analysis - Growth analysis - Acquisition analysis - Defection analysis - Probability of default - Los given default"
"MODEL RELATIONSHIP","5","Foundation","Analytical Model Id; Overriding Party Id","This entity contains relationships between models. One relationship could be 'is replaced by,' 'is overridden by.' If the model is overridden then the party attribute describes the party that overrode it."
"MODEL RELATIONSHIP ROLE TYPE","2","Foundation","Model Relationship Role Cd","This minor entity defines roles that one analytical model has with another analytical model. Possible roles are 'replaces' or 'overrides.'"
"MODEL REVIEW FINDING TYPE","2","Foundation","Model Review Finding Cd","The results of the review of the analytical model by the reviewer. Values could be 'passed' or 'not passed - need more historical data.'"
"MODEL RUN","2","Foundation","Model Run Id","Describes an actual execution of an ANALYTICAL MODEL."
"MODEL STATUS","2","Foundation","Model Status Cd","Designates the statuses that an analytical model may have.  Examples: - Active - Inactive - In test"
"MODEL TYPE","2","Foundation","Model Type Cd","Designates the type of model.   Examples: - Scoring - Segmentation - Forecasting"
"MODIFICATION TYPE","2","Foundation - Party Asset","Modification Cd","This minor entity converts the modification code into a description."
"MONEY","0","Unassigned","",""
"MONEY MARKET PRODUCT","0","Investment - Product","","Debt instruments issued by private organizations, governments, governmental agencies, and which generally mature in less than a year. They are highly liquid and include Treasury Bills, banker's acceptance, commercial paper, short-term tax-exempt municipal securities, and negotiable bank certificate "
"MONEY MARKET PRODUCT TYPE","2","Investment - Product","Money Market Product Type Cd","A classification of money market products into the following  Examples: - Treasury bills - Bankers acceptance - Commercial paper - Short term tax exempt municipal securities and negotiable bank certificate of deposits (CDs)"
"MONITOR RESULT CATEGORY","3","Foundation - Event","Monitor Result Category Name","This entity captures information regarding the categories available for specified monitors. The categories are areas of interest as specified by visitors to the monitored site."
"MONITOR RESULT TOPIC","6","Foundation - Event","Monitor Result Topic Val","This entity captures information regarding the topics within monitor result sets."
"MONITOR SITE","3","Foundation - Event","Monitor Site Id","This entity captures information regarding web sites that are being monitored."
"MONITOR SITE AUTHOR","9","Foundation - Event","Author Sequence Cnt","This entity captures information regarding the characteristics of authors who have posted on source sites. Source sites include the following site types: - Blogs  - Forums  - News - Facebook  - Twitter - Comments"
"MONITOR SITE CATEGORY","3","Foundation - Event","Category Training Document Cnt","This entity captures detail information regarding a specified monitor site from a monitor site list."
"MONITOR SITE CONTENT SOURCE","1","Foundation - Event","Content Source Dt","This entity captures monitor site information pertaining to the sources utilized to obtain information for monitor sites. The types of sources include Facebook, Twitter, blogs, news and custom feeds."
"MONITOR SITE LIST","2","Foundation - Event","Result Start Dt","This entity captures information regarding the list of available sites being monitored. The list of monitored sites equates to networks from which additional information can be retrieved."
"MONITOR SITE POST","8","Foundation - Event","Post Title Val","This entity captures information regarding the content of the following types of post: - Blogs  - Forums  - News - Facebook  - Twitter - Comments"
"MONITOR SITE RESULT","4","Foundation - Event","Monitor Site Result Document Cnt","This entity captures result information regarding specified monitor site from a monitor site list."
"MONITORING SYSTEM PANEL CODE","2","Foundation - Campaign","Monitoring System Panel Cd","This entity captures information regarding the monitoring system's rating engine's market code maps used to determine ratings."
"MORTALITY TABLE","5","Foundation - Party","Mortality Table Id","This entity contains the mortality probability based on age, gender, and possibly risk factors. These actuarial tables are used for life insurance when determining mortality and longevity risk. An enterprise may have a couple thousand mortality tables that are used when pricing and determining risk "
"MORTALITY TABLE PURPOSE","2","Foundation - Party","Mortality Table Purpose Cd","This entity captures the reason why the mortality table is assigned to the individual such as for pricing, repricing, or for reserves."
"MORTALITY TABLE RISK FACTOR","0","Foundation - Party","","This entity associates the mortality table with any risk factors that were considered when determining the mortality statistics in the mortality table. Risk factors can include smoking."
"MORTGAGE AGREEMENT","8","Banking - Agreement","First Time Mortgage Ind","A contract for a loan for real estate and is usually long term. It is a debt instrument giving conditional ownership of an asset secured by the asset being financed. The borrower gives the lender a mortgage in exchange for the right to use the property while the mortgage is in effect, and agrees to "
"MORTGAGE BACKED SECURITY","0","Investment - Product","","A mortgage-backed security (MBS) is an asset-backed security whose cash flows are backed by the principal and interest payments of a set of mortgage loans. Payments are typically made monthly over the lifetime of the underlying loans."
"MORTGAGE TYPE","11","Banking - Agreement","Mortgage Type Cd","Code to indicate the type of mortgage, for example, first time borrower, refinance, or standard."
"MOTOR VEHICLE","9","Foundation - Party Asset","Manufacture Year Num","This entity is a subtype of PARTY ASSET and describes the motor vehicle."
"MOTOR VEHICLE DETAIL","12","Foundation - Party Asset","Motor Vehicle Detail Start Dttm","This entity represents the motor vehicle attributes that may change over time."
"MOTOR VEHICLE TYPE","2","Foundation - Party Asset","Motor Vehicle Type Cd","This minor entity converts the motor vehicle type code into a description. Examples include passenger car, motorcycle, pickup truck, van, recreational vehicle, taxicab, and bus."
"MULTIMEDIA AUDIO OBJECT","0","Foundation - Campaign","","Sound that the enterprise may use (mainly) for marketing purposes.  Examples:  - A radio spot - A .WAV file of a trademark sound (such as the 'You've got mail' of AOL) - A telephone message"
"MULTIMEDIA COMPONENT","0","Foundation - Campaign","","'Higher-level' component object that groups multiple, discrete multimedia objects. Gives the ability to access multiple objects via reference to a single object.  Examples:  - Company header component object that contains corporate logo, blue horizontal lines, shaded background, company name, and"
"MULTIMEDIA GROUP","0","Foundation - Campaign","","Represents a grouping of multimedia objects.   Examples:  - A group of text reviews of Harry Potter books - Images of men's shirts - Web links to kitchen appliances - Software application files - Objects with high click rate on the World Wide Web"
"MULTIMEDIA GROUP OBJECT XREF","0","Foundation - Campaign","","A cross-reference of multimedia groups and object combinations. This permits reusing objects in many groups."
"MULTIMEDIA IMAGE OBJECT","0","Foundation - Campaign","","Describes a specific image that an enterprise can use, mainly for marketing purposes.  Example:  - A photograph of a poodle wearing a red sweater"
"MULTIMEDIA MESSAGE CHANNEL TYPE","0","Foundation - Channel","","Multimedia Messaging Service (MMS) is a standard for telephone messaging systems that allows sending messages that include multimedia objects (images, audio, video, rich text) and not just text as in Short Message Service (SMS). It is mainly deployed in cellular networks along with other messaging s"
"MULTIMEDIA OBJECT","0","Foundation - Campaign","","MULTIMEDIA OBJECT refers to a multimedia element that can be used to construct a WEB PAGE, AD, catalog, and radio spot.  Examples:  - Image - Audio - Text - Video"
"MULTIMEDIA SOURCE","0","Foundation - Campaign","","The original source asset.   Examples:  - An 8 x 10 negative taken by a specific photographer - A text slogan created by an ad agency for an enterprise - Original logo artwork"
"MULTIMEDIA SUBTYPE","0","Foundation - Campaign","","Classification scheme use to categorize multimedia. Useful in tracking objects or sources at a summary level. May be used as a subtype discriminator.  Example: - Image - Text - Video - Audio"
"MULTIMEDIA TEXT OBJECT","0","Foundation - Campaign","","A text element that the enterprise may use on ads, web pages, and catalogs, for example, product description and customer product review."
"MULTIMEDIA VIDEO OBJECT","0","Foundation - Campaign","","A video or moving image that the enterprise may use (mainly) for marketing purposes.   Examples:  - A film - An MPEG digital video stream - An animated graphic"
"MUNICIPAL BOND","0","Investment - Product","","A debt security issued by a state, municipality, or county to finance its capital expenditures. Municipal bonds are exempt from federal taxes and from most state and local taxes, especially if you live in the state in which the bond is issued."
"NAICS","0","Unassigned","","The NAICS code encapsulates a hierarchy, with the first two digits representing a business sector, the next digit representing a business subsector, the fourth digit representing an industry group, the fifth digit representing an industry, and the last digit representing a specific national industry"
"NAICS CODE","0","Unassigned","","Validation_RuleNameMappingOption"
"NAICS ID","0","Unassigned","","The code for the NAICS sector.  The NAICS sector is designated by first two digits of the six-digit NAICS code and represents largest business sector. The NAICS code encapsulates a hierarchy, with the first two digits representing a business sector, the next digit representing a business subsector"
"NAME SALUTATION","0","Foundation - Party","","This entity identifies the salutations that should be used with the name for a given role. For example, on some mailings you may want to address the person as 'Dear Mr. x.' In other situations, you may want to address 'Dear first name.' It also identifies whether to use Miss, Ms., or Mrs.  For an "
"NAME TYPE","2","Foundation - Party","Name Type Cd","This minor entity identifies the different types of names that an individual or organization could have such as 'doing business as' (DBA), legal name, alias, and phonetics."
"NAME USAGE TYPE","2","Foundation - Party","Name Usage Cd","A code for the type of role when addressing an individual such as formal, informal, and always. This can be used for salutations (greeting) or valedictions (leaving). The way someone is addressed can vary by whether the communication is formal or informal or written or verbal."
"NAME VALEDICTION","0","Foundation - Party","","This is any word or phrase used to say goodbye, such as 'goodbye,' 'regards,' 'best regards,' 'sincerely,' and 'cheers.'"
"NAME VALUE PAIR EVENT XREF","0","Foundation - Event","","This entity captures information linking name/value pairs to the events, which capture strings of parameters associated with them."
"NAMED INSURED","0","Unassigned","","Drawing_Object_Rectangle_162296"
"NAMED INSUREDS","3","Unassigned","","Drawing_Object_Rectangle_162039"
"NATIONALITY TYPE","4","Foundation - Party","Nationality Cd","This entity defines the relationship between an individual and the state under whose laws the individual is governed in exchange for the state's protection. Nationality may be separate from the individual's domicile, ethnicity, country of origin, or citizenship."
"NATURAL EVENT","1","Foundation - Event","Natural Event Id","This is an event that occurs naturally and can include weather, astronomical, animal, or geographic events such as: - Hurricane - Tornado - Solar flare - Rain - Snow - Wind - Earthquake - Fire - Landslide - Animals or insects"
"NAVIGATION LEVEL","3","Foundation - Campaign","Navigation Level Id; Navigation Level Parent Navigation Id","This entity is used to construct a hierarchical structure of the web site.  Each level refers to the next higher or lower level the user can access from this web page.   Note: It is only intended to be used by high-level navigational type pages. This allows the enterprise to set up a navigation "
"NEGOTIABLE CERTIFICATE OF DEPOSIT","5","Investment - Product","Minimum Face Value Amt","A certificate of deposit with a minimum face value of $100,000. These are guaranteed by the bank and can usually be sold in a highly liquid secondary market, but they cannot be cashed in before maturity.  Due to their large denominations, negotiable certificates of deposit are bought most often by"
"NETTED MARKET RISK GROUP","2","Investment - Agreement","Agreement Group Id","This entity contains those agreements/deals that are grouped together for the purpose of netting when calculating market risk.  For example, for interest rate risk specific market risk, securities owned in the same security issue may be offset if the issue has the same terms and conditions. In thi"
"NETTED MARKET RISK GROUP TYPE","3","Investment - Agreement","Netted Market Risk Group Cd","This minor entity describes the type of grouping of instruments when calculating market risk.   Examples: - Interest rate risk grouping based on time band and netted - Commodity risk grouping based on time band and commodity (time band scheme) and netted matched long and short - Commodity risk "
"NETTING AGREEMENT","1","Banking - Agreement","Master Netting Agreement Ind","A netting agreement is a written contract to settle a mutual obligation at the net value of the underlying contracts as opposed to the gross value. This is used as a risk mitigant technique to reduce the exposure in the underlying contracts. For example, two banks owing the other money will settle o"
"NETTING AGREEMENT TYPE","2","Banking - Agreement","Netting Agreement Type Cd","A code for the type of netting agreement such as payment netting, closeout netting, bilateral netting, or multilateral netting."
"NETTING POOL","3","Banking - Agreement","Agreement Group Id","This is a type of pool created for netting purposes."
"NETWORK ACCESS DEVICE EVENT","0","Foundation - Event","","This associative entity identifies the networks that were used during access device initiated event. An access device event may involve many networks between the times the access device is inserted until a response is received."
"NETWORK GROUPING TYPE","2","Foundation - Event","Network Grouping Type Cd","A code for a higher-level grouping of networks such as networks used for interbank transaction processing."
"NETWORK PARTNER AGREEMENT","0","Banking - Agreement","","NETWORK PARTNER AGREEMENT tracks transactions and balances for a network service partner contract.  Examples include agreements with ATM network service partners such as Cirrus and Pulse."
"NETWORK SERVICE AGREEMENT","1","Foundation - Agreement","Network Service Agreement Type Cd","NETWORK SERVICE AGREEMENT is an AGREEMENT the company enters into with network participants such as merchants, acquirers, issuers, and processors to provide a network related service such as fraud checking, debit service, and interchange."
"NETWORK SERVICE AGREEMENT SUBTYPE","2","Banking - Agreement","Network Service Agreement Subtype Cd","A classification of a network service agreement into a merchant service agreement or a network partner agreement. Used as a category discriminator."
"NETWORK SERVICE EVENT","1","Foundation - Event","Network Serial Num","NETWORK SERVICE EVENT defines the EVENTs that involve using a network service for activities such as card validation, fraud checking, and interchange usage. For fraud checking, there is a response from the network provider that the transaction is or is not fraudulent. The response will be a differen"
"NETWORK TYPE","2","Foundation - Event","Network Cd","This minor entity describes the networks that a channel can use to distribute services to the customer. For example, an ATM may have access to many networks.  Examples of networks are STAR, CIRRUS, Maestro, Global Access, and Explore."
"NEXT ACTIVITY","6","Foundation - Campaign","Next Activity Sequence Id; Following Activity Sequence Id","This entity contains the next activity that the FSI should initiate with this party for a given purpose. Purposes can include a sales offer, a collection call, and a fraud prevention call.  This is different from the PROMOTION STEP RESPONSE entity in that there is no cell that is part of this comm"
"NEXT COMMUNICATION","4","Foundation - Campaign","Next Communication Id","This entity contains information about the next communication with this customer such as collecting amounts past due for a given account."
"NEXT OFFER","0","Foundation - Campaign","","This entity contains the next offer to give to this party and the preferred channel instance or channel type."
"NEXT OFFER FEATURE","0","Foundation - Campaign","","This entity contains the features that are part of this next offer. It can include a special price/rate and special terms and conditions for this party for this product for this offer."
"NONCASH PAYMENT APPROVAL TYPE","2","Foundation - Finance","Noncash Payment Approval Cd","This entity captures information regarding the outcome of a request for approval of a noncash transaction.  Examples: - Confirm ID of individual - Deny purchase"
"NONCURRENT LIABILITY ACCOUNT","0","Foundation - Finance","","The entity that indicates the liability account is a noncurrent liability. Noncurrent liabilities are not due in the next twelve months. Types of noncurrent liabilities include deferred income taxes, long-term debt, and reserves."
"NONCURRENT LIABILITY ACCOUNT SUBTYPE","2","Foundation - Finance","Noncurrent Liability Account Subtype Cd","The entity that identifies the type of NONCURRENT LIABILITY ACCOUNTs. Types of noncurrent liabilities include deferred income taxes, long-term debt, and reserves."
"NONDEPRECIABLE ASSET ACCOUNT","0","Foundation - Finance","","The entity that identifies the NONDEPRECIABLE ASSET ACCOUNT. NONDEPRECIABLE FIXED ASSETs include things like raw land."
"NONDEPRECIABLE ASSET TYPE","2","Foundation - Finance","Nondepreciable Asset Type Cd","This entity identifies the type of nondepreciable asset like raw land."
"NONDEPRECIABLE FIXED ASSET","1","Foundation - Finance","Nondepreciable Fixed Asset Id","The entity that identifies the FIXED ASSET is nondepreciable. NONDEPRECIABLE FIXED ASSETs include things like raw land."
"NONDIVIDEND EQUITY ACCOUNT","0","Foundation - Finance","","The entity that identifies the type of NONDIVIDEND EQUITY ACCOUNT. Types of NONDIVIDEND EQUITY ACCOUNTs include retained earnings, treasury stock, and foreign currency adjustments."
"NONDIVIDEND EQUITY ACCOUNT TYPE","2","Foundation - Finance","Nondividend Equity Account Type Cd","The entity that identifies the type of nondividend equity accounts. Types of nondividend equity accounts include retained earnings, treasury stock, and foreign currency adjustments."
"NONINTEREST EXPENSE ACCOUNT","0","Banking - Finance","","The entity that provides details for expenses that are not interest."
"NONINTEREST INCOME ACCOUNT","0","Banking - Finance","","The entity that provides details on noninterest income, which includes loan service fees, other service fees and service charges, and security fees and commissions."
"NONRETAIL RISK ASSESSMENT SUMMARY","10","Banking - Agreement","Period Start Dt; Basel Portfolio Product Group Id","This entity tracks risk parameters (e.g., PD, LGD) and exposure values over time for the nonretail portfolios of a Bank or subsidiary. It is intended to support Basel II market disclosure requirements (Pillar 3), particularly Table 6."
"NONTRADED INVESTMENT PRODUCT","0","Investment - Product","","This entity contains all nontraded investment products, such as pension funds, that are created by the investment provider for their own customers."
"NONVOTING STOCK ACCOUNT","0","Foundation - Finance","","This entity identifies common stock dividend equity as a nonvoting stock. Nonvoting stock equities of a public corporation do not possess voting rights."
"NOT YET UPDATED FOR NEW SUBTYPING","0","Unassigned","","Drawing_Object_Rectangle_84174"
"NOTEPAD","0","Unassigned","",""
"NSIN PRODUCT IDENTIFIER","0","Investment - Product","","The attribute National Security Identifying Number may be used in parallel to the ISIN. It is the identification of the Security as used locally at the national level."
"NUMBER CHANGE REASON TYPE","2","Investment - Product","Number Change Reason Type Cd","This is the code for the reason for the issue:   - Original issue  - Additional issue  - Stock split  - Merger"
"OBJECTIVE","2","Foundation - Internal Organization","Objective Cd","This entity identifies the various objectives that can be applied to a financial institution's work group or individual. Examples would be bad debts collected and checking account opened."
"OBJECTIVE TYPE","2","Foundation - Internal Organization","Objective Type Cd","This minor entity classifies the employee objectives. Examples would be profitability, public relations, and personal development."
"OBLIGOR BORROWING PURPOSE TYPE","2","Banking - Agreement","Obligor Borrowing Purpose Cd","A code for the reason the obligor is borrowing money such as: - Home financing - Child education - Capital improvements for business - Car loan"
"OCCUPATION TYPE","2","Foundation - Party","Occupation Type Cd","Occupation is activity that serves as one's regular source of livelihood - a vocation.   Examples of occupation include systems analyst, computer programmer, financial analyst, risk manager, bank teller, and marketing manager."
"OFF BALANCE SHEET SECURITIZATION TYPE","2","Banking - Agreement","Off Balance Sheet Securitization Type Cd","For risk based capital purposes, banks must determine whether, according to certain criteria, an off balance sheet securitization exposure qualifies as an 'eligible liquidity facility' or a 'servicer cash advance facility.' All other off balance sheet securitization exposures will receive a 100% CCF"
"OFFER","8","Foundation - Campaign","Offer Id","A specific incentive made available to customers. Usually, contains 2 parts: a.) condition to be met and b.) the reward for a.). Apply online for equity loan and line of credit and pay no points or opening fees."
"OFFER COLLATERAL","0","Foundation - Campaign","","This entity identifies the communication collateral associated with an offer."
"OFFER TYPE","2","Foundation - Campaign","Offer Type Cd","A classification for the type of offer such as discount offer, free product offer, interest rate offer, and fee waiver offer."
"OFFSET VALUE TYPE","5","Foundation - Event","Offset Value Type Cd","This entity captures information regarding the value types for each of the offset results. Each result set contains a list of values associated with the search result value."
"ONLINE CAMPAIGN CHARACTERISTIC","2","Foundation - Event","Online Campaign Characteristic Num","This entity captures information regarding the attributes of a given online campaign during a session."
"ONLINE CHANNEL TYPE","1","Foundation - Channel","Online Channel Model Num","Captures generic information regarding online devices utilized for advertising.  Information relating to a specific type of online device.  Examples: - Motorola V9M wireless phone - Xbox 360 game console"
"ONLINE DOCUMENT INFORMATION","6","Foundation - Event","Online Document Id","This entity captures information regarding online documents that do not have unique identification information. These types of documents usually are content provided by visitors to the company's web site. This also applies to social media sites were members share content."
"ONLINE IMPRESSION EXPERIENCED","5","Foundation - Campaign","Online Impression Experienced Id","This records delivery of an impression to a user via an interactive online device.  Interactive online devices receive impressions indicating actions the viewer is directed to take."
"ONLINE PROMOTION","8","Foundation - Campaign","Online Placement Information Txt","This entity captures information regarding promotions performed online. They usually have a specific start and end date and can contain multiple offers and ads.  The additional attributes captured during an online promotion are stored in this entity. Additionally, online promotions do not normally"
"ONLINE PROMOTION SUMMARY","5","Foundation - Event","Web Visit Summary Start Dt","This entity captures summary information regarding the online promotions associated with visitor session activities."
"ONLINE PROMOTION TYPE","2","Foundation - Campaign","Online Promotion Type Cd","This code captures information regarding the various types of online promotions presented during a session.  Examples: - Upsale - Cross sale - Free shipping - Buy 1 and get 1 free - % Off"
"ONLINE RADIO STATION","4","Foundation - Event","Online Radio Station Id","This entity captures information regarding radio stations where playlist are experienced."
"ONLINE VISITOR AFFILIATION TYPE","2","Foundation - Event","Online Visitor Affiliation Type Cd","This entity captures information regarding the affiliations of web visitors."
"OPERATING EXPENSE ACCOUNT","0","Foundation - Finance","","The entity that indicates the expense account is an operating expense. Operating expenses are those that are required to run a company."
"OPERATING EXPENSE ACCOUNT SUBTYPE","2","Foundation - Finance","Operating Expense Account Subtype Cd","The entity that indicates the type of OPERATING EXPENSE ACCOUNTs. Operating expenses include selling, marketing, general and administrative, research and development, and facilities."
"OPERATING SYSTEM","2","Foundation - Channel","Operating System Num","This is a classification of device platforms/ operating systems within an operating system family.  Examples: - Macintosh OS X - Windows XP - Windows Vista - Windows CE - Xbox - Xbox 360 - Playstation 2 - Playstation 3 - Playstation Portable"
"OPERATING SYSTEM FAMILY","2","Foundation - Channel","Operating System Family Cd","This is a high-level classification of operating systems and/ or device platforms.  Examples: - Macintosh - Windows - Linux - Xbox - Playstation - iPhone - Blackberry"
"OPERATING SYSTEM VERSION","2","Foundation - Channel","Operating System Version Num","This is the specific release version of an operating system.  Example: - Mac OS X 10.4.11"
"OPERATIONAL AUTHORITY TYPE","2","Foundation - Party","Operational Authority Type Cd","A code for the degree of operational authority the agent has such as selling, servicing, marketing, or filing claims."
"OPERATIONAL LOSS TYPE","2","Banking - Internal Organization","Operational Loss Cd","This entity classifies the possible types of operational losses that can be used to measure operational risk. See Basel II Operational Risk Consultative document Annex 4.  Examples of types of operational loss include write-downs (e.g., theft or fraud), loss of recourse (e.g., payment made to inco"
"OPERATIONAL RISK MEASURE","2","Banking - Internal Organization","Operational Risk Measure Cd","The measure from which operational risk is based for Basel II Operational Risk Standardized Approach and Internal Measurement Approach. For example, for corporate finance the measure may be gross income. For banking, it might be annual average assets. For payment and settlement, it might be annual s"
"OPPORTUNITY","15","Foundation - Campaign","Opportunity Id","An opportunity is the potential for a deal that could be revenue generating for the enterprise.   An opportunity may result in many proposals, which may result in many agreements.  An opportunity can involve many parties with different roles, many products, requirements, issues, and financial in"
"OPPORTUNITY AGREEMENT","1","Foundation - Campaign","Opportunity Agreement Dt","This entity relates an agreement to a proposal/opportunity combination that may have triggered the creation of this agreement. It allows for an agreement to be triggered by many proposal/opportunity combinations and for a proposal/opportunity to create many agreements."
"OPPORTUNITY ASSET","1","Foundation - Campaign","Sales Stage Phase Cd","This entity relates assets to the opportunity and allows for more than one asset to be related.  For example, if the opportunity is to finance the lease of an asset then this contains the details of the opportunity for this asset."
"OPPORTUNITY ASSET ROLE TYPE","4","Foundation - Campaign","Opportunity Asset Role Cd","The role of this asset to this opportunity such as is collateral, is subject of lease, or is subject of insurance."
"OPPORTUNITY COMPETITOR","3","Foundation - Campaign","Opportunity Party Role Start Dttm","This entity contains information about the competitor for this opportunity.  The attributes will vary by type of product or service being proposed. A modeling alternative is to use the Feature entity to specify the various terms and conditions being proposed by the competitor."
"OPPORTUNITY COMPETITOR FINANCE","3","Foundation - Campaign","Opportunity Competitor Amt","Financial information related to this competitor for this opportunity such as: - Spread rate (for loans) - Fee amount - Funding amount - Commitment amount"
"OPPORTUNITY COMPETITOR TEXT","1","Foundation - Campaign","Opportunity Competitor Txt","Textual notes about the competitor's proposal."
"OPPORTUNITY DOCUMENT","2","Foundation - Campaign","Opportunity Status Cd","This entity relates the opportunity to any supporting documents."
"OPPORTUNITY DOCUMENT ROLE TYPE","4","Foundation - Campaign","Opportunity Document Role Cd","The role of this document for this opportunity such as 'provide ownership title,' and 'provide claims to.'"
"OPPORTUNITY EVENT","0","Foundation - Campaign","","This entity relates an opportunity to an event. An opportunity can have many events but an event is usually for one opportunity.  Examples of events include communication with the prospect via phone, email, mail, or internal events to research the prospect for creditworthiness, and other due dilig"
"OPPORTUNITY FEATURE","0","Foundation - Campaign","","The terms and conditions that are under play as part of this deal."
"OPPORTUNITY FINANCE","4","Foundation - Campaign","Opportunity Financial Dttm","This entity contains financial information related to this opportunity such as budgeted sales amount, expected revenue, actual revenue, expected cost, actual cost, and prospect budget."
"OPPORTUNITY FINANCE TYPE","2","Foundation - Campaign","Opportunity Finance Cd","The type of metric that is described and can include amounts, rates, or numbers.   Examples: - Spread rate - Funding amount - Term length - Fee amount - Sales budget - Potential revenue - Actual revenue - Potential cost - Actual cost - Customer budget"
"OPPORTUNITY ISSUE","5","Foundation - Campaign","Opportunity Issue Start Dttm","This entity tracks issues related to this opportunity such as: - Cost of product or service - Product availability - Prospect finances - Prospect credit rating - Prospect approval cycle"
"OPPORTUNITY ISSUE RESOLVE TYPE","4","Foundation - Campaign","Opportunity Issue Resolve Cd","A code for the resolution of this issue such as: - Not resolved - Resolved"
"OPPORTUNITY ISSUE TYPE","4","Foundation - Campaign","Opportunity Issue Cd","A code for the issues of this opportunity such as: - Cost of product or service - Product availability - Prospect finances - Prospect credit rating - Prospect approval cycle"
"OPPORTUNITY LEAD TYPE","4","Foundation - Campaign","Opportunity Lead Type Cd","The source of the lead for this opportunity such as: - Marketing program - Workshop event - Training class - Product promotion - Referral - Personal network"
"OPPORTUNITY PARTY","3","Foundation - Campaign","Opportunity Status Cd","The parties to the opportunity and their roles such as: - Prospect decision maker - Enterprise decision maker - Competitor - Influencer - Sales rep - Prospect - Referral - Partner - Agent - Broker"
"OPPORTUNITY PRODUCT","2","Foundation - Campaign","Opportunity Product Start Dttm","The products of the enterprise that are potentially of interest for this opportunity. It could represent a financing need."
"OPPORTUNITY PRODUCT FEATURE","0","Foundation - Campaign","","This entity contains those features for a given product that are of interest with this opportunity."
"OPPORTUNITY PROMOTION","0","Foundation - Campaign","","This entity identifies the promotions that have led to the making of this opportunity."
"OPPORTUNITY PROPOSAL","1","Foundation - Campaign","Opportunity Proposal Dt","This entity allows for an opportunity to lead to many proposals and a proposal to be driven by many opportunities."
"OPPORTUNITY QUOTATION","1","Foundation - Campaign","Opportunity Quotation Dt","An opportunity can lead to many quotations and a quotation can be the result of many opportunities. This entity provides for this possibility."
"OPPORTUNITY REVENUE SIZE TYPE","2","Foundation - Campaign","Opportunity Revenue Size Cd","This is a code for the revenue size of this opportunity such as: - Unspecified - 250,000 - 500,000 - 500,000 - 1,000,000 - < 250,000 - > 1,000,000"
"OPPORTUNITY REVENUE TYPE","2","Foundation - Campaign","Opportunity Revenue Type Cd","A code for the revenue type of this opportunity such as: - Unspecified - Pipeline - Upside - Expected - Committed - Closed"
"OPPORTUNITY RISK GRADE","3","Foundation - Campaign","Opportunity Risk Grade Start Dttm","This entity tracks the risk of this opportunity over time."
"OPPORTUNITY SALES STAGE","3","Foundation - Campaign","Opportunity Sales Stage Start Dttm","The stage in the life cycle of the selling process for this opportunity.  Examples: - Received RFP - Planning first call - First call completed - Planning face to face meeting - Preparing proposal - Proposal submitted - Decision made"
"OPPORTUNITY SALES STAGE STATUS","1","Foundation - Campaign","Sales Stage Status Dttm","The status of this sales stage as of a date such as: - Defining - Setting up - In final steps - Completed"
"OPPORTUNITY SEGMENT","2","Foundation - Campaign","Opportunity Segment Start Dttm","This entity relates a market segment to an opportunity for the purpose of tracking over time the marketing related to this segment. Promotions may result from this association."
"OPPORTUNITY STATUS","1","Foundation - Campaign","Opportunity Status Dttm","The status of this opportunity as of a date such as: - Pending acceptance or rejection - Accepted internally - Rejected internally - Won - Lost - Timed out (too costly in sales stage)"
"OPPORTUNITY STATUS REASON","0","Foundation - Campaign","","The reason(s) this opportunity was won or lost or changed status.   Examples: - Incorrect lead - Prospect financials - No sales budget - Lead not qualified - Good lead - Competition won - Lower price - Location - Product  This entity allows for more than one reason to be entered for thi"
"OPPORTUNITY STATUS REASON TYPE","2","Foundation - Event","Opportunity Status Reason Cd","The reason why a campaign opportunity has a given status such as the reason it was won or lost.  Examples: - Incorrect lead - Prospect financials - No sales budget - Lead not qualified - Good lead - Competition won - Lower price - Location - Product"
"OPPORTUNITY STATUS TYPE","2","Foundation - Campaign","Opportunity Status Cd","A code for the status of this opportunity such as: - Pending acceptance or rejection - Accepted internally - Rejected internally - Won - Lost"
"OPPORTUNITY STRATEGIC VALUE TYPE","4","Foundation - Campaign","Opportunity Strategic Value Cd","A code for the ranking of strategic value of this opportunity such as: - High - Medium - Low"
"OPPORTUNITY TEXT","3","Foundation - Campaign","Opportunity Text Dttm; Originating Party Id","Any textual notes about this opportunity."
"OPPORTUNITY TEXT SECTION","0","Foundation","","This entity is the link to opportunity text unstructured data."
"OPPORTUNITY TEXT TYPE","2","Foundation - Campaign","Opportunity Text Type Cd","A code for the type of text for this opportunity such as: - Product or service being offered - Status information - Conversation information"
"OPPORTUNITY TYPE","4","Foundation - Campaign","Opportunity Type Cd","A classification of the type of opportunity such as loan, lease, deposit, and investment.   This will be customized based on the enterprise offerings that are complex enough to go through the opportunity and proposal process."
"OPPORTUNITY VISIBLE TYPE","4","Foundation - Campaign","Opportunity Visibility Cd","A code for how visible this opportunity is in the enterprise such as: - Board of directors - Executive management - Middle management - Line of business"
"OPTION AGREEMENT","1","Investment - Agreement","Option Type Cd","An Option is a contract giving you the right (not the obligation) to buy or sell a specified number of shares of an asset at a set price for a given time period. Options can be Call Options (right to buy) or Put Options (right to sell). You can also sell the right to sell (Writing a Put) and sell th"
"OPTION EXERCISE","1","Investment - Event","Option Exercise Qty","Discretionary exercise of a long call/put option by the owner."
"OPTION EXERCISE TYPE","3","Investment - Product","Option Exercise Type Cd","The exercise dates define when the option can be exercised. There are 3 main excise styles: American, European, and Bermundan."
"OPTION PRODUCT","17","Investment - Product","Option Underlying Product Id","This entity contains all financial products that are options including swaptions that are an option on a swap.  An option product is a tradable instrument with its own symbol. The underlying product is the subject of the option.   An option is a financial instrument which offers the buyer the ri"
"OPTION PUT CALL TYPE","3","Investment - Agreement","Option Put Call Type Cd","This minor entity describes whether this option is a put or a call type of option.   A Put option gives the holder the right but not the obligation to sell the underlying instrument for a specified period of time at a specified price (strike price). Puts are bought by investors who believe the pri"
"OPTION STYLE SUBTYPE","2","Investment - Product","Option Style Subtype Cd","A code that classifies the type of option based on its family or style.  In finance, the style or family of an option is a general term denoting the class into which the option falls, usually defined by the dates on which the option may be exercised. The vast majority of options are either Europea"
"ORGANIZATION","8","Foundation - Party","Organization Party Id","This is a subtype entity to PARTY. An organization is any group of individuals (or one individual) or other organizations formed for a specific purpose. An organization can be either an internal organization or an external organization. This definition does not include groups of individuals that for"
"ORGANIZATION BASEL APPROACH","3","Banking - Party","Basel II Function Cd","This entity tracks the Basel II approach that is used for this organization within the financial institution. Approaches can vary by function within the Institution. For example, for credit risk commercial there are three approaches (standardized, IRB Foundation, and IRB Advanced) whereas for credit"
"ORGANIZATION BUSINESS TYPE","3","Foundation - Party","Organization Business Type Cd","This entity classifies organizations into types. For businesses, examples can be hospital, inpatient hospital, outpatient clinic, gas station, retail store, and travel agency. For internal organizations, the business types could be marketing, financial, and sales."
"ORGANIZATION BUSINESS TYPE XREF","2","Foundation - Party","Organization Business Type Start Dt","This entity relates an organization to organization business types. For businesses, examples can be hospital, inpatient hospital, outpatient clinic, gas station, retail store, and travel agency. For internal organizations, the business types could be marketing, financial, and sales."
"ORGANIZATION CENTER TYPE","2","Foundation - Internal Organization","Organization Center Cd","This minor entity identifies whether this organization is a cost center or profit center. This is needed when doing profitability and allocations. Examples would be cost center, profit center, and service center."
"ORGANIZATION CLASSIFICATION GEOGRAPHIC AREA","0","Foundation - Party","","This entity identifies the organization classification schemes that are used for a given country/geographic area."
"ORGANIZATION CLASSIFICATION SCHEME","2","Foundation - Party","Organization Classification Scheme Cd","This entity describes the classification scheme for classifying organizations. Each country may have its own method or scheme for classifying organizations (e.g., SIC, NAICS, and GICS) and this structure allows an organization to be classified using the classification scheme for that country."
"ORGANIZATION HIERARCHY","4","Foundation - Party","Organization Hierarchy Start Dt; Child Organization Party Id","A history of the relationships between party organizations. It allows for multiple hierarchy schemes such as those used by marketing, reporting, and legal."
"ORGANIZATION HIERARCHY LEVEL","2","Foundation - Internal Organization","Organization Hierarchy Level Cd","The code used to represent the level of a party organization hierarchy association."
"ORGANIZATION HIERARCHY TYPE","2","Foundation - Party","Organization Hierarchy Type Cd","The domain of hierarchy types that may be associated with a party organization hierarchy.  Examples:  - Legal - Marketing  - Revenue"
"ORGANIZATION LEVEL","0","Foundation - Party","","This entity identifies the level in a hierarchy in which this organization resides. This assumes that the structure within this organization is a hierarchical structure."
"ORGANIZATION LEVEL TYPE","2","Foundation - Internal Organization","Organization Level Type Cd","This minor entity defines the level in the Organization and translates it into a meaning. For example, for one structure, level 1 could be a work group. For another structure, level 1 could be the Marketing Department."
"ORGANIZATION NAICS RATIO","3","Foundation - Party","Organization NAICS Ratio Start Dt","This entity keeps track of what percent of the enterprise is tied to a type of business as classified in the NAICS (North American Industry Classification System).  For example, if a manufacturer of motors has 55% of their products used for windshield wipers, 25% for hospital beds, and 20% for dri"
"ORGANIZATION NAME","4","Foundation - Party","Organization Name Start Dt","This entity keeps track of organization name changes over time. It keeps the current and prior names."
"ORGANIZATION OPERATING HOURS","1","Foundation - Internal Organization","Operating Hours Dt","This entity describes the operating hours for different areas within an organization for different days. An example would be where a lobby has different operating hours than the teller area."
"ORGANIZATION PAY ELEMENT","5","Foundation - Party","Position Id","This entity defines various types of compensation, which may be paid directly in the form of cash or indirectly through benefits. Each HR POSITION may include various PAY ELEMENTs to makeup a total compensation package."
"ORGANIZATION POSITION","6","Foundation - Party","Position Id","HR Internal Organization Position Start Dttm"
"ORGANIZATION POSITION STATUS","6","Foundation - Party","Position Id","This entity describes the status of a position within an HR internal organization. For example, an HR position may have a status of open, offer extended, filled, on hold, or eliminated."
"ORGANIZATION POSITION TRAIT","7","Foundation - Party","Position Id","This entity relates an ORGANIZATION POSITION to any traits assigned to an ASSOCIATE when they fill a specific HR POSITION within a HR INTERNAL ORGANIZATION.   Example:  - A person filling the position of buyer in the procurement department may have a trait to define a purchasing limit set at $10,"
"ORGANIZATION SIC RATIO","3","Foundation - Party","Organization SIC Ratio Start Dt","This entity keeps track of what percent of the enterprise is tied to a type of business as classified in the SIC.  For example, if a manufacturer of motors has 55% of their products used for windshield wipers, 25% for hospital beds, and 20% for drill presses then their ranking for exposure to a gi"
"ORGANIZATION SIZE TYPE","2","Foundation - Party","Organization Size Type Cd","A classification of this organization into small, medium, or large based on some internal criteria."
"ORGANIZATION TAX STATUS","2","Foundation - Party","Organization Tax Status Start Dt","This entity tracks the income tax status of an organization over time such as taxable, not taxable, charitable organization, taxed federally, and taxed locally."
"ORGANIZATION TYPE","2","Foundation - Party","Organization Type Cd","The subtype discriminator for an organization. This minor entity identifies the type of organizations such as external organizations or internal organizations."
"ORGANIZED EVENT","1","Foundation - Event","Organized Event Id","This is the instance of a planned event such as:  - Concert - Convention - Parade - Run/walk"
"OTHER AGREEMENT IDENTIFIER","1","Foundation - Agreement","Agreement Identifier Val","Identifiers other than the ones explicitly described in the other subtypes."
"OTHER ASSET","0","Foundation - Party Asset","","This entity is a subtype of PARTY ASSET and describes assets other than real estate, motor vehicles, jewelry, or boats."
"OTHER ASSET ACCOUNT","0","Foundation - Finance","","The entity that indicates the ASSET ACCOUNT is an OTHER ASSET ACCOUNT. Types of OTHER ASSET ACCOUNTs include investments, deferred charges, or intangible assets."
"OTHER ASSET ACCOUNT SUBTYPE","2","Foundation - Finance","Other Asset Account Subtype Cd","The entity that indicates the type of other asset, for example, investments, deferred charges, or intangible asset."
"OTHER CURRENT ASSET ACCOUNT","0","Foundation - Finance","","The entity that indicates the asset account is an OTHER CURRENT ASSET ACCOUNT. Types of OTHER CURRENT ASSET ACCOUNTs include business leasehold improvements, employee leasehold improvements, and other refundable deposits."
"OTHER DOCUMENT","0","Foundation","","This entity is a subtype to DOCUMENT and contains only those documents other than legal document, financial document, legal document, statement, or draft that is of interest to the enterprise."
"OTHER EXPENSE ACCOUNT","0","Foundation - Finance","","The entity that indicates the expense account is for other operating expense. Other expenses are those that are required to run a company and cannot be classified as one of the other types of expenses."
"OTHER EXPENSE ACCOUNT SUBTYPE","2","Foundation - Finance","Other Expense Account Subtype Cd","This minor entity classifies the other expense account type, such as provision for loan loss, underwriting expense, and loss and loss adjustment expense."
"OTHER FINANCIAL SERVICE","0","Banking - Agreement","","This entity includes other financial services that are many times performed for a fee."
"OTHER FINANCIAL SERVICES SUBTYPE","2","Banking - Agreement","Other Financial Service Subtype Cd","This entity is used as a category discriminator for other agreements."
"OTHER INSTITUTION INTERNAL ORGANIZATION","0","Foundation - Party","","This entity contains internal organizations of financial institutions other than your own."
"OTHER INTERNAL ORGANIZATION","0","Foundation - Party","","This entity contains internal organizations that are not financial institutions."
"OTHER INVOICE EXPENSE","0","Foundation - Finance","","This entity is a subtype of AP INVOICE. It is one of four subtypes. The other three are AP INVOICE EXPENSE, AP REIMBURSABLE EXPENSE, and AP RECURRING EXPENSE.   OTHER INVOICE EXPENSE pertains to INVOICEs for costs incurred to operate the company and billed to the company directly by the VENDOR, th"
"OTHER LIABILITY ACCOUNT","0","Foundation - Finance","","The entity that provides details for the OTHER LIABILITY ACCOUNT. For an insurance company includes: unearned premium reserves, policyholder funds, and loss and loss adjustment reserves."
"OTHER LIABILITY ACCOUNT SUBTYPE","2","Foundation - Finance","Other Liability Account Subtype Cd","The entity that describes the type of another liability account, for example, policyholder fund account."
"OTHER OPERATING EXPENSE ACCOUNT","0","Foundation - Finance","","The entity that indicates the operating expense pertains to other operating expenses. These expenses are general in nature and cannot be classified as one of the other types of operating expenses."
"OTHER PARTY INSURANCE COVERAGE","3","Foundation - Party","Insurance Coverage Start Dttm","This entity contains coverage information about this party that is insured by a policy other than your financial institution."
"OTHER PARTY INSURER","2","Foundation - Party","Insurer Party Id; Insured Party Id","This is a specific type of party-to-party relationship, which is an insurer to the insured. It is a subentity to PARTY RELATED. It contains information about the relationship between the insurer other than your financial institution and the insured. If your institution also is the insurer then you c"
"OTHER PRODUCT IDENTIFIER","1","Foundation - Product","Other Product Id Val","This entity contains identifiers other than the ones specifically identified in the other subtypes."
"OTHER RATE FEATURE","1","Foundation - Product","To Other Feature Rate","This is a subtype to RATE FEATURE. This entity includes rates that are not interest based and are not fees, such as the percent coverage for health insurance. The rate may be a range of rates."
"OTHER REVENUE ACCOUNT","0","Foundation - Finance","","The entity that represents income from activities other than normal business operations, such as investment interest, foreign exchange gains, rent income, and profit from the sale of noninventory assets."
"OTHER STATEMENT LINE ITEM","0","Foundation - Agreement","","Line item detail for statements other than investment statements. Placeholder for other statement types with detail line items."
"OUTBOUND CALL","1","Foundation - Event","Outbound Call Work Plan Id","A call initiated by the call center."
"OUTBOUND CALL REASON TYPE","2","Foundation - Event","Outbound Call Reason Cd","The reason for initiating a call."
"OVER THE COUNTER CHANNEL TYPE","0","Foundation - Channel","","This is a type of channel that is face to face or over the counter such as a visit to a branch."
"OVER WITHHELD TAX REIMBURSEMENT","0","Foundation - Party","","Reimbursement for over withheld taxes."
"OVERDRAFT EXCESS","2","Banking - Agreement","Overdraft Excess Start Dttm","This entity tracks the time period that the account is overdrawn above a certain limit. When the balance exceeds the overdraft limit, we say the account is in excess.  Note: The amount of the overdraft on any given day is derived from the balance and the overdraft limit."
"OVERNIGHT INDEX SWAP","0","Investment - Agreement","","An overnight index swap is an interest rate swap involving the overnight rate being exchanged for some fixed interest rate. Generally short-term, the interest of the overnight rate portion of the swap is compounded and paid at maturity."
"OVERSEAS MILITARY ADDRESS","3","Foundation - Location","Overseas Military Postal Cd; Overseas Military City Id; Overseas Military Territory Id","The concept of getting mail to and from military personnel stationed overseas dates back many years. In formalizing this activity, the U.S. Postal Service (USPS) and the Department of Defense (DoD) negotiated an agreement called Overseas Military Mail, which exists to this day.   For mail routing "
"OVERTIME PAY","0","Foundation - Party","","Extra pay that is provided for working more than the standard number of hours or when working holidays or other unique situations."
"OWNERSHIP TYPE","9","Foundation - Party","Ownership Type Cd","This entity classifies the ownership of an organization. Examples are minority owned, Indian owned, and women owned."
"PA DRAFT INVOICE","0","Foundation - Finance","","The purpose of the PA Draft Invoice is to feed billable project information to the AR billing system that generates the final Invoice to be sent to a customer. The Invoice Dttm in the supertype entity, INVOICE, is the date the final customer INVOICE, related to the PA Draft Invoice, is created."
"PA DRAFT INVOICE LINE","2","Foundation - Finance","Project Task Resource Id","PA draft invoice line provides line item billing details for project tasks or resources. This entity identifies detailed information related to the lines on a specific PA DRAFT INVOICE."
"PA DRAFT INVOICE LINE AMOUNT","0","Foundation - Finance","","This associative entity relates the draft invoice line with the amounts for the line item, such as professional services amount, and tax line amount, as defined in the Invoice Amount Type Cd. The amounts are recorded in transaction, local accounting, and global currencies."
"PACKAGE CHANNEL LINEUP","6","Foundation - Campaign","Package Channel Val","Captures the programming package list of viewing channels."
"PACKAGE OFFERING","1","Foundation - Product","Package Product Id","This is a subtype entity to PRODUCT. A product may be a package, which is a grouping of products that can be offered. A package is also a marketable product in PRODUCT. This entity has no attributes other than the primary key but was created to show relationships that Packages have specifically."
"PAGE EVENT STATUS TYPE","2","Foundation - Event","Page Event Status Type Cd","The status of an interaction task, for example, success, or failure."
"PAGE POSITION TYPE","2","Foundation - Campaign","Page Position Cd","This entity tracks different positions available on a page.  Note: The page could be physical such as in a print ad or catalog, or virtual, such as on a web page.   Examples:  - Lower right hand corner - Top middle - Middle left"
"PAGE TYPE","2","Foundation - Campaign","Page Type Cd","This entity categorizes a page according to the type of business related content it contains.  Examples:  - Home page - Category page - Products page - Order page - Help page - Search page  Note: This is used to describe both virtual (web site) as well as physical (catalog, magazine) pages"
"PAID SEARCH","12","Foundation - Event","Paid Search Dt","This entity captures summary information provided by paid search engine web sites regarding paid search activities."
"PAID SEARCH PROMOTION STATUS TYPE","2","Foundation - Event","Paid Search Promotion Status Type Cd","This entity captures information regarding paid search promotion status types.  Examples:  - Successful - Failed - Incomplete"
"PAIRED SHARE","2","Investment - Product","Second Paired Stock Id; Paired Stock Id","Stock of two companies under the same management that is sold as one unit and usually appears on one certificate."
"PARCEL ADDRESS","7","Foundation - Location","Parcel Address Id","The legal representation of an address as recorded in the county/parish records."
"PARENT DELETE CASCADE","0","Unassigned","","WHEN (0 < (SELECT count(*) FROM %Child, oldtable WHERE %JoinFKPK(%Child,oldtable,' = ',' AND')))   /* ERwin Builtin Trigger */   /* %Action trigger on %TableOwner(.)%TableName */   /* %Parent %VerbPhrase %Child on parent delete restrict */   /* %ErwinRelationInfo */    ABORT 'Cannot delete %Parent b"
"PARENT DELETE NO ACTION","0","Unassigned","","WHEN (0 = (SELECT count(*) FROM %Parent, newtable WHERE %JoinFKPK(newtable,%Parent,' = ',' AND')      %If (%NotnullFK(newtable,' IS NOT NULL',,' AND')) { AND %NotnullFK(newtable,' IS NOT NULL',,' AND')}))   /* ERwin Builtin Trigger */   /* %Action trigger on %TableOwner(.)%TableName */   /* %Parent "
"PARENT DELETE RESTRICT","0","Unassigned","","WHEN (0 < (SELECT count(*) FROM %Parent, oldtable, newtable WHERE %JoinPKPK(oldtable,newtable,' <> ',' OR ')))   /* ERwin Builtin Trigger */   /* %Action trigger on %TableOwner(.)%TableName */   /* %Parent %VerbPhrase %Child on parent update set null */   /* %ErwinRelationInfo */      UPDATE %Child "
"PARENT DELETE SET DEFAULT","0","Unassigned","","/* ERwin Builtin Trigger */ /* %Action trigger on %TableOwner(.)%TableName */ /* %Parent %VerbPhrase %Child on parent update set default */ /* %ErwinRelationInfo */ /* Application specific.  Left out intentionally. */"
"PARENT DELETE SET NULL","0","Unassigned","","/* ERwin Builtin Trigger */     /* %Action trigger on %TableOwner(.)%TableName */     /* %Parent %VerbPhrase %Child on parent delete cascade */     /* %ErwinRelationInfo */     DELETE FROM %Child       WHERE         /* %%JoinFKPK(%Child,oldtable,' = ',' AND') */         %JoinFKPK(%Child,oldtable,' ="
"PARENT INSERT CASCADE","0","Unassigned","","/* ERwin Builtin Trigger */ /* %Action trigger on %TableOwner(.)%TableName */ /* %Parent %VerbPhrase %Child on parent insert set null */ /* %ErwinRelationInfo */ /* Application specific.  Left out intentionally. */"
"PARENT INSERT NO ACTION","1","Unassigned","","WHEN (0 = (SELECT count(*) FROM %Parent, newtable WHERE %JoinFKPK(newtable,%Parent,' = ',' AND')      %If (%NotnullFK(newtable,' IS NOT NULL')) { AND %NotnullFK(newtable,' IS NOT NULL',,' AND') }))     /* ERwin Builtin Trigger */     /* %Action trigger on %TableOwner(.)%TableName */     /* %Parent %"
"PARENT INSERT RESTRICT","0","Unassigned","","/* ERwin Builtin Trigger */     /* %Action trigger on %TableOwner(.)%TableName */     /* %Parent %VerbPhrase %Child on child delete cascade */     /* %ErwinRelationInfo */     DELETE FROM %Parent       WHERE         /* %%JoinFKPK(oldtable,%Parent,' = ',' AND') */         %JoinFKPK(oldtable,%Parent,'"
"PARENT INSERT SET DEFAULT","0","Unassigned","","/* ERwin Builtin Trigger */ /* %Action trigger on %TableOwner(.)%TableName */ /* %Parent %VerbPhrase %Child on parent delete set default */ /* %ErwinRelationInfo */ /* Application specific.  Left out intentionally. */"
"PARENT INSERT SET NULL","0","Unassigned","","/* ERwin Builtin Trigger */ /* %Action trigger on %TableOwner(.)%TableName */ /* %Parent %VerbPhrase %Child on child delete set null */ /* %ErwinRelationInfo */ /* Application specific.  Left out intentionally. */"
"PARENT UPDATE CASCADE","0","Unassigned","","WHEN ( (0 < (SELECT count(*) FROM %Parent, oldtable, newtable WHERE %JoinPKPK(oldtable,newtable,' <> ',' OR '))) AND      (0 < (SELECT count(*) FROM %Child, oldtable WHERE %JoinFKPK(%Child,oldtable,' = ',' AND'))))   /* ERwin Builtin Trigger */   /* %Action trigger on %TableOwner(.)%TableName */   /"
"PARENT UPDATE NO ACTION","0","Unassigned","","/* ERwin Builtin Trigger */ /* %Action trigger on %TableOwner(.)%TableName */ /* %Parent %VerbPhrase %Child on parent insert cascade */ /* %ErwinRelationInfo */ /* Application specific.  Left out intentionally. */"
"PARENT UPDATE RESTRICT","0","Unassigned","",""
"PARENT UPDATE SET DEFAULT","0","Unassigned","","%TeradataCreateReplace TRIGGER %ProcedureOwner(.)%TriggerName   %Fire %Actions(' OR ')   ON %TableOwner(.)%TableName %TriggerFireOrder   %RefClause   %Scope   %TriggerWhen /* ERwin Builtin Trigger */ /* default body for %TableOwner(.)%TriggerName */ BEGIN ATOMIC /* Application specific.  Left out in"
"PARENT UPDATE SET NULL","0","Unassigned","","WHEN (0 < (SELECT count(*) FROM %Parent, oldtable, newtable WHERE %JoinPKPK(oldtable,newtable,' <> ',' OR ')))   /* ERwin Builtin Trigger */   /* %Action trigger on %TableOwner(.)%TableName */   /* %Parent %VerbPhrase %Child on parent update cascade */   /* %ErwinRelationInfo */      UPDATE %Child  "
"PARTICIPATING PREFERRED STOCK","0","Investment - Product","","A type of preferred stock that gives the holder the right to receive dividends equal to the normally specified rate that preferred dividends receive as well as an additional dividend based on some predetermined condition.   The additional dividend paid to preferred shareholders is commonly structu"
"PARTY","7","Foundation - Party","Party Id","A party is any individual, organization or household that is of interest to the enterprise."
"PARTY ACCESS DEVICE","2","Foundation - Agreement","Party Access Device Start Dt","This entity associates an ACCESS DEVICE with a PARTY."
"PARTY ACCESS DEVICE ROLE TYPE","2","Foundation - Agreement","Party Access Device Role Cd","This minor entity describes the various roles that a party may have with an ACCESS DEVICE such as issued or uses."
"PARTY ACCOUNT","2","Foundation - Agreement","Party Account Role Start Dt","This entity contains the relationships that a party has with an account such as primary obligor, secondary obligor, and cosigner."
"PARTY ACCOUNT ROLE","2","Foundation - Agreement","Party Account Role Cd","The role that a party has with an account such as primary obligor, secondary obligor, and cosigner."
"PARTY ADDRESS","3","Foundation - Party","Default Ind","This entity relates parties to addresses. A party can have many addresses and an address can be used by many parties."
"PARTY AGREEMENT","6","Foundation - Agreement","Party Agreement Start Dt","This associative entity defines the relationships that this agreement has with parties. Examples include primary obligor, secondary obligor, and cosigner.  For example, relationships include account holder, beneficiary, trustee, the car dealer that originated the account, the business or individua"
"PARTY AGREEMENT ASSET","3","Unassigned","Insurance (all LOB)","This entity relates agreements, parties, and assets. For example, for automobile insurance for a given policy an automobile (asset) is assigned certain eligible drivers (parties) with a role of 'insured.' This entity would be used if parties were restricted to certain assets such as only party 1 can"
"PARTY AGREEMENT BALANCE SUMMARY","4","Foundation - Agreement","Risk Metric Type Cd",""
"PARTY AGREEMENT GROUP","6","Foundation - Agreement","Party Agreement Group Role Cd","This associative entity describes the role that a party has with an agreement group such as is 'responsible for.' This can be the trading room desk that is responsible for a group of deals (agreements)."
"PARTY AGREEMENT GROUP ROLE TYPE","4","Foundation - Agreement","Party Agreement Group Role Cd","This minor entity contains the roles that a party has with an agreement group such as is responsible for. This can be the trading room desk that is responsible for a group of deals (agreements)."
"PARTY AGREEMENT LOCATOR","2","Foundation - Agreement","Party Agreement Locator Start Dt","This entity tracks locators as they relate to a party agreement combination, for example, party A receives a statement for this agreement that is mailed to this locator."
"PARTY AGREEMENT METRIC","40","Foundation - Agreement","Party Agreement Metric Amt","This entity tracks metrics for a given party for a given agreement. For example, for Solvency II when calculating capital requirement for catastrophic life insurance risk it is necessary to calculate the capital for each life for each policy."
"PARTY AGREEMENT ROLE","2","Foundation - Agreement","Party Agreement Role Cd","This minor entity defines the various roles that parties have with the agreement such as primary obligor, secondary obligor, and cosigner.  Examples could be account holder, beneficiary, trustee, and originating employee. It includes employees related to accounts. This role code may be used to ide"
"PARTY APPLICATION","2","Foundation - Party","Application Party Start Dt","This associative entity identifies all the parties involved in the application process. This includes all parties applying for the product, all financial institution parties, and all partners and competitors. It can also include the parties reviewing the application."
"PARTY APPLICATION DEMOGRAPHIC","3","Foundation - Party","Party Application Demographic End Dt","This entity tracks demographic information about a party as specified on the application. The role is the party applying for the product or service.  Examples:  - Years on job for a given party - Salary as reported on the application for this party"
"PARTY APPLICATION ROLE","2","Foundation - Party","Party Application Role Cd","This entity describes the role that a party has with an application such as applicant, loan broker, insurance agent, underwriter, and reviewer."
"PARTY ASSET","9","Foundation - Party Asset","Party Asset Id","This entity identifies known items of interest to parties. These items include tangible and intangible (e.g., financial) items. There is one instance for each specific identifiable item.   Assets can include equipment or vehicles being leased from the financial institution. An asset could include "
"PARTY ASSET APPRAISAL","0","Foundation - Party Asset","","This entity contains appraisal history of this asset. Examples of amounts for appraisals include: - Fee amount - As is value - Purchase value - Appraised value"
"PARTY ASSET AS COLLATERAL AGREEMENT","0","Banking - Agreement","","This entity contains those collateral agreements where a party asset that is held outside the bank is used as collateral. These agreements are where collateral could be real estate, automobiles, and financial instruments held by another institution."
"PARTY ASSET CLASS RISK GRADE","3","Foundation - Party Asset","Asset Class Grade Start Dttm","This entity identifies the risk grade for this classification of party assets (e.g., collateral)."
"PARTY ASSET CLASS SCHEME TYPE","5","Foundation - Party Asset","Party Asset Class Cd","This minor entity identifies the purpose for the party asset classification such as insurance or Basel II calculation."
"PARTY ASSET CLASS VALUE","7","Foundation - Party Asset","Party Asset Value Cd","A classification of assets for a given classification scheme or purpose. The value represents the possible values for that scheme.   For example, for property and casualty insurance purposes the classification could be single family dwelling, small unit dwelling, large unit dwelling, farm land, je"
"PARTY ASSET CLASS XREF","2","Foundation - Party Asset","Party Asset Class Start Dt","This associative entity allows a customer asset to be classified many ways. It may be classified one way for insurance purposes and another way for Basel II calculation purposes. The different ways of classifying are the referred to as the classification schemes. The values within that scheme are th"
"PARTY ASSET CONDITION","2","Foundation - Party Asset","Party Asset Condition Type Dt; Asset Ranking Party Id","An overall ranking of the condition of this asset such as: - Excellent - Good - Fair - Poor - Salvage"
"PARTY ASSET CONDITION TYPE","2","Foundation - Party Asset","Party Asset Condition Type Cd","The code for the overall ranking of the condition of this asset such as: - Excellent - Good - Fair - Poor - Salvage"
"PARTY ASSET COST","3","Foundation - Party Asset","Party Asset Cost Start Dttm","The cost to the enterprise of managing or having an interest in this asset. For example, for an insurance company, if this is an asset that is becoming salvage then this could be the cost of storage."
"PARTY ASSET COST RECOVERY","3","Foundation - Party Asset","Party Asset Recovery Amt Cd","This entity tracks information about recovering the costs for this asset. One example is the amounts recovered for a salvaged asset by an insurance company."
"PARTY ASSET DAMAGE ASSESSMENT","1","Foundation - Party Asset","Party Asset Damage Report Dt","This entity contains the damage assessment of an asset.  Examples: - Totaled - Partially totaled"
"PARTY ASSET DAMAGE TYPE","2","Foundation - Party Asset","Party Asset Damage Cd","This entity classifies the damage to an asset.   Examples: - Totally damaged and not usable - Engine damage - Body work damage - Electrical damage - Frame damage"
"PARTY ASSET DOCUMENT","0","Foundation - Party Asset","","This entity associates a party's asset with a document.   Examples: - A deed for real estate, car, vessel or aircraft registration - The appraiser's report"
"PARTY ASSET EVENT","0","Foundation - Event","","This entity contains those events that involve party assets such as the event of repossessing a car."
"PARTY ASSET EVENT ROLE","6","Foundation - Event","Party Asset Event Role Cd","A code for the role that this party asset has with this event such as 'repossessed.'"
"PARTY ASSET GROUP","2","Foundation - Party Asset","Party Asset Group Id","This entity identifies assets that are grouped."
"PARTY ASSET GROUP PURPOSE TYPE","2","Foundation - Party Asset","Party Asset Group Purpose Type Cd","A code for the purpose of this asset grouping such as for insurance Solvency II calculations to determine concentration of exposures for fire and other catastrophes, for example, how fire at one facility might affect other nearby facilities."
"PARTY ASSET GROUP XREF","2","Foundation - Party Asset","Party Asset Group Start Dt","This entity relates specific customer assets to specific asset groupings. An asset can be grouped many ways for different purposes. One grouping might be all assets that are financial and due to mature in 90 days."
"PARTY ASSET INSURANCE COVERAGE","3","Foundation - Party Asset","Asset Insurance Start Dttm","This entity contains coverage information about this asset that is insured by a party other than your financial institution."
"PARTY ASSET INSURER","0","Foundation - Party Asset","","This entity contains information about the party who is the insurer of the asset. This information is of interest if the asset is collateral for a loan that you are financing.  If your institution also is the insurer then you can get the coverage information elsewhere in the model."
"PARTY ASSET INTERNAL ID TYPE","3","Banking - Party Asset","Party Asset Internal Id Cd; Over-The-Counter Channel Instance Id","This minor entity describes the purpose of the identifier in the host system such as collateral or insured item."
"PARTY ASSET INTERNAL IDENTIFIER","2","Foundation - Party Asset","Party Asset Internal Identifier Cd; Host Party Asset Id","This entity contains the various host identifiers for this party asset. Since the same asset can be used for both collateral purposes and may be the subject of insurance, it may have more than one internal identifier at the enterprise level for this financial institution."
"PARTY ASSET JUNK TITLE","1","Unassigned","Insurance (all LOB)","This entity contains information about an asset that has a title of Junk."
"PARTY ASSET LEGAL ACTION","0","Foundation - Party Asset","","This entity tracks legal actions against counterparty assets such as a lien on property."
"PARTY ASSET LESSEE","0","Banking - Party Asset","","This entity holds information about the party who rents or leases the asset. There are no attributes. It is in the model as a placeholder and to show this as one of the party asset roles."
"PARTY ASSET LIABILITY","2","Foundation - Party Asset","Party Asset Liability Start Dttm","This associative entity relates party assets with liabilities."
"PARTY ASSET LIABILITY REASON","2","Foundation - Party Asset","Party Asset Liability Reason Cd","The reason why the party asset is related to this liability. For example, the house might have a second mortgage with another financial institution, or a party has a loan with another bank and that loan is collateralized by more than one asset."
"PARTY ASSET LOCATOR","2","Foundation - Party Asset","Party Asset Locator Start Dt","This entity contains the locators (i.e., addresses) that can be related to assets such as the physical location, the parcel address as recorded in the government offices, and the spatial address (longitude, latitude, and altitude)."
"PARTY ASSET LOCATOR ROLE","2","Foundation - Party Asset","Party Asset Locator Role Cd","The role that this locator has with this asset such as: - Mailing address - Parcel address as recorded in the government records - Spatial address - latitude, longitude and altitude"
"PARTY ASSET MAINTENANCE","1","Foundation - Party Asset","Party Asset Maintenance Dt","This entity track maintenance details about an asset over time.  Examples:  - For real estate: The date the plumbing, wiring, and heating were each last updated. - For an automobile: The history of maintenance checkups."
"PARTY ASSET OWNER","1","Foundation - Party Asset","Party Id","This entity holds information about the parties who are the legal owners of the asset.  For Basel II this is interesting to understand the amount paid for the asset. This is different from the lienholders who have a claim to the asset but are not the owners of record."
"PARTY ASSET PART RECALL","1","Foundation - Party Asset","Party Asset Part Recall Dt","This entity tracks the part type of the asset that was recalled."
"PARTY ASSET PART TYPE","2","Foundation - Party Asset","Party Asset Part Type Cd","A code for the part type that makes up an asset. This is a classification of a part and not the actual part instance. Part instances are in the PARTY ASSET entity. This can be used to identify parts of assets being recalled.   For example, an automobile may contain a certain brand of tires being r"
"PARTY ASSET PART TYPE XREF","0","Foundation - Party Asset","","This entity contains the types of parts within an asset that is of interest in tracking. This may be needed to understand part recalls of vehicles for insurance subrogation purposes."
"PARTY ASSET PART VALUATION","3","Foundation - Party Asset","Party Asset Part Valuation Dt; Party Asset Part Value Party Id","This entity contains a history of the value of this part type for this asset. Valuations include appraisals."
"PARTY ASSET PHYSICAL TYPE","2","Foundation - Party Asset","Party Asset Physical Type Cd","This is a code that identifies if this party asset is physical, financial, or other (e.g., goodwill)."
"PARTY ASSET PRICE SENSITIVITY","4","Banking - Party Asset","Sensitivity Cd","This entity contains the factors about this type of asset that could affect its valuation or price fluctuations such as liquidity, obsolescence, and deterioration. How sensitive this asset is to these kinds of factors."
"PARTY ASSET RECALL","1","Foundation - Party Asset","Party Asset Recall Dt","This entity tracks any recalls of this asset or parts of this asset."
"PARTY ASSET RELATED","0","Foundation - Party Asset","","This entity relates one party asset to another such as 'contains,' 'is part of,' 'replaces,' and 'installed.'  Example: - A GPS measuring device asset is installed in a motor vehicle asset."
"PARTY ASSET RELATED TYPE","0","Foundation - Party Asset","","The code for the reason one party asset is related to another party asset.   Examples:  - Is a part of - Contains - Replaces"
"PARTY ASSET SALVAGE STATUS","3","Foundation - Party Asset","Party Asset Salvage Status Cd","The status of this asset as it is being transferred to salvage title.  Examples: - Asset not picked up - Asset picked up  - Keys received - Asset title changed to salvage"
"PARTY ASSET SALVAGE SUMMARY","5","Unassigned","Insurance (all LOB)","This is a summary entity that shows the performance of salvage recovery by asset type, geography, damage type, and peril type."
"PARTY ASSET SALVAGE TITLE","1","Unassigned","Insurance (all LOB)","This entity contains information about an asset that has a title of Salvage."
"PARTY ASSET SENSITIVITY TYPE","4","Banking - Party Asset","Party Asset Sensitivity Cd","This minor entity describes the risk factor that affects the valuation of this asset such as liquidity, obsolescence, deterioration, and market forces."
"PARTY ASSET SPECIFICATION","7","Foundation - Party Asset","Party Asset Specification Start Dttm","This generic entity to keep track of details about party assets. For example, for motor vehicles you may need to know about horsepower, minimum weight, maximum weight, number of cylinders, number of doors, and number of seats. For real estate, you may need to know how many elevators, number of freig"
"PARTY ASSET SPECIFICATION TYPE","2","Foundation - Party Asset","Party Asset Specification Type Cd","A code for the type of party asset specification.   Example: - For motor vehicles, you may need to know about horsepower, minimum weight, maximum weight, number of cylinders, number of doors, and number of seats. For real estate, you may need to know how many elevators, number of freight elevator"
"PARTY ASSET STATUS","1","Foundation - Party Asset","Party Asset Status Dt","This entity tracks the status of an asset such as: -Borrower abandoned property -Borrower voluntarily surrendered title/possession -Borrower legally forced from asset by court order/eviction -Other repossession (other assets)"
"PARTY ASSET STATUS TYPE","4","Foundation - Party Asset","Party Asset Status Type Cd","This is a code for the type of asset statuses such as: -Borrower abandoned property -Borrower voluntarily surrendered title/possession -Borrower legally forced from asset by court order/eviction -Other repossession (other assets)"
"PARTY ASSET SUBTYPE","2","Foundation - Party Asset","Party Asset Subtype Cd","This minor entity classifies the assets into categories such as automobile, jewelry, real estate, inventory, account receivables, equipment, animal, financial asset, and other asset. There is one instance for each asset type."
"PARTY ASSET TITLE","2","Foundation - Party Asset","Party Asset Title Start Dt","The title assigned to this asset for this asset owner over time."
"PARTY ASSET TITLE TYPE","2","Foundation - Party Asset","Party Asset Title Type Cd","The type of title this asset is assigned.   Ownership title.  Further examples for motor vehicle: - Dismantled Title - The vehicle sustained major damage to one or more major component parts and the cost of repairing the vehicle for safe operation exceeds its fair market value. When a dismantle"
"PARTY AUTHORIZATION QUESTION","2","Foundation - Party","Party Authorization Question Id","This entity contains the questions that can be used when confirming the identity of a party. Examples of questions are 'mother's maiden name.' 'pet's name,' 'mother's birth month and day,' 'favorite teacher,' and 'favorite food.'"
"PARTY AUTHORIZATION RESPONSE","1","Foundation - Party","Party Authorization Response Desc","This entity contains the response to the authorization question for this party."
"PARTY AUTOMOBILE DRIVING HISTORY","10","Unassigned","Driving History Dt","This entity is details the driving history of the combination of party and the associated automobile.  Attributes in this entity will vary from country to country and from financial institution to financial institution."
"PARTY BANKRUPTCY","1","Foundation - Party","Bankruptcy Dt","This entity tracks the occurrences of bankruptcy for a party along with the associated Chapter (American classification)."
"PARTY CHANNEL INSTANCE","1","Foundation - Channel","Party Channel Instance Id","This entity represents a specific party that is used as a channel instance."
"PARTY CHANNEL INSTANCE PREFERENCE","2","Foundation - Party","Party Channel Instance Preference Start Dt","This entity identifies the preferred channel instance (e.g., phone or email address) for a given party. The protocol can also indicate whether the communication should be voice or text."
"PARTY CHANNEL INSTANCE XREF","3","Foundation - Channel","Party Channel Instance Role Cd","This associative entity identifies the various roles that a party has with a specific channel. Roles include houses, manages, and owns."
"PARTY CHANNEL PREFERENCE SCORE","1","Foundation - Party","Channel Preference Score Val","The channel preference score is a derived entity that identifies the channel type that is preferred by this party for this use. It is populated by a predictive modeling tool using other data in the model as input to the model."
"PARTY CHANNEL REASON TYPE","2","Foundation - Channel","Party Channel Reason Cd","The reason this party has this role with this channel.   For example, if the channel is a specific ATM then the reason could be 'proximity' or 'ease of use.'"
"PARTY CHANNEL ROLE","2","Foundation - Channel","Party Channel Role Cd","The code for the various roles that a party may have with a channel such as houses, owns, manages, repairs, uses for marketing or sales purposes, prefers for usage, or prefers for communication."
"PARTY CHANNEL TYPE","6","Foundation - Channel","Party Id","This associative entity identifies the various roles that a party has with a channel type. Roles of a party with a channel include houses, owns, manages, repairs, uses for marketing or sales, prefers for usage, or prefers for communication."
"PARTY CHANNEL TYPE ACTIVITY QUOTA","5","Foundation - Party","Party Channel Activity Quota Start Dt","This entity contains the forecasts and actuals of various metrics for parties and channel types. For example, a business unit has a goal of reducing the number of branch visits for check deposits and increasing the number of ATM visits for that check deposits."
"PARTY CLAIM","3","Unassigned","Insurance (all LOB)","This entity relates parties with claims and the roles that the party had with the claim. A party can have many roles with that claim, and a claim can involve many parties.  Examples: - Claiming party - Direct provider - Indirect provider - Submitting party - First party - Third party or inju"
"PARTY CLAIM AMOUNT","1","Unassigned","Insurance (all LOB)","This entity associates a party involved with a claim with a claim amount. For example, this could be the fee charged by the lawyer who worked on the claim, or this could be the total paid by a third party associated with the claim."
"PARTY CLAIM AUTHORIZATION","3","Unassigned","Insurance (all LOB)","This associative entity links parties to claim authorizations. Examples are the party that requested the authorization, the party that approved the authorization, and the party that withdrew the authorization from the party that the authorization is for."
"PARTY CLAIM AUTHORIZATION ROLE TYPE","3","Unassigned","Insurance (all LOB)","This minor entity converts the party claim authorization role code into a description."
"PARTY CLAIM INSURABLE INTEREST","1","Unassigned","Insurance (all LOB)","This entity associates the party to the claim with the thing being insured (insurable interest)."
"PARTY CLAIM ROLE TYPE","3","Unassigned","Insurance (all LOB)","This minor entity contains the roles that a party plays with a claim or a claim service, such as claimant, injured, facility, or in the case of health care, the billing provider, attending provider, referring provider, supervising provider, and rendering provider."
"PARTY CLAIM SERVICE","3","Unassigned","Insurance (all LOB)","This entity relates parties with claims services and the roles that the party had with the claim service. A party can have many roles with that claim service, and a claim can involve many parties."
"PARTY CLAIM SERVICE AMOUNT","3","Unassigned","Insurance (all LOB)","This entity associates a party involved with a claim service with a claim service amount. Examples can include the laboratory that billed a lab fee on the claim, or it can be the number of inpatient visits associated with the patient, or it can be the amount billed by a specific doctor for the claim"
"PARTY CLAIM SERVICE DIAGNOSIS AMOUNT","3","Unassigned","Insurance (all LOB)","This entity contains metrics for claim, service (procedure), party, and diagnosis combination. For example, for a bodily injury claim, the injury/diagnosis might be hairline fracture, the service might be sling fitting, and the metric could be the amount charged by the provider."
"PARTY CLASS RISK GRADE","5","Foundation - Party","Party Class Risk Grade Start Dttm","This entity contains the risk grade for a given classification of parties for a given period of time. Examples of classifications include large business, small business, sovereign, and individual."
"PARTY CLASS SCHEME TYPE","5","Foundation - Party","Party Class Cd","This minor entity describes the schemes for classifying parties. Examples of schemes include legal tax purposes, Basel II risk purposes, and marketing purposes."
"PARTY CLASS VALUE","8","Foundation - Party","Party Class Value Cd","For a given classification scheme these value codes represent the various values for a given classification scheme. For example, if the classification scheme is for Basel II risk purposes then the possible values could be sovereign, central bank, bank, corporate, municipality, small business, and in"
"PARTY CLASSIFICATION SUBJECT","0","Foundation","","This entity contains those subjects that are classifications of parties. There is one instance for each party classification, such as males over 50 years."
"PARTY COST","4","Foundation - Party","Party Cost Start Dttm","This entity describes the types of costs that a party incurs which are used when calculating profitability. These are costs allocated to parties that cannot be derived from the event or agreement levels. These costs are usually allocated as indirect costs such as the cost for administrative function"
"PARTY CREDIT INQUIRY","5","Foundation","Obligor Party Id; Inquiring Party Id","This entity contains the credit inquiry information for this obligor party for this date as requested by one lender.   Usually there is one inquiry for each lending party many times triggered by an application for a loan or credit card with that institution."
"PARTY CREDIT INQUIRY SUMMARY","9","Foundation - Party","Credit Inquiry Reporter Party Id; Credit Inquiry Subject Party Id","This entity tracks credit inquiry counts as reported by credit bureaus for the party being queried."
"PARTY CREDIT REPORT","5","Foundation - Party","Reporting Party Id; Obligor Party Id","This entity represents the running of a credit report for a party usually an obligor.  This entity contains the credit rating for this party for this date. It is related to party rather than customer to allow for ratings at the household level where a household is also a type of party. These are u"
"PARTY CREDIT REPORT COMMENT","1","Foundation - Party","Credit Report Score Impact Num","This entity contains a summary of comment types about this obligor from this reporting party for this credit report and the impact to the score.  Examples of comments are: - 2 = Level of delinquency on accounts  - 18 = Number of accounts with delinquency - 24 = No recent revolving balances - 1"
"PARTY CURRENCY","3","Foundation - Party","Party Currency Role Type Cd","This entity identifies the currency associated with a party. For example, stock markets may trade in a given currency that might be different from the country it resides. In Europe, the stock markets moved to the Euro before the countries did."
"PARTY CURRENCY ROLE TYPE","2","Foundation - Party","Party Currency Role Type Cd","A code for the type of role the currency has with a party. For example, if the party is a stock exchange then the currency is the reporting currency."
"PARTY DEMOGRAPHIC","4","Foundation - Party","Party Demographic Start Dt","Provides the relationship of a PARTY to a specific DEMOGRAPHIC VALUE.  Examples:  - INDIVIDUAL: Rachel has an income of $120,000 - HOUSEHOLD: The Smiths have 5 children. - ORGANIZATION: Acme Gifts has annual sales revenue of $4M."
"PARTY DOCUMENT","2","Foundation - Party","Party Portfolio Role Cd","This entity associates a party with the document. The party may be the originator or recipient of the document. The party may be the auditor, notary, agent, customer, and other financial institution."
"PARTY DOCUMENT LOCATOR","3","Foundation - Party","Party Portfolio Role Cd","This entity identifies where documents are sent for those parties that have some involvement with the document and where the party is a recipient of the document. For example, a party (who is the payor) received a statement (a type of document), at an address (locator). Instances of this entity coul"
"PARTY DOCUMENT ROLE TYPE","4","Foundation - Party","Party Document Role Cd","This entity translates the Party Document Role Cd into a description.   Examples of roles of parties to interchange document are: - Owner - Notary - Auditor - Beneficiary - Reporting - Reported - For information only - Payer"
"PARTY DRIVING LICENSE","0","Unassigned","","This is a subtype to PARTY IDENTIFICATION. This entity consists of the external identification that is a driving license."
"PARTY DRIVING LICENSE HISTORY","4","Unassigned","Drivers License Issue Dt","This associative entity specifies at what date the Individual obtained his/her first driving license for the associated type of vehicle, such as passenger car, motorcycle, lorry, and bus."
"PARTY FEATURE","2","Foundation - Party","Party Feature Start Dt","This associative entity defines the relationship that parties have with product features. For example, relationships include the parties that service the affiliated services associated with the credit card account such as travel insurance or rental car insurance."
"PARTY FEATURE ROLE TYPE","2","Foundation - Party","Party Feature Role Cd","This minor entity identifies the various roles that a party has with a product feature such as services or offers."
"PARTY FINANCIAL DOCUMENT","5","Foundation - Party","Financial Document Type Cd","This entity associates a party (business or individual) with their financial information. The information is used by the Financial Institution to evaluate the loan applications, to perform loan reviews, and to do risk management analysis. When examiners review a bank's loan portfolio, it usually inv"
"PARTY FINANCIAL DOCUMENT ITEM","6","Foundation - Party","Financial Document Type Cd","This entity describes the type of items and their value amount that a party reported to the financial institution for the specified financial document type."
"PARTY GRIEVANCE","2","Foundation - Party","Party Grievance Start Dt","This associative entity defines the parties related to this grievance. Examples include witness, advocate, union steward, mediator, arbiter, governing body, lawyer, union representative, or management representative."
"PARTY GRIEVANCE ROLE","5","Foundation - Party","Party Grievance Role Cd","This minor entity defines the various roles that parties have with the grievance. Examples include grievant, witness, advocate, union steward, mediator, arbiter, governing body, lawyer, union representative, or management representative."
"PARTY GROUP","6","Foundation - Party","Party Group Id","This entity identifies artificial groupings of parties not including households. Examples are all businesses that have anything to do with golf or all stamp collector clubs. They share some common characteristics. This entity would also include marketing clusters created to identify common character"
"PARTY GROUP LIMIT","4","Foundation - Party","Party Group Limit Start Dttm","This entity contains information about limits at the party group level such as credit limit."
"PARTY GROUP METRIC","5","Foundation - Party","Party Group Metric Start Dttm","This entity contains metrics for a grouping of parties. For example, when calculating risk, parties of similar characteristics may be grouped and then the risk is measured for that group."
"PARTY GROUP REASON TYPE","2","Foundation - Party","Party Group Reason Type Cd","The reason this grouping of parties was created such as for risk management, for Basel II, or for marketing analysis."
"PARTY GROUP RISK GRADE","4","Foundation - Party","Party Group Risk Grade Start Dttm","This entity represents the risk grade assignment for a given grouping of parties for a given period of time.  This can be an externally acquired list of an internally generated list of parties. One use could be for anti-money laundering."
"PARTY GROUP SCORE","2","Foundation - Party","Analytical Model Id","This entity contains scores related to a group of parties. An example of a party group would be all individuals that are more than 90 days past due on a loan and at high risk of not paying."
"PARTY GROUP SELECT CRITERION","0","Foundation - Party","","This entity identifies the selection criterion that can be used to group parties together, such as age <30 or income >50,000."
"PARTY GROUP SUBJECT","0","Foundation","","This entity contains those subjects that are groups of parties. There is one instance for each grouping such as airline companies."
"PARTY HOLIDAY CALENDAR","0","Foundation","","In capital markets, holiday calendars can be tied to security exchanges. This is used when determining next business day. The holiday calendar may not be the same as the country holiday calendar."
"PARTY IDENTIFICATION","5","Foundation - Party","Party Identification Start Dttm","The numbers that may be assigned to a party for identification purposes, as specified by PARTY IDENTIFICATION TYPE.   Examples: - Social Security Number, - Passport identification - Driver's license - Federal Tax Identification Number - National Identity Card Number  In the case of internal"
"PARTY IDENTIFICATION CATEGORY","2","Foundation - Party","Party Identification Category Cd","A high-level categorization of party identification type, for example, personal identification, internal identification, or professional identification."
"PARTY IDENTIFICATION EVENT","0","Foundation - Event","","This entity tracks activities related to creating, validating, processing, reviewing, and disabling an identifier such as the Legal Entity Identifier. The activity code is in the EVENT entity."
"PARTY IDENTIFICATION LOCATOR","1","Foundation - Party","Locator Id","This entity relates party identifications to locators (i.e., addresses) and tracks changes over time. A party identification can have many addresses and an address can be used by many party identifications.  Example: - A party's passport issuing location and how it can be used at that location ar"
"PARTY IDENTIFICATION LOCATOR USAGE TYPE","2","Foundation - Party Asset","Party Identification Locator Usage Cd","This entity describes the way a locator (i.e., country or address) is used for party identification purposes.   Example:   - A party's passport that was issued by country A is valid in country B. 'Valid in' is the value for the type of usage."
"PARTY IDENTIFICATION STATUS","3","Foundation - Party","Party Identification Status Issuing Party Id; Party Identification Status Requesting Party Id","This entity tracks the status and status date of assigning the identifier to the party such as requested, not active, active, disabled."
"PARTY IDENTIFICATION STATUS TYPE","2","Foundation - Party","Party Identification Status Type Cd","This describes the codes for the status of assigning an identifier to a party such as requested, in review, active, and disabled."
"PARTY IDENTIFICATION TYPE","2","Foundation - Party","Party Identification Type Cd","The types of party identification that is internally issued or externally obtained by the financial institution.   Example for individuals: - Social Security number - Passport identification  - Driver's license  Examples for organizations: - Federal Tax Identification Number - DUNS number "
"PARTY IDENTIFICATION TYPE RELATED","0","Foundation - Party","","This entity relates one type of party identification to another type of identification such as in lieu of a Legal Entity Identifier an Employer Identification Number can be used, or in lieu of a driver's license, a passport can be used."
"PARTY IDENTIFICATION TYPE RELATED REASON","0","Foundation - Party","","This is a code for the reason one party identification type is related to another party identification type such as one can be used in lieu of another. For example, in lieu of a legal entity identifier an employer identification number can be used. Alternatively, in lieu of a driver's license a pass"
"PARTY IDENTIFICATION VALIDATION","2","Foundation - Party","Party Identification Validation Dttm","This entity keeps track of party identification validations and the date planned for the next validation. The result of each validation is also tracked. If the validation fails then that could affect the status. This supports Legal Entity Identifier and Know Your Customer."
"PARTY INFORMATION VALIDATION","2","Foundation - Party","Validator Party Id","This entity tracks when certain type of information was validated for a party. This can include such information as validating the residence address, validating income, validating employment, and validating length at current location."
"PARTY INSURABLE INTEREST","2","Unassigned","Insurance (all LOB); Party Insurable Interest Id","This entity contains those insurable interests that are a person's life or a person's performance."
"PARTY INSURABLE INTEREST EVENT","1","Unassigned","Insurance (all LOB)","This entity contains those events that are related to claims for each party for a given insurable interest.  An example of an event is a claim payment to a claimant or a payment to a provider. The role code describes the role of the party as the claimant or the provider."
"PARTY INSURANCE RISK CATEGORY","1","Unassigned","Insurance (all LOB)","The association of a risk category to a party."
"PARTY INSURANCE RISK FACTOR","3","Unassigned","Insurance (all LOB)","This entity associates parties with their habits, conditions, or activities that are considered risk factors."
"PARTY INVESTMENT OBJECTIVE","3","Investment - Party","Investment Objective Priority Num","This entity contains the investment objectives of this party such as capital appreciation or steady income."
"PARTY INVESTMENT RISK TOLERANCE","3","Investment - Party","Investment Tolerance Level Num","This entity keeps track of how tolerant someone is to risk of losing money when it comes to investment decisions such as: - Aggressive/speculative - Moderate - Conservative - Very conservative"
"PARTY JOB CLASSIFICATION","5","Foundation - Party","Party Job Classification Start Dt","This entity tracks the job title or classification of a party over time. The party may or may not be an associate of your enterprise. If you are using the human capital management area of this model then you may choose to use the entities related to labor distribution instead."
"PARTY LANGUAGE PROFICIENCY","1","Foundation - Party","Party Language Proficiency Num","The degree of proficiency this party has for this language. The degree is expressed as a number on a scale with the highest being the most proficient."
"PARTY LANGUAGE USAGE","3","Foundation - Party","Party Language Start Dttm","This entity relates languages to parties and tracks changes over time. A party can be addressed using many languages and a language can be used by many parties."
"PARTY LEGAL ACTION","2","Foundation - Party","Legal Action Party Start Dt","This entity contains the various parties to the legal action and their role.  Examples: - Your organization - filed the law suit - Your organization - recipient of law suit - Your insured - the injured party in a subrogation suit - Responsible party - the party being sued"
"PARTY LIABILITY","2","Foundation - Party","Liability Start Dt","This associative entity relates party to liabilities where the liabilities are from the customer's perspective. A party can have many liabilities, and a liability can be held by many parties. An example of a liability could be a loan on a car, or a specific credit card. There is one instance for eac"
"PARTY LIABILITY CREDIT RATING","21","Foundation - Party Asset","Information Effective Dt","This entity contains a history of credit reports for a specific party liability."
"PARTY LIMIT","3","Foundation - Party","Party Limit Start Dttm","This entity contains information about limits at the party level such as credit limit. A credit limit at the party (customer) level may not be the sum of related account limits and is usually less than the sum."
"PARTY LOCATOR","3","Foundation - Party","Locator Id","This entity relates PARTYs to LOCATORs and tracks changes over time. A PARTY can have many street addresses, telephone numbers, and email addresses. The Locator Usage Type Cd will identify how each LOCATOR is used by the PARTY.   For example, this entity may represent all forms of party locators s"
"PARTY METRIC","14","Foundation - Party","Risk Metric Type Cd","This entity tracks the party metrics over time."
"PARTY METRIC PROJECTION","8","Foundation - Party","Risk Metric Type Cd","This entity contains a projection of metrics for a given party."
"PARTY METRIC TYPE","4","Foundation - Party","Party Metric Type Cd","This is a code for the type of party metric.   Examples: - Party exposure amount - Party outstanding amount - Party total guarantee amount"
"PARTY OBJECTIVE","0","Foundation - Internal Organization","","This is an associative entity between OBJECTIVE and PARTY. It identifies the objectives assigned to a party, which could be an individual or an organization."
"PARTY OPPORTUNITY ROLE TYPE","4","Foundation - Campaign","Party Opportunity Role Cd","A code for the role that this party plays with this opportunity such as: - Prospect decision maker - Enterprise decision maker - Competitor - Influencer - Sales rep - Prospect - Referral - Partner - Agent - Broker  A party could play multiple roles."
"PARTY PARTY CLASS XREF","3","Foundation - Party","Party Class Start Dt","This entity relates a PARTY CLASS VALUE with a PARTY. A PARTY can be classified many ways.  This entity contains the various descriptive classifications for parties. For example, for risk (scheme) this could include whether the party is a person, business, household, internal organization, your en"
"PARTY PORTFOLIO","2","Investment - Agreement","Party Portfolio Start Dt","This entity associates PARTY with PORTFOLIO. A party may manage zero, one or more portfolios. A portfolio may be managed by zero, one or more parties."
"PARTY PORTFOLIO ROLE TYPE","2","Investment - Party","Party Portfolio Role Cd","This is a code for the reason a party is related to a portfolio.  Examples: - Party supervises portfolio - Party manages portfolio"
"PARTY PRIVACY PREFERENCE","5","Foundation - Party","Privacy Preference Party Id","This entity contains a party's privacy preferences for the collection and use of personal data.  For example, Mary Jones permits direct marketing to a specific address but not to her any of her telephone numbers and does permit release of certain types of personal information.  It is expected th"
"PARTY PRODUCT FUNCTION","2","Foundation - Party","Party Product Function Start Dt","This associative entity describes the function that a party has with a different product for a given role. For example, if the role is 'develops' then the functions could be 'identifies market,' 'conducts survey,' 'prices product,' or 'creates marketing material.'"
"PARTY PRODUCT GROUP QUOTA","7","Foundation - Party","Product Group Quota Start Dt","This entity contains sales quotas that a party has for a given time period for a given product group."
"PARTY PRODUCT QUOTA","7","Foundation - Party","Product Quota Start Dt","This entity contains quotas that a party has for a given time period for a given product."
"PARTY PRODUCT SCORE","1","Foundation - Party","Party Product Score Val","This derived entity keeps track of changes to scores, which predict the likelihood of a party to order a new product or service. There is one instance for each party product score date combination. The score uses other data in the model to derive the score."
"PARTY PROFIT","3","Foundation - Party","Party Profit Start Dttm","This entity identifies the profitability of parties. This will be a derived entity when the model is populated with all the cost and revenue components."
"PARTY PROJECT ROLE","2","Foundation - Finance","Party Project Role Cd","The entity that indicates the role of a PARTY associated with a project. Examples of roles could be project manager, project sponsor, or project consultant."
"PARTY PROJECT TASK ROLE","2","Foundation - Finance","Party Project Task Role Cd","The entity that indicates the role of an individual on a project."
"PARTY PUBLIC RECORD","2","Foundation - Party","Public Record Cnt","A report of the kinds of public records the credit bureau has received such as reports of bankruptcy, liens, and judgments filed against this party along with the count, and last filing date and status."
"PARTY QUOTA","4","Foundation - Party","Quota Start Dt","This entity contains sales quotas that a party has for a given time period regardless of product such as number of new customers."
"PARTY QUOTATION","2","Foundation - Party","Party Quotation Start Dt","This associative entity defines the relationship that this quotation has with parties. For example, relationships include the party that receives the quotation, the party that provided the quotation, and the party that authorized the quotation."
"PARTY QUOTATION ROLE","2","Foundation - Party","Party Quotation Role Cd","This entity describes the role that a party has with a quotation such as requestor and supplier."
"PARTY RELATED","1","Foundation - Party","Party Id","This entity defines the relationships between parties - individual and individual; individual and organization; organization and organization; individual and household and household and household relationships. A party can be part of many relationships. A party can have many types of relationships w"
"PARTY RELATED FUNCTION","0","Foundation - Party","","This entity describes the functions that a party performs within the specified party-to-party relationship role. For example, within the employer employee party relationship role this employee can perform claim-processing function."
"PARTY RELATED FUNCTION GEOGRAPHIC AREA","2","Foundation - Party","Party Function Geographic Start Dt","This entity describes the functions that a party performs within the specified party-to-party relationship role within a specific geographic area. For example, within the employer-employee party relationship role this employee can perform claim-processing function in northwest region."
"PARTY RELATED METRIC","0","Foundation - Party","","This entity contains the various metrics associated with party relationships such as percent ownership, invested capital amount, voting right percent, and percent of business dealing."
"PARTY RELATED ROLE","0","Foundation - Party","","Indicates the relationship of one party to another party. This role code can represent both sides of the relationship.  Examples: - Manager - employee - Employer - employee - Vendor to the enterprise - Customer service provider to the enterprise - Account executive for the enterprise - Fathe"
"PARTY RELATED STATUS REASON","0","Foundation - Party","","A reason why a particular Party Status Type Cd may be assigned to a party relationship.   For example, the reason for 'unmarketable' status may be 'deceased' or the reason for 'inactive' status may be 'out of the county.'"
"PARTY RELATED STATUS TYPE","0","Foundation - Party","","The domain of classifications tracked to the relationship role for a party.   Examples:  - Active  - Inactive  - Prospective - Unmarketable customer (i.e., deceased)."
"PARTY RELATED SUBTYPE","0","Foundation - Party","","A subtype discriminator for PARTY RELATED.  For financial services the FSDM is subtyped into business ownership (party 1 owns x% of party 2), vendor (party 1 is a vendor of party 2) and insurer-insured (party 1 insures party2)."
"PARTY RELATIONSHIP COST","0","Foundation - Party","","This is a child entity of PARTY RELATED.  This entity contains cost made by the party because of its relation with the related party, in the two following cases: - The Party Structure Type Cd in PARTY RELATED indicates a relation between two internal organizations. - The Party Related Role Cd in"
"PARTY REVENUE","3","Foundation - Internal Organization","Party Revenue Start Dttm","This entity contains the direct and indirect revenue allocated to a party. A party can be an individual or organization."
"PARTY RISK GRADE","4","Foundation - Party","Party Risk Grade Start Dttm","This entity represents the risk grade assignment for a given party for a given period of time."
"PARTY RISK GRADE RELATED","3","Foundation - Party","Party Risk Override Start Dttm; Party Risk Override Party Id","This entity relates one risk grade assessment to another risk grade assessment to identify when one risk assessment replaces or overrides another risk assessment for a Party. Risk assessments done by different methods or parties can result in different assessments.  This structure allows for one a"
"PARTY ROLE RELATIONSHIP TYPE","2","Foundation - Party","Party Role Relationship Type Cd","This is a code for why one party role is related to another party role such as 'belongs to,' 'is part of,' and 'consists of.' These roles can be used to derive a hierarchical structure between roles."
"PARTY ROLE TO PARTY ROLE","2","Foundation - Party","Party Role To Party Role Start Dt","This entity relates one party role to another party role. This entity can accommodate a network or hierarchical structure. For example, if one role at a high level is approval authority then lower level roles could be signature authority and power of attorney. This structure creates the relationship"
"PARTY ROUTING TRANSIT NUMBER","0","Foundation - Party","","This entity associates a financial institution with a routing transit number along with the date assigned and by whom. This allows a financial institution to have more than one routing transit number such as due to mergers and acquisitions."
"PARTY SANCTION","2","Foundation - Party","Party Sanction Start Dt","A history of sanctions for the parties such as prohibited from practicing medicine."
"PARTY SCORE","2","Foundation - Party","Model Id","A relative value, or 'score' produced by an ANALYTICAL MODEL after reviewing business information. This can provide a measure or way to group and treat PARTYs that the business interacts with.  Example:  - Parties can be 'scored' for profitability, frequency of purchases, and propensity to buy. V"
"PARTY SCORE RELATED","0","Foundation - Party","","This entity contains information about one score related to another score for a party. For example, if one way of determining probability of default overrides another way for this specific party, then this shows those scores that were overridden and why."
"PARTY SCRIPT","0","Foundation - Party","","This is a derived entity that is required for the call center Integration. It identifies the script that should be used to sell this product to this party using this channel. This entity is populated using a predictive modeling tool that uses other data in the model to derive this entity."
"PARTY SEGMENT","2","Foundation - Campaign","Segment Party Start Dt","An associative entity that maps a party into a market segment. A party can be a member of multiple market segments, and vice versa."
"PARTY SEGMENT SCORE","2","Foundation - Party","Analytical Model Id","This entity contains scores (e.g., probability of default) for this party segment. A party segment is created as the result of an internal segmentation scheme."
"PARTY SOLICITATION PREFERENCE","3","Foundation - Party","Party Solicitation Priority Num","This entity describes the days and time periods when it is best to contact this party via a specific channel type. For example, the party may prefer to be contacted by phone only during certain time periods of certain days, or may prefer no solicitations by phone at all. These preferences may have o"
"PARTY SPECIALTY","2","Foundation - Party","Party Specialty Start Dt","This associative entity relates parties with their specialties, such as mechanic, and surgeon."
"PARTY STATUS","5","Foundation - Party","Party Status Cd","This entity contains the history of the status of the party."
"PARTY STATUS REASON TYPE","2","Foundation - Party","Party Status Reason Cd","The reason for the change in party status such as opened first account, closed last account, and avoid doing business due to fraud."
"PARTY STATUS TYPE","4","Foundation - Party","Party Status Cd","This minor entity identifies the party status. Possible values could be 'active,' 'inactive,' 'do not market,' or 'VIP.'"
"PARTY STRATEGY","0","Foundation - Finance","","This entity identifies the parties involved with the business strategy and their roles such as the party(s) that established the strategy, the party responsible for implementing it, the party (e.g., regulatory body) the strategy is for."
"PARTY STRATEGY ROLE TYPE","2","Foundation - Finance","Party Strategy Role Cd","A code for the type of role a party has with a strategy such as the party that created the strategy, the party that will implement the strategy, or the party for whom the strategy satisfies (e.g., a regulator)."
"PARTY STRUCTURE TYPE","2","Foundation - Party","Party Structure Type Cd","This minor entity defines the structure or view that this relationship is a part of. For example, organizations can be looked at from different perspectives - from a finance perspective for costs, and marketing perspective for sales. Each view may result in organizations being related to different o"
"PARTY SUBJECT","0","Foundation","","This entity contains those subjects that are parties (individuals or organizations). There is one instance for each party."
"PARTY SUBTYPE","2","Foundation - Party","Party Subtype Cd","The subtype discriminator for a party. Valid subtype occurrences are INDIVIDUAL, ORGANIZATION, and HOUSEHOLD."
"PARTY SURVEY RESPONSE","1","Foundation","Survey Party Id","This subtype entity identifies the party that is the subject of this survey question."
"PARTY SYSTEM ABUSE","2","Foundation - Party","Party Abuse Dt","This entity tracks abuse history of the party, for example, kiting (taking advantage of float), or 1st party fraud."
"PARTY TEXT","3","Foundation - Party","Party Text Dttm; Party Text Source Party Id","This entity contains free form textual information associated with a party. This can include notes regarding past experiences or special instructions."
"PARTY TEXT SECTION","0","Foundation","","This entity is the link to party text unstructured data."
"PARTY TO EXTERNAL LIST","1","Foundation - Party","List Acquired Dt","A cross reference of party with the external lists that are purchased from third-party suppliers."
"PARTY TO PARTY ASSET","3","Foundation - Party","Asset Role Dt","This associative entity relates assets to Parties and identifies the role the party has with the asset. An asset can be related to many Parties and a party can have many assets. Parties have various roles with the asset such as owner, beneficiary, or co-owner. Usually, assets will only be tracked fo"
"PARTY TO PARTY GROUP","2","Foundation - Party","Party To Party Group Start Dt","This associative entity identifies those parties that are part of a party group. A party can be in many party groups, and a party group describes many Parties."
"PARTY TO PARTY GROUP REASON","2","Foundation - Party","Party To Party Group Reason Cd","The reason why the party is related to this group of parties. Examples include risk management and customer management."
"PARTY TRANSACTION ROLE","2","Foundation - Finance","Party Transaction Role Cd","The role a party has with a sales transaction.   Examples:  - Buyer - Agent partner - Regulatory agency - Employee - Vendor"
"PARTY TYPE","2","Foundation - Party","Party Type Cd","A major classification of the party that is independent of the subtype discriminator. Examples include individual, legal business entity, nonlegal business entity, and household."
"PASSBOOK","3","Banking - Agreement","Passbook Id","This is a physical book that is kept by the customer and is used to record agreement information such as balance and interest earned at points it time. The customer can insert the passbook into a machine and the machine will print the information on the passbook."
"PASSBOOK RELATED","0","Banking - Agreement","","This entity relates one passbook to another. For example, when one passbook is full then another passbook is issued. One passbook replaces a lost or stolen passbook."
"PASSBOOK RELATED ROLE TYPE","0","Banking - Agreement","","A code for the reason one passbook is related to another passbook such as one replaces the other."
"PASSBOOK STATUS","1","Banking - Agreement","Passbook Status Dttm","This entity tracks the status of the passbook such as active, full, voided, lost, and stolen."
"PASSBOOK STATUS TYPE","2","Banking - Agreement","Passbook Status Type Cd","A code for the type of status such as active, full, voided, lost, and stolen."
"PASSBOOK TYPE","2","Banking - Agreement","Passbook Type Cd","A code for a classification of the passbook such as passbooks that work with certain printers or are of a certain style."
"PAST DUE AMOUNT TYPE","2","Foundation - Agreement","Past Due Amount Type Cd","A minor entity for the type of amount that is past due such as late fees, principal, and interest."
"PATENTS ACCOUNT","0","Foundation - Finance","","The entity that provides details for patents. These details could include the legal cost a company paid an individual or a company to obtain a patent."
"PAY ELEMENT","7","Foundation - Party","Pay Element Id","This entity defines various values of compensation, which may be paid directly in the form of cash or indirectly through benefits. Each instance represents a unique pay element type and pay element amount."
"PAY ELEMENT TYPE","4","Foundation - Party","Pay Element Type Cd","The type of PAY ELEMENT that can be assigned to a HR POSITION.   Examples: - Direct pay element (in the form of cash) - Indirect pay element (benefits)"
"PAY ELEMENT VARIABLE BASIS TYPE","4","Foundation - Party","Pay Element Variable Basis Cd","The description for the Pay Element Variable Basis Value.  Examples:  - Total revenue - Number of pieces installed - Number of units sold"
"PAY ELEMENT VARIABLE TYPE","4","Foundation - Party","Pay Element Variable Type Cd","The types and descriptions of associate's variable pay elements. Examples include hourly wages, bonus pay, and commissions."
"PAY STUB","5","Foundation - Party","Paycheck Num","A pay stub is a collection of all balances that pertain to an associate for one payroll run. Each line on the pay stub is a balance row that may summarize many payroll transactions for the pay period."
"PAY STUB BALANCE","9","Foundation - Party","Payroll Balance Qty","Point in time payroll balances of various types that typically exist for an associate. The point in time is the pay period that is carried on the related paystub. Each paystub balance may represent the accumulated effect of multiple associate payroll transactions.  Examples: - Gross pay - Net pa"
"PAYMENT ACTION TYPE","2","Foundation - Campaign","Payment Action Type Cd","This entity captures information regarding the payment options and limits associated with this advertisement placement."
"PAYMENT ADJUSTMENT","2","Foundation - Finance","Payment Adjustment Start Dttm","This entity identifies any adjustments related to a payment such as when a credit memo is issued to trigger the cutting of a check."
"PAYMENT ADJUSTMENT TYPE","2","Foundation - Finance","Payment Adjustment Type Cd","This entity identifies the possible types of payment adjustments.  Examples: - Adjustment to correct an incorrect price - Discounting adjustments due to product breakage"
"PAYMENT BANK DRAFT XREF","1","Foundation - Finance","Payment Event Id","This entity contains information about drafts used for a payment."
"PAYMENT CARD PRODUCT","0","Banking - Product","","This entity contains those products which are credit cards or purchase cards. Debit cards are considered features since it is not a standalone product but could alternately be modeled as a payment card product."
"PAYMENT MODE","3","Unassigned","Insurance (all LOB)","This minor entity contains the codes and descriptions of payment modes for monetary settlements such as check, electronic funds transfer, debit card, and credit card."
"PAYMENT OPTION TYPE","2","Foundation - Agreement","Payment Option Cd","This minor entity defines the types of payments that can be made by an account or associated with a product. For example, if the account/product is a credit card, then the type of payment could be minimum or full. If the account/product is for a loan, then the customer could have several choices of "
"PAYMENT PRIORITY TYPE","2","Foundation - Finance","Payment Priority Type Cd","A classification of the priority level that one vendor has in relation to another vendor for a payment. This is the order in which vendors get paid first, for example, first, second, and third."
"PAYMENT SCHEDULE","3","Foundation - Finance","Payment Schedule Id","This entity contains the scheduled payment detailed information. Schedules are created based on payment terms, which define the expected payment and collection due dates for invoices. The payment and collection activities, activity status, and various amounts are maintained in this entity or childre"
"PAYMENT SCHEDULE AMOUNT","8","Foundation - Finance","Payment Schedule Amount Dttm","This entity contains the monetary amount information associated with a payment schedule. There is one instance for each collection amount for each amount type for each amount date."
"PAYMENT SCHEDULE AMOUNT TYPE","2","Foundation - Finance","Payment Schedule Amount Type Cd","This entity classifies the types of collection amount.   Examples: - Adjusted amount - The amount adjusted against this collection. - Applied amount - The amount applied against this collection.  - Credited amount - The amount credited against this collection. - In dispute amount - The amount "
"PAYMENT SCHEDULE PAYMENT","1","Foundation - Finance","Payment Event Id","This entity identifies the monetary amount of a full or partial settlement of an obligation to be applied to an INVOICE PAYMENT SCHEDULE. The payment is reported against the INVOICE PAYMENT SCHEDULE to compare the actual payment date to the expected payment date, based on the payment terms.  INVOI"
"PAYMENT SCHEDULE TERM","1","Foundation - Finance","Payment Feature Group Start Dttm","This entity captures terms and conditions that are associated with a payment schedule such as a discount that will apply if the payment is made in less than 30 days following issuance of the invoice."
"PAYMENT SCHEDULE TYPE","4","Foundation - Finance","Payment Schedule Type Cd","This entity describes the types of payment schedules. For example, payroll payment schedule may be biweekly, bimonthly, or monthly.  For payroll payment schedules, payment schedule will be tied to the organization's payroll period."
"PAYMENT STATUS","3","Foundation - Finance","Payment Event Id","This entity is used to store the status of each Payment Event Id. This relates the payment entity to the PAYMENT STATUS TYPE entity.  Examples:  - Approved - Confirmed - Remitted - Cleared - Reversed"
"PAYMENT STATUS REASON TYPE","2","Foundation - Finance","Payment Status Reason Type Cd","Provides descriptions of the reason codes associated with the status of a payment.  Examples: - Agreement closed - Credit card refund reversed or amount changed - NSF - Payment reversal - Resubmit check - Uncollectible - Wrong amount - Wrong customer - Wrong invoice"
"PAYMENT STATUS TYPE","2","Foundation - Finance","Payment Status Type Cd","Contains a list of the payment statuses.   Examples:  - Approved - Confirmed - Remitted - Cleared - Posted - Reversed"
"PAYMENT TERM TYPE","2","Foundation - Finance","Payment Term Type Cd",""
"PAYMENT TERM TYPE INVOICE XREF","0","Foundation - Finance","","This entity provides a cross reference of payment term types to invoices."
"PAYMENT TIMING TYPE","2","Foundation - Agreement","Payment Timing Type Cd","A code for the timing for the settlement payment such as: - Same day - Next day - Versus payment  - Free - no payments  - All payments - DvP = Delivery versus Payment - security delivery and payment are simultaneous - RvP = Receive versus Payment - only cash will be accepted at time of delive"
"PAYROLL BALANCE TYPE","4","Foundation - Party","Payroll Balance Type Cd","A code that qualifies the ASSOCIATE PAYROLL BALANCE values.  Examples:  - Gross pay - Net pay - Vacation - Sick leave"
"PAYROLL PAY PERIOD","5","Foundation - Event","Payroll Register Id","This entity defines the period of time related to the ASSOCIATE PAYROLL TRANSACTION. For example, there is a 2-week pay period associated with a biweekly payroll with 26 paydays."
"PAYROLL REGISTER","8","Foundation - Event","Payroll Register Id; Payroll Register Id","Aggregate record of the monetary amounts for salaries, wages, bonuses, net pay, and deductions paid on a periodic basis by an enterprise to its associates.  Transaction information includes earnings & deduction details, payroll tax obligations, and leave accrual."
"PAYROLL REGISTER PAYMENT","1","Foundation - Event","Payroll Register Id","This entity captures information about payments related to a payroll register."
"PAYROLL TRANSACTION SUBTYPE","4","Foundation - Event","Payroll Transaction Subtype Cd","A subtype discriminator used to classify a payroll transaction. Example types of payroll transactions include DIRECT EARNING, INDIRECT EARNING, and ASSOCIATE DEDUCTION."
"PENSION INDIRECT EARNING","0","Foundation - Party","","An employer pension paid indirectly as a noncash benefit."
"PENSION PLAN ORGANIZATION","0","Investment - Party","",""
"PERIL ORIGIN TYPE","3","Unassigned","Insurance (all LOB)","A code indicating whether this peril is natural (e.g., earthquake) or man-made (e.g., oil spill)."
"PERIL TYPE","3","Unassigned","Insurance (all LOB)","This minor entity converts the peril type code into a description. Peril is often referred to as 'cause of loss' for insurance. This is the loss that is causing the claim to be filed.  A peril is a specific risk or cause of loss covered by an insurance policy, such as a fire, windstorm, flood, or "
"PERIL TYPE SUBJECT","0","Foundation","","This entity contains those subjects that are types of peril such as earthquake or oil spill. There is one instance for each peril type."
"PERSONA","7","Foundation - Party","Persona Id","This is the 'role' an INDIVIDUAL is playing while interacting with the enterprise typically, (but not always) in association with an ORGANIZATION.  Example: Two different personas of Jill may be: - Jill is ordering products in her capacity as 'owner' of 'Jill's Dog Grooming Co.' - Jill is callin"
"PERSONAL IDENTIFICATION","0","Foundation - Party","","An identifier that is assigned by the government as an identifier for a person such as a social security number in the U.S."
"PHISHING TRANSACTION FRAUD","0","Foundation - Event","","This entity contains those cases where the fraud is due to 'phishing' activity.  Phishing is an attempt to criminally and fraudulently acquire sensitive information, such as usernames, passwords, and credit card details, by masquerading as a trustworthy entity in an electronic communication."
"PHONE","0","Unassigned","",""
"PHYSICAL DELIVERY","1","Investment - Agreement","Delivery Locator Id","This subtype identifies that the settlement for this contract is physical delivery of the actual paper documents such as stock certificates."
"PHYSICAL MAIL CHANNEL INSTANCE","1","Foundation - Channel","Physical Mail Channel Instance Id","This subtype entity to CHANNEL INSTANCE identifies all the physical mail channels such as the Postal Service regular mail, Postal Service Express Mail, or Federal Express overnight."
"PHYSICAL MAIL SERVICE TYPE","2","Foundation - Channel","Physical Mail Service Type Cd","A code for the name of the service provided by the mail carrier such as regular mail, bulk mail, and express mail."
"PIECHART","0","Unassigned","",""
"PLANNED AMORTIZATION CLASS","0","Investment - Product","","A class of tranche in a planned amortization class (PAC) bond that receives a primary payment schedule. As long as the actual prepayment rate is between a designated range of prepayment speeds, the life of the PAC tranche will remain relatively stable. This tranche of the PAC bond receives some meas"
"PLANNED PRODUCT REVENUE","9","Foundation - Product","Planned Product Revenue Start Dt","This entity tracks the planned revenue for a given product for a given time period."
"PO ACCRUE TYPE","0","Foundation - Finance","","The accrual treatment of a VENDOR PO, for example, do not accrue and accrue on receipt."
"PO DELIVERY RELEASE","0","Foundation - Finance","","This entity identifies the enterprise-supplied request for immediate scheduling of a delivery against a VENDOR PO LINE. The PO DELIVERY RELEASE can, for example, allow a blanket purchase order to be delivered in pieces over time and to specify the delivery schedule just in time."
"PO DELIVERY RELEASE LINE ITEM","0","Foundation - Finance","","This entity defines the authorization by enterprise of a particular delivery of a release quantity that was requested, based on a particular PO LINE DELIVERY RELEASE LINE."
"PO DELIVERY RELEASE STATUS","0","Foundation - Finance","","The entity tracks the various status or condition changes of a PO DELIVERY RELEASE LINE ITEM over time."
"PO LINE DELIVERY RELEASE LINE","1","Foundation - Finance","Vendor PO Line Num","This entity associates the VENDOR PO LINE to the PO DELIVERY RELEASE LINE ITEM. It identifies the quantity of the VENDOR PO LINE that has been authorized for release."
"PO RELEASE STATUS REASON TYPE","0","Foundation - Finance","","Lists the possible reasons for a PO DELIVERY RELEASE STATUS.  For example, the reason a PO release reflects a status of on hold could be due to a pending change in delivery schedule."
"PO RELEASE STATUS TYPE","0","Foundation - Finance","","Lists the possible status types for a PO DELIVERY RELEASE LINE ITEM.  Examples:  - Incomplete - In process - Approved - Preapproved - Rejected - Returned - Requires reapproval - On hold - Frozen - Open - Closed - Finally closed - Cancelled"
"PO REQUISITION","0","Foundation - Finance","","This entity associates purchase requisitions to the resulting vendor purchase order. Requisitions can be consolidated into single vendor purchase order or split into multiple vendor purchase orders."
"PO TERM","0","Foundation - Finance","","This entity represents a group of term conditions that can be applied together. For example, an INVOICE could be associated with a PO TERM that states that the INVOICE can be discounted by 2% if paid within 20 days."
"PO TERM TYPE","0","Foundation - Finance","","This entity identifies a grouping or classification of PO TERMs such as all payment terms, penalty terms, and discount terms."
"POINT OF SALE CHANNEL INSTANCE","1","Banking - Channel","Point Of Sale Channel Instance Id","This subentity to CHANNEL INSTANCE contains information about the point of sale terminals that exist in stores that can be used by customers to make purchases with a debit, credit or prepaid (smart) card. The financial institution may or may not own the equipment. This entity has no attributes at th"
"POLICIES IN THE POOL","0","Unassigned","","Drawing_Object_Rectangle_162789"
"POLICY","0","Unassigned","","Drawing_Object_Rectangle_162023"
"POLICY ASSET COVERAGE METRIC","7","Unassigned","Insurance (all LOB)","This entity tracks various insurance metrics over time for this policy for this coverage for this insured asset. For example, it tracks written and earned premium, and discount amounts.  The time period will specify whether this is point in time or a time range, which starts from the start date."
"POLICY COVERAGE METRIC","9","Unassigned","Insurance (all LOB)","This entity tracks various insurance metrics over time for this policy for this coverage. For example, it tracks written and earned premium over time.  The time period will specify whether this is point in time or a time range, which starts from the start date."
"POLICY HOLDER FUND ACCOUNT","1","Unassigned","Insurance (all LOB)","Policyholder surplus representing the difference between admitted assets and liabilities on a statutory accounting basis and subdivided on a statutory basis into special surplus funds, capital paid up, gross paid in and contributed surplus, unassigned funds, and treasury stock."
"POLICY INSURABLE COVERAGE","3","Unassigned","Insurance (all LOB)","This entity contains the terms and conditions including coverages associated with this insurable interest for this policy.  For example, bodily injury (feature) covers a specific car (insurable interest) for a given policy."
"POLICY INSURABLE COVERAGE METRIC","7","Unassigned","Insurance (all LOB)","For insurance policies, this contains metrics over time or point in time for this policy for this coverage for this insurable interest.   Insurable interest represents the thing being insured such as the asset, the life, the liability.   Examples:  - Gross written premium - Gross earned premiu"
"POLICY INSURABLE INTEREST","3","Unassigned","Insurance (all LOB)","This entity relates the insurable interest to an agreement such as an insurance policy. This represents the item(s) the insurance policy covers such as an asset or a life."
"POLICY INSURABLE INTEREST FEATURE RELATED","4","Unassigned","Insurance (all LOB)","This entity contains those features that describe other features for a given insurable interest for a given policy.  For example, bodily injury (feature) with limit of $500,000 (feature) covers a specific car (insurable interest) for a given policy (agreement)."
"POLICY INSURABLE INTEREST ROLE","3","Unassigned","Insurance (all LOB)","The role that the policy has with the insurable interest such as 'insures.'"
"POLICY METRIC","8","Unassigned","Insurance (all LOB)","This entity associates the policy with the various metrics for this policy over time. This entity contains metrics that could be derived from the individual events if all the events were present since the start of the policy. These are commonly accessed amounts and are therefore stored in this deriv"
"POLICY METRIC CHANGE HISTORY","14","Unassigned","Insurance (all LOB)","This entity contains a history of policy amount differences at the end of a time period (the time period to be determined by each financial institution using this model). The amounts represent the change in value from the prior period. The amount can be positive, negative or zero. For example, if th"
"POLICY PARTY COVERAGE METRIC","8","Unassigned","Insurance (all LOB)","This entity tracks various insurance metrics over time for this policy for this party for this coverage. For example, it tracks written and earned premium over time.  This could happen for disability policies written for more than one person but the coverage and premium vary by individual.  The "
"POLICY RENEWAL PERIOD","0","Unassigned","","Drawing_Object_Rectangle_162031"
"POLITICAL EVENT","1","Foundation - Event","Political Event Id","This is a type of causal event that has political motivation such as: - Terrorism - War - Fight - Demonstration"
"POOL CONTENT TYPE","2","Banking - Agreement","Pool Content Type Cd","A code for the type of exposures that are in this pool such as: - Residential mortgages - Corporate exposures - SME corporate exposures - Qualifying Revolving Retail Exposures (QRRE) - Other retail exposures"
"POOL GRANULARITY TYPE","2","Banking - Agreement","Pool Granularity Type Cd","A classification based on the number of underlying exposures in this securitization pool.   Examples: - Highly granular is 100 or more underlying exposures - Low granularity is 32 or less - Medium granularity is 33-99  QIS paragraph 567"
"PORTFOLIO","5","Investment - Agreement","Portfolio Id","A portfolio, from the perspective of the financial institution as a broker/dealer, has a specific operational meaning. For administrative reasons, investment products belonging to a single party, or jointly owned by multiple parties, are grouped into one or more portfolios. A PORTFOLIO may represent"
"PORTFOLIO COLLATERAL ITEM","2","Investment - Agreement","Portfolio Collateral Item Start Dt","This entity contains those assets used as collateral where the assets are investment holdings within a customer portfolio managed by your institution. More than one portfolio asset could be bundled into a collateral item."
"PORTFOLIO INVESTMENT ALLOCATION","3","Investment - Agreement","Portfolio Strategy Start Dt","This entity keeps track of investment allocation objectives for this investment portfolio. It varies by asset class or product group such as stock, bonds, and cash."
"PORTFOLIO METRIC TYPE","2","Investment - Agreement","Portfolio Metric Type Cd","This entity classifies the types of metrics for investment product amount, such as interest earned, and dividends earned."
"PORTFOLIO PRODUCT AGREEMENT HOLDING","3","Investment - Agreement","Portfolio Product Agreement Start Dttm","This entity associates portfolios for a given agreement with investment products. This entity tracks investment holdings that come in and out of the portfolio for a given account. The quantity of the holding and the value of the holding are in separate entities.  For those portfolio(s) that distri"
"PORTFOLIO PRODUCT AGREEMENT HOLDING QUANTITY","4","Investment - Agreement","Portfolio Product Agreement Quantity Start Dttm","This entity tracks the changes to the number of units held of this investment product as part of this portfolio over time."
"PORTFOLIO PRODUCT AGREEMENT HOLDING VALUE","4","Investment - Agreement","Portfolio Product Agreement Value Start Dttm","This entity tracks the values of the investment over time for this holding. The values can include book value (as represented on the balance sheet), fair value, and market value. This value changes frequently."
"PORTFOLIO PRODUCT HOLDING","3","Investment - Agreement","Portfolio Product Holding Start Dttm","This entity contains investment products that are part of a portfolio."
"PORTFOLIO PRODUCT HOLDING VALUE","3","Investment - Agreement","Portfolio Product Value Start Dttm","This entity contains the value of the investment that is part of this portfolio."
"PORTFOLIO PRODUCT MARGIN DETAIL","3","Investment - Agreement","Product Margin Start Dttm","This entity keeps track of the margin percentages of each Investment Product in the Portfolio."
"PORTFOLIO PRODUCT QUANTITY","3","Investment - Agreement","Portfolio Product Quantity Start Dttm","This entity contains then number of units for this investment product for this portfolio."
"PORTFOLIO PRODUCT TO COA","2","Investment - Product","Portfolio Product COA Start Dttm","If this financial instrument within this customer portfolio is being used as collateral for a loan and if that loan has gone into default then this financial instrument may be claimed by the bank to cover that loan. This may cause that financial instrument position to be reported on the bank's books"
"PORTFOLIO VALUE AT RISK","5","Investment - Agreement","Portfolio Holding Period Cd","This entity contains the calculated Value at Risk (VAR) for a group or portfolio of investment holdings.   Value at risk (VaR) is a measure of how the market value of an asset or of a portfolio of assets is likely to decrease over a certain time period (usually over 1 day or 10 days) under usual c"
"POSITION APPLICANT INTERVIEW","4","Foundation - Event","Applicant Interview Dttm","The planned, pending, or completed interview of a job applicant for a posted position."
"POSITION APPLICANT STATUS TYPE","2","Foundation - Party","Position Applicant Status Type Cd","This is the status of the applicant as related to the position applied for. Examples include unreviewed, reviewed, interviewing, rejected, offer extended, or withdrawn."
"POSITION ASSIGNMENT STATUS","4","Foundation - Party","Position Assignment Status Cd","This entity defines the types of status that can be assigned to an ORGANIZATION POSITION over time. Examples include vacant, offer extended, filled, on hold, or eliminated."
"POSITION FX METRIC","0","Investment - Agreement","","This entity contains the derived metrics for foreign exchange risk. For each type of position (e.g., long or short) across all currencies, it contains the net present value of that position.   For example, an enterprise may have $3M short position and $2M long position across all currencies. Using"
"POSITION GRADE","16","Foundation - Party","Position Id","This entity captures the grade level assigned to a HR POSITION and defines the associated pay range including the minimum, midpoint and maximum salary levels and any applicable incentive rate. Salary ranges may vary over time and are usually specific to a particular location."
"POSITION GRADE TYPE","4","Foundation - Party","Position Grade Type Cd","A code for a time period such as once, daily, weekly, or monthly.  In this context, this is the time period for the amount fields such as hourly, daily, or weekly."
"POSITION LABOR AGREEMENT","2","Foundation - Party","Position Labor Agreement End Dt","The relationship of LABOR AGREEMENTs to ORGANIZATION POSITIONs. The Organizational Positions could be related to different labor agreements over time.  Example:  - Union contract with bank teller position"
"POSITION POSTING","4","Foundation - Party","Position Posting Id","The posting of availability of a position in a job posting and application system."
"POSITION POSTING APPLICANT","6","Foundation - Party","Position Application Dttm; Applicant Party Id; Referring Party Id","The association of a job applicant to a posted position in a job posting and application system.  An individual who is registered as a job applicant with in a job posting and application system.  Since an applicant is a role played by an individual, the individuals' details are stored in entitie"
"POSITION TRAIT VALUE","7","Foundation - Party","Position Trait Val Cd","This entity defines the actual value of the TRAIT.   Examples:  - Trait = Maximum buying limit  Trait Value = 10,000  - Trait = Stock eligibility grade  Trait Desc = Employee position grades eligible to purchase company stock Trait Values = 1, 2, 3, 4, S1"
"POSITION TYPE","2","Investment - Agreement","Position Type Cd","Indicates whether the position is long or short."
"POSSIBLE ANSWER","6","Foundation","Answer Id","A preformed answer to a survey question. For an answer that covers a range, e.g., 'Your present income: $8,000 - $9,999', the low and high values and the measurement are carried separately for analysis.  Examples: - Excellent  - House and Garden - $10,000-$13,000 - 3 or more - Yes"
"POST OFFICE BOX ADDRESS","3","Foundation - Location","Post Office Box Id","An address that is a post office box."
"POSTAL CODE","2","Foundation - Location","Postal Code Id","A grouping of street addresses assigned by the post office. Frequently used in marketing analysis and planning.  Examples: - USA: 90210-3242 - Canada: G1S 1C1 - U.K.: GU21 4RY - Austria: 1150"
"POSTAL CODE JAPAN","1","Foundation - Location","Japan Postal Cd","All locations in Japan have a postal code. After the reform of 1998 it begins with a postal mark (T), followed by a three-digit number, a hyphen, and a four-digit number, for example, T 123-456."
"PRECREDIT TYPE","2","Banking - Agreement","Precredit Cd","The charges before starting the actual regular payments on a mortgage. Sample values are prepayment charges and preinterest amount."
"PREFECTURE JAPAN","1","Foundation - Location","Japan Prefecture Id","A prefecture is the largest governmental division of geographical areas in Japan. These are generally called 'ken.'"
"PREFERRED STOCK","2","Investment - Product","Preferred Stock Dividend Pct","A class of ownership in a corporation that has a higher claim on the assets and earnings than common stock. Preferred stock generally has a dividend that must be paid out before dividends to common stockholders and the shares usually do not have voting rights."
"PREFERRED STOCK ACCOUNT","1","Foundation - Finance","Preferred Shares Outstanding Qty","The entity that identifies dividend equity as preferred stock. Preferred stock has preference over common stock in the payment of dividends and the liquidation of assets."
"PREMIUM BALANCE RECEIVABLE","1","Unassigned","Insurance (all LOB)","The accounts receivable on policy premium billed and outstanding."
"PREMIUM WRITTEN ACCOUNT","1","Unassigned","Insurance (all LOB)","The GL Account for the amount of policy premiums billed less premiums returned to the insured."
"PREPAID EXPENSE ACCOUNT","0","Foundation - Finance","","The entity that provides details for the PREPAID EXPENSE ACCOUNTs. Prepaid expenses are those expenses that have been paid in advance like insurance. PREPAID EXPENSE ACCOUNTs are types of current assets."
"PRICING METHOD SUBTYPE","2","Banking - Agreement","Pricing Method Subtype Cd","This minor entity identifies the types of method to price an agreement.   Examples: - Interest based - Fee based - Not applicable"
"PRIMARY FEATURE","0","Foundation - Product","","This entity contains those features that are at the first level. This level may or may not be further described by other features. In the model, they are represented as 'Features.'  Examples: - No withdrawals - 7 withdrawals per month - Balance transfer offer 1 Conditions - Cash advance offer "
"PRINT AD","0","Foundation - Campaign","","An ad in traditional print media, such as newspapers or magazines.  Additional subtypes of ads can be created as needed such as billboard ad or radio ad."
"PRINT AD PLACEMENT","2","Foundation - Campaign","Start Page Num","This is a subentity that identifies the beginning and ending page numbers for the actual delivery of an advertisement."
"PRINT CHANNEL INSTANCE","1","Foundation - Channel","Print Channel Instance Id","This subentity to CHANNEL INSTANCE identifies those print media used for advertising. This includes newspapers and magazines. There is one instance for each print media used (e.g., Los Angeles Times)."
"PRIVACY DATA TRANSFER","4","Foundation","Privacy Data Transfer Party Id; Privacy Data Receipt Party Id","The recipient and date of transfer of the privacy data. This information may be required by certain organizations for purposes of tracking who receives information that is protected by privacy regulations."
"PRIVACY DATA USAGE","2","Foundation","Privacy Data Usage Cd","The domain of values for usage of personal information.  Examples:  - Direct marketing - Third-party disclosure  - Affiliate disclosure - Government related  For example, affiliate disclosure may be permitted for certain classes of data. Certain customers may permit direct marketing or third"
"PRIVACY POLICY SCOPE","2","Foundation","Privacy Policy Scope Cd","The scope reflected in Privacy Preset. This domain permits grouping preset privacy preferences under the aegis of various organizations or categories as needed.  Examples: - Individuals under 13 years of age - Individuals over 21 years of age (adults) - Territorial or country privacy mandates "
"PRIVACY PRESET","4","Foundation","Privacy Preset Party Id","Enterprise or organization privacy policy presets. These preset, or default values may be used in lieu of explicit consumer preferences.  This entity may, for example, reflect enterprise default privacy policies, or the mandated privacy requirements of governments or healthcare organizations (as i"
"PRIVATE FOUNDATION","0","Investment - Party","","A charitable organization that, while serving a good cause, does not qualify as a public charity by government standards. A private foundation is a nonprofit organization which is usually created via a single primary donation from an individual or a business and whose funds and programs are managed "
"PRIVATE INVESTMENT FUND MANAGER","0","Investment - Party","","The management of private investment funds that include mutual funds, hedge funds, and venture funds. Private investment funds gather capital from individuals and organizations and invest it on their behalf."
"PROBABILITY DEFAULT FLOOR TYPE","0","Banking - Party","","This will identify which probability of default floor should be applied such as: - Floor of 0% - Floor of 0.03%."
"PROBABILITY OF DEFAULT MODEL","0","Foundation","","A probability of default model is a type of analytical model where the purpose is to predict the likelihood that a party will default on an agreement."
"PRODUCT","10","Foundation - Product","Product Id; Product Script Id","This independent entity contains information about any marketable product, package, or service that you or your competitor offers that you are interested in tracking. This entity contains marketable products and packages that were, are, or will be offered. One instance is one marketable product, pac"
"PRODUCT CHANNEL ROLE TYPE","2","Foundation - Product","Product Channel Type Role Cd","This is a code describing the relationship between a channel and a product such as a channel is used to market a product."
"PRODUCT CHANNEL TYPE XREF","2","Foundation - Product","Product Channel Start Dt","This associative entity tracks over time those channel types that have a relationship with specific products."
"PRODUCT COMPONENT SHARE","2","Investment - Product","Investment Product Share Cnt","If the relationship type code is 'contains' then this subtype entity has a count and percent (representing a 'share') that one product has with another product. For example, if the product is an investment fund (or fund of funds), which is composed of other products, then the count and percent attri"
"PRODUCT COST","4","Foundation - Product","Product Cost Start Dttm","This entity tracks the changes to the financial institution's product cost over time. Types of cost include cost of sale, startup costs, servicing costs, collection costs, and closing costs."
"PRODUCT DEMOGRAPHIC","4","Foundation - Product","Product Demographic Start Dt","This entity contains third-party information, such as analyst's ratings about specific products."
"PRODUCT DEMOGRAPHIC ELIGIBILITY","2","Foundation - Product","Product Demographic Start Dt","This entity restricts products by demographic values. This can make the product available to these demographic values or make it unavailable for these demographic values."
"PRODUCT DOCUMENT","1","Foundation - Product","Product Document Dt","This entity relates all the relevant documentation to a product."
"PRODUCT DOCUMENT ROLE TYPE","2","Foundation - Product","Product Document Role Cd","A code that describes the role a document has with a product such as a prospectus filed with the government for the issuance of equity or a bond."
"PRODUCT ELIGIBILITY","3","Foundation - Product","Product Eligibility Start Dt","This associative entity relates products to eligibilities. An eligibility characteristic is a characteristic that a customer must possess to obtain the product such as length of employment or a certain net worth."
"PRODUCT EVENT ACTIVITY ELIGIBILITY","2","Foundation - Product","Product Event Activity Start Dt","This entity restricts products by an event activity types. This can make the product available for these event activity types or make it unavailable for these event activity types."
"PRODUCT FEATURE","2","Foundation - Product","Product Feature Start Dt","This entity associates the marketable products with features. A product can have many features and the feature can apply to various products. There is one instance for each product-feature association."
"PRODUCT FEATURE DEMOGRAPHIC ELIGIBILITY","2","Foundation - Product","Product Feature Demographic Start Dt","This entity restricts product features by demographic values. This can make the product available to these demographic values or make it unavailable for these demographic values."
"PRODUCT FEATURE ELIGIBILITY","3","Foundation - Product","Product Feature Eligibility Start Dt","This entity associates the product feature eligibilities with product features."
"PRODUCT FEATURE ELIGIBILITY CATEGORY TYPE","2","Foundation - Product","Product Feature Eligibility Category Cd","Describes the categories of eligibilities that can be imposed for a product or feature, for example, demographic eligibility, event eligibility, or occupation eligibility."
"PRODUCT FEATURE ELIGIBILITY TYPE","2","Foundation - Product","Product Feature Eligibility Type Cd","This entity identifies the customer characteristics to eligible for a product or feature. For example, income, net worth, and length employed may be eligibility criteria."
"PRODUCT FEATURE EVENT ACTIVITY ELIGIBILITY","2","Foundation - Product","Product Feature Event Activity Start Dt","This entity restricts product features by an event activity types. This can make the product feature available for these event activity types or make it unavailable for these event activity types."
"PRODUCT FEATURE EXCLUSION","4","Unassigned","Insurance (all LOB)","This entity combines a product, a feature, and a cause of loss reason. Such a combination can be included in claim payments or excluded from claim payments.  Examples of exclusion are: - Accidental death benefit when the cause is not an accident - Cosmetic surgery - Self-inflicted injuries"
"PRODUCT FEATURE GROUP","3","Foundation - Product","Product Feature Group Start Dt; Dependent Feature Id","This entity shows how a feature can be dependent on a group of features for a given product, as in the case where an interest rate is dependent on the combination of term and minimum balance for a deposit product. The balance and term features are grouped together in feature group, and the rate is a"
"PRODUCT FEATURE LEEWAY","3","Foundation - Product","Leeway Spread Pct","This associative entity defines the negotiating leeway that a job function has when deciding the terms and conditions for a product. For example, the job function may have the leeway to reduce or increase the interest rate margin by a certain percentage point or to eliminate a condition altogether."
"PRODUCT FEATURE LOCATOR","2","Foundation - Product","Product Feature Locator Start Dt","This associative entity relates locators (geographical areas) with product features. The relationship is defined by means of a relation code.   Examples: Banking - Both the standard savings product (low interest, no tiers) and the high yield savings product (high interest for high balances) have"
"PRODUCT FEATURE LOCATOR TYPE","2","Foundation - Product","Product Feature Locator Type Cd","This minor entity converts the product/feature locator (i.e., address) relationship code into a description."
"PRODUCT FEATURE OCCUPATION ELIGIBILITY","2","Foundation - Product","Product Feature Occupation Start Dt","This associative entity restricts product features by occupation types. This can make the product feature available to these occupation codes or make it unavailable for these occupation codes."
"PRODUCT FEATURE PARTY","2","Foundation - Product","Product Feature Party Start Dt","This associative entity describes the role that a party has with a product feature such as 'negotiate.' It can be used to show which employees have the authority to negotiate which product features."
"PRODUCT FEATURE PARTY ROLE TYPE","2","Foundation - Product","Party Product Feature Role Cd","This minor entity contains the roles that a party has with a product feature such as 'negotiate.'"
"PRODUCT FEATURE RELATED","0","Foundation - Product","","This associative entity allows for a feature-to-feature relationship on the level of product."
"PRODUCT FEATURE RISK ELIGIBILITY RULE","4","Foundation - Product","Product Feature Risk Grade Start Dt","This entity restricts product feature availability to parties with certain risk grades. This can make the product feature available to parties with these risk grades or make it unavailable to parties with these risk grades."
"PRODUCT FEATURE SCORE MODEL ELIGIBILITY","2","Foundation - Product","Product Feature Score Model Start Dt","This entity restricts product features by score model values. This can make the product available to these score model values or make it unavailable for these score model values."
"PRODUCT FEATURE STATUS","2","Foundation - Product","Product Status Start Dttm","This entity contains the history of the status of the relationship between product and feature, such as active, inactive, or pending closure."
"PRODUCT FEATURE STATUS TYPE","2","Foundation - Product","Product Feature Status Cd","This minor entity describes the type of product feature relationship status such as active and inactive."
"PRODUCT FEATURE TYPE","2","Foundation - Product","Product Feature Type Cd","This minor entity contains the codes and descriptions of types of relationship between products or product packages and features.  Examples: - Mandatory features - Optional features - Descriptive features - Guideline features - Conditional features - Mandatory choice by the customer - Alter"
"PRODUCT FINANCIAL RULE","0","Foundation - Finance","","This entity relates a financial rule to a specific product to identify a rule that governs this product."
"PRODUCT GROUP","8","Foundation - Product","Product Group Id; Parent Product Group Id","This independent recursive entity represents the financial institution's internal product groups in a hierarchical structure. A product group is a grouping of products or services. The grouping of product is usually organized by the financial institution to manage their many products and services in"
"PRODUCT GROUP MARGIN","3","Investment - Product","Product Group Margin Start Dt","This entity contains the history of margin percentages that have been determined for a product group."
"PRODUCT GROUP METRIC","10","Foundation - Product","Investment Product Metric Type Cd","This entity contains the various metrics that are reported about this product group at a point in time. Examples of metrics include market share for a line of business, and how many commercial loans closed."
"PRODUCT GROUP METRIC TYPE","4","Foundation - Product","Product Group Metric Type Cd","This entity classifies the types of product group metric, for example, market share for a line of business."
"PRODUCT GROUP PARTY","2","Foundation - Product","Product Group Party Start Dt","This associative entity relates parties with product groups. A party can be related to many product groups and a product group can be supported by multiple parties."
"PRODUCT GROUP REASON TYPE","4","Foundation - Product","Product Group Reason Type Cd","The reason this grouping of products was created such as for risk management, for Basel II, or for marketing analysis."
"PRODUCT GROUP RISK GRADE","3","Foundation - Product","Product Group Risk Grade Start Dttm","This entity contains risk grade for this product group."
"PRODUCT GROUP SUBJECT","0","Foundation","","This entity contains those subjects that are product types or groups such as automobile insurance. There is one instance for each grouping of products."
"PRODUCT IDENTIFICATION","8","Foundation - Product","Product Identification Id","This entity contains identifiers for products including security products such as stock issuances. It includes security identifiers such as ISIN, CUSIP, and NSIN, which are subtypes.  Each identifier is an instance in this entity."
"PRODUCT IDENTIFICATION SUBTYPE","2","Foundation - Product","Product Id Subtype Cd","Category discriminator for the product identifier where the product is unknown.   Examples: - ISIN - CUSIP - NSIN"
"PRODUCT IDENTIFICATION TYPE","4","Foundation - Product","Product Id Type Cd","The classification of the identifier for a product. For example, for an investment instrument it could be the ISIN number, the CUSIP number, or a National Security Number."
"PRODUCT LOCATOR","2","Foundation - Product","Product Locator Start Dt","This associative entity defines the relationships that exist between products and locators (geographical areas), such as 'is marketed within' and 'is not applicable within.'"
"PRODUCT MARKET SEGMENT","2","Foundation - Product","Product Market Segment Start Dt","This entity contains information about the market segment that can be targeted for this product such as low income with good credit, senior citizens, and families with young children. The product can be related to many market segments."
"PRODUCT MATURITY SUBTYPE","2","Foundation - Product","Maturity Subtype Cd","This minor entity identifies whether this account or product has a maturity period as part of its conditions. For example, loans and certificates of deposit have maturity dates.  Values: - Has maturity - Does not have a maturity"
"PRODUCT METRIC","7","Foundation - Product","Product Metric Start Dttm","This entity tracks any kind of metric for a product. These metrics can include amounts, counts, and rates."
"PRODUCT METRIC TYPE","2","Foundation - Product","Product Metric Type Cd","This is the code for the type of metric such as the calculated duration for a bond."
"PRODUCT MINIMUM HOLDING PERIOD PARAMETER","5","Banking - Product","Minimum Holding Start Dt","This entity contains the minimum holding period for a group of products such as repurchase (repos) deals, other capital market transactions, and secured lending. The minimum holding period is the time that this type of instrument is to be held from the time it is bought until it is sold.   Referen"
"PRODUCT NAME","2","Foundation - Product","Additional Product Name","This entity contains product names that can be used other than the primary name in the PRODUCT entity."
"PRODUCT NAME TYPE","2","Foundation - Product","Product Name Type Cd","A code for the type of name such as in Japan it could be the Kanji name, the Kana name, or the name that prints on a certificate of deposit (Certificate Name)."
"PRODUCT OCCUPATION ELIGIBILITY","2","Foundation - Product","Product Occupation Start Dt","This entity restricts products by the occupation code. This can make the product available to these occupation codes or make it unavailable for these occupation codes."
"PRODUCT OFFER","0","Foundation - Campaign","","A mapping of which PRODUCTs are involved in a specific OFFER. A PRODUCT can participate in an OFFER in 2 ways: (a.) something to be 'bought' to receive an incentive (open checking and CD) and/or (b.) it forms part of the incentive (get a safe deposit box for 50%).   Note: Attributes can be added t"
"PRODUCT PACKAGE","0","Foundation - Product","","This entity associates a marketable product with a package and shows the marketable products that make up the package. Any combination of products can be packaged into a marketable package. A marketable product can be in many packages and a package can contain many products."
"PRODUCT PACKAGE FEATURE","2","Foundation - Product","Product Package Feature Start Dt","This entity associates a marketable product that is part of a specific product package with a feature. A product that is part of a package can have many features and the feature can apply to many products that are part of packages. There is one instance for each product-feature association."
"PRODUCT PACKAGE FEATURE LEEWAY","3","Foundation - Product","Product Package Leeway Spread Pct","This entity contains the leeway that a job function has when negotiating a product that is part of a package."
"PRODUCT PACKAGE FEATURE RELATED","1","Foundation - Product","Product Package Feature Relationship Cd","This associative entity allows for a feature-to-feature relationship on the level on product package."
"PRODUCT PACKAGE PARTY","2","Foundation - Product","Party Package Start Dt","This associative entity identifies the role that a party has with a product that is part of a package."
"PRODUCT PACKAGE TYPE","2","Foundation - Product","Product Package Type Cd","Classifies this product as a package (group of products as the offering) or an individual product as the offering."
"PRODUCT PARTY","2","Foundation - Product","Product Party Start Dt","This associative entity describes the role that a party has with a product such as 'develops' or 'sells.' This can be used in cases where the product is developed by a third party (e.g., partners that provide investments or insurance products), and your financial institution branch is used as a deli"
"PRODUCT PARTY GROUP","2","Foundation - Product","Product Party Group Start Dt","This entity associates a product with a group of parties, such as 'a product is offered to a group of parties that is eligible for that product.'"
"PRODUCT PARTY GROUP ELIGIBILITY","3","Foundation - Product","Product Party Group Eligibility Start Dt","This entity contains the eligibility rules for this group of parties to qualify for this product, for example, minimum age of 18 or 1 year as a customer."
"PRODUCT PARTY NAME","1","Foundation - Product","Product Party Name",""
"PRODUCT PARTY ROLE TYPE","2","Foundation - Product","Product Party Role Cd","This minor entity contains the roles that a party has with a product such as develops or sells. This can be used for products such as investments or insurance where the financial institution is the delivery channel for a third-party product. For investment product, the role of the party to the produ"
"PRODUCT PARTY STATUS","1","Foundation - Product","Product Party Status Dttm","This entity tracks the changes to the status of a product for a given party. For example, an investment product for a given security exchange can change status over time.  Examples:  - Listed - Unlisted - Delisted - Changed - Trading suspended - Under review"
"PRODUCT PARTY STATUS TYPE","2","Foundation - Product","Product Party Status Cd","Code values for the status of a product for a party. For example, a product's status at a security exchange can change. Sample values include, listed, unlisted, delisted, changed, trading suspended, and under review."
"PRODUCT PAYMENT OPTION","0","Foundation - Product","","This entity identifies the payment options that are available for this product. For example, if the account/product is a credit card, then the type of payment could be minimum or full. If the account/product is for a loan, then the customer could have several choices of payment type based on repayme"
"PRODUCT PROFIT","3","Foundation - Product","Product Profit Start Dttm","This entity tracks the product's profit amount over time. This is a derivable result and technically should not be in a logical model. It is included here if the cost and revenue components in the model are not populated."
"PRODUCT RELATED","0","Foundation - Product","","This associative entity relates products to other products. There is one instance for each relationship. A product can have many relationships with many other products, for example, product competes with product, product is an alternative to product, and product replaces product."
"PRODUCT RELATIONSHIP TYPE","2","Foundation - Product","Product Relationship Type Cd","This minor entity identifies the relationship between two products such as competes with, alternative to, replaces, enhancement of, or marketed with."
"PRODUCT REVENUE","3","Foundation - Product","Product Revenue Start Dttm","This entity identifies the revenue for a product for a time period. Types of revenue include revenue not allocated to accounts and transactions such as resale of loans to secondary market. This is a component in calculating profitability."
"PRODUCT REVIEW EVENT","3","Foundation - Event","Product Review Event Id","This entity captures information specific to product review events."
"PRODUCT RISK GRADE","3","Foundation - Product","Product Risk Grade Start Dttm","This entity contains risk grade assigned to product for a certain period of time.   For example, if the product offering is a home mortgage 30 year fixed interest then this is the risk grade associated with that offering."
"PRODUCT RISK GRADE ELIGIBILITY RULE","4","Foundation - Product","Product Eligibility Risk Grade Start Dt","This entity restricts product availability to parties with certain risk grades. This can make the product available to parties with these risk grades or make it unavailable to parties with these risk grades."
"PRODUCT RISK GRADE RELATED","3","Foundation - Product","Product Risk Override Start Dttm; Override Party Id","This entity relates one risk grade assessment to another risk grade assessment to identify when one risk assessment replaces or overrides another risk assessment for a Product. Risk assessments done by different methods or parties can result in different assessments.  This structure allows for one"
"PRODUCT SCORE","2","Foundation - Product","Analytical Model Id","This entity contains the result of predictive modeling at the product level."
"PRODUCT SCORE MODEL ELIGIBILITY","2","Foundation - Product","Product Score Model Start Dt","This entity restricts products by score model values. This can make the product available to these score values or make it unavailable for these score values."
"PRODUCT STATUS","2","Foundation - Product","Product Status Start Dt","This entity contains the history of the status of the product."
"PRODUCT STATUS TYPE","2","Foundation - Product","Product Status Cd","This minor entity identifies the life cycle of a product. Possible values could be  - Not yet a product - Active product - Inactive/discontinued product - Taxed product"
"PRODUCT SUBTYPE","2","Foundation - Product","Product Subtype Cd","A code used as a category discriminator to classify products.  Examples: - 1 = Financial banking product  - 2 = Financial instrument  - 3 = Insurance product  - 4 = Investment service"
"PRODUCT TAX STATUS","2","Foundation - Product","Product Tax Status Start Dt","Product tax status based on country and state such as taxable or not taxable."
"PRODUCT TO AGREEMENT CLASS VALUE","2","Foundation - Product","Product To Agreement Class Start Dt","This entity was created for the Loss Give Default Business Function View for enterprise risk management.   This entity classifies a product according to a certain classification scheme.  In this context, a product is associated with an exposure type where the exposure type is a classification of"
"PRODUCT TO PRODUCT GROUP","2","Foundation - Product","Product To Product Group Start Dt","This associative entity relates the marketable products with the lowest level in the product grouping hierarchy. A marketable product can associate with multiple product groups and a product group can contain multiple marketable products. An example of product grouping would be to associate the mark"
"PRODUCT TO PRODUCT GROUP ROLE TYPE","2","Foundation - Product","Product To Product Group Role Cd","The role that a product has with a grouping such as 'belongs to' or 'is benchmark for.'"
"PRODUCT TO PRODUCT IDENTIFIER","2","Foundation - Product","Product To Product Id Start Dttm","If it is know, this entity relates the product to the product identifier."
"PRODUCT VALUE AT RISK","5","Investment - Product","Product Holding Period Cd","This entity contains the calculated Value at Risk (VAR) for this instrument. For example, this would be the VAR for a stock issuance.  Value at risk (VAR) is a measure of how the market value of an asset or of a portfolio of assets is likely to decrease over a certain time period (usually over 1 d"
"PRODUCT VIEW WEB EVENT","3","Foundation - Event","Viewed Product Id; Viewed Web Page Id; Web Product View Event Id","This entity contains information about the product that was viewed during this web event."
"PROFESSIONAL IDENTIFICATION","0","Foundation - Party","","The numbers that may be assigned to a party for professional identification purposes, as specified by party identification type, for example, a contractor license number."
"PROFIT COMPONENT TYPE","2","Foundation - Product","Profit Component Type Cd","This minor reference entity describes the classification of the profit components.   Examples: - Major component such as net interest revenue, other revenue, indirect expense, and risk provision - Subcomponent (used to calculate a major component) - Final profit metric"
"PROFIT TYPE","2","Foundation","Profit Type Cd","This minor entity classifies profit into types. Types could be net present value or risk adjusted."
"PROFITABILITY COMPONENT","3","Foundation - Agreement","Profitability Component Cd","This reference table contains the factors and factor components used to calculated account level profitability:   Examples: - 1 = NIR - 2 = Actual OR - 3 = DE - 4 = IE - 5 = RP - 6 = UCC - 7 = RC - 8 = EVA - 9 = Post Tax Profit - 10 = Allocated Capital - 11 = Allocated Balance - 12 = E"
"PROGRAMMING CHANNEL GROUP TYPE","2","Foundation - Campaign","Programming Channel Group Type Cd","Captures information regarding the grouping of channels.   Examples:  - Sports - Entertainment - Sci-fi"
"PROGRAMMING PACKAGE","4","Foundation - Campaign","Programming Package Id","Captures information regarding the programming package associated with a particular TV Signal Receiver Device."
"PROJECT","7","Foundation - Finance","Project Id","The entity that provides details of a set of activities undertaken to achieve a desired outcome.  A company may establish a PROJECT for any business activity it wants to track and report. Examples of typical PROJECTs are new product R&D, building construction, IT hardware deployments, reorganizati"
"PROJECT BILLABLE TYPE","2","Foundation - Finance","Project Billable Type Cd","PROJECT BILLABLE TYPE Indicates the billable type for a project.  Examples: - Fully billable - Nonbillable - Partially billable - Time and material - Fixed price - Fixed price plus"
"PROJECT CLASSIFICATION TYPE","2","Foundation - Finance","Project Classification Type Cd","PROJECT CLASSIFICATION TYPE Indicates whether the PROJECT involves parties outside the company. Internal projects are within the company only.   PROJECTs that involve customers or parties outside the company are designated as external.  Joint projects involve parties from both inside and outside"
"PROJECT FINANCIAL PLAN","0","Foundation - Finance","","This entity relates a project budget to a financial plan. Project budgets for tasks, resources, and revenue if billable to track the financial performance of the project."
"PROJECT METRIC","6","Foundation - Finance","Project Metric Amt","This entity tracks metrics associated with this project such as expense allocations over time and for a time period."
"PROJECT METRIC TYPE","2","Foundation - Finance","Project Metric Type Cd","This is a code for the type of project metric such an expense allocation."
"PROJECT OBJECTIVE","0","Foundation - Finance","","This entity links the projects associated with a business objective. It represents the physical execution of the objective."
"PROJECT PARTY","3","Foundation - Finance","Project Party Start Dttm; Project Party Id","This entity identifies the relationship that a PARTY has to a PROJECT and identifies the role filled by that PARTY, for example, project manager and team member."
"PROJECT RESOURCE FIXED ASSET","0","Foundation - Finance","","This entity lists a specific FIXED ASSET assigned to a PROJECT TASK."
"PROJECT STATUS","3","Foundation - Finance","Project Status Start Dttm; Project Status Party Id","The entity tracks the various status or condition changes of a project over time."
"PROJECT STATUS TYPE","2","Foundation - Finance","Project Status Cd","This entity indicates the status of a PROJECT.  Examples: - Disputed invoice - In process - Completed - Hold - Accepted"
"PROJECT TASK","10","Foundation - Finance","Project Task Id","This entity provides information about a TASK or activity that is scheduled as part of a PROJECT work plan."
"PROJECT TASK CHART OF ACCOUNTS","5","Foundation - Finance","Project Task Resource Id","This entity associates project tasks and resources to a chart of accounts number to enable revenue and expense reporting for the project."
"PROJECT TASK FINANCIAL PLAN","0","Foundation - Finance","","This entity tracks the budget information associated with a PROJECT TASK."
"PROJECT TASK RELATED","0","Foundation - Finance","","Lists TASKs that are related, the type of relationship, and the start and end dates for the relationship. An example of a relationship is when the start of one TASK is dependent on the end of another TASK."
"PROJECT TASK RELATED TYPE","0","Foundation - Finance","","This entity lists the possible types of relationships between TASKs. For example, a TASK can be dependent on another TASK or a TASK can be replaced by another TASK."
"PROJECT TASK RESOURCE ASSIGNMENT","6","Foundation - Finance","Project Task Resource Id","This entity tracks resources assigned to a PROJECT. Resources can be any item or individual assigned to a scheduled TASK in the project plan."
"PROJECT TASK RESOURCE INDIVIDUAL","0","Foundation - Finance","","This entity represents human resources assigned to a PROJECT. Individuals include employee associates and 3rd party consultants. The cost and billable rates associated with these Individuals will be used in the FINANCIAL PLAN PROJECT TASK RESOURCE entity."
"PROJECT TASK RESOURCE ITEM","7","Foundation - Finance","Project Task Resource Id","This entity represents fixed asset, product, or supply resources assigned to a PROJECT. The cost and billable rates associated with these Items will be used in the FINANCIAL PLAN PROJECT TASK RESOURCE entity."
"PROJECT TASK RESOURCE ITEM TYPE","2","Foundation - Finance","Project Task Item Type Cd","This entity categorizes the item assigned to a PROJECT TASK RESOURCE ITEM. Examples are fixed assets, product, or supplies."
"PROJECT TASK RESOURCE PARTY","9","Foundation - Finance","Project Task Resource Id; Project Task Resource Party Id","This entity identifies the relationship that an individual has to a PROJECT and identified the role filled by that the individual, for example, project manager, and team member."
"PROJECT TASK RESOURCE PRODUCT","1","Foundation - Finance","Fixed Asset Group Id","This entity lists groups of fixed assets related to a PROJECT TASK."
"PROJECT TASK RESOURCE SUPPLY","1","Foundation - Finance","Consumable Asset Type Id","This entity lists types of supplies used for this task classified as internal assets."
"PROJECT TASK RESOURCE TYPE","2","Foundation - Finance","Project Task Resource Type Cd","PROJECT TASK RESOURCE TYPE classifies a resource assigned to a PROJECT TASK as either an item or an individual.   Examples of items are computers or machines; individuals can be associates or other party."
"PROJECT TASK STATUS","5","Foundation - Finance","Project Task Status Cd",""
"PROJECT TASK TRAINING EVENT","1","Foundation - Party","Training Event Id","Contains project task training events when a training event is caused by a project request."
"PROJECT TYPE","2","Foundation - Finance","Project Type Cd","PROJECT TYPE further identifies the nature of the PROJECT and groups related PROJECTs together. Examples of PROJECT TYPEs are IT, infrastructure, and product development."
"PROJECTED CASH FLOW","7","Foundation - Finance","Cash Flow Id; To Party Id","This entity contains the anticipated cash flow (predicted payments) for this account. There is one instance for each payment to be made.   Basel paragraph 339 and QIS 472"
"PROMOTED PRODUCT EVENT","2","Foundation - Event","Promotion Tracking Val; Promoted Item Event Id","This entity captures information regarding the selection of a promoted product by the visitors."
"PROMOTION","10","Foundation - Campaign","Promotion Id","A narrowly defined marketing effort designed for a specific purpose and can be part of a larger campaign. It usually has a specific start and end date. A promotion can contain multiple offers and ads. For example, a promotion is created to drive DVD sales. It consists of 2 offers (one for free shipp"
"PROMOTION CELL","3","Foundation - Campaign","Promotion Cell Id","A cell is a specialized treatment strategy for a grouping of parties for campaign promotion purposes. Parties in this cell have a set sequence of steps (responses and actions) that are used during the promotion process.  A cell is different from a market segment in that parties in a cell can be pl"
"PROMOTION CELL PARTY","0","Foundation - Campaign","","This entity identifies the parties in a promotion cell."
"PROMOTION CHANNEL","0","Foundation - Campaign","","This associative entity links promotions to channels, which allow a campaign to be carried out through many channels. An example of this would be a marketing message that appears on all the ATM's in a geographical area."
"PROMOTION CHANNEL MM OBJECT","0","Foundation - Campaign","","This contains the multimedia objects for this specific channel for this promotion."
"PROMOTION COLLATERAL","0","Foundation - Campaign","","This entity identifies the communication collateral associated with a promotion."
"PROMOTION EXPENSE TYPE","2","Foundation - Campaign","Promotion Expense Cd","Identifies the type of expenses use in a campaign and/or promotion.  Examples:  - Printing - TV spot - Consulting"
"PROMOTION EXPENSE XREF","5","Foundation - Campaign","Promotion Expense Cd","Tracks the budgeted and actual expenses for a promotion."
"PROMOTION METRIC","6","Foundation - Campaign","Promotion Metric Start Dt","This entity captures any kind of metric associated with this promotion including results such as number of hits, number of purchases, number of positive responses, number of negative responses, and budget and actual costs."
"PROMOTION METRIC TYPE","2","Foundation - Campaign","Promotion Metric Type Cd","A code for the type of promotion metric such as number of hits, number of positive responses, number of negative responses, and number of sales."
"PROMOTION OFFER","7","Foundation - Campaign","Promotion Offer Id","A specific incentive made available to customers. Usually, contains two parts: a.) condition(s) to be met, and b.) the reward for a.) It is usually a narrowly defined marketing effort designed for a specific purpose. Can be part of a larger campaign. It has a specific start and end date. A promotion"
"PROMOTION OFFER SEGMENT","3","Foundation - Campaign","Foundation - Campaign.Market Segment","A mapping of a group of market segments to a specific promotion offer. A promotion offer can be made to more than one market segment.   Example:  - All customers whose purchase went down over 50% over the last 6 months are offered $20 off their next order."
"PROMOTION OFFER TYPE","2","Foundation - Campaign","Promotion Offer Type Cd","This is the type of promotion offer such as a product offer or a product feature offer."
"PROMOTION PARTY","4","Foundation - Campaign","Campaign Party Start Dt","This associative entity identifies the role that a party has with a promotion. The party can be a target of a promotion or in the role of management and running of a promotion."
"PROMOTION PARTY STEP","0","Foundation - Campaign","","This entity shows what steps were actually taken for a given party within a given cell within a given promotion."
"PROMOTION PARTY STEP RESPONSE","1","Foundation - Campaign","Promotion Party Step Response Dt","This entity captures the actual response to a step by a party within a promotion cell. This assumes a step from a party could have many responses."
"PROMOTION PARTY STEP STATUS","1","Foundation - Campaign","Promotion Party Step Status Dttm","A code for the status of a promotion step for a party within a promotion cell.  Examples: - On hold - Active - Response received - Timeout"
"PROMOTION PRODUCT OFFER","0","Foundation - Campaign","","This entity contains information about promotion offers that are directed towards a product."
"PROMOTION PRODUCT OFFER FEATURE","0","Foundation - Campaign","","This entity contains the features that are offered as part of this product promotion offer."
"PROMOTION PROSPECT","2","Foundation - Campaign","Campaign Party Start Dt","This entity contains information about this promotion for this prospect.  For example, a threshold describes how many times this prospect can be offered this promotion before stopping or going to the next step."
"PROMOTION RESPONSE SCORE","1","Foundation - Campaign","Response Probability Val","This associative entity relates a response score with a party for this promotion. A response score is the probability that a party will respond positively to a promotion."
"PROMOTION SCRIPTED MESSAGE XREF","5","Foundation - Campaign","Alerting","This entity provides for a promotion to have more than one script and for a script to be used by more than one promotion."
"PROMOTION SEGMENT","0","Foundation - Campaign","","A mapping of a group of market segments to a specific promo offer. A promo offer can be made to more than one market segment.   Example: - All customers whose purchase went down over 50% over the last 6 months are offered $20 off their next order."
"PROMOTION STATUS","1","Foundation - Campaign","Promotion Status Dttm","This entity defines the status of a promotion over time."
"PROMOTION STATUS TYPE","2","Foundation - Campaign","Promotion Status Cd","This minor entity identifies the status of the promotion. Examples would be active, under development, on hold after being active, and closed for deletion."
"PROMOTION STEP","2","Foundation - Campaign","Promotion Step Id","This entity represents an action to be taken during a promotion. Each step is one action that could be taken.   Examples: - Send letter 1 via mail - Send application form 2 via mail - Send letter 2 via email - Phone call - Open agreement"
"PROMOTION STEP RESPONSE","1","Foundation - Campaign","Next Step Id","This entity contains the next step given a response to a promotion step for a cell. The response may be no response in which case the next step is a 'timeout' step. If the next step is null then no further action is taken.  These are planned responses to a step."
"PROMOTION STEP TYPE","2","Foundation - Campaign","Promotion Step Type Cd","A code for the classification of a step used during a promotion.   Examples: - Send letter - Send application - Follow-up phone call"
"PROMOTION TYPE","2","Foundation - Campaign","Promotion Type Cd","This minor entity describes whether the promotion is a mass, micro, or target marketing. Mass marketing is usually radio, television, and newspaper and covers a wide area. Micromarketing targets a smaller audience, usually a geographical area that has certain characteristics. Target marketing refers"
"PROPERTY CASUALTY AGREEMENT","0","Unassigned","","This entity is a subtype to INSURANCE AGREEMENT and contains the details of applications for property and casualty insurance."
"PROPOSAL","5","Foundation - Campaign","Proposal Id","This entity includes information about the proposal making process that leads to a proposal document.   This proposal may be the result of an opportunity and may result in an agreement.  A proposal is an act of stating something for consideration by another party."
"PROPOSAL AGREEMENT","1","Foundation - Campaign","Proposal Agreement Dt","This entity relates an agreement to a proposal that may have triggered the creation of this agreement. It allows for an agreement to be triggered by many proposals and for a proposal to result in many agreements.  This allows for the creation of an agreement without the existence of an opportunity"
"PROPOSAL FEATURE","0","Foundation - Campaign","","Terms and conditions for this proposal that are independent of any product or service."
"PROPOSAL FINANCE","3","Foundation - Campaign","Proposal Amt","This entity includes any financial information associated with this proposal such as proposal cost, projected revenue, or profit."
"PROPOSAL FINANCE TYPE","2","Foundation - Campaign","Proposal Finance Type Cd","A code for the type of financial metric such as: - Proposal cost - Proposed price - Expected revenue - Expected profit - Spread rate - Term number"
"PROPOSAL PARTY","1","Foundation - Campaign","Proposal Party Dt","This entity contains the parties to the proposal and their roles such as: - Proposal preparer - Proposal reviewer - Proposal signer - Proposal recipient"
"PROPOSAL PARTY ROLE TYPE","2","Foundation - Campaign","Proposal Party Role Cd","The role of the party to the proposal such as: - Proposal preparer - Proposal reviewer - Proposal signer - Proposal recipient"
"PROPOSAL PRODUCT","0","Foundation - Campaign","","The products or services being proposed."
"PROPOSAL PRODUCT FEATURE","0","Foundation - Campaign","","The product features, terms, and conditions that are being proposed."
"PROPOSAL STATUS","2","Foundation - Campaign","Proposal Status Start Dttm","The status of this proposal over time.   Examples: - Not yet started - In process - Finished - Submitted"
"PROPOSAL STATUS REASON TYPE","2","Foundation - Campaign","Proposal Status Reason Cd","The reason the status changes for this proposal including the reason the proposal was won or lost.  Examples: - Price - Competition - Product - People"
"PROPOSAL STATUS TYPE","2","Foundation - Campaign","Proposal Status Cd","The status of this proposal:  Examples: - Not yet started - In process - Finished - Submitted"
"PROTECTION PARTY TYPE","2","Banking - Party","Protection Party Type Cd","This is the role of the party as either: - Protection buyer - Protection seller"
"PROTOCOL TYPE","2","Foundation - Channel","Protocol Type Cd","Code values for the different protocol methods of communicating electronically such as voice or text. A given channel type such as a phone could have these different protocol types."
"PROVIDER BUSINESS TYPE","0","Foundation - Party","","A classification of an individual, group, or organization that provides goods or services other than health care. For example, in the insurance business this would include the auto shop that provided the service to the individual. For banking, it would be professionals that the bank engages such as "
"PROVIDER DESELECT REASON","2","Foundation - Party","Provider Deselect Reason Cd","This is a list of codes used to uniquely identify a reason for an individual's deselection of a provider to perform healthcare services."
"PROVIDER SELECT REASON","2","Foundation - Party","Provider Selection Reason Cd","This minor entity identifies values describing why a specific health provider was selected by a covered Individual."
"PROVIDER SELECT ROLE TYPE","2","Foundation - Party","Provider Selection Role Cd","The list of selection roles a health provider can provide. The provider may be selected as a: - Primary care physician - General Practitioner  - Gynecologist - Pediatrician - Dentist"
"PROVIDER TYPE","2","Foundation - Party","Provider Type Cd","This minor entity discriminates the types of providers such as health care provider or banking service provider."
"PROVISION FOR LOAN LOSS ACCOUNT","0","Banking - Finance","","This provision account is really a noncash expense. Its purpose is to shelter a portion of the bank's current earnings from taxes in order to help prepare for a bad loan. The annual loan loss provision is deducted from the current revenues before taxes are applied to earnings."
"PROVISION TYPE","2","Banking - Agreement","Provision Type Cd","A code describing whether this is for a general or specific provision."
"PUBLIC","0","Unassigned","",""
"PUBLIC RECORD TYPE","2","Foundation - Party","Public Record Type Cd","A code for the type of public record filed such as bankruptcy, judgment, or lien."
"PUBLISH CONTENT VIEW","6","Foundation - Event","Publish Content Access Dttm","This entity captures information regarding books or periodical accessed by visitors."
"PUBLISHED CONTENT REVIEW","5","Foundation - Event","Published Content Review Dttm","This entity captures information regarding reviews of books or magazine articles that have been entered by visitors. Additionally, information regarding visitors who read previously entered reviews is also captured."
"PURCHASE AGREEMENT BUSINESS TYPE","2","Banking - Agreement","Agreement Business Type Start Dt","This associative entity tracks the history of the relationships between the purchase account and business categories. The account can be allowed access or restricted access by business categories."
"PURCHASE CARD","0","Banking - Agreement","","A subtype of CREDIT CARD, this entity is a credit card that can be used for purchases made with a merchant of specific business categories."
"PURCHASE CARD BUSINESS","2","Banking - Agreement","Purchase Card Business Type Start Dt","This associative entity defines the relationship of the purchase card to business types the card is allowed access or denied access with such as florists, and office supply stores."
"PURCHASE CARD BUSINESS LIMIT","3","Banking - Agreement","Purchase Card Business Limit Start Dt","This entity tracks the changes to the limit for a purchase card for a certain type of business."
"PURCHASE EVENT","5","Foundation - Event","Purchase Event Order Num; Purchase Activity Event Id","This entity captures information regarding purchases made by visitors during their shopping experience."
"PURCHASE INTENT TYPE","2","Investment - Agreement","Purchase Intent Cd","The intent for how long to keep the holding.  Examples: - Available for sale - Trading - Held to maturity  This is used for GAAP treatment."
"PURCHASE REQUISITION","5","Foundation - Finance","Purchase Requisition Id","This entity identifies a summary of requirements for item(s) to be purchased. Typically, several PURCHASE REQUISITIONs are grouped together on a VENDOR PO to ensure cost effective procurement."
"PURCHASE REQUISITION LINE","10","Foundation - Finance","Purchase Requisition Line Num","This entity identifies the lines of the PURCHASE REQUISITION. It identifies the INTERNAL ASSET TYPE to be purchased, its quantity, and status over time."
"PURCHASE REQUISITION LINE ASSIGNMENT","4","Foundation - Finance","Vendor PO Line Num","This entity identifies the VENDOR PO LINEs that should be fulfilling one or more PURCHASE REQUISITION LINEs."
"PURCHASE REQUISITION LINE STATUS","5","Foundation - Finance","Purchase Requisition Line Num; Purchase Requisition Line Party Id","The entity tracks the various status or condition changes of a PURCHASE REQUISITION LINE over time."
"PURCHASE REQUISITION STATUS","4","Foundation - Finance","Purchase Requisition Status Cd","The entity tracks the various status or condition changes of a PURCHASE REQUISITION over time."
"PURCHASE TRANSACTION AGREEMENT","0","Banking - Agreement","","This is a type of credit card and represents accounts that allow purchasing only at specific business organization types."
"PURCHASE TYPE","2","Banking - Agreement","Purchase Type Cd","This minor entity identifies whether a purchase account is to be associated the merchant categories allowed for purchases or if the account is to be associated the merchant categories that are restricted for purchases."
"PURCHASED RECEIVABLE INVOICE","4","Banking - Agreement","Purchased Invoice Type Cd","This entity represents the actual debt or invoice that is to be collected by the bank from its customer, the issuer. This is the bank's customer's customer (borrower) debt that is now owed to the bank. One instance of this entity represents each individual debt invoice by the obligor.  Related to "
"PURCHASED RECEIVABLE INVOICE TYPE","2","Banking - Agreement","Purchased Invoice Type Cd","A classification of the type of underlying assets this invoice is for such as machinery, commercial real estate, and residential real estate."
"PURCHASED RECEIVABLE ISSUER AGREEMENT","18","Banking - Agreement","Issuer Agreement Id","This agreement contains information about the agreement between the bank and the issuer for whom the bank is to collect receivables for. This may also be known as the 'factoring contract.'  The financial institution (the factor) may have factoring contracts with the issuer party who provides to de"
"PURCHASED RECEIVABLE ISSUER DEBTOR AGREEMENT","1","Banking - Agreement","Issuer Debtor Agreement Id","A purchased receivable contract in which the following parties are involved.  Examples: - The bank that purchases the receivables (the factor) - The bank's client that issues the receivables (the issuer) - The bank's client's customer (debtor) who owes the money   Related to a factoring contr"
"PURCHASED RECEIVABLE POOL","0","Banking - Agreement","","This group of agreements represents the collection of purchased receivables that are grouped for Basel II calculation purposes. One agreement represents one agreement with the bank's customer (not the customer's customer)."
"PURCHASED RECEIVABLE POOL CONTENT","2","Banking - Agreement","Agreement Group Id","This entity identifies the types of contents in the pool such as: - Residential mortgages - Corporate exposures - SME corporate exposures - Qualifying Revolving Retail Exposures (QRRE) - Other retail exposures  The pool can have more than one type of exposure in the pool."
"PURCHASED RECEIVABLE POOL RISK","10","Banking - Agreement","Agreement Group Dilution Exposure Loss Rate","This entity tracks risk related metrics for pools of purchased receivable client agreements over time."
"PURCHASED RECEIVABLE POOL TYPE","2","Banking - Agreement","Purchased Receivable Pool Cd","A classification of the purchased receivable pool such as corporate, bank, retail, or sovereign."
"QUANTITY FEATURE","4","Foundation - Product","Quantity Time Period Cd","This is a subtype entity to FEATURE. It contains the quantities of the unit of measure that may be assessed over a period of time.   For banking, this entity identifies the number of free teller visits that you can have over a period of time.  For insurance, this entity could identify number of "
"QUANTITY OF HOLDING OVER TIME","0","Unassigned","","Drawing_Object_Rectangle_130434"
"QUERY STRING FIELD NAME","2","Foundation - Campaign","Query String Field Name Id","This is the domain of parameter names that may appear in the query string of the URL for a web page.  Examples: - First name - Site - Location"
"QUERY STRING FIELD TYPE","2","Foundation - Event","Query String Field Type Cd","This entity provides descriptive information regarding the types of contents stored in QUERY STRING FIELD NAME."
"QUERY STRING FIELD VALUE","2","Foundation - Campaign","Query String Field Value Id","This is the domain of parameter values that may appear in the query string of the URL for a web page.  Example:  - For location, the names of retail stores such as WestSide Grocery or Mountain Ridge Suppliers."
"QUERY STRING NAME VALUE","1","Foundation - Campaign","Query String Current URL Ind",""
"QUESTION","3","Foundation","Question Id","Details a specific question or item contained in a Survey. A question may be reused in more than one survey. Also classifies the question and its format.  Examples: - How many dependents do you have? - Are you currently under treatment for diabetes? - What is your current yearly income? - Whic"
"QUESTION CATEGORY","2","Foundation","Question Category Cd","Classifies the topic or category of a question.  Examples: - Income - Products - Dependents - Services - Education - Customer satisfaction"
"QUESTION FORMAT TYPE","2","Foundation","Question Format Cd","The type of question represented, for example, multiple choice, yes / no, and open-ended."
"QUESTION POSSIBLE ANSWER","1","Foundation","Answer Ranking Val","The set of answers displayed with a survey question which is used in multiple choice and 'all that apply' types of questions.  Examples: 'Please check mark all activities that you are interested in'  - 'Skiing'  - 'Hiking'  - 'Bowling'  - 'Snowboarding'  - 'Bicycling'  - 'Other ________'  "
"QUESTIONNAIRE","6","Foundation","Questionnaire Id","A specific predefined formal, controlled, or structured set of questions where specific responses are solicited, and responses (typically) are constrained to selecting one or more of several choices presented. Provision is also made for free-form responses to questions.   In the modeling presented"
"QUESTIONNAIRE CATEGORY","2","Foundation","Questionnaire Category Cd","This classifies a questionnaire into a higher-level grouping.  Examples: - General quality survey - Customer satisfaction survey - New item launch survey - Market research survey"
"QUESTIONNAIRE QUESTION","1","Foundation","Question Sequence Num","The set of questions in a questionnaire and the order in which they are displayed."
"QUOTA TYPE","2","Foundation - Party","Quota Type Cd","This minor entity describes the type of quota that an employee has such as number of customers, number of accounts, number of transactions, and number of sales of a product."
"QUOTATION","11","Foundation - Agreement","Quotation Id","This entity contains information about a quotation made by the financial institution to one or more parties involving a specific product."
"QUOTATION AGREEMENT","0","Foundation - Agreement","","This associative entity defines the hierarchical relationship that will exist between existing accounts and the account that this quotation might be converted into. A quotation may have many subaccounts; an account may be subaccount to many quotations.   In addition, this associative entity can "
"QUOTATION ASSET","1","Foundation - Agreement","Quotation Asset Start Dt","This associative entity relates a quotation to an asset along with the role that the asset has with the quotation. An example of a role of an asset to a quotation is a collateral role."
"QUOTATION CLOSE REASON TYPE","2","Foundation - Agreement","Quotation Close Reason Cd","This minor entity converts the quotation close reason code into a description."
"QUOTATION COLLATERAL ASSET","2","Banking - Agreement","Quotation Collateral Asset Amt","This is a subtype to entity QUOTATION ASSET and contains details of the asset in relation to the quotation in the role of to be collateral."
"QUOTATION CONTACT EVENT","0","Foundation - Event","","This entity is a subtype to DIRECT CONTACT EVENT and contains those contacts that directly involve contact with the customer either in person or in writing regarding a quotation made by the financial institution to one or more parties involving a specific product."
"QUOTATION FEATURE","16","Foundation - Agreement","Quotation Feature Role Cd","This entity associates the quotation with features that are specific to the quotation. Examples could be to defer interest charges until account closes, or mail interest to account holder. This would include those features that are fees and where the fees for the account are different from the fees "
"QUOTATION FEATURE RELATED","5","Foundation - Agreement","Agreement Feature Role Cd","This associative entity is used to describe the second level of Feature.   Insurance example: - The Quotation has as Feature 'personal liability' (Coverage) and that Coverage has a limit of U.S. $5,000,000.00 and a deductible of U.S. $500.00. The Coverage is specified by QUOTATION FEATURE and bot"
"QUOTATION INSURED ASSET","2","Unassigned","Quotation Insured Asset Amt","This is a subtype to entity QUOTATION ASSET and contains details of the asset in relation to the quotation in the role of to be insured."
"QUOTATION LOCATOR","2","Foundation - Agreement","Quotation Locator Start Dt","This associative entity relates locators (i.e., addresses) with quotations. The relationship is defined by means of a relation code.  Examples: - The state or country in which the quotation was signed - The area for which rates and tariffs were used to set up the account that is quoted for - Th"
"QUOTATION METRIC","5","Foundation - Event","Quotation Metric Start Dttm","This entity contains the various metrics that are associated with a quotation such as the premium amount for an insurance quotation."
"QUOTATION METRIC TYPE","2","Foundation - Event","Quotation Metric Type Cd","This is a code for the type of metric such as annual premium for an insurance quotation."
"QUOTATION ORIGIN TYPE","2","Foundation - Agreement","Quotation Origin Cd","This minor entity converts the origin for quotation code into a description."
"QUOTATION PRODUCT","0","Foundation - Agreement","","This entity tracks the products associated with a quotation.  It is possible for a quotation to be associated with more than one product/package at one time."
"QUOTATION RELATED","3","Foundation - Agreement","Quotation Relationship Type Cd","This entity tracks the relationships between quotations, such as one quotation replacing another quotation, or quotations having been submitted together."
"QUOTATION RELATIONSHIP TYPE","2","Foundation - Agreement","Quotation Relationship Type Cd","This minor entity converts the quotation relationship code into a description."
"QUOTATION STATUS","2","Foundation - Agreement","Quotation Status Start Dttm","This entity tracks the history of the status of a quotation."
"QUOTATION STATUS REASON","0","Foundation - Agreement","","This associative entity allows one or more status reasons to be valid for one quotation status."
"QUOTATION STATUS REASON TYPE","2","Foundation - Agreement","Quotation Status Reason Type Cd","This minor entity describes the reasons for the status of a quotation.   Examples: - New quotation requested - Too highly priced"
"QUOTATION STATUS TYPE","2","Foundation - Agreement","Quotation Status Type Cd","This minor entity converts the quotation status type code into a description."
"QUOTATION SUBTYPE","2","Foundation - Agreement","Quotation Subtype Cd","A classification of the quotation such as the major line of business or product being quoted and which is used as a subtype category discriminator such as insurance quotation."
"RADIO AD PLACEMENT","2","Foundation - Campaign","Radio Start Tm","This is a subentity that identifies the start and end times for radio spots for this advertisement."
"RADIO STATION CHANNEL INSTANCE","1","Foundation - Channel","Radio Station Channel Instance Id","This entity represents a specific radio station that is used as a channel instance."
"RADIO STATION TYPE","5","Foundation - Event","Radio Station Type Cd","This code captures the radio station type.  Note: If needed this can be defined as a hierarchy instead by adding a recursive relationship. This will allow subtypes within larger supertypes.  Examples: - Pop  - Top-40  - Jazz - Hard rock  - Country - News - Sports"
"RAISE EXCEPTION PROC","1","Unassigned","",""
"RANK TYPE","2","Foundation - Channel","Rank Type Cd","This entity captures information regarding the prioritizing of each context on a web page; a web page may have multiple contexts with each having multiple functions.  Examples: - Primary - Secondary"
"RATE FEATURE","2","Foundation - Product","Rate Time Period Cd","This is a subtype entity to FEATURE. It consists of interest rates, fee rates, and other rates."
"RATE FEATURE TYPE","2","Foundation - Product","Rate Feature Type Cd","A classification for the type of rate such as fixed interest rate, variable interest rate, or other rate (e.g., insurance coverage). Used as a category discriminator."
"RATING AGENCY BUSINESS TYPE","0","Foundation - Party","","A classification of an organization that issues credit ratings for institutional organizations such as Standard & Poor's and Moody's."
"RAW LAND","1","Foundation - Finance","Raw Land Fixed Asset Id","The entity that provides details for the raw land accounts. Raw land is a type of a nondepreciable asset."
"REAL ESTATE","3","Foundation - Party Asset","Construction Dt","This entity is a subtype of PARTY ASSET and describes the real estate."
"REAL ESTATE DETAIL","15","Foundation - Party Asset","Real Estate Detail Start Dttm","This entity represents the attributes of the real estate that may change over time."
"REAL ESTATE INVESTMENT TRUST","0","Investment - Agreement","","A security that sells like a stock on the major exchanges and invests in real estate directly, either through properties or mortgages."
"REAL ESTATE REBUILD AMOUNT","3","Foundation - Party Asset","Rebuild Amount Start Dt","This entity tracks the history of rebuilding amounts of a real estate construction."
"REAL ESTATE RIGHTS TYPE","2","Foundation - Party Asset","Real Estate Rights Type Cd","A code for the modification rights to this property such as building, water, and utilities."
"REAL ESTATE TYPE","2","Foundation - Party Asset","Real Estate Type Cd","This minor entity converts the real estate type code into a description."
"REAL ESTATE ZONE TYPE","2","Foundation - Party Asset","Real Estate Zone Type Cd","A code for how the real estate is zoned for usage such as commercial, residential, and commercial residential."
"REBATE EVENT","2","Foundation - Event","Rebate Code Val; Rebate Event Id","This entity captures information regarding visitor rebate events."
"RECEIPT","5","Foundation - Finance","Receipt Id","This entity identifies an acknowledgment that a specified article or shipment of merchandise has been received. The RECEIPT can have 1 or more RECEIPT LINEs."
"RECEIPT LINE","11","Foundation - Finance","Receipt Line Num","This entity identifies a single line on a RECEIPT which shows the received INTERNAL ASSET TYPE, quantity, and unit of measure for the quantity."
"RECEIPT LINE DOCUMENT","3","Foundation - Finance","Document Type Cd; Receipt Line Document Creator Party Id","Document that records details of items delivered from VENDORs and suppliers, for matching to items ordered on a VENDOR PO."
"RECEIPT LINE DOCUMENT TYPE","4","Foundation - Finance","Receipt Line Document Type Cd","This entity defines a collection of information. For example, transport documents can include documents such as manifests, bills of lading, and import/export documents. Transport documents can be associated with a conveyance over one or many legs of the trip."
"RECEIPT LINE INSPECTION","4","Foundation - Finance","Receipt Line Num","Records the status and results of a quality inspection performed on a RECEIPT LINE."
"RECEIPT LINE QUALITY TYPE","2","Foundation - Finance","Receipt Line Quality Inspection Cd","Defines the possible levels of quality that can be assessed to a RECEIPT LINE during inspection, for example, good, pass, and fail."
"RECEIPT LINE STATUS","2","Foundation - Finance","Receipt Line Status Dttm; Receipt Line Status Party Id","The entity tracks the various status or condition changes of a RECEIPT LINE over time."
"RECEIPT LINE STATUS TYPE","2","Foundation - Finance","Receipt Line Status Cd","This entity contains RECEIPT LINE STATUS TYPE values.  Examples: - Complete - Partial - Awaiting inspection"
"RECEIPT LINE TYPE","2","Foundation - Finance","Receipt Line Type Cd","This entity identifies whether the RECEIPT LINE is associated to an order or to a purchase order."
"RECEIPT LINE UNIQUE ITEM INSTANCE","1","Foundation - Finance","Receipt Identification Num","This entity defines detailed specific information on a receipt of a uniquely identifiable internal asset type. For example, the receipt line may show the receipt of a quantity of 3 for a given internal asset type. Associated to that receipt line, would be three RECEIPT LINE UNIQUE ITEM INSTANCEs ide"
"RECEIPT STATUS","2","Foundation - Finance","Receipt Status Dttm; Receipt Status Party Id","The entity tracks the various status or condition changes of a Receipt over time."
"RECEIPT STATUS TYPE","2","Foundation - Finance","Receipt Status Type Cd","Lists the possible status types for a receipt. Possible values are pending, open, on hold, PO match, partial, and uninvoiced."
"RECEIPT TERM","3","Foundation - Finance","Receipt Term Id","This entity identifies the PO TERMs and/or conditions that are associated with a RECEIPT."
"RECEIVABLE","0","Foundation - Party Asset","","This entity is a subtype of PARTY ASSET and describes the balance due from a business customer's debtor."
"RECEIVABLE TYPE","2","Foundation - Party Asset","Receivable Type Cd","A code for the type of receivable such as revolving credit and corporate credit."
"RECEIVED QUANTITY","3","Foundation - Finance","Received Quantity Type Cd","This entity identifies the actual quantity of INTERNAL ASSET TYPEs received from a planned shipment. Differences in the INTERNAL ASSET TYPE quantity in the planned shipment and the RECEIVED QUANTITY would identify shrinkage, damage during transit, and pilferage."
"RECEIVED QUANTITY TYPE","0","Foundation - Finance","","The code assigned to a type of quantity received, for example,  container, primary unit of measure, and received unit of measure."
"RECEIVER USER SETTING","3","Foundation - Channel","User Setting Start Dttm","Captures information regarding the user setup values for the device."
"RECOGNIZED HOLIDAY","0","Foundation","","This entity associates a GEOGRAPHICAL AREA HOLIDAY with a GREGORIAN DATE.   Example:  - Easter Sunday occurs every year in the USA, but not on the same day every year. This entity allows you to set specific calendar dates with the GEOGRAPHICAL AREA's HOLIDAY."
"RECOMMENDATION EVENT","5","Foundation - Event","Recommend Conversion Category Id; Page Conversion Category Id","This entity contains a record for each recommendation that was made by the recommendation engine. (This entity is present to support integration with recommendation engines and does not imply that internal functions will serve as a recommendation engine). The information contained in this entity is "
"RECOVERY COLLECTION CONTACT EVENT","2","Foundation - Event","Promise To Pay Dt","This entity is a subtype to DIRECT CONTACT EVENT and contains those contacts that directly involve contact with the customer either in person or in writing regarding a specific collection/recovery campaign."
"RECOVERY STATUS CHANGE REASON","2","Foundation - Agreement","Recovery Status Change Reason Cd","The reason this default recovery status changed.  Examples: - Foreclosure process is completed - Customer agreed to pay - Legal title of collateral being disputed"
"RECOVERY STATUS TYPE","2","Foundation - Agreement","Recovery Status Cd","A code for the status of collecting the owed amounts.   Examples: - Customer has agreed - In foreclosure process - In process of recovery/repossession - Recovery closed item fully recovered - Recovery closed item partially recovered - Recovery closed"
"REFERENCE RATE TYPE","8","Investment - Agreement","Reference Rate Type Cd","A reference rate is a rate that determines pay offs in a financial contract and that is outside the control of the parties to the contract. It is often some form of LIBOR rate, but it can take many forms, such as a consumer price index, a house price index, or an unemployment rate. Parties to the co"
"REFERRAL","2","Foundation - Campaign","Referral Id","This entity is used to capture information about a customer's previous browsing history prior to making a web visit. As part of customer's previous history, only the immediate previous Uniform Resource Locator (URL) information is preserved.  For example, if a customer browsed aol->yahoo->clothing"
"REFERRAL DIRECTORY","1","Foundation - Campaign","Referral Directory Desc","Information about an internet directory listing that a customer used for accessing a web site.  Example:  - For instance a customer could access yahoo and then go to the 'business section' and then to 'wholesalers' to finally select 'Wholesaler A.' The corresponding directory listing information "
"REFERRAL SEARCH","1","Foundation - Event","Referral Search Result Desc","An entity used to capture the outcome of an internet search that was in turn used by a customer to access a web site.  Example:  - If you conduct search on yahoo for blue sweaters, the search term is embedded in the new URL created (www.yahoo.com/?p=blue+sweaters). If the search results in an ent"
"REFERRAL SUBTYPE","2","Foundation - Campaign","Referral Subtype Cd","This is an entity used for classifying referrals into various subtypes.  Examples:  - Email referral - External location"
"REFERRAL WEB AD","0","Foundation - Campaign","","This entity is used to capture information about web ads that were used by customers to access the web site. The entity also has a relationship to information relevant to web ads such as start and end dates and cost information.  Example: - An ad for a virus scanning application the enterprise of"
"REFERRAL WEB SITE FEATURE SUBTYPE","2","Foundation - Campaign","Referral Web Site Feature Subtype Cd","An entity used to classify referral web site features. It is used specifically to classify web site features that are distinguished from email referrals.   See EMAIL REFERRAL entity for its definition.  Examples: - Referral directory - Referral web ad"
"REFERRING SITE","1","Foundation - Channel","Referring Web Site Id","An electronic site refers to an external web site such as www.yahoo.com or a proprietary site developed for subscribers such as the AOL system."
"REFERRING SITE TYPE","2","Foundation - Channel","Referring Site Type Cd","This is the code used for classifying different types of web sites such as portals, aggregators, and ISPs."
"REGION","1","Foundation - Location","Region Id","This entity represents an intermediate geographical grouping level within the geographic hierarchy that groups TERRITORYs into a REGION.  Examples:  - Northwest region - Southwest region - Tri-state region"
"REGISTRAR BUSINESS TYPE","0","Investment - Party","","A classification of an organization as a registrar. A registrar is an organization that records share ownership and changes in share ownership on behalf of the share issuer."
"REGULAR EARNING","1","Foundation - Party","Associate Payroll Transaction Id","This entity captures information related to associate's regular or direct fixed pay received in the form of cash, for example, salary."
"REGULAR EARNING SUBTYPE","2","Foundation - Party","Regular Earning Subtype Cd","This is a code for the types of regular earnings, such as: - Standard Pay: Wage based on a per hour rate or a salary that is paid at regular intervals. - Overtime Pay: Extra pay that is provided for working more than the standard number of hours or when working holidays or other unique situations."
"REGULATED BENEFIT","10","Foundation - Party","Benefit Plan Id","This entity holds information about benefits available to associates in accordance with statutory requirements and government insurance programs. Examples include social security, workers compensation, and unemployment benefits. In some jurisdictions, these programs require compulsory employer contr"
"REGULATED BENEFIT TYPE","4","Foundation - Party","Regulated Benefit Type Cd","Defines type codes assigned to REGULATED BENEFITs, for example, Workers Compensation or State Unemployment Insurance."
"REGULATORY INVESTMENT TYPE","2","Investment - Agreement","Regulatory Investment Cd","A classification of the regulatory support of the equity holdings, e.g., under legislated programs, equity participation, and equity in well-diversified portfolio."
"REINSURANCE AGREEMENT","4","Unassigned","Insurance (all LOB); Reinsurance Agreement Id","Drawing_Object_Rectangle_160872"
"REINSURANCE AGREEMENT RESTRICTION","1","Unassigned","Insurance (all LOB)","This entity identifies each restriction to the reinsurance agreement. This is in addition to the terms and conditions as described in Features. These are actually the rules that define the kinds of policies that this reinsurance agreement covers.   For example, if the reinsurance agreement is rest"
"REINSURANCE COMPANY","1","Unassigned","Insurance (all LOB)","The company that buys the insurance risk from the insurance company thereby assuming the risk."
"REINSURANCE CONTRACT TYPE","3","Unassigned","Insurance (all LOB)","This minor entity converts the reinsurance contract type code into a description.  Examples are: - Automatic - Facultative - Facultative-obligatory  Automatic reinsurance treaty:  - This is a reinsurance agreement in which the reinsurer agrees, for a stipulated type of risk, to accept each r"
"REINSURANCE PLAN TYPE","3","Unassigned","Insurance (all LOB)","This minor entity converts the reinsurance plan type code into a description.  Examples: - Quota share (proportional) - Surplus share (proportion) - Per risk XOL (nonproportional - excess of loss) - Per occurrence XOL (Catastrophe)"
"REINSURANCE RESTRICT ROLE TYPE","3","Unassigned","Insurance (all LOB)","Describes the type of restriction this subject has on the reinsurance agreement such as: - Is included in agreement - Is excluded from agreement"
"REINSURANCE TRIGGER TYPE","3","Unassigned","Insurance (all LOB)","This minor entity converts the reinsurance trigger type code into a description.  Examples: - Risks attaching - Losses occurring"
"REINSURANCE UNDERLYING COVERAGE","3","Unassigned","Insurance (all LOB); Underlying Agreement Id","If the reinsurance agreement is only for certain coverages within policies (and not the entire policy) then this entity identifies those coverages for given policies for a given insurable interest that are covered by the reinsurance agreement."
"REINSURED RISK","55","Unassigned","","Drawing_Object_Rectangle_160873"
"REIT DIVIDEND SCHEDULE","4","Investment - Agreement","Annouced Date","Dividends schedule for REIT"
"RELEASE TYPE","2","Foundation - Finance","Release Type Cd","Describes whether release is for a blanket or planned purchase order. Possible values are therefore 'Blanket' or 'Planned.'"
"REMEDIATION PLAN STATUS TYPE","2","Foundation - Agreement","Remediation Plan Status Cd","This entity tracks the status of the remediation plan.  Examples: - Remediation plan established - Remediation plan in process - Remediation plan was able to prevent default - Remediation plan had no effect"
"REMEDIATION PLAN TYPE","2","Foundation - Agreement","Remediation Plan Type Cd","This minor entity describes the kinds of remediation plans to mitigate the risk of an agreement not meeting its terms.  Examples: - Put onto a payment plan - Debt counseling - Fee reduction - Renegotiate terms - Refinance"
"REPAYMENT METHOD TYPE","2","Banking - Agreement","Debt Repayment Method Cd","This entity describes the source of funds to repay the debt.   In Basel II, eligible financial receivables are claims where repayment will occur through the commercial or financial flows related to the underlying assets of the borrower.  Examples: - Repayment flows borrower based on borrower un"
"REPLENISH MEDIUM TYPE","2","Foundation - Channel","Replenish Medium Type Cd","This minor entity describes the type of replenishment medium such as cash, stamps, and tickets."
"REPORTING ORGANIZATION","5","Foundation - Finance","Human Capital Management (HCM)","An aggregate ORGANIZATION used for reporting purposes that is different than the ORGANIZATION identifier that is commonly used in the enterprise."
"REPORTING PROJECT","1","Foundation - Finance","Reporting Product","An aggregate PROJECT used for reporting purposes that is different than the PROJECT identifier that is commonly used in the enterprise."
"REPURCHASE AGREEMENT","22","Investment - Agreement","Repurchase End Dt","This is a form of short-term borrowing for dealers in government securities. The dealer sells the government securities to investors, usually on an overnight basis, and buys them back the following day. Also known as, 'repo' and 'reverse repo.' Securities Lending is also included in this entity.   "
"REPURCHASE AGREEMENT TYPE","2","Investment - Agreement","Repurchase Agreement Type Cd","This minor entity indicates if this is a repurchase agreement, or a reverse repurchase agreement, or a securities lending agreement."
"REPURCHASE TRADING BASIS TYPE","4","Investment - Agreement","Repurchase Trading Basis Cd","Indicates if the repo is made on term or open basis."
"RESEARCH DEVELOPMENT EXPENSE ACCOUNT","0","Foundation - Finance","","The entity that indicates the operating expense pertains to research and development. Research and development expenses are related to research and development of products or services for a company."
"RESERVES ACCOUNT","0","Foundation - Finance","","The entity that provides details for the reserves. Reserves are the accrual of anticipated expenses to be paid out in the future, such as product liability, and litigation."
"RESPONSE STATUS TYPE","2","Foundation - Campaign","Response Status Cd","A code for the status of a promotion step for a party within a promotion cell.  Examples: - On hold - Active - Response received - Timeout"
"RESPONSE TYPE","2","Foundation - Campaign","Response Type Cd","A code for the types of responses that could be expected from an action such as a promotion event.   Examples of a customer response to a campaign offer: - Accept offer - Reject offer - Submitted application - No response"
"RETAIL POOL","0","Banking - Agreement","","This group of agreements represents the collection of retail accounts for Basel II calculation purposes."
"RETAIL RISK ASSESSMENT SUMMARY","11","Banking - Agreement","Period Start Dt; Basel Portfolio Product Group Id; Retail Pool Id","This entity tracks risk parameters (e.g., PD, and LGD) and exposure values over time for the retail portfolios of a Bank or subsidiary by retail pool. It is intended to support Basel II market disclosure requirements (Pillar 3), particularly Table 6."
"RETAINED EARNING ACCOUNT","0","Foundation - Finance","","The entity that identifies a NONDIVIDEND EQUITY ACCOUNT as retained earnings. Retained earnings are net profits kept to accumulate in a business after dividends are paid."
"RETIREMENT PLAN","2","Foundation - Party","Benefit Plan Id; Benefit Plan Option Id","This is a subtype of BENEFIT PLAN OPTION. Various types of RETIREMENT PLANs may be offered including Pension or defined contribution plans including 401(k) in the U.S."
"RETROACTIVE PAY","0","Foundation - Party","","Pay for prior work time."
"RETURN DETAIL","1","Foundation - Finance","Return Id","This entity identifies a single transaction where the receiving PARTY sends back INTERNAL ASSET TYPE(s) that were previously shipped."
"RETURN LINE","15","Foundation - Finance","Return Line Num","This entity identifies a specific INTERNAL ASSET TYPE within a return transaction. It is possible that the same INTERNAL ASSET TYPE might appear on different lines, for example, if there were multiple RETURN REASON TYPEs."
"RETURN LINE STATUS","3","Foundation - Finance","Return Line Status Cd; Return Line Status Party Id","The entity tracks the various status or condition changes of a RETURN LINE over time."
"RETURN LINE TYPE","2","Foundation - Finance","Return Line Type Cd","This entity identifies the defined types of RETURN LINE, such as quality reject, wrong product, and received too late."
"RETURN LINE UNIQUE ITEM INSTANCE","1","Foundation - Finance","Return Identification Num","When the INTERNAL ASSET TYPE is a unique item, the identifier needs to identify uniquely each instance of an INTERNAL ASSET TYPE. It may be preferable to use the item's serial number or RFID tag number as its Item Id."
"RETURN REASON TYPE","2","Foundation - Finance","Return Reason Cd","This entity identifies the reason the order recipient returned an INTERNAL ASSET TYPE.   Examples:  - Defective - Wrong item - Wrong size - Arrived too late"
"RETURN STATUS TYPE","2","Foundation - Finance","Return Status Cd","Lists the possible statuses of a RETURN LINE such as received or in transit."
"REVENUE ACCOUNT","0","Foundation - Finance","","The entity that indicates a general ledger account is a REVENUE ACCOUNT. Types of REVENUE ACCOUNTs include interest income and other revenue."
"REVENUE ACCOUNT REVENUE TYPE XREF","0","Foundation - Finance","","This entity associates a REVENUE TYPE with REVENUE ACCOUNT. The many-to-many relationship allows for a more flexible way to roll up GL accounts to various revenue types. For example, roll up all GL revenue account for product revenue types."
"REVENUE ACCOUNT SUBJECT AREA","0","Unassigned","","Drawing_Object_Rectangle_84192"
"REVENUE ACCOUNT SUBTYPE","2","Foundation - Finance","Revenue Account Subtype Cd","The entity that indicates the type of revenue account. Types of revenue accounts include sales revenue and other revenue."
"REVENUE TYPE","3","Foundation","Revenue Type Cd","This entity identifies the types of revenue that may be earned on an account or product. Types include net interest revenue and sale of loan to secondary market."
"REWARD EVENT","2","Foundation - Event","Reward Points Posted Qty","This entity is a subtype to AGREEMENT EVENT and contains only those events that involve earning and redeeming loyalty points based on usage of an account such as a credit card account."
"REWARD EVENT TYPE","2","Foundation - Event","Reward Event Type Cd","This minor entity describes the type of reward event such as initial bonus event, points earning, points redeeming, and reward points transfer."
"RIGHTS ISSUE","4","Investment - Event","Rights Announcement Dt","Right offered to existing shareholders to purchase new issue securities, often at a discounted price. Rights may be traded in secondary market."
"RISK ADJUSTMENT METRIC TYPE","2","Banking - Agreement","Risk Adjustment Metric Type Cd","A code that identifies the types of metrics that are used in the calculation of the adjustment.  Examples: - Haircut rate - Holding period days used in haircut calculation - Calculated haircut amount"
"RISK ADJUSTMENT REASON TYPE","2","Banking - Agreement","Risk Adjustment Reason Type Cd","A code for the reason for the adjustment such as Basel II Haircut Calculation.  For Basel II and enterprise risk management, adjustments are also known as 'haircuts' and can include adjustments to the value of collateral due to currency mismatch between the currency of the account and the currency"
"RISK ASSESS OVERRIDE TYPE","2","Banking","Risk Assess Override Reason Cd","This entity contains the reason why one risk assessment overrides another risk grade assessment, for example, human judgment override automated model."
"RISK ASSESSMENT RELATED TYPE","0","Banking - Agreement","","This entity contains the codes for the reasons why one risk assessment is related to another assessment. Possible values include 'is overridden by.'  For Basel paragraph 335"
"RISK CALCULATION SCENARIO","5","Banking - Agreement","Risk Scenario Id","This entity contains information about the execution of the calculation of risk metrics. There is one instance for each calculation for a given currency regardless of whether it is a final or a trial run. Information about this scenario include whether it is final or trial, the currency, the country"
"RISK CALCULATION SCENARIO BASEL APPROACH","1","Banking - Agreement","Basel II Function Cd","This entity contains the Basel II approach that was used for a given function for this scenario. This assumes that one function will only have at most one approach.  Examples of functions and approaches: - Function of Retail Credit Risk: Approaches are Standardized and IRB Advanced - Functions f"
"RISK EXPOSURE MITIGANT SUBTYPE","2","Banking - Agreement","Risk Exposure Mitigant Subtype Cd","This minor entity describes whether this agreement creates a credit risk, mitigates a credit risk, or neither.  Examples: - Creates a credit risk (e.g., loan) - Mitigates a credit risk (e.g., collateral) - Neither creates or mitigates a credit risk"
"RISK FACTOR INSTRUMENT","4","Banking - Product","Risk Factor Id; Underlying Risk Factor Id","This entity contains those investment products that are considered a risk factor where the value of this instrument can affect the value of other instruments. For example, a currency, a Treasury instrument, or a commodity (e.g., wheat price) value can affect the value of other instruments such as sw"
"RISK GRADE RELATION TYPE","2","Foundation","Risk Grade Relation Type Cd","A code that explains the relationship between two risk grades such as 'has precedence over' or 'is equivalent to.'"
"RISK GRADE SCHEME","5","Foundation","Risk Grade Scheme Id; Risk Grade Scheme Id","This entity contains the grading schemes when assigning a risk grade to a subject. One scheme exists for each method and purpose combination. Examples of risk grading scheme are: - Standard & Poor's - Basel II Claims on Sovereigns using Standardized Approach - Standard & Poor's - Basel II Claims o"
"RISK GRADE VALUE","11","Foundation","Risk Grade Id; Risk Grade Scheme Id","This entity contains the values for the various risk grades or ratings. These values are expressed as a range or grading versus a continuous number. There is one instance for each scheme/value combination.   For example, if the method used is S&P and the rating category is for Basel II Option 1 Cl"
"RISK GRADE VALUE RELATED","0","Foundation","","This entity specifies how one risk grade value is related to another risk grade value. Possible relationships could be 'overrides' or 'is equivalent to.'  For example, if one unit of the business has one calculation and another unit has a different calculation then this establishes the precedence "
"RISK METRIC TYPE","2","Banking","Risk Metric Type Cd","This entity classifies the types of metrics used to calculate risk.   Refer to entity AGREEMENT RISK HISTORY for possible metrics at the Account/exposure level for Basel II.   For Basel II at the agreement group level (e.g., risk pool, securitization pool, or tranche) the metrics could be:  - "
"RISK MITIGANT AGREEMENT","1","Banking - Agreement","Risk Mitigant Agreement Id","This entity contains agreements that that are being used to mitigate the risk of another agreement (e.g., loan). It includes agreements that mitigate your enterprise's risk and also agreements that mitigate other institution's risk where you both share claim to the same collateral item.  These ris"
"RISK MITIGANT AGREEMENT ITEM","4","Banking - Agreement","Risk Mitigant Item Id","This entity relates a risk mitigant agreement (e.g., collateral agreement) to the customer asset that the agreement is for (e.g., real estate or customer account). The terms of the agreement describe how this asset can be used as collateral."
"RISK MITIGANT AGREEMENT RELATED","0","Banking - Agreement","","This entity contains information about the relationship between two different risk mitigant agreements. Examples of the relationship could be 'is senior to' or 'is equal in seniority to' when both risk mitigant agreements cover the same exposure."
"RISK MITIGANT AGREEMENT SENIORITY","2","Banking - Agreement","Seniority Start Dt","This entity tracks the history of seniority of one risk mitigant agreement to another risk mitigant agreement. The seniority designates who gets paid in which order if the customer defaults using the asset associated with the collateral agreement as the basis for payment. The party with the highest "
"RISK MITIGANT AGREEMENT SUBTYPE","3","Banking - Agreement","Risk Mitigant Agreement Subtype Cd","This entity classifies the type of risk mitigant agreement such as a collateral agreements, credit derivative, third-party guarantee agreements, securitization sell agreements, deposit agreements (internal customer asset pledged as collateral), investment agreements (internal customer asset pledged "
"RISK MITIGATION SUMMARY","4","Banking - Agreement","Basel II Function Cd; Basel Portfolio Product Group Id","This entity tracks the amounts of risk mitigation over time for a bank or subsidiary. That is, it records the value of exposures covered by different types of risk mitigation such as financial collateral. It is intended to support Basel II market disclosure (Pillar 3) requirements, specifically Tabl"
"RISK POSITION","5","Banking - Agreement","Risk Factor Id; Second Risk Factor Id","This entity is specific to Basel II Trading Book when calculating counterparty credit risk. Risk Position is a risk number that is assigned to an exposure under the Counterparty Credit Risk (CCR) standardized method using a regulatory algorithm. A risk position is associated with an instrument with "
"RISK RATING METHOD","4","Foundation","Risk Rating Method Id; Reporting Party Id; Analytical Model Id","This entity contains information about the method used to do risk ratings. Each instance is one method, for example, Standard & Poor's and Export Credit Agency. Can include internal and external rating methods.  If the method for rating was using an internal model then the Model Id identifies the "
"RISK RATING PURPOSE TYPE","3","Foundation","Risk Rating Purpose Cd","This entity contains information about purpose for the risk rating classifications and components. This is a recursive entity so the lowest level of rating can be grouped hierarchically into higher-level groups.   For example, one structure could be from lowest to highest level based on Basel Acco"
"RISK STRATEGY TYPE","2","Foundation - Finance","Risk Strategy Type Cd","A code for the type of risk strategy such as credit risk or market risk."
"RISK TYPE","2","Foundation - Agreement","Risk Type Cd","This is a code for the various types of risk such as: - Credit risk - failure of counterparty to meet contract obligations - Market risk - risk of fluctuation of market values of financial instrument - Operational risk - failure of processes, people, and systems  For insurance it would include "
"ROAD TYPE","2","Foundation - Location","Road Type Cd","This is a code for the type of road. Possible values are highway, motorway, street, and dirt track."
"ROADWAY","0","Foundation - Location","","This subtype represents one direction for a road, highway, motorway, or street. Note that it only represents one direction for these areas. The opposite direction will be represented by a different instance of ROADWAY (but they will be linked via the LOCATOR RELATED entity).  Note that the road na"
"ROADWAY SEGMENT","2","Foundation - Location","Starting Geospatial Point Id; Ending Geospatial Point Id","A roadway segment is a part of a roadway going one way. Roadway segments on the same roadway can have different speed limits, no of lanes and so. One grouping of roadway segments will form the complete roadway.  Roadway segments will normally have the same name as the roadway."
"ROADWAY SEGMENT RISK GRADE","3","Foundation - Location","Roadway Segment Risk End Dttm","This entity tracks the risk grade for a roadway segment and also allows a roadway segment to have different ratings at the same time."
"ROOF CONSTRUCTION TYPE","2","Foundation - Party Asset","Roof Construction Type Cd","This minor entity converts the roof construction type code into a description."
"ROUTING TRANSIT NUMBER","4","Foundation - Party","Routing Transit Number Val","A routing transit number (RTN) or ABA number is a nine-digit code, used in the United States, which, for instance, appears on the bottom of negotiable instruments such as a check that identifies which financial institution it is drawn upon. This code is also used by the Automated Clearing House to p"
"ROUTING TRANSIT NUMBER ADDRESS","0","Foundation - Location","","A routing transit number (RTN) or ABA number is a nine-digit code, used in the United States, which, for instance, appears on the bottom of negotiable instruments such as a check that identifies which financial institution it is drawn upon. This code is also used by the Automated Clearing House to p"
"SAFE DEPOSIT AGREEMENT","1","Banking - Agreement","Safe Deposit Box Num","This entity contains information about safe deposit boxes."
"SALES METHOD TYPE","4","Foundation - Campaign","Sales Method Cd","A code for the primary sales approach being used such as: - Send literature and follow up with phone calls - Invite to free workshop - Utilize references - Network and personal contacts"
"SALES REVENUE ACCOUNT","0","Foundation - Finance","",""
"SALES STAGE","5","Foundation - Campaign","Sales Stage Id","The stage in the life cycle of the selling process.  Examples: - Received RFP - Planning first call - First call completed - Planning face to face meeting - Preparing proposal - Proposal submitted - Decision made"
"SALES STAGE PHASE TYPE","2","Foundation - Campaign","Sales Stage Phase Cd","A code for the for this stage in the life cycle from a sales perspective such as: - Unspecified  - Lead discovery  - Working the deal  - Closing  - Lost deal"
"SALES STAGE STATUS TYPE","2","Foundation - Campaign","Sales Stage Status Cd","A code for the status of this sales stage such as: - Defining - Setting up - In final steps - Completed"
"SALUTATION TYPE","2","Foundation - Party","Salutation Type Cd","This minor entity describes the type of salutation such as 'Dear <first name>, Dear Mr. <last name>, or Dear Ms. <last name>."
"SANCTION TYPE","2","Foundation - Party","Sanction Type Cd","A categorization of restrictions that can be imposed on a Provider based on performance and licensing limitations."
"SCENARIO PURPOSE TYPE","2","Banking - Agreement","Scenario Purpose Cd","This minor entity describes the purpose of the calculation such as Basel II calculations or economic risk calculations.  Examples are stress testing, back testing, and current period calculation."
"SCENARIO TRIAL TYPE","2","Banking - Agreement","Scenario Trial Cd","This minor entity classifies this scenario as either a final run or a trial run. Trials can be run many times during the month but there is usually one final for a given time period."
"SCHEDULE GROUP TYPE","10","Foundation - Location","Schedule Group Type Cd","This is a code for a grouping of time/ scheduling methods.  Examples: - Business hours - Operational hours"
"SCHEDULED INSTRUCTOR","1","Foundation - Party","Instructor Party Id","Represents instructors who are assigned to lead the course. The modeling permits more than one instructor per each course, as needed."
"SCREEN RESOLUTION TYPE","2","Foundation - Event","Screen Resolution Type Cd","This entity captures information regarding visitor viewing screen resolution:  Examples: - 320 x 200 - 640 x 240 - 800 x 480 - 768 x 1024 - 1280 x 1024"
"SCRIPTED MESSAGE","8","Foundation - Event","Scripted Message Id","This entity identifies scripts that the financial institution customer service representatives can use when trying to sell or service a customer.  The script ID relates to a text that guides the agent. A response to one script will trigger the next message depending on the response from the prior "
"SCRIPTED MESSAGE STATUS TYPE","2","Foundation - Event","Scripted Message Status Cd","This minor entity describes the script status such as active and under development."
"SCRIPTED MESSAGE TYPE","2","Foundation - Event","Scripted Message Type Cd","This minor entity defines the classification of the script such as generic sales script for any product, loan sales script, deposit sales script, fraud prevention script, and past due script."
"SEARCH BY TYPE","2","Foundation - Event","Search By Type Cd","This code captures information regarding the search by selection made by the visitor. This represents the value selected in the search dropdown list."
"SEARCH ENGINE ACCOUNT CAMPAIGN XREF","0","Foundation - Event","","This entity captures information that provides a linkage between paid search accounts and paid search campaigns."
"SEARCH ENGINE SYSTEM","6","Foundation - Event","Search Engine System Id","This entity captures information regarding web search engine systems used by online visitors.  Examples: - Yahoo - MSN - Google"
"SEARCH ENGINE SYSTEM ACCOUNT","6","Foundation - Event","Search Engine System Account Id","This entity captures customer paid search engine system access account information."
"SEARCH ENGINE SYSTEM TYPE","2","Foundation - Event","Search Engine System Type Cd","This code captures information pertaining to the visitor's search engine system type being utilized.  Examples:  - Yahoo - MSN - Google"
"SEARCH EVENT FIELD","2","Foundation - Event","Search Event Field Id; Search Event Field Name Id","This entity captures information regarding the fields utilized during searches."
"SEARCH FIELD NAME","2","Foundation - Event","Search Field Name Id","This entity captures information regarding a field name within a search form on the site."
"SEARCH ITEM XREF","1","Foundation - Event","Searched Product Id","This entity captures information that provides a cross reference between search events and the items being searched for."
"SEARCH MATCH TYPE","2","Foundation - Event","Search Match Type Cd","This code captures information regarding the type of match used on the keyword or phrase."
"SEARCH REFINEMENT TYPE","2","Foundation - Event","Search Refinement Type Cd","This code captures information regarding search refinement types. It provides information regarding the name of the refinement type."
"SEARCH TYPE","2","Foundation - Event","Search Type Cd","This code captures information regarding the type of search performed.  Examples: - Paid - Organic"
"SEASON","2","Foundation","Season Cd","A contiguous period of time of interest to the enterprise. Can be climate and / or marketing based, for example, Summer and Christmas season."
"SECONDARY FEATURE","0","Foundation - Product","","These are features that describe other features such as: - Spread rate of 3% - Spread rate of 3.5% - Spread rate of 4% - Coverage limit of $100,000 - Coverage limit of $150,000 - Deductible of $1000 - Deductible of $2000  In the model they are usually the second Feature in the phrase 'Featu"
"SECONDARY MARKET STATUS TYPE","2","Banking - Agreement","Secondary Market Status Cd","A code that describes the status of this asset in the secondary market and your involvement with the buy or sale of this asset.  Examples:  - Bought - direct sale - Sold - direct sale - Sold - as part of a securitization pool - Not bought or sold on secondary market - In process of direct sal"
"SECTION CONTAINS SECTION","1","Foundation","Section Contains Section Offset Cnt","This is a specialized relationship between text sections where one text section contains another text section.  For example, for terms within a phrase, the phrase of 'the plaintiff of Jill' contains the terms of Jill and Plaintiff. The role of the term in the phrase is also identified. In our exam"
"SECTION CONTAINS SECTION TYPE","2","Foundation","Section Contains Section Type Cd","This entity identifies the possible role one section has with another section when the section is contained in another section.  For example, the phrase of 'the plaintiff of Jill' contains the terms of Jill and Plaintiff. The role of the term in the phrase is also identified. In our example of 'th"
"SECURITIES ACCOUNT","0","Foundation - Finance","","The entity that provides details for the SECURITIES ACCOUNTs. Securities are short-term investments with a maturity of three to twelve months. Securities accounts are types of current assets."
"SECURITIES INDEX PRODUCT","0","Investment - Product","","This entity represents a collection of investment products that can be used as an indicator for market performance. Examples are Dow Jones Industrial Average or the S&P 500 Index.  The index itself can be traded and reported and is represented as a type of Investment Product.  For example, the D"
"SECURITIES ORIGINATION","0","Investment - Agreement","","These products assist the issuers of securities (businesses and governments) in creating their securities, and having them distributed to the investing public. The service may involve advising the issuer, purchasing securities and selling them (underwriting), or acting as an agent in marketing the s"
"SECURITIZATION AGREEMENT TO SECURITIZATION POOL","0","Banking - Agreement","","This entity shows those securitization agreements that caused this pool to be formed."
"SECURITIZATION CLEAN UP CALL TYPE","2","Banking - Agreement","Securitization Clean Up Call Cd","A code for the option to call a securitized bond when the balance of the outstanding deal assets (collateral) falls below some threshold (typically 10%)."
"SECURITIZATION EXPOSURE","23","Banking - Agreement","Securitization Role Cd","This summary entity tracks various measures of a Bank's asset securitization activity, including total current outstanding securitization exposures, and the amount of securitization exposures incurred during the period."
"SECURITIZATION POOL","10","Banking - Agreement","Agreement Group Id","This entity is a type of AGREEMENT GROUP and contains only those groups that are a collection of loans and other bank assets that are offered for sale to investors. This process is known as securitization and this entity contains one instance for each group or pool of assets that are offered for sal"
"SECURITIZATION POOL OBLIGOR METRIC","2","Banking - Agreement","Agreement Group Obligor EAD Amt","In the case where the agreement group is a securitization pool, it is a requirement in Basel to determine all the exposures to the same obligor and the total EAD and LGD for those exposures for that pool for that obligor.  Securitization June 2004 Accord paragraph 633/634"
"SECURITIZATION POOL RISK","22","Banking - Agreement","Agreement Group Securitization Rate","This entity tracks risk related metrics for a securitization pool (group of accounts that are securitized) over time."
"SECURITIZATION POOL STRUCTURE TYPE","2","Banking - Agreement","Securitization Pool Structure Cd","A code for whether this securitization pool is traditional or synthetic.  Traditional securitization involves the pooling of assets where the assets are divided into tranches and the tranches are sold as bond securities on the open market and are collateralized by the cash flow of the underlying i"
"SECURITIZATION ROLE","4","Banking - Agreement","Securitization Role Cd","The role played by the Bank in an asset securitization transaction, for example, originator, investor, servicer, and sponsor of asset backed commercial paper facility."
"SECURITIZATION SELL AGREEMENT","8","Banking - Agreement","Clean Up Call Exercise Dt","This is an agreement between the loan-originating bank (your enterprise as the seller) and an investing bank (or other investor) that is purchasing and assuming the risk on an underlying exposure (e.g., loan). The originating bank may be performing a collection service and would also be considered a"
"SECURITIZATION TYPE","2","Banking - Agreement","Securitization Type Cd","A classification of the type of securitization sale this agreement represents.  Examples: - Mortgage backed security - Loan backed bonds - Sponsoring agreement to an asset backed commercial paper (issuing notes against receivable"
"SECURITY ASSET","2","Foundation - Party Asset","Security Unit Cnt; Product Id","This entity contains information about issuances of specific security instruments, which could include the actual certificate number range. Security certificates may be pledged as collateral or part of a collateral agreement."
"SECURITY MASTER STANDARD PRODUCTS","2","Unassigned","","Drawing_Object_Rectangle_159033"
"SECURITY TYPE","2","Foundation - Agreement","Security Type Cd","This minor entity indicates whether this loan (including credit cards and current accounts) has any kind of collateral or third-party guarantee or other risk mitigant that will compensate your institution if the obligor defaults.   Examples: - Collateral - Third-party guarantee - Credit derivat"
"SEGMENT CRITERION","0","Foundation - Campaign","","This associative entity identifies the criteria used to create the customer segment."
"SEGMENT PAGE INTEREST MAP","1","Foundation - Channel","Segment Interest Web Page Id","This entity links the web pages that a segment may be interested in."
"SEGMENT RELATIONSHIP REASON","2","Foundation - Finance","Segment Relationship Reason Cd","This is a code for the reason a segment is related to another. It is often because the segments will be grouped in a consolidation application."
"SEGMENT SITE INTEREST MAP","0","Foundation - Channel","","This entity links the web sites that a segment may be interested in."
"SELECTION CRITERION TYPE","2","Foundation - Campaign","Selection Criterion Type Cd","This entity identifies different criterion that can be used to segment a market such as income, age, length as customer, score, or profitability, for example, to segment a set of customers with income over $60,000 and age over 50.  This entity also contains the different criterion that can be used"
"SELECTION SET CRITERION","4","Foundation - Campaign","Selection Set Criterion Ind","This is a grouping of selection criteria for the purpose of selecting members of a list."
"SELECTION SET FORMULA TYPE","2","Foundation - Campaign","Selection Set Formula Cd","This is a textual description of any relationships between the selection criteria. This will contain formulas that explain complex Boolean relationships that exist between selection criterion, for example, Criterion 1 and either Criterion 2 or Criterion 3."
"SELF SERVICE CONTACT EVENT","0","Foundation - Event","","This entity contains those events that involve a self-service device for executing the transaction. These can include such devices as a phone, a kiosk, an ATM, or a computer."
"SELLING EXPENSE ACCOUNT","0","Foundation - Finance","","The operating expense category that indicates selling expenses, related to the actual selling of a product, for example, sales salaries and commissions."
"SENIORITY LEVEL PARAMETER","6","Banking - Agreement","Seniority Level Parameter Start Dttm","This entity contains parameters for Basel II risk calculation purposes based on seniority level."
"SENIORITY LEVEL TYPE","2","Foundation - Agreement","Seniority Level Cd","A classification of the seniority level that one claimant has in relation to another claimant for an asset. This is the order in which investors get paid should the obligor default.   Examples:  - First - Second - Third - Junior - Senior"
"SERVICE FEATURE","1","Foundation - Product","Service Feature Id","This entity identifies those features that are also services, for example, medical procedures, or services performed on damaged property."
"SESSION","0","Unassigned","",""
"SESSION ATTRIBUTE TYPE","2","Foundation - Event","Session Attribute Type Cd","This entity captures information regarding types of session attributes.  Examples: - Session basket activity - Maximum session metrics"
"SESSION EVENT INFORMATION","3","Foundation - Event","Session Event Information Txt",""
"SET OF BOOKS","7","Foundation - Finance","Set Of Books Cd","The entity that indicates a collection of accounting transactions used by a company. A collection is typically referred to as a 'set of books.'"
"SET OF BOOKS CALENDAR YEAR","2","Foundation - Finance","Set Of Books Calendar Start Dttm","This entity defines the fiscal year associated with a SET OF BOOKS. Each SET OF BOOKS will have a fiscal year, or accounting period covering 12 consecutive months. At the end of the Fiscal Year, the books are closed and profit or loss is determined. A fiscal year does not need to be the same as a ca"
"SET OF BOOKS CURRENCY","2","Foundation - Finance","Set Of Books Currency Start Dttm","This entity relates a set of books to the base (or primary) currency used for that set of books. A company may have a set of books for a foreign division kept in the currency of that country."
"SET OF BOOKS INTERNAL ORGANIZATION","2","Foundation - Finance","Set Of Books Organization Start Dttm","The entity that provides an association between SET OF BOOKS and Internal Organization."
"SET OF BOOKS RELATED","0","Foundation - Finance","","This entity shows how one set of books rolls up to one or more higher level set of books for a given structure. It can also show how one set of books replaces another set of books. This entity allows for a set of books to be part of multiple set of book hierarchies where each hierarchy is a separate"
"SET OF BOOKS RELATED REASON","0","Foundation - Finance","","The code for the SET OF BOOKS RELATED REASON. Describes the reason two sets of books are related. For example, a GAAP set of books would be related to a tax set of books if they are for the same legal entity."
"SET OF BOOKS TYPE","2","Foundation - Finance","Set Of Books Type Cd","This entity defines the type of SET OF BOOKS such as prime, U.S. GAAP, and statutory."
"SETTLEMENT ACCOUNT DETAILS","78","Unassigned","","Drawing_Object_Rectangle_130439"
"SETTLEMENT DELIVERY TYPE","2","Investment - Event","Settlement Delivery Type Cd","A code for the method of delivery of the goods such as: - B = Book (security being traded is registered in the street name where the brokerage is designated the security nominee by the client. This allows securities to settle electronically as book entries in the broker's account at the depository "
"SETTLEMENT DIRECTION TYPE","2","Foundation - Event","Settlement Direction Type Cd","Indicates whether your enterprise is the deliverer, the receiver or both of the settlement.  Examples: - D = Delivery - R = Receive - B = Delivery and receive"
"SETTLEMENT LOCATOR ROLE TYPE","2","Investment - Agreement","Settlement Locator Role Cd","The role of this locator with this settlement instruction such as: - Delivery street address - Physical delivery phone number - Alternate phone number"
"SETTLEMENT PARTY ROLE TYPE","2","Investment - Event","Trade Settlement Party Role Cd","A code for the role that this party plays with this trade settlement instruction.   Examples: - Clearinghouse - the clearinghouse used for book deliveries. - Instruction originator - the person who originated or last updated this instruction information. - Destination agent or department - the "
"SETTLEMENT PRODUCT REASON TYPE","2","Investment - Product","Product Settlement Reason Cd","A code for the reason this group of products is associated with this settlement instruction such as 'applies to' and 'does not apply to.'"
"SHARE REPURCHASE","4","Investment - Event","Share Repurchase Announcement Dt","Offer by product issuing organization, typically equity issuer, to repurchase shares from existing shareholders."
"SHOPPING CART","3","Foundation - Event","Shopping Cart Id","This entity captures shopping cart related information. For financial services, this could be signing up for a seminar."
"SHOPPING CART EVENT","1","Foundation - Event","Shopping Cart Event Id","This entity captures information specific to shopping experience product view events."
"SHORT TERM DEBT ACCOUNT","0","Foundation - Finance","","The entity that provides details for the short-term debt. Short-term debt is all debt obligations coming due within one year."
"SHOUT OPTION","0","Investment - Product","","A shout option is an exotic option that allows the holder to lock in a defined profit while maintaining the right to continue participating in gains without a loss of locked in monies. Shout options can be structured so that holders of this contract have more than one opportunity to 'shout' or lock "
"SIC ECONOMIC MEASURE","3","Foundation - Party","Rating Dttm","This entity identifies economic measures by industry classification by geographical area and by time. Various economic measures include the risk exposure for an industry and the expected long-term growth."
"SIC GROUP","0","Foundation - Party","","This entity groups SIC codes into a higher level, for example, manufacturer, financial institution, and retailer."
"SINKING FUND SCHEDULE","2","Investment - Product","Sinking Fund Dt","List of dates and prices when the issuer can redeem outstanding bonds."
"SITE BUSINESS HOURS","4","Foundation - Location","Location Open Tm","This entity captures the business hours for a given location in local time by day of week. Typically, it is the hours that the location is officially open to transact business with customers.  Note: If needs are more complex, this can be extended as follows: - Use calendar date in the PK to speci"
"SITE CATEGORY","4","Foundation - Event","Site Category Id","This entity captures information regarding site categories."
"SITE CHANNEL INSTANCE","1","Foundation - Channel","Site Channel Instance Id","This entity represents a specific location that is used as a channel instance."
"SITE CLASS SCHEME TYPE","5","Foundation - Location","Site Class Cd","This entity describes a classification scheme for the way things such as buildings, land, automobiles, and other objects are described.  For example, the scheme could be 'square feet,' 'number of stories,' 'number of seats,' or 'color.'"
"SITE CLASS VALUE","8","Foundation - Location","Site Class Cd","For a given classification scheme, this entity contains the possible values for that scheme."
"SITE COST","5","Foundation - Location","Site Cost Period Start Dttm","This entity denotes the planned and actual cost by operating cost type for a specific period of time."
"SITE DAILY HOURS","2","Foundation - Location","Day Start Dttm","Defines a set of scheduled hours for a group of sites for a specific date.  Examples: - Business hours for all branches in urban areas - Operational hours for all major branch sites."
"SITE DAY OF WEEK HOURS","2","Foundation - Location","Day Start Tm","Defines a set of scheduled hours for a group of sites for a day of the week.  Examples: - Business hours for all branches in urban areas on Saturdays. - Operational hours for all major branches on Mondays."
"SITE IDENTIFICATION","5","Foundation - Location","Site Identification Start Dttm","This entity identifies all of the types of identification for a SITE such as its DUNS +4, Global Location Number (GLN), and Functional Location Number.  Includes Standard Point Location Code (SPLC). A Standard Point Location Code (SPLC) is assigned to all stations registered by rail carriers and u"
"SITE IDENTIFICATION TYPE","2","Foundation - Location","Site Identification Type Cd","This entity indicates the type of SITE IDENTIFICATION, for example, the SPLC, and Global Location Number.  A code for the method of identification such as internal designation, standard branch numbering, and third-party assignment."
"SITE LOCATOR","3","Foundation - Location","Site Locator Start Dttm","This entity contains the addresses and geographical areas associated with a site such as: - Street address - Mailing address - Area of coverage - Main phone line - Main fax line"
"SITE MAJOR TYPE","2","Foundation - Internal Organization","Site Major Type Cd","This minor entity identifies the types of site such as store, office building, internal facility, web site, sheltered area, vestibule, drive-up, lobby, and main area."
"SITE METRIC","6","Foundation - Location","Site Metric Start Dttm","This is a generic entity to contain metrics for sites such as square footage, number of conference rooms, and number of floors.   If the site is a weather station then this entity is used to capture the metrics associated with weather such as rainfall, temperature, snowfall, visibility, barometric"
"SITE METRIC TYPE","2","Foundation - Location","Site Metric Type Cd","A code for the type of metric for this site such as square footage, number of conference rooms, and number of floors."
"SITE PARTY","2","Foundation - Location","Site Party Start Dttm","This entity describes the roles that parties other than the owning party have with a give location such as: - Works at - Lessee - Leaser - Is dealer for - Manages"
"SITE PARTY ROLE","2","Foundation - Location","Site Party Role Cd","The role that this party has with this site such as: - Owns - Works at - Lessee - Lessor - Is dealer for - Manages - Branch is located at"
"SITE PRODUCT","2","Foundation - Location","Site Product Start Dttm","This entity contains those products that have a relationship with this site such as: - Product is sold at - Product is created at - Product is not sold at"
"SITE PRODUCT ROLE","2","Foundation - Location","Site Product Role Cd","The role that this product has with this site such as: - Product is sold at - Product is created at - Product is not sold at"
"SITE PURPOSE TYPE","2","Foundation - Location","Site Purpose Type Cd","A code for the primary purpose of this site such as customer branch, corporate office, technology center, and warehouse."
"SITE RELATED","1","Foundation - Location","Relates To Site Id","This entity identifies the relationship between two SITEs. For example, one branch might be used as the replacement for another.   When there is a true hierarchical relationship, you can use the recursive relationship from SITE back to itself for relationships such as when a storage SITE exists wi"
"SITE RELATIONSHIP TYPE","2","Foundation - Location","Site Relationship Type Cd","This minor entity describes the relationship of one site to another such as: - Site contains another site - Site replaces another site - Site is composed of another site"
"SITE SCHEDULE GROUP","2","Foundation - Location","Site Schedule Group Cd","This is a grouping of sites that share the same time based operational measures. One instance is one group of sites. That group of sites is then classified based on whether they have the same business or operational hours.  Examples: - All Sites that have the same business hours - All Sites that"
"SITE SCHEDULE XREF","0","Foundation - Location","","This is an assignment of a site to a group of schedules."
"SITE SITE CLASS XREF","3","Foundation - Location","Site Class Start Dttm","This entity describes characteristics of the site such as: - Hours of operation - Square footage - Number of loading docks - Showroom floor size  This can change over time and the characteristics depend on the type of site."
"SITE STATUS","2","Foundation - Location","Site Status Start Dt","This entity keeps track of the status of a site over time such as being formed, formed, or discontinued."
"SITE STATUS TYPE","2","Foundation - Location","Site Status Type Cd","A code for the type of status for a site such as being formed, formed, or discontinued."
"SITE TRAIT","2","Foundation - Location","Site Trait Name","A generic construct to describe characteristics of a SITE, for example, location operating hours, number of receiving docks, and refrigeration capability."
"SITE TRAIT TYPE","2","Foundation - Location","Site Trait Type Cd","This entity indicates the type of SITE TRAIT that is a higher-level classification for the trait as it relates to locations. For example, building related traits or occupancy related traits."
"SITE TRAIT VALUE","6","Foundation - Location","Site Trait Value Desc","The SITE TRAIT VALUE entity identifies the possible values for a site trait. Each trait value that exists across all locations will be represented in this entity."
"SITE TRAIT XREF","3","Foundation - Location","Site Trait Xref Start Dttm","This entity identifies the traits and characteristics associated with a specific SITE, for example, the number of shipping docks, number of receiving docks, and air conditioning ability of a storage SITE."
"SITE TYPE","7","Foundation - Location","Site Type Cd","This entity identifies the possible types of SITEs such as a branch, an administrative building, or a call center."
"SITE TYPE XREF","2","Foundation - Location","Site Type Xref Start Dttm","This entity identifies all of the location types associated with a given SITE. For example, a SITE might be both a call center and a service center."
"SITE WEATHER MEASUREMENT","1","Foundation - Location","Wind Direction Type Cd","This entity contains further measurements that are specific to weather such as wind direction and cloud cover for a given site where the recording was taken such as a weather station."
"SKILL TYPE","2","Foundation - Internal Organization","Skill Cd","This minor entity describes the type of proficiency or ability that that can be applied to a financial institution's employee. Examples would be sales, teller, and communication  At an individual level, skill is an art, trade, or technique, particularly one requiring use of the hands or body. It i"
"SMALL BUSINESS CARD","0","Banking - Agreement","","SMALL BUSINESS CARD is a type of CREDIT CARD AGREEMENT that provides card accounts to the employees of a small business organization."
"SOCIAL NETWORK ACCESS","19","Foundation - Event","Social Network Logon Name; Visitor Geographical Area Id","This entity captures logon information provided by social network members."
"SOCIAL NETWORK ACTIVITY XREF","3","Foundation - Event","Social Network Activity Ind; Visitor Interaction Event Id","This entity links social network access to the various activities that members can participate in; this entity provides linkages between activity events and the social media network the member is accessing."
"SOCIAL NETWORK AFFILIATION","5","Foundation - Event","Affiliation Join Dttm","This entity captures information regarding the various affiliations members maintain within social networks."
"SOCIAL NETWORK AFFILIATION TYPE","2","Foundation - Event","Social Network Affiliation Type Cd","This entity captures information regarding types of affiliations members can have,  Examples: - Groups of friends - Relatives - Friends of relatives - Friends of friends - Coworkers - Schools - Professionals  - Favorites - Likes"
"SOCIAL NETWORK MEMBER","3","Foundation - Event","Social Network Member Name; Social Network Member Id; Social Network Organization Party Id","This entity captures information regarding social network users. This includes blogs, movements, wall post, video uploading/viewing, music uploading/listening, and photo uploading/viewing."
"SOCIAL NETWORK PROFILE","1","Foundation - Event","Social Network Profile Start Dttm","This entity captures information regarding visitor profile (demographics) information."
"SOCIAL NETWORK SUMMARY ACTIVITY","10","Foundation - Event","Social Network Summary Start Dttm","This entity provides statistics about visitor social network activity."
"SORT BY VALUE TYPE","2","Foundation - Event","Sort By Value Cd","This entity captures information regarding the visitors search sort by value selected."
"SOURCE SYSTEM PANEL CODE","2","Foundation - Campaign","Source System Panel Cd","This entity captures information regarding the enterprise's market code maps used to determine ratings.   The market code maps are codes used between local media systems and rating engine systems to calculate ratings."
"SOVEREIGN WEALTH FUND MANAGER","0","Investment - Party","","The management of pools of money derived from a country's reserves, which are set aside for investment purposes that will benefit the country's economy and citizens. The funding for a Sovereign Wealth Fund (SWF) comes from central bank reserves that accumulate as a result of budget and trade surplus"
"SPATIAL","0","Unassigned","",""
"SPECIAL LENDING SLOTTING PARAMETER","4","Banking - Product","Slotting Parameter Start Dttm","This table lists the risk weights to be applied to specialized lending exposures under the IRB Slotting Approach."
"SPECIAL NEED TYPE","2","Foundation - Party","Special Need Cd","Identifies a type of special need such as wheelchair access, sight, hearing, or speech needs."
"SPECIALIZED LENDING TYPE","2","Foundation - Agreement","Specialized Lending Type Cd","This a classification of lending instruments for Basel II reporting purposes, for example, project finance, object finance, commodities finance, income producing real estate, and high volatility commercial real estate. The specialized lending types are bank specific."
"SPECIALTY TYPE","2","Foundation - Party","Specialty Type Cd","List of valid Specialties describing the provider.  Examples: - Mechanic - Appraiser - Primary care - Pharmacy - Surgeon"
"SPLIT SETTLEMENT TYPE","2","Investment - Event","Split Settlement Type Cd","Indicates whether the settlement of securities is handled separate from cash settlement.  Examples: - Together - Separate"
"SPOT TYPE","2","Foundation - Agreement","Spot Type Cd","This is a code that indicates whether the price timing is spot or not, and if it is spot whether it is today or tomorrow.   Examples: - Not spot - Today - Tomorrow - Spot"
"SPREAD OPTION","1","Investment - Product","Second Underlying Product Id","A type of option that derives its value from the difference between the prices of two or more assets. Spread options can be written on all types of financial products including equities, bonds, and currencies. This type of position can be purchased on large exchanges, but is primarily traded in the "
"STANDARD COMMENT","2","Foundation - Event","Standard Comment Id","A textual statement providing standard directions such as canned comments. STANDARD COMMENTs can be attached to application requests, claim submittals, and fraud notifications."
"STANDARD COMMENT TYPE","5","Foundation - Event","Standard Comment Type Cd","This entity identifies the type of STANDARD COMMENT such as application submittal, claim request, or fraud notification."
"STANDARD PAY","0","Foundation - Party","","Wage based on a per hour rate or a fixed salary that is paid at regular intervals."
"STANDARD RESULT SET","3","Foundation - Event","Standard Result Set Id","This entity describes an outcome, consequence, or end result of a particular action, condition, or event.   Examples: - Testing of air particulate levels in a factory could result in a PM10 count of 42 - Humidity level inside a piece of equipment could be 37 degrees Fahrenheit -Viscosity level o"
"STANDARD RESULT SET TYPE","3","Foundation - Event","Standard Result Set Type Cd","This entity classifies the type of result set such as standard, goal, planned acceptable, planned unacceptable, and planned midrange."
"STANDARD RESULT VALID VALUE","7","Foundation - Event","Valid Result Value Start Dttm","This entity identifies the applicable values that can be associated to a STANDARD RESULT SET. A STANDARD RESULT SET can have a single valid value, many individual valid values, or a range of valid values. For example, measurement of humidity may be acceptable between 0% and 20%; measurement of inter"
"STANDARD TEXT PATTERN","3","Foundation - Event","Standard Text Pattern Id","A predefined pattern of Text used to search EVENT TEXT."
"STATE TAX","1","Foundation - Party","Assoc Payroll Transaction Id","This entity holds information about state taxes which employers are required to withhold from Associate's pay. Types of state taxes vary depending on the employer's tax jurisdiction. Payroll withholding for State Income Tax is common in the U.S. for states with income tax. In some countries, Austral"
"STATEMENT","6","Foundation - Agreement","Statement Document Id","This entity is a subtype to DOCUMENT and contains only those statements produced internally by this financial institution. One instance represents one issuance of a statement document."
"STATEMENT EVENT","0","Foundation - Event","","This is a subtype entity of EVENT. This entity contains all events involved with the Financial Institution's Statements."
"STATEMENT EVENT TYPE","2","Foundation - Event","Statement Event Type Cd","This minor entity identifies the types of statement event.  Examples: - Statement issued - Statement returned - Statement payment."
"STATEMENT INSERT CHANNEL TYPE","0","Foundation - Channel","","This is a type of channel that is inserting a message with a statement."
"STATEMENT MAIL TYPE","2","Foundation - Agreement","Statement Mail Type Cd","This minor entity describes how the account statement should be handled such as will be picked up by customer or mail to the statement address."
"STATEMENT METRIC","3","Foundation - Agreement","Statement Amt","This entity keeps track of metrics at the statement level. If the statement is for more than one account/agreement then this is the combined total of all account metrics.   Metrics can be amounts, counts, or rates.  Amount examples:   - For banking, it could be cash withdrawal total, fee total"
"STATEMENT METRIC TYPE","2","Foundation - Agreement","Statement Metric Type Cd","This entity contains codes for statement metrics. Metrics can be amounts, counts, or rates.  Amount examples:   - For credit card, purchase, cash withdrawals, fees, previous balance, past due amount, current due amount, penalty amount, finance charge amount, new balance, and minimum due amount "
"STATEMENT TYPE","4","Foundation - Agreement","Statement Type Cd","The domain of billing types represented by the service account statements.   Examples:  - Final - Regular - Rebill"
"STOCK","3","Investment - Product","Stock Registered Dt","This entity includes all types of investment products related to ownership. The types are common stock, preferred stock, rights, and warrants."
"STOCK BOND HOLDING","0","Investment - Agreement","","This entity represents holdings in securities such as stocks, bonds, or funds that are not part of a brokerage portfolio. It does not include derivative or swap agreements. This would include holdings by your financial institution or holdings by other parties outside of a portfolio."
"STOCK DIVIDEND EVENT","1","Investment - Event","Stock Dividend Pct","This entity contains all dividends that are stock dividends."
"STOCK HISTORY","2","Investment - Product","Stock History Dt","This entity contains the history of stock, such as additional issues and stock splits."
"STOCK ISSUE DETAIL","4","Investment - Product","Preliminary Prospectus Start Dt","This entity contains information about the stock from the perspective of the stock issuer."
"STOCK PURCHASE PLAN","2","Foundation - Party","Benefit Plan Id; Benefit Plan Option Id","This is a subtype of BENEFIT PLAN OPTION. Various types of stock purchase plans may be offered including payroll based (PAYSOP), stock options, and employer funded discounted stock purchase plans."
"STOCK SHARE CLASS TYPE","2","Investment - Product","Stock Share Class Cd","A code for the share class such as Class A or Class B. Each class has different costs associated with buying, selling, and holding fund shares.  For example, from the perspective of availability: - Class A: Generally available through most investment dealers - Class B: Available only to investor"
"STOCK SPLIT","1","Investment - Event","Stock Split Ratio Qty","A corporate action in which a company's existing shares are divided into multiple shares. Although the number of shares outstanding increases by a specific multiple, the total dollar value of the shares remains the same compared to presplit amounts, because no real value has been added as a result o"
"STOCK TYPE","2","Investment - Product","Stock Type Cd","This entity is a classification of stock.  Examples: - Common stock - Preferred stock - Right - Warrant"
"STORED VALUE AGREEMENT","0","Banking - Agreement","","STORED VALUE AGREEMENT is a type of FINANCIAL AGREEMENT, implemented as a prepaid card, single use or renewable with new deposits of money. This entity contains only those card member agreements that are liabilities from the company's perspective. An example of a STORED VALUE AGREEMENT is a gift car"
"STREET ADDRESS","4","Foundation - Location","Street Address Id","A STREET ADDRESS that represents a physical mailing address."
"STREET ADDRESS DETAIL","27","Foundation - Location","Street Address Num","The separate components of a physical address, for example, street direction and street number."
"STREET ADDRESS JAPAN","5","Foundation - Location","Street Address Japan Id","The street address in Japan is a combination of the district, the block, and a building number."
"STREET ADDRESS LINE","2","Foundation - Location","Street Line Text Sequence Num","This entity contains additional text lines for a street address.  How these lines are used can vary by country."
"STREET SUFFIX TYPE","2","Foundation - Location","Street Suffix Cd","This minor entity defines the type of street such as street, lane, or road as used for addresses.   Examples:  - AVE = Avenue - RD = Road - LN = Lane"
"STRESS TEST AGREEMENT GROUP","1","Investment - Agreement","Agreement Group Id","This entity identifies the group of agreements or 'portfolio' that is being tested or stressed as a result of this test."
"STRESS TEST CALCULATION SCENARIO","3","Investment - Agreement","Stress Test Type","This entity contains information specific to the calculation scenarios for stress testing including the time period being tested."
"STRESS TEST CRITERION","0","Investment - Agreement","","This entity contains the criterion for the sample that was used for the stress testing. For example, bond instruments that have maturity beyond 2015. Decomposing the criteria results in one instance for each criterion (bond instrument, greater than 2015 maturity date)."
"STRESS TEST RESULT","6","Investment - Agreement","Bank Risk Factor Type Cd","This entity contains the result of a stress test such as the loss amount for a given risk factor or the high and low extreme amounts for this time period."
"STRESS TEST TYPE","3","Investment - Agreement","Stress Test Type Cd","This minor entity classifies the type of stress test as either:  Examples: - Supervisory scenario requiring no simulation by the bank - Scenario requiring simulation by the bank - Scenario developed by the bank"
"STUDENT ATTENDANCE","5","Foundation - Party","Student Party Id","Records student attendance at a course presentation.  Examples: - Part 1 of a data warehousing course offered to 30 attendees. - A web training component on data modeling taken by a single student. - Company ethics course taught by 2 Instructors to a large audience of students."
"STUDENT CARD","0","Banking - Agreement","","STUDENT CARD is a type of CREDIT CARD that provides card accounts to the students of an educational institution."
"STUDENT ENROLLMENT","4","Foundation - Party","Course Offered Id; Student Party Id","This contains the list of associates enrolled in a specific course."
"SUBJECT","1","Foundation","Subject Id","This entity contains a generated identifier for subjects in the enterprise such as parties, agreements, and geographic areas. There is one instance for each subject value. For example, if the subject type is a geographical area then there is one instance for the subject value of California.   This"
"SUBJECT TYPE","2","Foundation","Subject Type Cd","A classification of the subject such as: - Product - Product group - Party classification - Party group - Asset classification - Feature (coverage) - Geographic area  Each subject type corresponds to an entity in the data model."
"SUBROGATION","1","Unassigned","Insurance (all LOB)","A type of legal action. There is one instance for each subrogation legal action or filing.   Subrogation gives the insurer the right to take legal action against a third party responsible for a loss to an insured for which a claim has been paid.  The legal definition is a taking on of the legal "
"SUBROGATION ELIGIBILITY REASON TYPE","3","Unassigned","Insurance (all LOB)","A code for the reason this claim is eligible for subrogation such as manufacturer's defect, product recall, insured vehicle not at fault, other insured vehicle not covered by same carrier, or insured at fault."
"SUBROGATION ELIGIBLE TYPE","3","Unassigned","Insurance (all LOB)","Indicates whether this claim is eligible for subrogation:  Values: - Is eligible - Is not eligible"
"SUBSCRIPTION RIGHT","7","Investment - Product","Subscription Right Starting Period Dt","A security giving stockholders entitlement to purchase new shares issued by the corporation at a predetermined price (normally less than the current market price) in proportion to the number of shares already owned. Rights are issued only for a short period of time, after which they expire."
"SUBSCRIPTION WARRANT","7","Investment - Product","Bond Product Id","A derivative security that gives the holder the right to purchase securities (usually equity) from the issuer at a specific price within a certain time frame. Warrants are often included in a new debt issue as a 'sweetener' to entice investors."
"SURVEY COST","4","Foundation","Survey Cost Start Dttm","This entity contains the cost of surveys over time."
"SURVEY EVENT","0","Foundation","","This entity associates a survey with events such as the event that issued the survey, the event that is the response to the survey or an event that is a question about the survey."
"SURVEY EVENT REASON TYPE","15","Foundation","Event Survey Reason Type Cd","This is a code for the reason the event is related to the survey such as the event that issued the survey, the event that is the response to the survey, or the event that is a question about the survey."
"SURVEY QUESTION RESPONSE","1","Foundation","Survey Response Dttm","This entity associates a questionnaire question to a response to that question.  By capturing the date and time of the response (if known), the sequence of the survey responses may be reconstructed and the overall time taken for the survey and time between responses may be calculated."
"SURVEY RESOLUTION","1","Foundation","Resolution Dt","Captures all the findings or resolutions made in response to a Survey that was conducted.   Examples:  - Improve associate training - Improve item quality inspections"
"SURVEY RESOLUTION TYPE","53","Foundation","Survey Resolution Cd","Defines a Global Quality-related resolution or action taken to resolve or address feedback received as part of a Survey.  Note: This is a global action, as opposed to the Contact level Resolution entity that captures the response to an individual Party's feedback instead.  Examples:  - Improve "
"SURVEY RESPONSE","3","Foundation","Survey Id; Responding Party Id","This is a unique response to a questionnaire received by the enterprise. It represents the 'completed' questionnaire or survey session with answers filled in.  Examples: - An anonymous questionnaire received in a 'suggestions' box - A formal face-to-face interview - A web survey taken by a know"
"SURVEY RESPONSE ANSWER","0","Foundation","","One or more preformed answers to a survey question given by the responding party.  This entity provides for: - Multiple choice answers to a question (where only a single answer is expected), e.g., income range or quality of service rating - 'All that apply' answers (where none or many answers ar"
"SURVEY RESPONSE TEXT","2","Foundation","Survey Response Txt","Records one or more free form answers to a question.  Examples: - Question: 'Explain how we can best win your loyalty.' Response Text: 'Always give the best pricing you can' - Question: 'Please enter the surnames of your children' Response Text (3 instances): 'Sarah,' 'Janice,' and 'Luke'"
"SURVEY RESPONSE TEXT SECTION","0","Foundation","","This entity is the link to survey response text unstructured data."
"SURVEY SUBJECT SUBTYPE","2","Foundation","Survey Subject Subtype Cd","This minor entity identifies the subject of the survey question such as employee (party), organization (party), channel, claim, or account."
"SUSPICIOUS ACTIVITY REPORT","0","Foundation","","Suspicious activity report ID identifies the statutory report that is sent out subsequent to identifying a fraud event."
"SWAP AGREEMENT","6","Investment - Agreement","Swap Obligation Type Cd","A swap is an agreement between two parties to exchange future streams of cash flows generated from other agreements (e.g., loans). Swaps involve exchanging the terms of one asset (loan) for another to improve the quality of a loan portfolio for risk management or asset/liability management purposes."
"SWAP AGREEMENT LEG","6","Investment - Agreement","Swap Leg Num","This entity identifies the cash flow terms for a swap agreement. A swap can have many 'legs' where one leg represents a unidirectional exchange of money with associated terms and conditions. Examples of types of legs can be 'flat,' 'amortizing,' 'zero coupon,' and 'capped/floored.'  A leg represen"
"SWAP DIRECTION TYPE","2","Investment - Agreement","Swap Direction Type Cd","This reference entity is the code indicates whether the direction of the swap payment is outbound (from your institution to an outside party) or inbound (from outside party to your institution).  Examples: - Inbound - Outbound"
"SWAP LEG AGREEMENT EVENT","1","Investment - Agreement","Swap Leg Num","This entity contains information about events that affects the leg of a swap such as payments against a specific leg."
"SWAP LEG AMORTIZATION SCHEDULE","4","Investment - Agreement","Swap Leg Num","The schedule of dates on which the swap's underlying principal declines by a predefined amount. Each date on the schedule has a corresponding amount."
"SWAP LEG CALL SCHEDULE","4","Investment - Agreement","Swap Leg Num","The schedule of dates on which the swap may be called back with corresponding strike prices."
"SWAP LEG CASH FLOW FEATURE","3","Investment - Agreement","Swap Leg Num","This entity contains the rules for generating the cash flow payments for this leg of the swap. Each leg and payment type combination refers to a set of rules that is used to generate the projected cash flow for that leg. The rules are represented as instances of Features.  A calculation engine wou"
"SWAP LEG PAYMENT SCHEDULE","3","Investment - Agreement","Swap Leg Num","This entity shows the projected payment date for this swap leg."
"SWAP LEG PROJECTED CASH FLOW","12","Investment - Agreement","Swap Leg Num","This entity contains the results of a projection of the cash flow for this swap leg."
"SWAP LEG RESET SCHEDULE","3","Investment - Agreement","Swap Leg Num","A schedule of dates when recalculations are made to determine the amount of payments."
"SWAP LEG TYPE","2","Investment - Agreement","Swap Leg Type Cd","A classification of the type of leg for a swap.  Examples of types of legs can be flat, amortizing, zero coupon, and capped/floored."
"SWAP OBLIGATION SUBTYPE","3","Investment - Agreement","Swap Obligation Subtype Cd","A classification of the type of swap such as: - Interest rate swap    -- Coupon swap - fixed for floating in same currency    -- Basis swap - floating for floating in same currency    -- Cross currency swap - fixed rate in one currency for floating rate in another - Currency swap - Bond swap "
"SWAP OPTION","0","Investment - Product","","A swap option is an option to enter into an interest rate swap. In exchange for an option premium, the buyer gains the right but not the obligation to enter into a specified swap agreement with the issuer on a specified future date. The agreement will specify whether the buyer of the swaption will b"
"SWAP PAYMENT TYPE","2","Investment - Agreement","Swap Payment Type Cd","A classification of the type of swap such as: - Interest rate swap    -- Coupon swap - fixed for floating in same currency    -- Basis swap - floating for floating in same currency    --  Cross currency swap - fixed rate in one currency for floating rate in another - Currency swap - Bond swap "
"SWAP PRODUCT","3","Investment - Product","Swap Obligation Type Cd; Swapped Underlying Product Id; Swap Underlying Product Id","This entity contains those offers where cash flows from underlying instruments are exchanged or swapped with an agreement to reverse the exchange at a future date.   A swap is a derivative, where two counterparties exchange one stream of cash flows against another stream. These streams are called "
"SYSTEM ABUSE TYPE","2","Foundation - Party","System Abuse Type Cd","This minor entity identifies the types of financial system abuses such as kiting (taking advantage of float), stealing, lying, first party fraud, and second party fraud."
"SYSUDTLIB","0","Unassigned","",""
"TARGET CELL TYPE","2","Foundation - Campaign","Target Cell Type Cd","Indicates the intended type of recipients for a campaign cell.  Examples:  - Party - Account  - Access method  - Market - Subscription"
"TARGET PROMOTION","1","Foundation - Campaign","Target Promotion Id","This is a subtype entity to PROMOTION. A lowest level campaign may be a target promotion. A target promotion is directed towards individuals based on individual characteristics. This entity has no attributes other than the primary key but was created to show the different types of promotions."
"TARGET PROMOTION AGREEMENT","0","Foundation - Campaign","","This associative entity allows for a campaign strategy, such as a collection/recovery campaign promotion, to target more than one account and for an account to be targeted by more than one promotion."
"TARGET PROMOTION AGREEMENT GROUP","0","Foundation - Campaign","","This associative entity allows for a campaign, such as a collection/recovery campaign promotion, to target more than one account group and for an account group to be targeted by more than one promotion."
"TARGETED AMORTIZATION CLASS","0","Investment - Product","","A type of credit derivative that is similar to a planned amortization class (PAC) in that it protects investors from prepayment; however, it is structured differently than a PAC. TACs protect investors from a rise in the prepayment rate or a fall in interest rates. They do not protect from a fall in"
"TASK ADJUSTMENT","16","Foundation - Party","Task Adjustment Id; Task Adjustment Id",""
"TASK ADJUSTMENT REASON TYPE","4","Foundation - Party","Task Adjustment Reason Cd","The reason a TASK ADJUSTMENT TYPE was applied to a TASK ADJUSTMENT."
"TASK ADJUSTMENT TYPE","4","Foundation - Party","Task Adjustment Type Cd","Identifies the types of TASK ADJUSTMENTs, such as an adjustment to the quantity of labor hours."
"TAX BRACKET TYPE","3","Foundation - Party","Tax Bracket Cd","A code for the tax bracket a party is in which translates to a percentage. This can vary by country and can also be divided into one bracket for local taxes and another bracket for federal taxes."
"TAX LOT","2","Investment - Event","Tax Lot Id","A tax lot is a concept primarily in the United States where transactions involving the purchase of a security are grouped together because they are treated the same for tax purposes when sold. Usually, a 'buy' order will create a tax lot for a given purchase date for a given security within an inves"
"TAX LOT EVENT","0","Investment - Event","","These are the events that affect the creation or the metrics of a tax lot. This can include buy orders, sell orders, and corporate actions that change the quantity of shares such as a stock split."
"TAX LOT METRIC","3","Investment - Event","Tax Lot Metric Start Dttm","This entity contains metrics associated with a tax lot that can change over time. Examples of metrics include cost per share, number of shares, realized gain, short-term gain amount, long-term gain amount, and unrealized gain. These metrics are usually point in time metrics."
"TAX LOT METRIC TYPE","2","Investment - Event","Tax Lot Metric Type Cd","This is a code for the type of tax lot metric such as cost per share, cost basis, short-term gain, long-term gain, unrealized gain, and remaining share count."
"TAX STATUS TYPE","2","Foundation - Party","Tax Status Cd","A code that describes how this organization's income is taxed such as fully taxed, exempt, and charitable organization."
"TAX TYPE","2","Foundation - Agreement","Tax Type Cd","A code that is assigned to a tax such as Swiss Retention Tax, New York State Sales Tax, or U.S. Federal Tax."
"TECHNOLOGY TYPE","2","Foundation - Agreement","Technology Type Cd","This minor entity describes the various types of technology that can be applied to items such as cards. Examples of these include smart card technology and standard magnetic strip technology."
"TELEPHONE CHANNEL TYPE","0","Foundation - Channel","","This is a type of channel that is a phone, mobile phone, or Personal Digital Assistant (PDA)."
"TELEPHONE NUMBER","13","Foundation - Location","Telephone Number Id","A telephone number that may be used for voice, data, fax, or pager."
"TELEPHONE NUMBER CHANNEL INSTANCE","1","Foundation - Channel","Telephone Number Channel Instance Id","This entity represents a specific telephone number that is used as a channel instance. This can include call center phone numbers."
"TELEVISION CHANNEL INSTANCE","1","Foundation - Channel","Television Channel Instance Id","This subentity to CHANNEL INSTANCE identifies those channels that are television stations used for mass advertising."
"TENDER OFFER","6","Investment - Event","Tender Offer Share Price Amt","An offer to purchase some or all of shareholders' shares in a corporation. The price offered is usually at a premium to the market price."
"TERM FEATURE","4","Foundation - Product","To Time Period Cd","This is a subtype entity to FEATURE.   For Banking, term is the time between the commencement and termination dates of a note, term deposit, or mortgage. This entity identifies the term values and handles a range of terms. For example, a grace period feature could be the term value of 7 days. For "
"TERM TYPE","2","Foundation - Agreement","Term Type Cd","This is a code for the type of term such as fixed term, renewable term, or revolving term. If the agreement is revolving term (such as credit card) then there is no planned expiration date."
"TERMINATION TYPE JAPAN","2","Banking - Agreement","Termination Type Cd","Identifies whether this account has the concept of termination."
"TERRITORY","1","Foundation - Location","Territory Id","A geographic region within a COUNTRY. Can be a state, province, Bundesland, or overseas military area.  Examples:  - California - Quebec - Bayern - Gauteng"
"TERRITORY TYPE","2","Foundation - Location","Territory Type Cd","Classifies the territory as either a political area or a military area. An example of a political area is a state such as California. Examples of military areas are in the United States where three areas are treated as states for mail routing purposes. These military states are AA (Armed Forces Amer"
"TEXT DATASET","0","Foundation","","A type of TEXT SECTION that is an organized collection of information that typically will have a common theme such as a list of objects, results from a project, and a table of survey data."
"TEXT MESSAGE CHANNEL TYPE","0","Foundation - Channel","","Short Message Service (SMS) is a communications protocol allowing the interchange of short text messages between mobile telephone devices. The SMS technology has facilitated the development and growth of text messaging. The connection between the phenomenon of text messaging and the underlying techn"
"TEXT PARAGRAPH","0","Foundation","","A type of TEXT SECTION that is a self-contained unit of a discourse in writing dealing with a particular point or idea, or the words of an author. The start of a paragraph is indicated by beginning on a new line and ending without running to the next passage.  A paragraph can be as short as one wo"
"TEXT PATTERN METHOD TYPE","2","Foundation","Text Pattern Method Cd","A code for the method through which a text pattern was identified."
"TEXT PATTERN RESPONSE","0","Foundation - Event","","Stores the occurrence of a STANDARD TEXT PATTERN within a set of EVENT TEXT."
"TEXT PHRASE","0","Foundation","","This is the unique identifier for a piece of text that is a dataset."
"TEXT SECTION","5","Foundation","Text Section Id","This entity represents a piece of text that has gone through the first step of decomposition. A text section could be a set of paragraphs, a sentence, a phrase, or a word of text. This includes terms that are defined as 'A word or group of words having a particular meaning.' The raw text can be deco"
"TEXT SECTION RELATED","0","Foundation","","This entity identifies any relationships between pieces of TEXT SECTIONs such as when two TEXT TERMs are in the same TEXT SENTENCE or when a TEXT SENTENCE is part of a larger TEXT PARAGRAPH. It can also be used to identify the position of the small TEXT SECTION subtype within the larger TEXT SECTION"
"TEXT SECTION RELATED REASON SUBTYPE","0","Foundation","","This entity identifies the possible reasons why two pieces of text may be related such as when one TEXT SECTION is located within the parent TEXT SECTION or when one TEXT SECTION has the same meaning as another TEXT SECTION.   Examples: - Same meaning as - Replacement for - Includes - Part of "
"TEXT SENTENCE","0","Foundation","","A type of TEXT COMPONENT which is a unit of language, characterized in most languages by the presence of a finite verb. For example, 'The quick brown fox jumps over the lazy dog.'   A sentence represents a string of words satisfying the grammatical rules of language."
"TEXT SUBTYPE","2","Foundation","Text Subtype Cd","This entity identifies whether the TEXT SECTION is a complete block of writing, a single paragraph, a single sentence, a phrase, a term, or a clause.  This entity can be used to reconstruct the terms in a phrase, phrases in a sentence, sentences in a paragraph and paragraphs in a block of text."
"TEXT TAG","10","Foundation","Foundation - Cross Subject Area.Unstructured Text Source","This entity is a type of TEXT SECTION that represents a tag that describes certain properties about the text that follows the text. It could be considered 'metatext.' For example, in the text '<b><i>This text is bold and italic</b></i>' the text enclosed in brackets <> are the tags."
"TEXT TERM","0","Foundation","","A type of TEXT SECTION that can be a word, word pair, or word group, that is used in specific contexts for a specific meaning."
"TEXT TYPE","2","Foundation","Text Type Cd","This entity classifies text and is referenced in various entities in the model."
"THIRD PARTY COLLATERAL CLAIM","0","Banking - Agreement","","This entity contains claims that third parties have against a customer asset that is held as collateral by the bank. This includes collateral agreements that your customer has with other banks, tax liens, mechanics liens, and any formal or informal claim against the value of that asset."
"THIRD PARTY FINANCIAL STATEMENT","1","Foundation - Agreement","Financial Document Id","This entity is a subtype to DOCUMENT and contains only those financial documents obtained externally of this financial institution."
"THIRD PARTY GUARANTEE AGREEMENT","2","Banking - Agreement","Third Party Guarantee Maximum Amt","This is an agreement where a third party has guaranteed the repayment of a loan or other obligation in the event the obligor defaults."
"THIRD PARTY GUARANTEE TYPE","2","Banking - Agreement","Third Party Guarantee Cd","This entity classifies the third party guarantees such as principal only, or principal and interest. It designates which portion of the exposure is covered."
"TIME BAND","7","Banking - Agreement","Time Band Id","This entity represents an actual time band (row in a parameter table) for a given scheme or banding method.   For market risk, a time band may roll up to zones. For example, time bands 0-1, 1-3, 3-6, and 6-12 make up zone 1.  For example, if the scheme is 'Interest Rate Risk Time Band for Coupon"
"TIME BAND CALCULATION","3","Banking - Agreement","Time Band Metric Type Cd","This entity contains risk metrics at the time band level.   Examples: - Vertical disallowance - once the instrument positions are slotted into the time bands then this information is derived from those positions in the band."
"TIME BAND METRIC TYPE","4","Banking - Agreement","Time Band Metric Type Cd","This minor entity classifies the type of metric that is calculated at the time band level.   Examples: - Long amount - Short amount - Capital amount - Vertical disallowance amount (interest rate risk) - Long carry forward amount (commodity risk) - Short carry forward amount (commodity risk) "
"TIME BAND PARAMETER","7","Banking - Agreement","Time Band Parameter Type Cd","This entity contains the parameters used to calculate interest rate risk using the duration method.  Examples are the risk weight and the assumed change in yield.  Refer to MRA Table 1 and 2 for interest rate risk; refer to Table 7 for commodity risk.  Examples:  For interest rate risk: - A"
"TIME BAND PARAMETER TYPE","3","Banking - Agreement","Time Band Parameter Type Cd","A code for the type of parameter for this time band.  Examples: Interest rate risk: - Assumed yield change rate - Risk weight rate  Commodity risk: - Spread rate"
"TIME BAND RELATED","0","Banking - Agreement","","This entity shows relationships between bands that are outside the hierarchy of bands within a scheme. This entity also relates time bands to zones.  For example, in market risk, the horizontal disallowance is between zones, which is a type of band.  Reference Table 2 in MRA for interest rate ri"
"TIME BAND ROLE TYPE","0","Banking - Agreement","","The reason why one time band is related to another time band such as: - Time band 1 is adjacent to time band 2 - Time band 1 is in time zone 1. - Time zone 1 is adjacent to time zone 2. - Time zone 1 is not adjacent to time zone 3"
"TIME BAND SCHEME","4","Banking - Agreement","Time Band Scheme Id","This entity defines a table for time banding, for example, MRA Table 1 for Maturity Method for Interest Rate Risk."
"TIME BAND SCHEME PURPOSE TYPE","2","Banking - Agreement","Time Band Scheme Purpose Cd","This minor entity describes the purpose of this scheme such as commodity risk time band and interest rate risk time band."
"TIME BAND TYPE","2","Banking - Agreement","Band Type Cd","This minor entity describes whether this is a Band or a Zone. Relevant for Interest Rate Risk - MRA Table 2."
"TIME PERIOD SUBJECT AREA","1","Unassigned","","Drawing_Object_Rectangle_84123"
"TIME PERIOD TYPE","2","Foundation","Time Period Cd","This minor entity defines the code for a time period that is used in various places in the model. Values could be daily, weekly, monthly, and annually."
"TIME ZONE","2","Foundation - Location","Time Zone Cd","The time zone for particular locations around the world. Data may be simple or complex. Often, only an offset from Coordinated Universal Time (UTC) or Greenwich Mean Time (GMT) is recorded. Los Angeles' time zone would thus be shown as UTC-0800 (Coordinated Universal Time minus 8 hours). Honolulu, H"
"TIME ZONE AREA","1","Foundation","Time Zone Area Id","A time zone is a region of Earth that has adopted the same standard time, usually referred to as the local time. Most adjacent time zones are exactly one hour apart."
"TOP SITE","3","Foundation - Event","Top Site Name","This entity contains information regarding the list of web sites with the largest number of post for a specified monitor site for a specified day. The list of sites can be up to 10."
"TOTAL RATE OF RETURN SWAP","0","Investment - Agreement","","A Total Rate of Return Swap is a derivative that simulates the purchase of an instrument (e.g., note, bond, or equity) with 100% financing which is typically floating rate.   For example, the protector receives the interest and principal and pays the bank a fixed stream; the protector takes on the"
"TRADE EVENT SETTLE INSTRUCTION","10","Investment - Event","Event Trade Settle Start Dttm","This entity contains only those instructions at the trade execution level."
"TRADE EVENT SETTLE LOCATOR","0","Investment - Event","","This entity contains the contact and address information about the physical delivery location including the street address and phone numbers."
"TRADE EVENT SETTLE PARTY","2","Investment - Event","Trade Settlement Party Start Dt","This entity identifies all the various parties related to this settlement instruction. These parties include: - Clearinghouse - the clearinghouse used for book deliveries. - Instruction originator - the person who originated or last updated this instruction information. - Destination agent or dep"
"TRADE EXECUTION","16","Investment - Event","Traded Unit Amt","This entity contains additional information about the execution of a trade where your firm is operationally involved as the buyer, the seller, or the agent to the trade. Settlements (the actual exchange of money and shares/units) for this trade execution are handled in another entity."
"TRADE EXECUTION STATUS TYPE","2","Investment - Event","Trade Execution Status Cd","This entity has codes for the trade confirmation status such as:  Examples: - Issued - Confirmed - Not confirmed"
"TRADE METHOD TYPE","2","Investment - Event","Trade Confirmation Type Cd","Counterparties have trade order confirmation transmission preferences including the following: - Swift - Email - Fax"
"TRADE ORDER","14","Investment - Event","Trade Order Period Start Dt","This entity tracks the details of investment requests that affect the enterprise's investments or the enterprise's customer's investments. These include buys and sells of securities."
"TRADE ORDER CATEGORY TYPE","2","Investment - Event","Trade Order Category Type Cd","This minor entity translates the code for the category of order into a description.  Examples: - Buy - Sell long - Sell short"
"TRADE ORDER STATUS","1","Investment - Event","Trade Order Status Dttm","This entity tracks the status of a trade order:  Examples: - Trade orders can have the following status: - Settled - Fail to receive - Fail to deliver - Partial delivery - Filled - Open"
"TRADE ORDER STATUS TYPE","3","Investment - Event","Trade Order Status Cd","This contains the codes for trade order status such as: - Settled - Fail to receive - Fail to deliver - Partial delivery - Filled - Open"
"TRADE ORDER TYPE","2","Investment - Event","Trade Order Type Cd","This minor entity translates the code for the type of order into a description.  Examples: - 0 = Other - 1 = Stop order - 2 = Stop limit - 3 = Fill or Kill (FOK) - 4 = Immediate or Cancel (IOC) - 5 = All or None (AON) - 6 = Spread order - 7 = Straddle order - 8 = Combination order - 9 = "
"TRADE PURPOSE TYPE","2","Investment - Event","Trade Purpose Type Cd","This code identifies the reason for the trade such as to hedge the risk created from another trade or investment, or to mitigate the risk of another position."
"TRADE SETTLE BOOK DELIVERY","0","Investment - Event","","This entity contains settlement instruction information when the security is electronically (book) delivered to the destination through a depository."
"TRADE SETTLE FOREIGN DELIVERY","0","Investment - Event","","This entity contains settlement instruction information when the delivery type is foreign local where securities are traded on a foreign exchange and settled in the local currency and by a local settlement agent."
"TRADE SETTLE PHYSICAL DELIVERY","2","Investment - Event","Physical Delivery Agreement Num","This entity contains settlement instruction information when the product is physically delivered to the destination."
"TRADE SETTLEMENT AGREEMENT","2","Investment - Agreement","Trade Agent Agreement Num","This is an agreement between the firm and a third party (e.g., custodian or agency) and specifies the terms and conditions for all trades under this agreement with these third parties. This entity contains the third-party identifiers."
"TRADE SETTLEMENT INSTRUCTION","4","Investment - Agreement","Trade Settlement Start Dttm; Originator Party Id","This entity contains those predefined settlement instructions that are considered standing instructions at the account level and do not vary by trade. These would be related to the investment account but the values of the various instructions for an account (code values) can change over time.  The"
"TRADE SETTLEMENT INSTRUCTION LOCATOR","0","Investment - Agreement","","This entity contains the various locators associated with this settlement instruction for this account such as the delivery street address, the telephone number, and an alternate telephone number."
"TRADE SETTLEMENT PRODUCT GROUP","4","Investment - Product","Product Settlement Start Dttm; Originator Party Id","This entity contains the group of products that are the class of securities that this settlement instruction covers at the account level. This allows for an instruction to cover multiple product groups for different reasons."
"TRADED INVESTMENT PRODUCT","0","Investment - Product","","This entity contains all investment products, such as securities, that are traded at OTC markets and/or stock exchanges. A security is a financial instrument (not cash or foreign exchange) that has a negotiable document backing it."
"TRADITIONAL AD PLACEMENT","14","Foundation - Campaign","Ad Placement Start Dttm","The specifics of where an ad will be displayed in an offline venue.  Examples: - Totally Solar ad on Page 17 of March 2008 Wired Magazine - Garden Gnome ad on Page 78 of House and Gardens Magazine - Mattress Outfitters ad in March 30 LA Times final Home section inside back page 7"
"TRADITIONAL AD PLACEMENT SUBTYPE","2","Foundation - Campaign","Traditional Ad Placement Subtype Cd","This entity captures information regarding traditional ad placement types.  Examples: - Noninteractive TV - Billboard - Radio - Newspaper - Magazine"
"TRAINING EVENT","4","Foundation - Party","Training Event Id; Training Event Id; Course Offered Id","The delivery of a COURSE SCHEDULED to one or more individuals.  Note: The training event may be a formally scheduled class offered to multiple students with one or more Instructors or may be 'at will' and self-guided by a single student.  Examples: - Part 1 of a data warehousing course offered "
"TRAIT","2","Foundation","Trait Cd","This entity defines a trait or characteristic of an object.   For example, SITE TRAIT could be square footage, number of floors, and number of entrances."
"TRAIT SUBTYPE","2","Foundation","Trait Subtype Cd","The classification of a trait by the major thing it describes such as sites. Used as a subtype discriminator."
"TRAIT TYPE","2","Foundation","Trait Type Cd","The classification of a trait.  Examples: - Measure of volume, such as square feet  - Storage capacity - Quantity, such as number of employees - Monetary"
"TRAIT VALUE","11","Foundation","Trait Value Cd","The actual value describing the specific trait of a specific object, service, experience, and area.  Examples: - For trait = color, trait value = 'blue' - For trait = suitable age, trait value = '12 years and older' - For trait = maximum buying limit, trait value = 10,000"
"TRANCHE","5","Banking - Agreement","Tranche Id; Tranche Host Id; Subordinate Tranche Id","Within each Securitization Pool, there may be many 'tranches' or subgroups. A tranche is a pool of money made up of principal and/or interest cash flows from the underlying assets. Each tranche may be composed of similar assets or loans that one can invest in. The tranche may also be composed of pri"
"TRANCHE RISK METRIC","11","Banking - Agreement","Tranche Credit Enhancement Level Rate","This entity tracks risk related metrics for a securitization tranche over time."
"TRANCHE TO AGREEMENT","3","Banking - Agreement","Tranche To Agreement Start Dt","This entity identifies any agreement or account that is related to a tranche.  If the agreement is the exposure (e.g., a loan) then this shows which tranches that loan was put into. It is possible for one loan to be split between more than one tranche such as when interest goes to one tranche and "
"TRANCHE TO AGREEMENT ROLE TYPE","2","Banking - Agreement","Tranche To Agreement Role Cd","The role that the agreement has with the tranche such as 'is being securitized by' or 'is risk mitigant for.'"
"TRANCHE TYPE","2","Banking - Agreement","Tranche Type Cd","A code for the classification of the tranche such as interest only tranche, principal only tranche, 'Z' bond, targeted amortization class, or planned amortization class."
"TRANSACTION ACCOUNT","1","Foundation - Finance","Transaction Account Id","This entity represents a liquid cash account that is established by a PARTY with an organization, typically a financial institution such as a bank, brokerage, or credit card company. One purpose is to facilitate and enable the transfer of funds to settle obligations such as payments resulting from a"
"TRANSACTION ACCOUNT TYPE","2","Foundation - Finance","Transaction Account Type Cd","This entity identifies the type of transaction account such as credit card account, checking account, or current account."
"TRANSACTION FRAUD CASE","0","Foundation - Event","","A type of case for researching fraudulent transaction activity such as credit card transaction fraud. The fraudulent transaction(s) related to the case are in entity CASE EVENT."
"TRANSACTION FRAUD TYPE","2","Foundation - Event","Transaction Fraud Type Cd","A code for the type of fraud for this transaction such as customer fraud, merchant fraud, identity theft fraud, or phishing.  Phishing is an attempt to criminally and fraudulently acquire sensitive information, such as usernames, passwords and credit card details, by masquerading as a trustworthy "
"TRANSFER EVENT","12","Foundation - Event","Transfer Event Successful Ind","This entity captures information regarding visitor transfer events. Transfer events can be message or file (item) transfers."
"TRANSFER EVENT SUBTYPE","2","Foundation - Event","Transfer Event Subtype Cd","This entity captures information regarding transfer event subtypes. Transfer events can be send message, receive message, download item, or upload item types."
"TRANSFER FAILURE REASON","2","Foundation - Event","Transfer Failure Reason Cd","This is the description of why a transfer failed.  Examples: - Link failed - User disconnected unexpectedly - Server failed"
"TRANSFER PROTOCOL TYPE","2","Foundation - Event","Transfer Protocol Type Cd","This entity captures information regarding the protocol utilized for the transfer event."
"TRANSITIONAL ARRANGEMENT PARAMETER","4","Banking - Agreement","Basel II Function Cd","This entity lists the capital floor adjustment to be used.  Reference Nov 2005 Accord paragraph 46"
"TRANSMISSION TYPE","2","Foundation - Party Asset","Transmission Type Cd","This minor entity converts the transmission type into a description. Examples include manual, automatic, or semiautomatic."
"TRANSMITTAL MODE TYPE","2","Foundation - Finance","Transmittal Mode Type Cd","This entity identifies how an object was transmitted such as paper sent through the mail, EDI, or email."
"TRAVEL CLASS TYPE","2","Foundation - Event","Travel Class Type Cd","This minor entity describes the class type of a travel event such as first class, business class, or coach."
"TRAVEL EVENT","1","Foundation - Event","Travel Event Num","This is a subtype entity of EVENT. This entity contains additional information about a TRAVEL EVENT that is commonly needed by credit card issuers."
"TREASURY BILL","0","Investment - Product","","A short-term debt obligation backed by the U.S. government with a maturity of less than one year. Treasury bills are sold in denominations of $1,000 up to a maximum purchase of $5 million and commonly have maturities of one month (four weeks), three months (13 weeks) or six months (26 weeks)."
"TREASURY BOND SUBTYPE","2","Investment - Product","Treasury Bond Subtype Cd","A classification of a U.S. Treasury Bond in to inflation protected and not inflation protected."
"TREASURY INFLATION PROTECTED","2","Investment - Product","Treasury Original Interest Rate","A special type of Treasury note or bond that offers protection from inflation. Like other Treasuries, an inflation-indexed security pays interest every six months and pays the principal when the security matures. The difference is that the coupon payments and underlying principal are automatically i"
"TREASURY NOT INFLATION PROTECTED","0","Investment - Product","","A marketable, fixed interest U.S. government debt security with a maturity of more than 10 years. Treasury bonds make interest payments semiannually and the income that holders receive is only taxed at the federal level."
"TREASURY NOTE","0","Investment - Product","","A marketable U.S. government debt security with a fixed interest rate and a maturity between one and 10 years. Treasury notes can be bought either directly from the U.S. government or through a bank."
"TREASURY STOCK ACCOUNT","1","Foundation - Finance","Treasury Stock Account Qty","The entity that identifies a NONDIVIDEND EQUITY ACCOUNT as treasury stock. Treasury stock is reacquired by a corporation to be retired or resold to the public. Treasury stock is issued but not outstanding, and is not taken into consideration when calculating earnings per share or dividends, or for v"
"TRIGGER DELETE FOOTER","0","Unassigned","",""
"TRIGGER DELETE HEADER","0","Unassigned","",""
"TRIGGER INSERT FOOTER","0","Unassigned","",""
"TRIGGER INSERT HEADER","0","Unassigned","",""
"TRIGGER UPDATE FOOTER","0","Unassigned","",""
"TRIGGER UPDATE HEADER","0","Unassigned","",""
"TRUST ESTATE","0","Banking - Agreement","","Trust products involve one party establishing a fiduciary relationship with a second party, such that the second party manages property for the benefit of either the first party or others. Estate product is providing a trust service for planning and selling estates."
"TV AD","0","Foundation - Campaign","","An Ad designed to be shown on television. Usually, 30 seconds in length."
"TV AD PLACEMENT","0","Foundation - Campaign","","This is a subentity that identifies the start and end times for the TV spot for this advertisement."
"TV RECEIVER SETTING","0","Foundation - Channel","","Custom channel settings established by the TV receiver user."
"TV RECEIVER SETTING TYPE","0","Foundation - Channel","","Captures information regarding the different types of TV Receiver channel setting functions."
"TV SIGNAL RECEIVER","0","Foundation - Channel","","Cable or Satellite receiver box used to receive Cable or Satellite audio/video signals."
"TV SIGNAL RECEIVER USAGE INFORMATION","3","Foundation - Campaign","Title Name","Captures information from a TV Receiver device regarding its usage."
"TV SYSTEM TYPE","0","Foundation - Campaign","","This entity contains the types of TV broadcast systems  Examples:  - PAL - SECAM - NTSC"
"UNDERWRITE CLASS","3","Unassigned","Insurance (all LOB)","This minor entity contains the underwrite class codes and their descriptions."
"UNDERWRITER PARTY APPLICATION","1","Unassigned","Insurance (all LOB)","This entity is a subtype to PARTY APPLICATION and contains additional details on the parties who are underwriting the application."
"UNDERWRITING AUTHORITY TYPE","3","Unassigned","Insurance (all LOB)","This is a code for restrictions that might apply when deciding the terms and conditions for an insurance agreement, for example, limited, not limited, or preferred."
"UNDERWRITING EXPENSE ACCOUNT","1","Unassigned","Insurance (all LOB)","A broad classification of expense excluding loss adjustment and investment expenses. Underwriting expenses include acquisition, field supervision, collections, taxes, licenses, and fees."
"UNDERWRITING REQUIREMENT TYPE","3","Unassigned","Insurance (all LOB)","This minor entity translates underwriting requirement type codes into descriptions.   Examples: - Blood test - Electrocardiogram - Official inspection of vehicle"
"UNDERWRITING STATUS TYPE","3","Unassigned","Insurance (all LOB)","A code for the result of the underwriting decision for this requirement.  Examples: - Pass  - Fail - Need further information"
"UNEARNED PREMIUM RESERVE ACCOUNT","1","Unassigned","Insurance (all LOB)","The unearned premium reserve is the liability for the unearned portion of premium of a policy in force or the amount required to provide for losses and expenses during the unexpired term of the policy."
"UNIFIED COVERAGE","4","Unassigned","Unified Coverage Type Cd","This entity contains the codes, descriptions, start date, and end dates of the unified coverage codes that are used by insurance companies (property and casualty) in the USA for handling claims in which at least two insurance companies are involved."
"UNIFIED COVERAGE CATEGORY","4","Unassigned","Unified Coverage Type Category Cd","This entity contains the category codes for classifying unified coverage types."
"UNIT COST TYPE","2","Foundation - Agreement","Unit Cost Type Cd","This minor entity identifies the version of unit cost. In Direct Expense Breakthrough, there can be multiple versions of unit cost depending on the calculation parameters such as standard costs, actual costs, and goal costs.  Examples: - Standard - Actual - Unit cost calculator"
"UNIT DISTRIBUTION EVENT","4","Investment - Event","New Product Id","This entity contains all investment product events that cause a distribution or redistribution of investment product units within a customer's portfolio or within your financial institution's holdings."
"UNIT DISTRIBUTION TYPE","2","Investment - Event","Unit Distribution Type Cd","This minor entity classifies how the security is distributed.  Examples: - Stock split - Rights issue - Warrants issue - Spin off - Take over"
"UNIT OF MEASURE","2","Foundation","Unit Of Measure Cd","This is the unit in which the quantity or magnitude is expressed. It can apply to any business element requiring a unit of measure.  Examples:  - For volume: Milliliter, UK dry pint, liter, liquid ounce, and cubic centimeter - For weight: Kilogram, ton, centigram, ounce, and pound - For length:"
"UNIT OF MEASURE CONVERSION","1","Foundation","To UOM Cd","Cross-references the translation of one unit of measure to another, similar, unit of measure (both belonging to the same category).  Examples: - Convert ounces to kilograms (members of weight category) - Convert acres to square feet (members of area category) - Convert yards to centimeters (mem"
"UNIT OF MEASURE TYPE","2","Foundation","Unit Of Measure Type Cd","This is a classification of units of measure.   Example:  - 'Length' might be described as 'the linear extent in space from one point to another' and categorize the following similar units of measure - inches, centimeters, feet, kilometers, millimeters, yards, and miles.  'Weight' might be desc"
"UNITED STATES BANK ACCOUNT IDENTIFIER","2","Foundation - Agreement","Agreement Identifier Start Dttm","This is the bank account number that is assigned to a bank account for a financial institution in the United States and which follows the numbering system as assigned by the American Bankers Association including a routing transit number.  This entity tracks the history of account numbers associat"
"UNKNOWN PARTY","2","Foundation - Party","Unknown Party Source Val; Unknown Party Id","This entity contains information about anonymous/ unidentified parties, some of which may become parties that are not known to the enterprise such as web site visitors. It provides a linkage to PARTY once the anonymous parties are known."
"UNKNOWN PARTY EVENT","0","Foundation - Event","","This entity contains the linkage to the identifier for parties where the party is not known for this event but an external party ID is coming in on a transaction. This could include identifiers such as the BIC (Bank Identifier Code) when used in bank-to-bank correspondence."
"UNKNOWN PARTY ID TYPE","2","Foundation - Party","Unknown Party Id Type Cd","This is a type code for those identifiers that may not have a party associated with them.  Examples:  - Web site anonymous visitor - Branch from bank to bank transaction"
"UNKNOWN PARTY LOCATOR","3","Foundation - Party","Investment - Event.Tax Lot","This entity identifies locators that may be used by an unknown party such as an email address, tweet address or phone number."
"UNPAID CLAIM ACCOUNT","1","Unassigned","Insurance (all LOB)","The unpaid claim account is the liability provision for unpaid losses and includes claims approved for payment not yet paid, pending claims, and closed claims reopened for payment."
"UNSETTLED TRADE PARAMETER","3","Investment - Agreement","Unsettled Trade Parameter Start Dt","This table is used to lookup the Risk Multiplier for calculating the capital charge for non-DvP (delivery versus payment) transaction.  Reference Annex 3 of the Nov 2005 Accord.  Transactions where cash is paid without receipt of the security or vice versa expose firms to a risk of loss of the a"
"UPDATE FOOTER","0","Unassigned","","%TeradataCreateReplace TRIGGER %If(%TriggerName) {%ProcedureOwner(.)%30TriggerName} %Else {%ProcedureOwner(.)t%1Action_%27TableName%TriggerSeq} AFTER %Action ON %TableOwner(.)%TableName    REFERENCING OLD TABLE AS OLDTABLE NEW TABLE AS NEWTABLE FOR EACH ROW"
"UPDATE HEADER","0","Unassigned","","WHEN (0 = (SELECT count(*) FROM %Child, newtable WHERE %JoinFKPK(%Child,newtable,' = ',' AND')))     /* ERwin Builtin Trigger */     /* %Action trigger on %TableOwner(.)%TableName */     /* %Parent %VerbPhrase %Child on parent insert restrict */     /* %ErwinRelationInfo */      ABORT 'Cannot insert"
"UPLOAD ITEM","2","Foundation - Event","Source Path Val","This entity captures information regarding items that are uploaded to the web site."
"URL INFORMATION","0","Foundation - Event","","This entity captures URL alias names for pages. Aliases are functions that take details of a given event (in this case the load of a page) and extract specific information."
"USER SETTING TYPE","2","Foundation - Channel","User Setting Type Cd","This entity describes the various types of settings available to the user."
"USER SOURCE INFORMATION","3","Foundation - Event","User Source Information Num","This entity captures string representations of a given user source (e.g., 'internal,' 'external,' or similar). This can in fact also be defined by any classification (measurement from a classifier) defined within the system."
"USER TYPE INFORMATION","7","Foundation - Event","User Type Information Num","This entity captures string representations of a given user type (e.g., 'browser,' 'intender,' or 'purchaser') as defined in the configuration. This user type can be any classification (i.e., measurement from a classifier) at all the system can produce."
"USSGL TRANSACTION TYPE","0","Foundation - Finance","","This entity is for U.S. Only - U.S. Government Standard GL codes for transactions."
"VALEDICTION TYPE","2","Foundation - Party","Valediction Type Cd","A code for how a person should be addressed when ending a conversation such as 'goodbye,' 'best regards,' 'regards,' 'sincerely,' and 'cheers.' The way a person is addressed can vary by whether the communication is formal or informal or written or verbal."
"VALUE AT RISK BACKTEST PARAMETER","4","Investment - Agreement","Backtest Dt","This entity tracks the Value at Risk (VAR) for a sample of counterparties over time.  Reference paragraph 180 in June 2004 Accord."
"VALUE AT RISK MULTIPLIER PARAMETER","5","Banking - Agreement","Value At Risk Multiplier Id; Standard Supervisory Adjustment Rule Id","This entity contains the multiplier factor to scale up the VAR (Value at Risk) model back test output exceptions.   Reference paragraph 180 in June 2004 Accord.   For example, for the party group that has a number of exceptions from '0' to '19,' the exception range zone is 'green,' and the multi"
"VARIABLE EARNING","1","Foundation - Party","Associate Payroll Transaction Id","This entity contains information about an associate's variable earnings, or pay received in the form of cash that is tied to productivity or other measure that varies with an organization's profitability. Examples of variable earnings include bonus and incentives."
"VARIABLE EARNING SUBTYPE","2","Foundation - Party","Variable Earning Subtype Cd","This is a code for the types of variable earnings such as bonus and commission."
"VARIABLE INTEREST RATE FEATURE","3","Foundation - Product","Spread Rate","This is a subtype entity to RATE FEATURE. This entity contains those interest rates that are tied to an index. This entity specifies the total interest, consisting of a fixed percentage (the attribute Spread Pct) plus a variable percentage (the foreign key attribute Interest Index Cd) that is tied t"
"VEHICLE MANUFACTURER TYPE","2","Foundation - Party Asset","Vehicle Manufacturer Cd","This minor entity converts the vehicle manufacturer code into the name of the manufacturer."
"VEHICLE MONITORING DEVICE","1","Unassigned","Vehicle Device Serial Num","This is an apparatus that is attached inside a vehicle or vessel (e.g., automobile or boat) and can provide information to an external source via radio transmission of where the vehicle is situated, its speed, and the direction in which it is moving."
"VENDOR","3","Foundation - Party","Vendor Type Cd","Vendor / Supplier information. Shared between purchasing and payables.  Vendor is considered a role that one party has with another party. The attributes about that vendor may vary by the related party."
"VENDOR PO","10","Foundation - Finance","Vendor PO Id","This entity defines an order placed by the company for asset types to be supplied by a VENDOR."
"VENDOR PO COMMENT","3","Foundation - Finance","Vendor PO Comment Line Id","This entity relates the VENDOR PO to any associated VENDOR PO COMMENT."
"VENDOR PO LINE","16","Foundation - Finance","Vendor PO Line Num","This entity defines the lines associated with a VENDOR PO. This is an order placed by the company with the VENDOR requesting the purchase of specific INTERNAL ASSET TYPEs. It can be for products and/or services and may include specific delivery dates, associated quantities, and expected price per un"
"VENDOR PO LINE BACK ORDER","6","Foundation - Finance","Vendor PO Line Num","This entity identifies the information about VENDOR PO LINEs that have been placed on back order.   Example:  - On 01/01/2003, a quantity of 32 of Part Number XYZ123 has been placed on back order and were promised to the customer on 02/01/2003."
"VENDOR PO LINE COMMENT","4","Foundation - Finance","Vendor PO Line Num; Vendor PO Line Comment Id","This entity identifies comments that are associated with a specific VENDOR PO LINE."
"VENDOR PO LINE RELATED","2","Foundation - Finance","Relates To Vendor PO Id","This entity relates one VENDOR PO LINE to another. For example, one VENDOR PO LINE might be broken down into many new lines with smaller quantities."
"VENDOR PO LINE RELATED TYPE","0","Foundation - Finance","","This entity indicates the predefined reason that two VENDOR PO LINEs are related, for example, replaced by, substituted for, and split in two."
"VENDOR PO LINE STATUS ASSIGNMENT","4","Foundation - Finance","Vendor PO Line Num","The entity tracks the various status or condition changes of a Vendor PO Line over time."
"VENDOR PO LINE TERM","4","Foundation - Finance","Vendor PO Line Num; Vendor PO Line Term Id","This entity identifies the terms and/or conditions that are associated with a VENDOR PO LINE."
"VENDOR PO PARTY","4","Foundation - Finance","Vendor PO Party Id","This entity associates the VENDOR PO to an involved PARTY. For example, it could identify the PARTY assigned to manage the order, the planner assigned to plan the order production, and the VENDOR that will be filling the order."
"VENDOR PO REASON","2","Foundation - Finance","Vendor PO Reason Cd","This entity identifies the reason for a VENDOR PO or vendor PO line status change. For example, a VENDOR PO could have its status changed to 'closed' once all of the line items are received."
"VENDOR PO RELATED","1","Foundation - Finance","Relates To Vendor PO Id","This entity allows one VENDOR PO to be related to another. For example, one VENDOR PO may replace another."
"VENDOR PO RELATED TYPE","0","Foundation - Finance","","This entity identifies how one VENDOR PO is related to another, such as replaced."
"VENDOR PO STATUS","2","Foundation - Finance","Vendor PO Status Cd","This entity contains VENDOR PO related status values, for example, open, approved, awaiting printing, cancelled, closed, closed for invoice, closed for receiving, finally closed, frozen, in process, incomplete, not on hold, not reserved, on hold, open, preapproved, printed, rejected, requires reappr"
"VENDOR PO STATUS ASSIGN","3","Foundation - Finance","Vendor PO Status Assign Dttm; Vendor PO Status Party Id","The entity tracks the various status or condition changes of a VENDOR PO over time."
"VENDOR PO TERM","1","Foundation - Finance","Vendor PO Term End Dttm","This entity identifies the terms and/or conditions that are associated with a VENDOR PO."
"VENDOR PO TYPE","2","Foundation - Finance","Vendor PO Type Cd","This entity distinguishes the various types of VENDOR POs, for example, regular, standing, blanket, and priority."
"VENDOR RECEIPT LINE","1","Foundation - Finance","Vendor Receipt Id","This entity identifies information about a specific INTERNAL ASSET TYPE contained in a receipt from a VENDOR. It may relate to a specific VENDOR PO and include the receiving SITE, and the INTERNAL ASSET TYPE quantity."
"VENDOR RECEIPT LINE VENDOR PO LINE","3","Foundation - Finance","Vendor PO Line Num","This entity identifies the vendor receipt lines that have been received for a given vendor PO line. It records the actual quantity received out of the quantity ordered."
"VENDOR RETURN PO LINE","2","Foundation - Finance","Vendor Return PO Line Item Qty","This entity identifies the outgoing RETURN LINEs that have been made against a VENDOR PO LINE."
"VENDOR TYPE","4","Foundation - Finance","Vendor Type Cd","This entity contains one entry for each VENDOR TYPE defined within the ERP. Predefined VENDOR TYPEs include employee, public sector company, tax authority, and vendor."
"VERY IMPORTANT PERSON TYPE","0","Foundation - Party","","A code for the type of Very Important Person such as country dignitary, CEO, and Vice President. This may affect treatment."
"VESSEL","1","Foundation - Party Asset","Vessel Registration Num","This entity is a subtype to PARTY ASSET and describes boats and aircrafts."
"VIDEO","0","Unassigned","",""
"VISIT","1","Foundation - Event","Visit Id","This is an event that enables the grouping of transactions generated by the same party at the same location. It can be thought of as a 'visit' (in person) or a 'session' (by remote channel, such as web or call center).  The enterprise would have to establish rules for determining the way transacti"
"VISIT ACTION TYPE","2","Foundation - Event","Visit Action Type Cd","A classification of the visit based on the kind of action taken.  Examples: - Interest rate inquiry - Loan application - Loan product information - Refinance information request"
"VISIT PRODUCT FEATURE SUMMARY","4","Foundation - Event","Total Visit Product Cnt","This entity captures summary information regarding the product features associated with visitor session activities."
"VISIT PROMOTION XREF","0","Foundation - Event","","This entity captures information regarding visitor promotion offers received during their session."
"VISIT SUBTYPE","2","Foundation - Event","Visit Subtype Cd","This entity classifies the type of visit regarding the channel visited.  Examples:  - Web visit - Branch visit - Call center call"
"VISITOR","9","Foundation - Event","Visitor Source Val; Visitor Id","This entity contains information about anonymous/unidentified contacts that are not known to the enterprise such as web site visitors. The visitor identification is linked to the contact point's persistent cookie via this entity; this allows the tracking of repeat visits to the enterprise's web site"
"VISITOR IDENTIFICATION METHOD TYPE","2","Foundation - Event","Visitor Identification Method Type Cd","This is the means by which a party (visitor) is identified for a web visit. There are three possible values: IP address, cookie, and registered."
"VISITOR INTERACTION EVENT","2","Foundation - Event","Visitor Interaction Event Id","This entity captures information regarding event being experienced by the visitor. Interaction events can be either session based or web page view based.   Session based events are: - Web campaign - Media player - Web custom - Web product view - Web purchase - Web Shopping cart - Conversion"
"VISITOR INTERACTION EVENT SUBTYPE","2","Foundation - Event","Visitor Interaction Event Subtype Cd","This entity captures information regarding the various types of visitor interaction events. Visitor interaction events can be either session based or web page view based.   Session based events are: - Audio play - Web campaign - Media player - Web custom - Web product view - Web purchase - "
"VISITOR LOGON","5","Foundation - Event","Visitor Logon Cnt","This entity captures the login information of a visitor."
"VISITOR LOGON SYSTEM","1","Foundation - Event","System Logon User Name","This entity captures information regarding visitor logons to their system accounts."
"VISITOR LOGON TYPE","2","Foundation - Event","Visitor Logon Type Cd","This entity captures information regarding visitor logon subtypes. Visitor logons can be to system account, social network or email accounts."
"VOLATILITY RISK CALCULATION","0","Investment - Agreement","","For volatility risk, banks are required to calculate the capital charge by multiplying the sum of the vegas for all options on the same underlying by a proportional shift in volatility of plus/minus 25%.  The total capital charge for vega risk will be the sum of the absolute value for the individu"
"VOTING STOCK ACCOUNT","0","Foundation - Finance","","This entity identifies common stock equity as a voting stock. Voting stock equities of a public corporation have voting rights."
"WARNING ALERT","8","Foundation - Event","Foundation - Event.Alert Actual","A type of ALERT EVENT such as below threshold test results or readings, geographical events (e.g., floods, and earthquakes) which require a response, and a drop in production yield."
"WARRANT OFFER","4","Investment - Event","Warrant Offer Per Share Qty","Call options offered exclusively to shareholders."
"WATCH LIST","7","Foundation","Watch List Id","This entity contains information about the list to be used for anti --money laundering detection purposes. The lists can be used for monitoring transaction or trading activities for money laundering or fraud. This entity is information about the list and does not contain the members of the list.  "
"WATCH LIST MEMBER","4","Foundation","Watch List Member Reason Txt","This entity contains all the members of a watch list.  The watch list contains members from various subjects including: - Agreement - Parties - Geographic Areas"
"WATCH LIST RISK TYPE","2","Foundation","Watch List Risk Type Cd","A classification of whether this list includes subjects of high risk or subjects that are trustworthy."
"WATCH LIST SOURCE","1","Foundation","External Source Ind","This entity contains the sources of information used to create this watch list. The source could be from many internal systems. It could be from an externally provided watch list."
"WATERFALL PAYMENT TYPE","2","Banking - Agreement","Waterfall Payment Cd","A code for the position of this tranche or account in the 'waterfall' of payments. In contrast to seniority type, this makes it possible to determine the seniority of certain methods in cases where not all the data is available.  Examples: - First loss piece or a position which is treated as a fi"
"WEATHER STATION","0","Foundation - Location","","This is a type of site that is a station for measuring weather such as temperature, barometric pressure, wind speed and direction, wind chill, dew point, humidity, cloud cover, snow cover, and precipitation over time. The measurements that are recorded depend on the sophistication of the weather sta"
"WEB AD","1","Foundation - Campaign","Web Ad Id","A marketing message that appears on a web site."
"WEB AD PLACEMENT","11","Foundation - Campaign","Web Ad Placement Id","The specifics of where and when a specific web advertisement will be displayed.  Example:  - Banner ad #232 (with the animated poodle) will be displayed on the AOL 'Pets' area during January 2000."
"WEB AD PLACEMENT CONTRACT","4","Foundation - Campaign","Guaranteed Impressions Cnt","The entity represents the agreement made between the one party and another (e.g., ad service provider and the advertiser) that states the time period for the contract, the number of impressions and click-throughs guaranteed to the advertisers and the cost for each impression and click-through."
"WEB AD PLACEMENT SUMMARY","4","Foundation - Campaign","Web Ad Statistics Dttm","This provides statistics about web ads that are useful in measuring their effectiveness. These values are usually collected by the ad agency.  For example, banner ad 'blue sweater' on mysite.com has 100 impressions, and 20 click-throughs over the last month."
"WEB AD PLACEMENT TEXT","1","Foundation - Campaign","Web Ad Placement Txt","This entity contains text associated with a web ad placement such as: - URI Text - The URI of the advertisement, whether that advertisement be a banner displayed on a publisher's page or a web page interposed between a link of interest to a visitor and the target of that link. - URI Stem - The URI"
"WEB AD PLACEMENT TEXT SECTION","0","Foundation","","This entity is the link to web ad placement text unstructured data."
"WEB AD TYPE","2","Foundation - Campaign","Web Ad Type Cd","A classification scheme used to organize WEB ADs. The classification can be used to provide summary information about the performance of various WEB ADs.  Examples: - Premium banner ad - Discounted banner ad - Keyword related banner ad"
"WEB BANNER AD","3","Foundation - Campaign","Foundation - Campaign.Advertisement","This entity contains marketing messages for a mix of images and text that is usually hosted by a third-party organization on a web page.  Example: - A blue sweater ad with an image of blue sweater that links to a retailer's web site."
"WEB CAMPAIGN EVENT","6","Foundation - Event","Web Campaign Event Attribute Val","This entity captures information specific to campaign events."
"WEB DOCUMENT EVENT","2","Foundation - Event","Document Completion Ind","This entity identifies documents or forms that were accessed during the web page view."
"WEB EVENT DETAIL","2","Foundation - Event","Web Page Event Field Name Id; Web Page Event Field Value Id","Links name/value pairs to the events associated with the name/value pair entry."
"WEB FORM","1","Foundation - Event","Web Form Document Id","This entity captures information relating to forms utilized on the web site.  This is not the html name of the form, but an arbitrary name under which this form is configured (e.g., 'Checkout Form' and 'Login Form')."
"WEB FORM EVENT","4","Foundation - Event","Form Event Index Cnt","This entity captures information regarding visitor access to forms while visiting the web site."
"WEB GROUP PUBLISHER","1","Foundation - Channel","Publisher Party Id","A cross reference of the actual Publishers contained in a specific WEB SITE GROUP."
"WEB INTERACTION EVENT","1","Foundation - Event","Web Interaction Event Id","This entity stores information about events that are web visits."
"WEB INTERACTION SITE TYPE","2","Foundation - Event","Web Interaction Site Type Cd","This is a code for the types of sites that the system can provide information on such as social network, blogs, and news feeds."
"WEB PAGE","11","Foundation - Channel","Web Page Id","This entity represents a collection of multimedia objects displayed to visitors via use of a web browsing application during visits to a web site. A web page can contain product information, marketing information, customer service information. It can also allow for interaction, in the form of the cr"
"WEB PAGE AD VIEW XREF","1","Foundation - Event","Viewed Ad Id","This entity provides linkage between web pages viewed and the advertisements displayed on those pages."
"WEB PAGE CONTEXT","0","Foundation - Channel","","This entity links the context with the web page being rendered."
"WEB PAGE ERROR","1","Foundation - Channel","Web Page Error Dttm","Captures information regarding errors received by visitors while viewing a web page."
"WEB PAGE ERROR TYPE","4","Foundation - Channel","Web Page Error Type Id","This entity captures information regarding the various types of page view errors.   Example:  - In page activity (credit cards not being accepted and a booking failing.) as well as the standard sorts of JavaScript errors."
"WEB PAGE EVENT INFORMATION","7","Foundation - Event","Web Page Event Information Parameter Txt","This entity captures visitor event information associated with the page being viewed. It captures information common to all page events.  Possible page events are: - Normal  - Forms - Forms field - Download - Custom - Internal search"
"WEB PAGE GENERATION TYPE","2","Foundation - Campaign","Web Page Generation Type Cd","This entity is used to classify the method involved in generating a web page.  Example: - Static versus dynamic page"
"WEB PAGE MM OBJECT","4","Foundation - Campaign","Web Page MM Object Start Dttm; Link To Web Page Id","This is an associative entity that tracks various objects appearing on a web page.  Example:  - On web page #889243 is found the following objects - header, logo in upper left hand corner, picture centered, product link, and standard footer bar with links."
"WEB PAGE OBJECT VIEW","3","Foundation - Channel","Web Page Object View Object Dttm","This entity captures information regarding objects (images) displayed on a given web page."
"WEB PAGE PRODUCT XREF","0","Foundation - Channel","","This entity captures information specific to linking products to web pages. It supports environments where pages are directly connected to web pages independent of visitors or their sessions."
"WEB PAGE STATUS CATEGORY","2","Foundation - Channel","Web Page Status Category Cd","This entity captures information regarding the grouping domain for web page view error statuses.  Examples:  - Credit card failure - JavaScript error - Specific page view error"
"WEB PAGE TEXT","1","Foundation - Channel","Web Page Txt","This entity contains the text associated with this web page other than multimedia objects such as:  - URL - The uniform resource locator associated with a WEB PAGE.  - Communication protocol - Specifies a communication protocol such as http:// and ftp://."
"WEB PAGE TEXT SECTION","0","Foundation","","This entity is the link to web page text unstructured data."
"WEB PAGE VIEW","27","Foundation - Event","Web Page View Sequence Cnt; Current Web Page Id","This entity stores the information about the actual WEB PAGEs displayed to an individual during a given WEB VISIT.  Example:  - Home page - > product page - > casual wear - > sweaters -> blue sweater. Along with this chain of pages visited, information about bytes transferred, the time stamp when"
"WEB PAGE VIEW AD SUMMARY","2","Foundation - Event","Total Ad Cost Amt","This entity captures summary information regarding the advertisements associated with visitor session activities."
"WEB PAGE VIEW SUMMARY","5","Foundation - Event","Web Page View Summary Start Dt","This entity captures summary information regarding visitor session activities."
"WEB SCENARIO EVENT","4","Foundation - Event","Web Scenario Event Name","This entity captures information regarding custom scenario events. Scenario events capture information regarding procedural steps exercised by visitors."
"WEB SCENARIO STEP","3","Foundation - Event","Scenario Step Sequence Cnt","This entity captures information regarding the steps of a custom scenario event. This entity captures the steps processed within a visitor scenario."
"WEB SECTION SUBTYPE","2","Foundation - Campaign","Web Section Subtype Cd","This entity represents a classification of the content for a web section subtype similar to sections of a newspaper. A web section subtype may be divided into several sections based on the content of the pages.  Examples:  - Sports - Finance - Current news"
"WEB SERVER","9","Foundation - Channel","Web Server Id","This entity provides summary information about the physical server devices servicing a WEB VISIT.  Example:  - Web server #3 PRIMERETAIL using port number 80 with secure connection, and running Apache software located in time zone 5 (EST)."
"WEB SERVER ACTIVITY","11","Foundation - Channel","Web Server Start Dttm","This entity provides operational metrics for a web server.   Example:  - Hits per minute - Delay time - Number of aborted requests"
"WEB SERVER INTERNET PROTOCOL ADDRESS","2","Foundation - Channel","Web Server Internet Protocol Address End Dttm","This entity captures the IP address(es) of a specific web server."
"WEB SERVER SOFTWARE","3","Foundation - Channel","Web Server Software Cd","This entity captures information about the software being utilized by the web server.   Example:  - Apache  - IIS"
"WEB SERVER STATUS","2","Foundation - Channel","Web Server Status Start Dttm","This entity contains information regarding the status of the web server utilized by the enterprise."
"WEB SERVER STATUS CATEGORY","2","Foundation - Channel","Web Server Status Category Cd","This is a grouping domain for web server status.  Examples: - Unknown - Informational - Successful - Redirection - Client error"
"WEB SERVER STATUS TYPE","2","Foundation - Channel","Web Server Status Type Cd","This is an entity used to provide information about web server status. This entity contains server codes pertaining to errors and other conditions of the server.  Example:  - '401 - Page not Available'"
"WEB SESSION COOKIE","0","Foundation - Event","","This entity captures information regarding cookies that are associated with visitor web visits."
"WEB SHOPPING EXPERIENCE EVENT","9","Foundation - Event","Shopping Experience Event Id","This entity captures information regarding visitor shopping experiences; these include shopping cart activity, wish list, product view, and purchase events.  Possible shopping experience events types are: - Shopping cart  - Product view - Purchase - Wish list  Possible functions performed fo"
"WEB SHOPPING EXPERIENCE EVENT PRODUCT XREF","3","Foundation - Event","Shopping Experience Item Cnt; Shopping Experience Product Id","This entity provides a cross reference between items and the shopping experience events they are utilized in."
"WEB SHOPPING EXPERIENCE EVENT SUBTYPE","2","Foundation - Event","Web Shopping Experience Event Subtype Cd","This entity captures information regarding the type of shopping cart event the visitor experienced.  Possible shopping experience events types are: - Shopping cart  - Product view - Purchase - Wish list"
"WEB SHOPPING EXPERIENCE FUNCTION TYPE","2","Foundation - Event","Web Shopping Experience Function Type Cd","This entity captures information regarding functions performed during shopping experience events.  Possible functions performed for shopping experience events are: - Added - Removed  - View - Increased quantity - Decreased quantity - Purchase"
"WEB SITE","5","Foundation - Channel","Web Site URI Desc; Web Site Owner Party Id","This entity represents a collection of enterprise-owned web pages under a single domain name.   Example:  - Teradata.com"
"WEB SITE BREADCRUMB","5","Foundation - Event","Web Site Breadcrumb Id","This entity stores information regarding web site breadcrumbs, which are the digital signals used to link pages viewed by visitors."
"WEB SITE CONTENT TYPE","2","Foundation - Channel","Web Site Content Cd","This entity represents a classification of the content of a web site.  Examples:  - Sports - News - Portal"
"WEB SITE CRAWLER","1","Foundation - Channel","Web Site Crawler Dttm","This entity contains a history of the web sites that have been accessed by specified crawlers."
"WEB SITE DATABASE REPOSITORY","2","Foundation - Channel","Web Site Database Repository Num","This entity contains information regarding the database repository for the web site."
"WEB SITE ENTRY TYPE","2","Foundation - Event","Web Site Entry Cd","This entity captures information regarding the description of the area of the site that was first visited (initial visit location in short), for example, 'DVD section' or 'mortgage application.'"
"WEB SITE GROUP","2","Foundation - Channel","Web Site Group Cd","This entity groups web sites into classifications such as a computer and technology web site, cooking web site, and astronomy web site. A web site can be in many groups and a group contains many web sites. Also known as network.  One example of a group is a group of publisher sites that an ad or c"
"WEB SITE GROUP XREF","0","Foundation - Channel","","This entity groups web sites into classifications such as a computer and technology web site, cooking web site, and astronomy web site. A web site can be in many groups and a group contains many web sites."
"WEB SITE NAVIGATION","4","Foundation - Channel","Web Site Navigation Id; Web Site Navigation Parent Navigation Id","This entity provides the site map independent of the fact that the pages that instantiate this structure may change over time.  For example, 'Blue suede shoes' page could be part of the 'Elvis collection' class hierarchy or the 'Men's Shoes' class hierarchy. Over time, 'Blue suede shoes' could als"
"WEB SITE SECTION","3","Foundation - Channel","Web Site Section Id","This entity represents divisions of a web site such as Yahoo Sports or Yahoo Finance in order to divide large web sites into smaller divisions of related web pages that contain similar content.  Additional examples of web site sections could be: - Online versions of print publications - Web site"
"WEB SITE SERVER","2","Foundation - Channel","Web Site Server End Dttm","This entity associates the web sites that are supported by a web server.  Example:  - Web site #25 is supported by web server #18 with a backup web server #19 - Web site #1 is supported by a server group including web server #8-15"
"WEB SITE SUBSTITUTE SECTION","3","Foundation - Channel","Web Site Substitute Section Id","This entity captures information regarding the subsections within a web site section."
"WEB SITE SUBSTITUTE SECTION TYPE","2","Foundation - Channel","Web Site Substitute Section Type Cd","This entity captures information regarding the various types of web site substitute sections."
"WEB SITE SUBTYPE","2","Foundation - Channel","Web Site Subtype Cd","This entity is used for classify a web site as referring or regular."
"WEB SITE USER SPACE","1","Foundation - Channel","Visitor Unknown Party Id","This entity supports the concept of a user space within a web site.  Typically, used for social networking sites (Myspace and Facebook), and other web publishers that allow users to set up their own user space.  This entity also groups all owned pages of the user space together.  Web visitors "
"WEB TEXT AD","0","Foundation - Campaign","","This entity contains marketing messages using text descriptions intended for placement on a web page.  Example:  - A text message saying 'Buy Blue Sweaters' that is linked to a retail web site's blue sweater page."
"WEB VISIT","22","Foundation - Event","Session Visit Cnt","This entity represents a visit during which an internet web site is accessed by an individual using the world wide web.  Example: - An unknown visitor browsed our web site today from 12:32 through 13:47."
"WEB VISIT INTERNET PROTOCOL XREF","4","Foundation - Event","Web Visit Internet Protocol Usage Start Dttm; Visitor Internet Protocol Address Id","This entity provides linkage of visitor sessions to their various IP addresses used to connect to the enterprise's web site during the session. Via usage of dynamic IP address assignments, a visitor may use multiple different IP addresses to connect to the enterprise's web site during the session. T"
"WEB VISIT SUBTYPE","2","Foundation - Event","Web Visit Subtype Cd","This code is used as a subtype discriminator such as for extended session information."
"WEB VISIT SUMMARY","12","Foundation - Event","Web Visit Summary Start Dt","This entity captures derived summary information regarding visitor session activities."
"WEB VISITOR EVENT TYPE","2","Foundation - Event","Web Visitor Event Type Cd","The type of activity that the visitor was engaged in during the visit to a web page such as responding to a campaign, product information, and applying for an account."
"WHISPER OPTION","0","Investment - Product","",""
"WIRELESS PROTOCOL CHANNEL TYPE","0","Foundation - Channel","","Wireless Application Protocol (WAP) is an open international standard for applications that use wireless communication. Its principal application is to enable access to the Internet from a mobile phone or PDA. A WAP browser provides all of the basic services of a computer based web browser but simpl"
"WISH LIST EVENT","2","Foundation - Event","Wish List Event Id; Wish List Cart Id","This entity captures information specific to shopping experience wish list events."
"WITHHOLDING TAX","3","Foundation - Party","Assoc Payroll Transaction Id; Tax Authority Party Id","This entity holds information about taxes which employers are required to withhold from associates' pay. Types of withholding taxes vary depending on the employer's tax jurisdiction. Examples of withholding taxes include federal income tax, state income tax, and local tax."
"WITHHOLDING TAX SUBTYPE","4","Foundation - Party","Withholding Tax Subtype Cd","This entity holds information about the types and descriptions of withholding taxes, which vary depending on the employer's tax jurisdiction. Examples of withholding taxes include federal income tax, state income tax, and local tax."
"WORK SHIFT DAILY HOURS","2","Foundation - Location","Work Shift Start Tm",""
"WORK SHIFT DAY OF WEEK HOURS","1","Foundation - Location","Work Shift Start Tm","Details the start and duration of a WORK SHIFT TYPE for a group of SITEs by DAY OF WEEK."
"WORK SHIFT TYPE","2","Foundation - Location","Work Shift Cd","Denotes the shift a PARTY works at a SITE, e.g., day, night, weekdays, and weekends nights."
"WORKSTATION TERMINAL","2","Foundation - Internal Organization","Terminal Num","This entity tracks all the workstation terminals that are related to potential sales or service channels such as the terminals at a branch or call center."
"WORKSTATION TYPE","2","Foundation - Internal Organization","Workstation Type Cd","This minor entity describes the type of workstation such as teller terminal in the branch office and network PC in the call center."
"XPKFINANCIAL AGREEMENT EVENT","0","Unassigned","",""
"YIELD CURVE MATURITY RISK FACTOR","7","Investment - Agreement","Yield Curve Maturity Segment Id; Yield Curve Maturity Segment Id","This is the risk factor associated with the yield curve maturity segment when calculating market risk for interest rates using the internal models approach."
"YIELD CURVE MATURITY SEGMENT TYPE","4","Investment - Agreement","Yield Curve Maturity Segment Cd; Yield Curve Maturity Segment Id","For market risk calculation for interest rates using the internal models approach, the yield curve is divided into maturity segments to capture the volatility of rates along the yield curve.  Example of a segment is LIBOR 1-10 years."
"YIELD CURVE POINT","6","Foundation - Product","Term Period Cd","The yield curve is the relation between the interest rate (or cost of borrowing) and the time to maturity of the debt for a given borrower in a given currency as of a certain reporting date. It contains the X-axis and Y-axis information of the yield curve over time. Yield curves exist for any intere"
"YIELD TO MATURITY PARAMETER","4","Investment - Agreement","Maturity Remaining Year Qty","This entity contains the yield to maturity for an instrument type (e.g., zero coupon bonds)."
"Z BOND","0","Investment - Product","","Z bonds are tranches where the bond coupon is accrued by adding the interest to the face value of the bond. The interest that normally would be paid to the parent bond during the lockout period is deferred and added to the Z bond's principal value in a process called accretion."
