Question_ID,Category,Section,Question_Text,Emerging,Developing,Practicing,Innovating,Leading,Roles,Industries,Business_Functions,Is_Financial,Is_TBA,Review_Types
1,Business,Summary,"Is there an Executive (or executive position) who champions data and analytics or innovation? (This might include a Chief Data Officer, Chief Analytics Officer, or BICC Executive Sponsor or similar titles).",Organisation structure siloed to focus on localised efforts,Organisation structure supports targeted enterprise needs and initiatives,Business structure supports most enterprise needs & localised efforts,Business organised to deliver and considers operational and broader strategic needs,Business structure adapts to change whilst providing high quality operations,Business Sponsor; Program & Project Management; Power User; End User; C-Level,,,False,False,Big Data Capability Review; Data Warehouse Maturity Review; Ecosystem Architecture Review; AI and Machine Learning Review; Custom Review
2,Business,Summary,Do your Executives get the data and analytic results that they need?,Access to less than half the analytics outputs that are required.,"Access to some of the analytics outputs though missing key components.  Value prop measured at silo-level, not overall",Access to most of the analytics outputs,Access to all data required but analytics are mostly retrospective or time-delayed,Analytics outputs received in real-time and alerts in place on event triggers,Business Sponsor; C-Level,,,False,False,Big Data Capability Review; Data Warehouse Maturity Review; Ecosystem Architecture Review; AI and Machine Learning Review; Custom Review
3,Business,Summary,How effectively is data and analytics used to support business processes?,No analytics are in use.  Decisions are based on gut-feel and historical data,Analytics are occasionally used to advise on strategic decisions,Analytics are available for most decisions and are sometimes used to over-ride gut feel decisions,"Most strategic and tactical decisions are based on analytic outcomes, and some operational decisions are automated based on analytic models",Analytics drives operational and strategic value differentiation from the market,Business Sponsor; Business Analyst; Data Analyst/Modeller/Scientist; Data Engineer; IT Management; Program & Project Management; Power User; End User; C-Level,,,False,False,Big Data Capability Review; Data Warehouse Maturity Review; Ecosystem Architecture Review; AI and Machine Learning Review; Custom Review
4,Business,Summary,"Does your organisation have an ""Analytics as a Service"" function (either internally or contracted externally) where analytics skills (ranging from report developers through to data scientists) are available on call to assist in delivering business outcomes?",,,,,,Business Sponsor; Business Analyst; Data Analyst/Modeller/Scientist; Architect; Data Engineer; IT Management; IT Operations; Program & Project Management; Power User; End User; C-Level,,,False,True,Big Data Capability Review; Data Warehouse Maturity Review; Ecosystem Architecture Review; AI and Machine Learning Review; Custom Review
5,Business,Strategy,How do senior executives communicate the vision and goals? Are their direct reports and their organizations aware of the enterprise vision and goals?  Are their direct reports and their organizations aware of areas specific vision and goals and how those support the enterprise?,There is little or no communication of the analytics vision and goals across the organisation,Inconsistent but improving company communications about the vision and goals. There are separate analytics visions for each business unit or a single corporate goal that is not communicated,"Company goals, vision and status are regularly communicated. Executives work towards formulating a shared analytics vision, understanding how each component works together",Executives champion and promote the broader vision along with how their area contributes to that vision,"Communications channels are used to effectively update the internal organisation, their customers and the broader industry",Business Sponsor; IT Management; Program & Project Management; C-Level,,,False,False,Data Warehouse Maturity Review
6,Business,Strategy,"If you have multiple business units, do they share a common vision for data and analytics?",There is no enterprise vision and minimal collaboration across departments,There is no enterprise vision but there is collaboration across departments,There is a draft vision in place supported by most executives across most departments,There is a shared strategic vision.  Executives champion initiatives,There is shared strategic and operational vision that leads the industry,Business Sponsor; Architect; Program & Project Management; C-Level,,,False,False,Data Warehouse Maturity Review
7,Business,Strategy,Is there a primary driver in your industry that is moving you toward a specific vision or capability?,,,,,,Business Sponsor; Business Analyst; C-Level,,,False,True,Data Warehouse Maturity Review
8,Business,Strategy,Are there regulatory/compliance needs driving your organization’s priorities?,,,,,,Business Sponsor; Architect; IT Management; IT Operations; Program & Project Management; C-Level,,,False,True,Data Warehouse Maturity Review
9,Business,Strategy,What are the business’s biggest challenges in getting the information they need from IT?,,,,,,Business Sponsor; Business Analyst; Architect; C-Level,,,False,True,Data Warehouse Maturity Review
10,Business,Strategy,What are IT’s biggest challenges in providing the data and the tools needed by the business?,,,,,,Business Sponsor; Architect; IT Management; IT Operations,,,False,True,Data Warehouse Maturity Review
11,Business,Strategy,What are your strategic business initiatives for the next 12-18 months? What would the Executives say are the most pressing issues or challenges with analytics or data?,,,,,,Business Sponsor; C-Level,,,False,True,Data Warehouse Maturity Review
12,Business,Strategy,What needs or questions does your business have that is currently not able to be addressed with your existing analytics and data warehouse environment?,,,,,,Business Sponsor; Business Analyst; Data Analyst/Modeller/Scientist; Architect; IT Management; Program & Project Management; Power User; End User; C-Level,,,False,True,Data Warehouse Maturity Review
13,Business,Roadmap,"Who develops the overall data and analytics strategy?  Is there an analytic roadmap? If so, who is responsible for executing and updating the roadmap?",There is no broader business strategy for analytics and data,A business strategy for analytics and data is emerging with a few key metrics defined,A business strategy that has been defined and agreed for data and analytics,A business strategy that shows analytics and data as a key part of the overall organisation strategy is in place and most metrics are defined,The Analytics and Data strategy is a key differentiator and shows how the organisation uses analytics and data now and into the future,Business Sponsor; Architect; IT Management; Program & Project Management,,,False,False,Data Warehouse Maturity Review
14,Business,Roadmap,How are executives kept informed of priority projects and their status?,There is no project status reporting capability,Project sponsors are updated monthly on their specific projects,A company-wide program office provides weekly or monthly reports on the status of all analytics projects,Some projects are delivered with project tracking tools that provide daily status updates and tracking,A company-wide daily project status dashboard provides overview information with drill-down capabilities showing detailed project status based on project tracking tools,Business Sponsor; Architect; IT Management; Program & Project Management; C-Level,,,False,False,Data Warehouse Maturity Review
15,Business,Roadmap,How involved are senior executives involved in the review and resolution of cross-functional issues? How are they involved in the prioritization and budgeting of projects? Is there an executive champion assigned to critical projects or programs?,"There is no executive council or forum responsible for the vision, enterprise program or project execution. There are no standard processes for resolving cross-department conflicts",An Executive Council or Steering Committee has been formed to direct and oversee a critical project or program. An escalation process for resolution of critical issues is put in place,"An Executive Steering committee regularly sets direction, resolves escalated program conflicts or issues and communicates updates","An Executive Steering Committee oversees direction and steers the analytics program for the company, promoting alignment and innovation",An Executive Steering Committee sets shared direction and champions projects leading to new insights,Business Sponsor; IT Management; Program & Project Management; C-Level,,,False,False,Data Warehouse Maturity Review
16,Business,Funding,"How are data and analytic needs reviewed, prioritized and budgeted?",Discovery is not treated separately from projects.  Executives not involved. Failures are covered up.,Analytics Discovery is funded as phase 1 of planned analytics projects,Some discovery projects are funded at business unit level.  Executives embarrassed by failures,Programmatic approach to discovery (e.g. A/B testing etc.) appears in some business units.  Executives of those units involved in prioritisation,Organisation-wide adoption of analytics discovery with executives involved in both successes and failures.  Corporate-wide  prioritisation and funding controls,Business Sponsor; Business Analyst; Data Analyst/Modeller/Scientist; Architect; IT Management; Program & Project Management,,,False,False,Data Warehouse Maturity Review
17,Business,Funding,Is an approved business case required for analytics projects?,Inconsistent project prioritization and funding processes,High level discussions to prioritize and determine selected project funding,Repeatable prioritisation and funding process with high level business cases,Prioritization and funding processed work well and provide path for new ideas.  Business case defines and tracks metrics,Prioritisation and funding promote operational improvements and strategic efforts.  Metrics effectively gathering and analysed to determine business case success,Business Sponsor; IT Management; Program & Project Management,,,False,False,Data Warehouse Maturity Review
18,Business,Funding,"Describe the process for identifying and prioritizing projects.  Describe the criteria used when prioritizing (i.e. Complexity, Costs, Projected Benefits, Prerequisite Needs, Resource Needs, etc.). How far out does the planning go?",Inconsistent project prioritization and funding processes,High level discussions to prioritize and determine selected project funding,Repeatable prioritization and funding process exists,Prioritization and funding processes work well and provide path for operational improvements and new ideas,"Prioritization and funding promote discovery efforts, operational improvements and the strategic vision",Business Sponsor; Business Analyst; Architect; IT Management; Program & Project Management,,,False,False,Data Warehouse Maturity Review
19,Business,Funding,"Do all projects fall into this process, or are there different processes based on the project’s estimated cost, resource needs, or business function?",Little differentiation between how projects supporting operations and the strategic vision are funded or prioritized,Business Cases are required for strategic or large value projects.,"All projects require business cases, with the level of detail appropriate for the size of the investment.  Different paths for approval for different project types (discovery, strategic, operational, improvement etc.) may start to appear","Differentiated paths exist for discovery, operational and strategic projects.  All project types require some financial justification.  Creative funding ideas encourage continuous improvement.",Prioritization promotes and funds discovery projects quickly and differently from operational needs.  A consistent path exists for identifying and promoting strategic projects,Business Sponsor; Business Analyst; Architect; IT Management; Program & Project Management,,,False,False,Data Warehouse Maturity Review
20,Business,Funding,How are potential projects estimated or qualified in preparation for the prioritization or funding process?,Estimates are prepared based on gut feel.,Prior historical outcomes are used to estimate value of new discovery projects,"Discovery projects are not estimated.  Operational and strategic projects are, based on historical proof points or estimated business value","Discovery projects are not estimated.  Operational and strategic projects are, based on reliable financial modelling.",Discovery projects (e.g. A/B testing) are used to provide qualified estimates for larger projects,Business Sponsor; Business Analyst; Architect; IT Management; Program & Project Management,,,False,False,Data Warehouse Maturity Review
21,Business,Funding,"For those projects that do not qualify for prioritization and funding process, how are resources allocated and tracked? How does the business fund analytic discovery?",Annual headcount budget allocated to cover all non-project activities.  No value tracking is done for this time,Annual headcount budget allocated to cover all non-project activities.  Effort is sometimes tracked and reported against task,Annual headcount budget allocated to cover all non-project activities.  Effort is consistently tracked and reported against task assigned,Investment pool is allocated to fund small analytics activities. Business value statements are submitted and reported for all non-project activities.  Resources are assigned to highest business value first,Central pool of investment funds and resources exists for small project activity.  Resoucres are allocated based on business value which is tracked and reported on,Business Sponsor; IT Management; Program & Project Management,,,False,False,Data Warehouse Maturity Review
22,Business,Funding,"What is your baseline for projecting data and analytic funding and resource demand? Do you start out with an annual budget that is driven by last year's budget (or example, plus or minus 5%)?  What is included in the funding of data and analytic initiatives (i.e. architecture, technology, business and IT resources, contractors, etc.)?",Annual headcount budget allocated to cover all non-project activities.  No value tracking is done for this time,Annual headcount budget allocated to cover all non-project activities.  Effort is sometimes tracked and reported against task,Annual headcount budget allocated to cover all non-project activities.  Effort is consistently tracked and reported against task assigned,Investment pool is allocated to fund small analytics activities. Business value statements are submitted and reported for all non-project activities.  Resources are assigned to highest business value first,Central pool of investment funds and resources exists for small project activity.  Resources are allocated based on business value which is tracked and reported on,Business Sponsor; IT Management; Program & Project Management; C-Level,,,False,False,Data Warehouse Maturity Review
23,Business,Funding,Who is the final decision maker for funding and prioritization?   Is there an executive level position that provides input for data and analytic needs and priorities to the final decision maker?,"For larger projects, decisions to fund or proceed are made by a single sponsor",Different business areas are starting to collaborate and partner when funding initiatives,"A standard prioritization process, shared by business and IT, exists.   Thresholds determine when a project or system request requires formal funding and prioritisation",Prioritization and funding processes work well and provide path for operational improvements and new ideas.  Thresholds effectively promote discovert and completion of smaller projects whilst requiring estimating and design for projects with cross-organisational impacts,Prioritization promotes and funds discovery projects quickly and differently from operational needs.  A consistent path exists for identifying and promoting strategic projects,Business Sponsor; IT Management; Program & Project Management; C-Level,,,False,False,Data Warehouse Maturity Review
24,Business,Funding,"Where in your organisation do Data Scientists sit?  Are they in departmental / line of business roles, or in IT, or in a central organisational structure?",There are no Data Scientists,Data Scientists are in IT,Data Scientists are in line of business roles and no co-operation exists between groups,Data Scientists are in line of business groups but there is formal co-ordination and co-operation between groups,Central pool of Data Scientists and some resources exists for small project activity.  Resources are allocated based on business value which is tracked and reported on,Business Sponsor; Data Analyst/Modeller/Scientist; IT Management; Program & Project Management,,,False,False,Data Warehouse Maturity Review
25,Business,Funding,"IIs there a pool of IT or analytic development resources shared across the business units? Are there different IT or analytic teams for applications and support?  (For example, are dataa & analytic teams organized to support specific tools or enterprise applications, like SAP?).  What about other cross functional teams, such as a BICC or a Data Management or Data Governance team?",Annual headcount budget allocated to cover all IT activities.  No value tracking is done for this time,Annual headcount budget allocated to support.  Effort is sometimes tracked and reported against task,Annual headcount budget allocated to cover all IT activities.  Effort is consistently tracked and reported against task assigned,Investment pool is allocated to fund design and architecture of new projects. Business value statements are submitted and reported for all activities.  Resoures are assigned to highest business value first,Central pool of investment funds and resources exists for small project activity.  Resoures are allocated based on business value which is tracked and reported on,Business Sponsor; IT Management; Program & Project Management,,,False,False,Data Warehouse Maturity Review
26,Business,Funding,"How are corporate projects charged back to the business units?  Do you have charge-back mechanism for CPU usage, I/O, or data storage?",No Charge-back is done,"Charge-back is done based on overall system operational cost, split by the number of departments using the system","Charge-back is done based on a basic IT metric such as CPU, # of users, or Storage space","Charge-back partially done on the basis of all IT resources consumed, with separate metrics driving different cost bases","Charge-back consistently done on the basis of all IT resources consumed, with separate metrics driving different cost bases",Business Sponsor; IT Management; Program & Project Management; C-Level,,,False,False,Data Warehouse Maturity Review
27,Business,Funding,Are business cases required to allocate funded?  Are business cases initiated by the business or IT?  What criteria are required for a business case to be approved?,Estimates are prepared based on gut feel and generated by either business or IT.  No formal standards required.  No central lodgement and tracking,"Business Cases are standardised in requirements, but approved at business unit level inconsistently and neither centrally lodged nor tracked",Business Case submission and approval processes are standardised but slow.  Tracking is partial or incomplete.,Business Case submission and approval process is supported by process automation and can be done rapidly if required.,Business Case submission and approval process is supported by process automation and can be done rapidly if required.,Business Sponsor; IT Management; Program & Project Management; C-Level,,,False,False,Data Warehouse Maturity Review
28,Business,Funding,How do you know when it is time to change your solutions or divest of the solutions you have? How do you balance investing and divesting? How is this planned for in your budget?,No end-of-life planning is done,Funds are requested based on a case-by-case basis when assets fail or emergency replacements are required,Systems with known end-of-life issues are planned to be replaced in the annual budget,"A systems review is conducted annually to determine which systems need replacement, based on a fixed pool of allocated funds","A portfolio approach is used with funding assigned to cover discovery, deployment, improvements, operations and asset retirement",Business Sponsor; IT Management; Program & Project Management; C-Level,,,False,False,Data Warehouse Maturity Review
29,Business,Funding,Who has the CAPEX and resource budget for IT? Who is the decision maker on data and analytic investment?,Analytics are funded from resource headcount rather than as projects.  IT owns the CAPEX and IT resource budget,Analytics are funded by business sources.  IT owns the CAPEX and IT resource budget,Analytics are funded from business sources.  IT owns a portion of the CAPEX budget for infrastructure but business can fund new IT capability as part of business cases,Funds are distributed based on common agreement amongst business and IT executives on an annual basis.  Project funding is approved by business case,"Discovery analytics are separately funded.  General investment in split between IT for infrastructure and operations, and business for development of new capability",Business Sponsor; IT Management; Program & Project Management; C-Level,,,False,False,Data Warehouse Maturity Review
30,Business,Funding,"Are analytics, IT, or business oriented projects separately or independently funded?",All projects funded using the same ad hoc process,All projects funded using the same structured process,Business and IT-driven projects are funded from separate sources.,Some or most IT projects are linked and funded together with a relevant business project that requires the capability,"Discovery projects are funded separately, whilst Business and IT projects are funded based on business strategy alignment",Business Sponsor; IT Management; Program & Project Management; C-Level,,,False,False,Data Warehouse Maturity Review
31,Business,Funding,"Do you have a long term roadmap that you follow that incorporates the major initiatives over the next few years?  If so, how is that managed?",There is no long term roadmap. Individual projects are approved independently and without strategic planning,Major operational systems have long term roadmaps but analytics systems are not covered,"Business and IT stakeholders come together to develop and approve a strategic program over at least 1 year timelines, including analytics systems",Program Management effectively co-ordinates the execution of projects within a strategic roadmap covering operational and analytics systems,Program management manages to a strategic vision but delivers in adaptable and agile ways to changing business needs,Business Sponsor; IT Management; Program & Project Management; C-Level,,,False,False,Data Warehouse Maturity Review
32,Business,Funding,How are the milestones between different projects and initiatives coordinated?,Managing across projects or initiatives is difficult.  Projects often having competing needs and overlapping objectives,A process of managing across projects has been defined for critical programs,Program management standards and processes are leveraged to drive alignment and more effectively leverage resources across projects,Proactive program management is done to keep related projects aligned and alert the team of other issues or changes that may impact program delivery,"The Program Management function is seen as best in the industry, regularly contributing to efficient business change",Business Sponsor; IT Management; Program & Project Management,,,False,False,Data Warehouse Maturity Review
33,Business,ROI,How does the organisation track value delivered from project investments?,No tracking is performed.,"Some larger projects are assessed for success, but little attention is paid from lessons learned.",Projects are regularly assessed for success and these lessons are incorporated into corporate memory and process improvements,"Smaller projects are performed faster and more regularly, providing early feedback onto project success and allowing failing projects to be terminated quickly",Large initiatives are delivered in small chunks to allow for faster failure.  Smaller discovery initiatives are implemented to predict future value.,Business Sponsor; Program & Project Management; C-Level,,,False,False,Data Warehouse Maturity Review
34,Business,ROI,How are the ROI numbers in a business justification (e.g. Business Case)  estimated and vetted?,No ROI numbers are required,ROI numbers are estimated.  Larger projects are sometimes subjected to financial review of the ROI numbers by an independent team.,ROI numbers are estimated for all projects.  A consistent set of parameters and values is used in all business cases. ROI numbers for larger projects are required to be independently vetted (e.g. by Finance or similar). s,A consistent set of parameters and values (and sometimes a standard financial model) is used.  The estimated cost savings or revenue improvements are required to be adjusted in the sponsor's budget for the following year if the project is approved.,A consistent financial model for project ROI is used.  The financial model is improved on a regular basis to better predict outcomes.  Discovery projects are approved separately for blue-sky analytics concepts.,Business Sponsor; Program & Project Management; C-Level,,,False,False,Data Warehouse Maturity Review
35,Business,ROI,How does the organization monitor and measure the effectiveness (business value) of data and analytics to a business process?,,,,,,Business Sponsor; Program & Project Management; C-Level,,,False,True,Data Warehouse Maturity Review
36,Business,ROI,"Does each business case contain a measurement plan, which includes determining baseline metrics against which improvements can be projected (and presumably measured)?  How do you know if or when business case projections are achieved?  Is this something that is regularly measured after a project is implemented?",No tracking of results is done,Some projects contain measurement plans and are assessed by the Project Manager approx. 3-6 months after completion,A corporate mandate for measurement plans and tracking results of business cases exists but it is incompletely complied with,Measurement plans exist and tracking the results of business cases is done once at a specified point after project completion,Measurement plans exist and tracking the results of business cases is automated and continuously updated.  Deployment methods allow for easy tracking of change,Business Sponsor; Program & Project Management; C-Level,,,False,False,Data Warehouse Maturity Review
37,Business,ROI,"Describe the process of tracking and reporting on actual results. Are baseline metrics established consistent with the business case? Does the ROI analysis include projections of investment costs? Does the ROI analysis include projections of ongoing operating costs such as additional IT maintenance feed, new headcount, etc.?",No tracking of results is done,The project manager is responsible for results evaluation which is performed manually,A central team (either corporately or per business unit) records the approved ROI metrics and collects data from the project manager to assess success,A central team (either corporately or per business unit) records the approved ROI metrics and performs a monthly assessment of success to issue a report,A central team (either corporately or per business unit) enters the approved ROI metrics into an automated system that tracks project outcomes daily,Business Sponsor; Program & Project Management; C-Level,,,False,False,Data Warehouse Maturity Review
38,Business,ROI,"Do projects consider business and IT costs, needs and priorities?  Which ones get higher exposure/priority?","Business value is the only focus.  Costs are considered, but constraints are not.",Larger projects get executive attention but still do not consider constraints or non-financial measures,"Business and IT costs are included, and some sense of resource constraints is sometimes included.  Senior executives approve all medium to large projects","Resource and capacity constraints become commonly included in decision making.  Senior executives set thresholds and capacities, which are then applied by mid management for smaller projects","Prioritisation in a scarce environment becomes the key driver for project prioritization.  Business and IT constraints include ability to train staff in new procedures, change management capacity and other factors are regularly considered",Business Sponsor; IT Management; Program & Project Management; C-Level,,,False,False,Data Warehouse Maturity Review
39,Business,ROI,Are business cases for IT or other operational investments required?,No business cases are required for IT or operational investments,Infrastructure investments are assessed in the same process as business-initiated changes,"Infrastructure investments are assessed separately to business-initiated change, within an assigned funding pool",Business Cases for Infrastructure investments are required but assessed separately to business-initiated change,"A portfolio approach is used to balance funding across infrastructure, projects and discovery activities to enable all types of projects to progress.",Business Sponsor; IT Management; Program & Project Management; C-Level,,,False,False,Data Warehouse Maturity Review
40,Business,ROI,Who is accountable for achievement of ROI goals? What corrective actions are taken if results fall short of projected goals?  Who is responsible for initiating and implementing the corrective actions?,No tracking of results is done,The project manager is responsible for the achievement of the ROI Goals.  No corrective actions are taken if the ROI is not delivered,The project sponsor is responsible for the achievement of the ROI goals.  A review is conducted if the ROI goals are not met.  Corrective actions are assigned to the Project Sponsor by the steering committee to resolve the issues,"The project sponsor is responsible for the achievement of ROI, and a standards Post Implementation Review is conducted to learn for future projects.",ROI achievement is consistently measured and used to assess management effectiveness,Business Sponsor; IT Management; Program & Project Management; C-Level,,,False,False,Data Warehouse Maturity Review
41,Business,ROI,"Are metrics common across projects, or specific to a single project? How are users educated about ROI, the metrics, and the process?",,,,,,Business Sponsor; IT Management; Program & Project Management,,,False,True,Data Warehouse Maturity Review
42,Business,ROI,When and how is the business case process initiated?  What does the business case consider?,,,,,,Business Sponsor; IT Management; Program & Project Management; C-Level,,,False,True,Data Warehouse Maturity Review
43,Information,Summary,Do the business users have access to the data they need to complete their reporting and analysis?,Some required data not available for review or analysis,Data available for operational needs but only through transactional systems,Business has access to all operational data needed and some data for exploration or discovery,Data coverage includes all business functions and needs,Analytics dta avilable for all business functions and related needs,Business Sponsor; Business Analyst; Data Analyst/Modeller/Scientist; Program & Project Management; Power User; End User,,,False,False,Big Data Capability Review; Data Warehouse Maturity Review; Ecosystem Architecture Review; AI and Machine Learning Review
44,Information,Summary,"Have you considered the impact of “big data” on your data integration; e.g., are you able to link social media data to your Customer or Product master?","No ""big data"" is captured",Big Data is maintained separately from operational data and cannot be integrated,Ad hoc integration using approximation techniques are in place on an as-needs basis,Specific matching keys (e.g. credit card or customer name) allow for moderate levels of matching,"Specific programs are in place (e.g. self registration, cookies, customer details matching) to increase the ability to link between Big Data sources and operational master data",Business Sponsor; Data Analyst/Modeller/Scientist; Architect; IT Management,,,False,False,Big Data Capability Review; Data Warehouse Maturity Review; Ecosystem Architecture Review; AI and Machine Learning Review
45,Information,Summary,How effective are the security and privacy management policies and processes of your organisation?,Security and Privacy polies are outdated or insufficient,Security and privacy needs and regulartory requirements are understood and appropriate management is being initiated,Security and privacy policies have been implemented to meet the security and regulatory requirements of the enterprise,"A comprehensive security management process is in place for the enterprise. Security and Privacy policies are solid, allowing easy access to those authorised, but preventing access to others",There is a continuous process improvement approach to security management with an understanding that data sources and types are continuously evolving,Business Sponsor; IT Management; Program & Project Management,,,False,False,Big Data Capability Review; Data Warehouse Maturity Review; Ecosystem Architecture Review; AI and Machine Learning Review
46,Information,Summary,How often is data updated?  Are there certain data only available or updated daily or weekly?,Data for analysis is updated on a daily basis and may be out of date when analysed,Data is kept current ofr targetted business needs though some challenges remain,Data currency is acceptable,Data is current for discovery and production purposes,Data is up to date with future predicted data effecively leveraged,Data Analyst/Modeller/Scientist; Architect; IT Management,,,False,False,Big Data Capability Review; Data Warehouse Maturity Review; Ecosystem Architecture Review; AI and Machine Learning Review
47,Information,Summary,Is the data in the analytics ecosystem of sufficient quality to meet most business analytics needs?,Data Quality is not measured and is known to be poor,There are some data quality processes in place - usually manual and without data profiling,"Data quality is acceptable, with data stewardship programs in place",Data quality is maintained and managed to standards and metrics,Data quality is effectively managed with meaningful metrics for accountability,Business Sponsor; Business Analyst; Data Analyst/Modeller/Scientist; Architect; IT Management; Program & Project Management; Power User; End User,,,False,False,Big Data Capability Review; Data Warehouse Maturity Review; Ecosystem Architecture Review; AI and Machine Learning Review
48,Information,Summary,"How much historical data is immediately available (not archived) for online analysis?  Does the amount of online historical data support analysis requirements such as seasonal, current versus prior period, and period + 1 (13, 25, or 37 month) for trend identification?",Historical data is difficult to access,Some historical data is available,Defined processes exist for sourcing and access to current and historical data,Historical data is available for 1-2 years and archived (and recoverable) beyond that.  Sometimes summary historical data is always available.,"Historical data is available for long periods of time but on slower response, lower cost platforms",IT Management,,,False,False,Big Data Capability Review; Data Warehouse Maturity Review; Ecosystem Architecture Review; AI and Machine Learning Review
49,Information,Strategy,Does your organisation have a defined information or data strategy.  Is that strategy capable of dealing with big data as well as traditional data sources?,,,,,,Business Sponsor; Business Analyst; Data Analyst/Modeller/Scientist; IT Management,,,False,True,Data Warehouse Maturity Review; Ecosystem Architecture Review
50,Information,Strategy,Do you operate with an underlying principle that data is a corporate asset?  How is this manifested within the organization?,,,,,,Business Sponsor; Business Analyst; Data Analyst/Modeller/Scientist; IT Management,,,False,True,Data Warehouse Maturity Review; Ecosystem Architecture Review
51,Information,Roadmap,Do you have a planned sequence to load new sources of data?  Is this sequence well known and agreed by all parties?,,,,,,Business Sponsor; Architect; IT Management; Program & Project Management,,,False,True,Data Warehouse Maturity Review; Ecosystem Architecture Review
52,Information,Architecture,"Is there an information architecture and corresponding data model(s) that guides where each different type of data should be stored across a range of information and analytics platforms (e.g. IDW, Data Lake, Data Labs etc.)?  Are there data model(s) that allows for integration across analytics platforms?",A consistent data model and/ or information architecture does not exist,A draft information architecture and/or data model exists and is available to show high level data storage structrures and locations,An information architecture and/or data model is consistently leveraged when developing analytics or applications,An information architecture and/or data model is leveraged and referenced for consistency and to test the impact of new ideas,An information architecture and/or data model enables and supports current business needs whilst allowing the business to test new concepts and changing business needs,Business Sponsor; Data Analyst/Modeller/Scientist; Architect; IT Management; Program & Project Management,,,False,False,Data Warehouse Maturity Review; Ecosystem Architecture Review
53,Information,Architecture,Can data and analytics users easily find out where data is stored and how it is structured?,More time is spent finding and understanding and preparing data than in analysing it for business purposes,"Data is consolidated into smaller numbers of data stores, but these are still not well documented",A unified view of data is provided for most analytics purposes,"Metadata repositories provide users useful information on the location, structure and data quality concerns of most analytics data","Analytics data is logically structured, located and organised and is supported by effective business-language search tools across platforms",Business Sponsor; Data Analyst/Modeller/Scientist; Architect; IT Management; Program & Project Management; Power User; End User,,,False,False,Data Warehouse Maturity Review; Ecosystem Architecture Review
54,Information,Architecture,"Is data stored for analytics in a logically integrated manner, even if spread across multiple platforms?",Data is acquired and integrated in a silo fashion by project or application or data mart,"Data is acquired once and shared throughout the enterprise, eliminating some redundancy",Management sees cross-functional information sharing as a way to scale up and prmoote enterprise-wide initiatives,The SDLC contains a process for addressing data management with an emphasis on acquiring data and integrating it using a standard approach,Industry data interchange standards are in place facilitating data integration within the enterprise and with B2B partners.  Data assets are exploited across the enterprise,Business Sponsor; Data Analyst/Modeller/Scientist; Architect; IT Management; Program & Project Management,,,False,False,Data Warehouse Maturity Review; Ecosystem Architecture Review
55,Information,Architecture,Is relational data stored in an integrated data model of some type?  What type?,Data modelling is not consistently done,Data models exist for different business areas or functions,A data model is available that represents the business,Data models are leveraged for consistency and used to test the impact of new ideas,Data models enable and support current business whilst allowing the business to test new concepts,Business Sponsor; Data Analyst/Modeller/Scientist; Architect; IT Management; Program & Project Management,,,False,False,Data Warehouse Maturity Review; Ecosystem Architecture Review
56,Information,Architecture,"Is non-relational multi-structured data stored in an organised, formatted, logical manner or stored in source format for later integration?",Non-relational data is not loaded,Occassional use cases for multi-structured data are emerging but are handled as one-off projects without standards or integration,A platform for multi-structured data exists but is not architecture or controlled,Multi-structured data is organised and formatted in a logical manner but not integrated with other analytics data types,Data is integrated across the analytic ecosystem regardless of data type.  Employing loosely coupled or tightly coupled approaches appropriate to the data types and use cases,Business Sponsor; Data Analyst/Modeller/Scientist; Architect; IT Management; Program & Project Management,,,False,False,Data Warehouse Maturity Review; Ecosystem Architecture Review
57,Information,Architecture,"Can anyone load data into any analytic ecosystem, or only into data lab areas?  If anyone can load data anywhere, how is metadata captured and architectural control exerted?",,,,,,Business Sponsor; Data Analyst/Modeller/Scientist; Architect; Data Engineer; IT Management; Program & Project Management; Power User,,,False,True,Data Warehouse Maturity Review; Ecosystem Architecture Review
58,Information,Master Data Management,"How is reference and master data managed?  Is this centralised and shared, or maintained by individual systems",There is little consideration of reference or master data across the organisation,Some reference and master data domains are identified,Reference and Master data is consistently defined with processes in place to ensure capture across applications,Reference and Master data is manged consistently and in a consolidated way across the enterprise,Reference and Master data enables and supports corporate changes,Business Sponsor; Business Analyst; Data Analyst/Modeller/Scientist; Architect; IT Management; Program & Project Management,,,False,False,Data Warehouse Maturity Review; Ecosystem Architecture Review
59,Information,Master Data Management,"How do you define reference and master data within your major transactional applications?  Within your data warehouse, data marts, or data lakes?",There is an application-centric approach to reference and master data.  Master data is not defined across the organisation,"Most applications and data repositories define master data locally, causing redundancy and reporting inconsistencies",There is a clear vision for master data management that demonstrates how master data facilitiates strategic objectives,"There is a formalized orgasniation associated with the Master Data program including defined roles and responsibilities, clearly defined metrics and an iterative learning cycle",Reference and master data initiatives are taken in support of the strategic business initiatives and incorporated into the projects,Data Analyst/Modeller/Scientist; Architect,,,False,False,Data Warehouse Maturity Review; Ecosystem Architecture Review
60,Information,Master Data Management,What processes are in place to ensure reference data is consistent and that you have visibility to the changes made to various code values? Is this a manual or automated process?,Cross-business or cross-functional reporting requires master data reconciliation,Cross-business or cross-functional reporting is completed with minimal reconciliation required for targetted reference and master data use cases,There is foundational policy-driven standardization of technology and methods in place. Common usage of tools and procedures across projects,,Master data management is automated across systems with the business seeing the value of consistent foundational data,Data Analyst/Modeller/Scientist; Architect; Data Engineer; Program & Project Management,,,False,False,Data Warehouse Maturity Review; Ecosystem Architecture Review
61,Information,Master Data Management,How would you describe the state of master data at your company?  How are master data updates communicated and managed across different functions?,There is a lack of understanding how master data should be aligned to business initiatives,Cross-business or cross-functional reporting is completed with minimal reconciliation required for targetted reference and master data use cases,A formal master data management framework has been defined and is being implemented in all major systems,"Some domains have automated master data management in place, whilst others are managed manually.  Synchronisation across systems including analytics systems is standard",Master data management is automated across systems with the business seeing the value of consistent foundational data,Data Analyst/Modeller/Scientist; Architect; Data Engineer; Program & Project Management,,,False,False,Data Warehouse Maturity Review; Ecosystem Architecture Review
62,Information,Master Data Management,Are your existing data governance policies adequately addressing the naming standards necessary for successful master data management?,There are no data governance processes in place for master data or reference data,Governance processe are defined and implemented in enterprise systems,Governance processes are defined to update master data,Governance is effective with master data available and leveraged for discovery,Governance processes are automated so that master data is effectively updated across systems and data repositories,Data Analyst/Modeller/Scientist; Architect; Data Engineer; Program & Project Management,,,False,False,Data Warehouse Maturity Review; Ecosystem Architecture Review
63,Information,Master Data Management,Do you have data owners identified for your master data domains?,,,,,,Business Sponsor; Business Analyst; Data Analyst/Modeller/Scientist; Architect; Program & Project Management,,,False,True,Data Warehouse Maturity Review; Ecosystem Architecture Review
64,Information,Master Data Management,"Have you considered the impact of “big data” on your master data; e.g., are you able to link social media data to your Customer or Product master?",,,,,,Business Sponsor; Business Analyst; Data Analyst/Modeller/Scientist; Architect; IT Management; Program & Project Management,,,False,True,Data Warehouse Maturity Review; Ecosystem Architecture Review
65,Information,Master Data Management,Do you have enterprise business process workflows for each line of business involved in the data governance framework to maintain and approve master data?,,,,,,Business Sponsor; Business Analyst; Data Analyst/Modeller/Scientist; Architect; IT Management; Program & Project Management,,,False,True,Data Warehouse Maturity Review; Ecosystem Architecture Review
66,Information,Master Data Management,Are the master data requirements for all major lines of business known? Are these master data items held in any centralized logical data model or repository?,,,,,,Business Sponsor; Business Analyst; Data Analyst/Modeller/Scientist; Architect; IT Management; Program & Project Management,,,False,True,Data Warehouse Maturity Review; Ecosystem Architecture Review
67,Information,Master Data Management,"Do you have a mechanism and rules in place to detect bad, inaccurate, or duplicate data? To what degree does your organization profile its master data?",Data quality is an issue with lots of manual work-arounds,,,Master data is up to date and consistent across the enterprise and the entire analytic ecosystem,,Business Sponsor; Business Analyst; Data Analyst/Modeller/Scientist; Architect; IT Management; Program & Project Management,,,False,False,Data Warehouse Maturity Review; Ecosystem Architecture Review
68,Information,Master Data Management,Is there a set of MDM SLAs agreed on between the business and IT?,,,,,,Business Sponsor; Business Analyst; Data Analyst/Modeller/Scientist; Architect; IT Management; Program & Project Management,,,False,True,Data Warehouse Maturity Review; Ecosystem Architecture Review
69,Information,Master Data Management,"Does master data at your company undergo a structured and automated process to be corrected, cleansed, and approved?",,,,,,Business Sponsor; Business Analyst; Data Analyst/Modeller/Scientist; Architect; IT Management; Program & Project Management,,,False,True,Data Warehouse Maturity Review; Ecosystem Architecture Review
70,Information,Master Data Management,"Does the data warehouse act as a publisher for master data? In other words, is there bidirectional flow of master data between the operational systems and the data warehouse?",,,,,,Business Sponsor; Business Analyst; Data Analyst/Modeller/Scientist; Architect; IT Management; Program & Project Management,,,False,True,Data Warehouse Maturity Review; Ecosystem Architecture Review
71,Information,Master Data Management,Do you store and track historical changes to your master data?,,,,,,Business Sponsor; Business Analyst; Data Analyst/Modeller/Scientist; Architect; IT Management; Program & Project Management,,,False,True,Data Warehouse Maturity Review; Ecosystem Architecture Review
72,Information,Master Data Management,Do you have insight into the hierarchies and relationships between master data records?,,,,,,Business Sponsor; Business Analyst; Data Analyst/Modeller/Scientist; Architect; IT Management; Program & Project Management,,,False,True,Data Warehouse Maturity Review; Ecosystem Architecture Review
73,Information,Master Data Management,Do you produce data quality metrics on your master data? How frequently are those metrics refreshed and reviewed by the governance committee?,,,,,,Business Sponsor; Business Analyst; Data Analyst/Modeller/Scientist; Architect; IT Management; Program & Project Management,,,False,True,Data Warehouse Maturity Review; Ecosystem Architecture Review
74,Information,Master Data Management,Are the business rules related to your master data documented in the DW metadata repository?,,,,,,Business Sponsor; Business Analyst; Data Analyst/Modeller/Scientist; Architect; IT Management; Program & Project Management,,,False,True,Data Warehouse Maturity Review; Ecosystem Architecture Review
75,Information,Master Data Management,How are changes in master data elements communicated and synchronized across the enterprise?,,,,,,Business Sponsor; Business Analyst; Data Analyst/Modeller/Scientist; Architect; IT Management; Program & Project Management,,,False,True,Data Warehouse Maturity Review; Ecosystem Architecture Review
76,Information,Master Data Management,How does your organization ensure that different systems use data in the same manner and get the same results?,,,,,,Business Sponsor; Business Analyst; Data Analyst/Modeller/Scientist; Architect; IT Management; Program & Project Management,,,False,True,Data Warehouse Maturity Review; Ecosystem Architecture Review
77,Information,Metadata Management,"Is Metadata captured along with the data?  Is this business Metadata, operational or technical metadata?  What about data quality metadata? Is metadata specific to a data warehouse or to an analytics environment managed as part of a centralized solution, or do components of metadata exist across multiple platforms?",Metadata is captured occassionally as a part of an individual project or as part of a business glosssary,Some metadata is captured. Usually this is either system-specific or business metadata shown as a data dictionary or business glossary,Metadata has been defined and collected for most data.,Metadta is effectively used and leveraged to enable user self-sufficiency in data access,Metadata is leveraged to test and understand new ideas / concepts,Data Analyst/Modeller/Scientist; Architect; Program & Project Management,,,False,False,Data Warehouse Maturity Review; Ecosystem Architecture Review
78,Information,Metadata Management,Are data fields consistently defined across the organization?,,,,,,Data Analyst/Modeller/Scientist; Architect; Program & Project Management,,,False,True,Data Warehouse Maturity Review; Ecosystem Architecture Review
79,Information,Metadata Management,"Are you able to meet your regulatory requirements for data lineage, etc.?  Describe the challenges and barriers associated with doing so.",,,,,,Data Analyst/Modeller/Scientist; Architect; IT Management; Program & Project Management,,,False,True,Data Warehouse Maturity Review; Ecosystem Architecture Review
80,Information,Metadata Management,"Describe the tools, processes, and techniques used to capture metadata information.   How is metadata defined and accessed across the systems?",Standards are not in place for metadata (e.g. no naming standards).  Metadata is usually manually maintained outside the application.,A metadata repostiory tool creates and maintains descrptions of data and can produce simply listings but they tend not to be user-friendly or useful,"The methods and tools used to create common semantic definitions for business and IT terms, data models, data types and repositories are in place","A metadata tool, with import and export abilities from other tools has been loaded and defined","A repository is used to track near real-time updates as changes occur, providing alerts to targetted users based on rules",Data Analyst/Modeller/Scientist; Architect; IT Management; Program & Project Management,,,False,False,Data Warehouse Maturity Review; Ecosystem Architecture Review
81,Information,Metadata Management,Who owns and manages metadata?  How do owners communicate changes or challenges?,,,,,,Data Analyst/Modeller/Scientist; Architect; IT Management; Program & Project Management,,,False,True,Data Warehouse Maturity Review; Ecosystem Architecture Review
82,Information,Metadata Management,"What are you SMART goals, metrics, and KPI’s associated with metadata management?",,,,,,Data Analyst/Modeller/Scientist; Architect; IT Management; Program & Project Management,,,False,True,Data Warehouse Maturity Review; Ecosystem Architecture Review
83,Information,Metadata Management,How frequently is the metadata content refreshed?  What governance process is followed to standardize and harmonize metadata?,,,,,,Data Analyst/Modeller/Scientist; Architect; IT Management; Program & Project Management,,,False,True,Data Warehouse Maturity Review; Ecosystem Architecture Review
84,Information,Metadata Management,What is the governance process followed to add new metadata sources?  Is it based on business value or usage? Is it compliance driven?,,,,,,Data Analyst/Modeller/Scientist; Architect; IT Management; Program & Project Management,,,False,True,Data Warehouse Maturity Review; Ecosystem Architecture Review
85,Information,Metadata Management,"Is there a single, standard tool and methodology for accessing the metadata?  Describe.",,,There may be different metadata tools requireing users to manually review and update metadata,,,Data Analyst/Modeller/Scientist; Architect; IT Management; Program & Project Management,,,False,False,Data Warehouse Maturity Review; Ecosystem Architecture Review
86,Information,Metadata Management,"How is metadata being used in the enterprise?  Examples could include data lineage, standardizing transformations, impact analysis, or audit and traceability.",Metadata is not used throughout the organization to aid development and user self-sufficiency.  Metadata is mostly obtained from talking to local SMEs,There are few secondary uses for metadata content,Some tools or applications are starting to leverage available metadata,"Users can view data definitions, tehcnical transformations and samples of dat from tables when developing or updating queries, reports or analytics",Users can view metadata and contribute observations and updates based on experience,Data Analyst/Modeller/Scientist; Architect; IT Management; Program & Project Management,,,False,False,Data Warehouse Maturity Review; Ecosystem Architecture Review
87,Information,Metadata Management,Do data stewards or other data governance organizations establish and communicate metadata standards across the organization?,,,,The value of metadata has been discussed with critical metadata measured,Metadata is valued and measured providing consistency across business functions,Data Analyst/Modeller/Scientist; Architect; IT Management; Program & Project Management,,,False,True,Data Warehouse Maturity Review; Ecosystem Architecture Review
88,Information,Metadata Management,"How do end users access definitions, transformation rules, and metric formulas?",,,,,,Data Analyst/Modeller/Scientist; Architect; IT Management; Program & Project Management,,,False,True,Data Warehouse Maturity Review; Ecosystem Architecture Review
89,Information,Metadata Management,Is Metadata seen as a valuable asset or a constraint?,,,,,,Data Analyst/Modeller/Scientist; Architect; IT Management; Program & Project Management,,,False,True,Data Warehouse Maturity Review; Ecosystem Architecture Review
90,Information,Metadata Management,"What standards are being used while retrieving, transforming, and storing metadata?",,,,,,Data Analyst/Modeller/Scientist; Architect; IT Management; Program & Project Management,,,False,True,Data Warehouse Maturity Review; Ecosystem Architecture Review
91,Information,Metadata Management,Is there training available for end users and metadata developers?,,,,,,Data Analyst/Modeller/Scientist; Architect; IT Management; Program & Project Management,,,False,True,Data Warehouse Maturity Review; Ecosystem Architecture Review
92,Information,Data Organisation,"Does your organisation make use of different data states and concepts, such as Data Lake, Data Warehouse, Master Data, Data Projection and Metadata across a variety of architectures and technologies?",Data has no formal organisation or organisation defaults to past historical standards,"A draft data organisation strategy exists and is available to show high level data organisation definitions, patterns and the interactions between the different states and concepts.",A data organisation strategy is consistently leveraged when extending the capabilities of the Analytic Ecosystem,A data organisation strategy is leveraged to test the impact of innovating and adopting emerging concepts and technologies,A data organisation strategy  enables and supports current business needs whilst allowing innovation and adoption of emerging concetps and technologies,Data Analyst/Modeller/Scientist; Architect; IT Management; Program & Project Management,,,False,False,Big Data Capability Review; Data Warehouse Maturity Review; Ecosystem Architecture Review; AI and Machine Learning Review
93,Information,Data Organisation,Does each data concept have a defined level of data governance?,No formal governance processes are practiced.,Governance processes are instantiated in silos of data and an integrated governance program is under development.,Data governance processes are formally defined and practiced across major data assets of the organisation.,Data governance processes are leveraged to test the impact of various levels of governance on achieving business goals within aggressive timeframes and the required level of accuracy.,Data governance processes are largely automated and transparent allowing rapid exploitation of new data assets.,Data Analyst/Modeller/Scientist; Architect; IT Management; Program & Project Management,,,False,False,Big Data Capability Review; Data Warehouse Maturity Review; Ecosystem Architecture Review; AI and Machine Learning Review
94,Information,Data Organisation,Does each data concept have a defined level of data integration?,"Integration is only defined for mature data assets (e.g. Data Warehouse, Data Marts)",Integration of data across the organisation is considered a key capability to achieve business advantages.,Integration of data assets is defined at an organisation level and is being leveraged to integrate data assets where required to achive the business outcome.,Integration of data assets is conferred through specific matching keys and allows for reasonable levels of integration.,"Integration of data assets is conferred through specific matching keys, is largely automate and provides for full integration across master and event data.",Data Analyst/Modeller/Scientist; Architect; IT Management; Program & Project Management,,,False,False,Big Data Capability Review; Data Warehouse Maturity Review; Ecosystem Architecture Review; AI and Machine Learning Review
95,Information,Data Organisation,Does each data concept have a defined level of data quality?,Data Quality is not measured and is known to be poor,There are some data quality processes in place - usually manual and without data profiling,"Data quality is acceptable, with data stewardship programs in place",Data quality is maintained and managed to standards and metrics,Data quality is effectively managed with meaningful metrics for accountability,Data Analyst/Modeller/Scientist; Architect; IT Management; Program & Project Management,,,False,False,Big Data Capability Review; Data Warehouse Maturity Review; Ecosystem Architecture Review; AI and Machine Learning Review
96,Information,Data Organisation,How are data states organised across the different data concepts?,States are duplicated across concepts resulting in multiple sources of truth (e.g. raw data is stored on multiple platforms for different purposes).,Some data states are common across the environment but as the data gets closer to business use duplication occurs.,A data organisation strategy is leveraged to minimise duplication of data states across the ecosystem and encourages re-use of data assets.,A data organisation strategy is leveraged to test the impact of rationalising data assets through efficient organisation of data states.,???,Data Analyst/Modeller/Scientist; Architect; IT Management; Program & Project Management,,,False,False,Big Data Capability Review; Data Warehouse Maturity Review; Ecosystem Architecture Review; AI and Machine Learning Review
97,Information,Data Organisation,Does your organisation have a data lake? What is its main purpose?,,,,,,Data Analyst/Modeller/Scientist; Architect; IT Management; Program & Project Management,,,False,True,Big Data Capability Review; Data Warehouse Maturity Review; Ecosystem Architecture Review; AI and Machine Learning Review
98,Information,Data Organisation,Does your organisation have a data warehouse? Is it integrated?,,,,,,Data Analyst/Modeller/Scientist; Architect; IT Management; Program & Project Management,,,False,True,Big Data Capability Review; Data Warehouse Maturity Review; Ecosystem Architecture Review; AI and Machine Learning Review
99,Information,Data Organisation,"Are the data lake and data warehouse integrated in any way. For example, the data lake may provide source data to the data warehouse for later integration.",Data is held in independent silos that do not interact with any other silo.,,,,Data virtualisation is used across the various data assets allowing seamless access to data regardless of physical location.,Data Analyst/Modeller/Scientist; Architect; IT Management; Program & Project Management,,,False,False,Big Data Capability Review; Data Warehouse Maturity Review; Ecosystem Architecture Review; AI and Machine Learning Review
100,Information,Data Centricity,Do your data assets require a detailed level of definition to allow you to exploit the data asset?,Yes. Cannot use the data asset unless it is fully understood.,The organisation is aware that all data has value at different levels of defintion and integration and is working towards a strategy to address this.,Different levels of definition and integration are applied to data assets according to a defined set of data centricity guidelines (e.g. data assets for exploration are loose/non- coupled).,Data centricity processes are largely automated and coupled with business and operational metadata allowing exploitation of data assets.,The business routinely is able to answer new business questions. Complexity of data assets in much reduced.,Business Sponsor; Business Analyst; Data Analyst/Modeller/Scientist; Architect; IT Management; Program & Project Management,,,False,False,Big Data Capability Review; Data Warehouse Maturity Review; Ecosystem Architecture Review; AI and Machine Learning Review
101,Information,Data Centricity,Do you data assets require a detailed level of defintion to provide value to the organisation?,Yes. Cannot use the data asset unless it is fully understood.,The organisation is aware that all data has value at different levels of defintion and integration and is working towards a strategy to address this.,Different levels of definition and integration are applied to data assets according to a defined set of data centricity guidelines (e.g. data assets for exploration are loose/non- coupled).,Data centricity processes are largely automated and coupled with business and operational metadata allowing exploitation of data assets.,The business routinely is able to answer new business questions. Complexity of data assets in much reduced.,Business Sponsor; Business Analyst; Data Analyst/Modeller/Scientist; Architect; IT Management; Program & Project Management,,,False,False,Big Data Capability Review; Data Warehouse Maturity Review; Ecosystem Architecture Review; AI and Machine Learning Review
102,Information,Data Tiers,"Do you know what state of data you need to answer your business questions or perform the required analytics (e.g. source data, integrated data, summarised, etc)?",Minimal levels of refinement. Largely source like data with some integration.,Detailed definitions of Data Tiers have been established with the Data Warehouse and are being further revised to address data assets across the analytic ecosystem.,Data assets are organised across defined Data Tiers that allow users to easily find the data in the state the require.,???,???,Business Sponsor; Business Analyst; Data Analyst/Modeller/Scientist; Architect; IT Management; Program & Project Management,,,False,False,Big Data Capability Review; Data Warehouse Maturity Review; Ecosystem Architecture Review; AI and Machine Learning Review
103,Information,Data Tiers,What different levels of refinement does your data pass through?,Data is minimally refined or refined by the business user for consumption.,???,???,???,???,Business Sponsor; Business Analyst; Data Analyst/Modeller/Scientist; Architect; IT Management; Program & Project Management,,,False,False,Big Data Capability Review; Data Warehouse Maturity Review; Ecosystem Architecture Review; AI and Machine Learning Review
104,Information,Data Tiers,What level of sharing and reuseability is achieved with your data assets?,Silos. Not a lot of sharing.,???,???,???,Data assets are routinely re-used. New data assets are quickly published and available for wide business use via standard interfaces (e.g. API),Business Sponsor; Business Analyst; Data Analyst/Modeller/Scientist; Architect; IT Management; Program & Project Management,,,False,False,Big Data Capability Review; Data Warehouse Maturity Review; Ecosystem Architecture Review; AI and Machine Learning Review
105,Information,Data Usage Zones,Does  your organisation have a Discovery/Exploration data zone that allows you to explore the value of data without strict controls?,No discovery capability.,A strategy is being developed to provide discovery/exploration capabiliies.,Data scientists and I.T. have access to a Discovery/Exploration zone.,All the organisations data is accessible from the Discovery/Exploration zone and is used by Data Scientists and I.T. to find new business value.,??? Available to all???,Business Sponsor; Business Analyst; Data Analyst/Modeller/Scientist; Architect; IT Management; Program & Project Management,,,False,False,Big Data Capability Review; Data Warehouse Maturity Review; Ecosystem Architecture Review; AI and Machine Learning Review
106,Information,Data Usage Zones,Does your organisation have a process that allows new valuable data to be published into the operational are once the value of the data is proven?,No discovery capability.,A strategy is being developed to productionise newly discovered valueable data.,Newly discovered data assets are routinely productionised in a verifable and repeatable manner.,Newly discovered data assets are quickly productionised via automated procedures.,???,Business Sponsor; Business Analyst; Data Analyst/Modeller/Scientist; Architect; IT Management; Program & Project Management,,,False,False,Big Data Capability Review; Data Warehouse Maturity Review; Ecosystem Architecture Review; AI and Machine Learning Review
107,Information,Security and Privacy,"Does the company have a formal, published data security and privacy policy describing why customer data is collected, what the information is used for, who has access, and when it is deleted?",,,,,,Business Sponsor; Data Analyst/Modeller/Scientist; Architect; IT Management; Program & Project Management,,,False,True,Big Data Capability Review; Data Warehouse Maturity Review; Ecosystem Architecture Review; AI and Machine Learning Review
108,Information,Security and Privacy,Is there an organizational function that is responsible for establishing the policies and auditing them to ensure compliance?  Where does that business unit fit within the organizational hierarchy?,,,,,,Business Sponsor; Data Analyst/Modeller/Scientist; Architect; IT Management; Program & Project Management,,,False,True,Big Data Capability Review; Data Warehouse Maturity Review; Ecosystem Architecture Review; AI and Machine Learning Review
109,Information,Security and Privacy,Is there someone in the company with the official title of Head of Information Security or Chief Information Security Officer (CISO)?,,,There is a Chief Security Officer who sets the standards and monitors compliance,,,Business Sponsor,,,False,False,Big Data Capability Review; Data Warehouse Maturity Review; Ecosystem Architecture Review; AI and Machine Learning Review
110,Information,Security and Privacy,"What are the regulations in your industry with which you are most concerned?  For example,GDPR or Sarbanes Oxley?",,,,,,Business Sponsor; Program & Project Management,,,False,True,Big Data Capability Review; Data Warehouse Maturity Review; Ecosystem Architecture Review; AI and Machine Learning Review
111,Information,Security and Privacy,"Is there a formal privacy policy that defines data privacy, access control, and auditing requirements specifically for data in the analytics ecosystem?",,,,Security and privacy are proactively addressed with the inclusion of data security requirements in service level agreements and outsrouced contractual obligations,"Data security is adddress within organisational initiatives (e.g. balanced scorecards, metrics frameworks, business cases etc.)",Business Sponsor; IT Management; Program & Project Management,,,False,True,Big Data Capability Review; Data Warehouse Maturity Review; Ecosystem Architecture Review; AI and Machine Learning Review
112,Information,Security and Privacy,"Does the privacy policy incorporate all standard privacy principles including: Accountability, Notice, Consent, Collection Limitation, Use Limitation, Disclosure, Access and Correction, Data Accuracy, Enforcement, and Openness?",,,,,,Business Sponsor; Architect; IT Management; Program & Project Management,,,False,True,Big Data Capability Review; Data Warehouse Maturity Review; Ecosystem Architecture Review; AI and Machine Learning Review
113,Information,Security and Privacy,"Are there documented information security policies that govern data collection, storage, transmission, retention, and destruction?",,,,,,Business Sponsor; Architect; IT Management; Program & Project Management,,,False,True,Big Data Capability Review; Data Warehouse Maturity Review; Ecosystem Architecture Review; AI and Machine Learning Review
114,Information,Security and Privacy,"Does your analytic ecosystem  contain PII, such as Social Security Numbers (SSN); Private Health Information (PHI); customer financial records (such as bank account details); credit card numbers (PAN), or other Non-Public Information (NPI)?  Are there procedures and techniques in place to mask or obfuscated this data?",There is no clear identification of Personally Identifiable Information (PII) throughout the enterprise and there is no catalogue of where that data is housed,Data has been appropriately classified and there is an inventory of applications that contain sensitive data.  Encryption techniques have been deployed to safeguard data,PII data has been secured through encryption and physical security has been addressed with access to mobile devices and portable storage devices.  Data security audits occur regularly.,"Training is in place to promote security awareness and controls at all levels of the organisation.  There is an empahsis on the legal, contractual and regulatory requirements for data privacy and security",There is a continuous process improvement approach to securty management with an understanding that data types and sources are continuously evolving,Business Sponsor; Architect; IT Management; Program & Project Management,,,False,False,Big Data Capability Review; Data Warehouse Maturity Review; Ecosystem Architecture Review; AI and Machine Learning Review
115,Information,Security and Privacy,"Does the company have assigned data owners for all information assets who are actively involved in setting access policy, authorizing all access to their data, and regularly reviewing who has access to data in the analytic ecosystem?",,,,,,Business Sponsor; Architect; IT Management; Program & Project Management,,,False,True,Big Data Capability Review; Data Warehouse Maturity Review; Ecosystem Architecture Review; AI and Machine Learning Review
116,Information,Security and Privacy,"Are the data owners aware of everyone who has access to their data and where all copies of their data exist?  For example, is data copied to spreadsheets and Access databases?  If so, are the same controls applied to this data?",,,,,,Business Sponsor; Architect; IT Management; Program & Project Management,,,False,True,Big Data Capability Review; Data Warehouse Maturity Review; Ecosystem Architecture Review; AI and Machine Learning Review
117,Information,Security and Privacy,Are data contained in the anlaytics ecosystem classified or identified according to a standard Data Classification scheme?,,Data has been appropriately classified and there is an inventory of whichh data types are in which systems,,,,Business Sponsor; Architect; IT Management; Program & Project Management,,,False,False,Big Data Capability Review; Data Warehouse Maturity Review; Ecosystem Architecture Review; AI and Machine Learning Review
118,Information,Security and Privacy,Does the company apply the principle of  least privilege when granting access to sensitive data?,,,,,,Business Sponsor; Architect; IT Management; Program & Project Management,,,False,True,Big Data Capability Review; Data Warehouse Maturity Review; Ecosystem Architecture Review; AI and Machine Learning Review
119,Information,Security and Privacy,"Does the company use role-based access controls (RBAC) within the analytics ecosystem?  Are they leveraging organizational roles across the organization, or are they unique to the Teradata data warehouse?",,,,,,Business Sponsor; Architect; IT Management; Program & Project Management,,,False,True,Big Data Capability Review; Data Warehouse Maturity Review; Ecosystem Architecture Review; AI and Machine Learning Review
120,Information,Security and Privacy,Are they aware of all regulatory compliance requirements resulting from the types of data in the  EDW and the jurisdictions in which they operate?,,,,,,Business Sponsor; Architect; IT Management; Program & Project Management,,,False,True,Big Data Capability Review; Data Warehouse Maturity Review; Ecosystem Architecture Review; AI and Machine Learning Review
121,Information,Security and Privacy,"Have they ever conducted a risk assessment or audit of the analytic ecosystem to determine compliance with company policy, privacy laws, and other regulatory compliance requirements?",,,,,,Business Sponsor; Architect; IT Management; Program & Project Management,,,False,True,Big Data Capability Review; Data Warehouse Maturity Review; Ecosystem Architecture Review; AI and Machine Learning Review
122,Information,Security and Privacy,"How many users have direct ad-hoc query access to the analytic ecosystem?   Is access always granted from the access layer or do some users have access to the acquisition and integration layers (e.g., data scientists or ETL developers)?  How is that access managed across all environments – production, test, UAT, etc.?",,,,,,Business Sponsor; Architect; IT Management; Program & Project Management,,,False,True,Big Data Capability Review; Data Warehouse Maturity Review; Ecosystem Architecture Review; AI and Machine Learning Review
123,Information,Security and Privacy,How many external users or business partners have access to the analytic ecosystem?,,,,,,Business Sponsor; Architect; IT Management; Program & Project Management,,,False,True,Big Data Capability Review; Data Warehouse Maturity Review; Ecosystem Architecture Review; AI and Machine Learning Review
124,Information,Security and Privacy,Are  shared accounts used for accessing data in the analytics ecosystem that don’t provide accountability back to the originating end user?,,,,,,Business Sponsor; Architect; IT Management; Program & Project Management,,,False,True,Big Data Capability Review; Data Warehouse Maturity Review; Ecosystem Architecture Review; AI and Machine Learning Review
125,Information,Security and Privacy,Is there any logging of access to sensitive data?,,,,,,Business Sponsor; Architect; IT Management; Program & Project Management,,,False,True,Big Data Capability Review; Data Warehouse Maturity Review; Ecosystem Architecture Review; AI and Machine Learning Review
126,Information,Security and Privacy,Is there any process in place to monitor or review access log data?,,,,,,Business Sponsor; Architect; IT Management; Program & Project Management,,,False,True,Big Data Capability Review; Data Warehouse Maturity Review; Ecosystem Architecture Review; AI and Machine Learning Review
127,Information,Security and Privacy,"Does the company use a formal or recognized information security management system (ISMS) framework, such as ISO 2700x, as a reference or benchmark for implemented security controls within the EDW?",,,,,,Business Sponsor; Architect; IT Management; Program & Project Management,,,False,True,Big Data Capability Review; Data Warehouse Maturity Review; Ecosystem Architecture Review; AI and Machine Learning Review
128,Information,Security and Privacy,Does the EDW support business-critical applications where system availability is important?,,,,,,Business Sponsor; Architect; IT Management; Program & Project Management,,,False,True,Big Data Capability Review; Data Warehouse Maturity Review; Ecosystem Architecture Review; AI and Machine Learning Review
129,Information,Security and Privacy,Are there any known risks regarding access to sensitive data that are not being adequately managed or mitigated?,,,,,,Business Sponsor; Architect; IT Management; Program & Project Management,,,False,True,Big Data Capability Review; Data Warehouse Maturity Review; Ecosystem Architecture Review; AI and Machine Learning Review
130,Information,Data Quality,How would you describe the overall quality of your data?  How does your organization handle data quality issues?  How are those issues identified and who is responsible for their resolution?,Data Quality is not measured and is known to be poor,There are some data quality processes in place - usually manual and without data profiling,"Data quality is acceptable, with data stewardship programs in place",Data quality is maintained and managed to standards and metrics,Data quality is effectively managed with meaningful metrics for accountability,Business Sponsor; Business Analyst; Data Analyst/Modeller/Scientist; IT Management; Program & Project Management; Power User; End User,,,False,False,Big Data Capability Review; Data Warehouse Maturity Review; Ecosystem Architecture Review; AI and Machine Learning Review
131,Information,Data Quality,Are data quality feedback loops in place to report quality issues identifyied in the analytics ecosystem back to the operational system that is responsible for the creation of the bad data?,,,,,,Business Sponsor; Business Analyst; Data Analyst/Modeller/Scientist; IT Management; Program & Project Management; Power User; End User,,,False,True,Big Data Capability Review; Data Warehouse Maturity Review; Ecosystem Architecture Review; AI and Machine Learning Review
132,Information,Data Quality,Is data quality measured and reported to the analytics ecosystem users at least daily so that they know if the data is of sufficient quality each day to support the analytics they plan to execute?,,,,,,Business Sponsor; Business Analyst; Data Analyst/Modeller/Scientist; IT Management; Program & Project Management; Power User; End User,,,False,True,Big Data Capability Review; Data Warehouse Maturity Review; Ecosystem Architecture Review; AI and Machine Learning Review
133,Information,Data Quality,Is the data quality in the analytics ecosystem reported to senior management if it exceeds specified thresholds?,,,,,,Business Sponsor; Business Analyst; Data Analyst/Modeller/Scientist; IT Management; Program & Project Management; Power User; End User,,,False,True,Big Data Capability Review; Data Warehouse Maturity Review; Ecosystem Architecture Review; AI and Machine Learning Review
134,Information,Data Quality,Are integration issues (where master data from one system doesn't not full match another) reported for resolution to a responsible person?,,,,,,Business Sponsor; Business Analyst; Data Analyst/Modeller/Scientist; IT Management; Program & Project Management; Power User; End User,,,False,True,Big Data Capability Review; Data Warehouse Maturity Review; Ecosystem Architecture Review; AI and Machine Learning Review
135,Information,Data Coverage,How much of your business leverages data for analytics today?,Data is available for limited business areas or units,Data is available for all critical business areas,Business units have the majority of the data they need,All business units have the data coverage required for operations,Business units have data for operational and strategic decisions,Business Sponsor; Program & Project Management; Power User; End User,,,False,False,Big Data Capability Review; Data Warehouse Maturity Review; Ecosystem Architecture Review; AI and Machine Learning Review
136,Information,Data Coverage,"Is data available outside of functional applications?  (In other words, can business users access and explore data directly from an analytic ecosystem platform)",,,,,,Business Sponsor; Data Analyst/Modeller/Scientist; Data Engineer; IT Management; Program & Project Management; Power User; End User,,,False,True,Big Data Capability Review; Data Warehouse Maturity Review; Ecosystem Architecture Review; AI and Machine Learning Review
137,Information,Data Coverage,Are there business areas where there are gaps in data availability?,Not all functional areas have the breadth of data needed,Critical functional areas have the breadth of data needed,Functional areas have the data coverage needed for operations,There are no gaps in functional coverage,Data about data is gathered and available for new insights and predictions,Business Sponsor; Program & Project Management; Power User; End User,,,False,False,Big Data Capability Review; Data Warehouse Maturity Review; Ecosystem Architecture Review; AI and Machine Learning Review
138,Information,Data Coverage,"Is some data stored in multiple repositories (data marts, data warehouses, etc.)?",,,,,,Business Sponsor; Data Analyst/Modeller/Scientist; Architect; IT Management,,,False,True,Big Data Capability Review; Data Warehouse Maturity Review; Ecosystem Architecture Review; AI and Machine Learning Review
139,Information,Data Coverage,Is data integrated across the organisation into a consistent coherent scheme?,Data may be targetted for a specific group or need and may not be aligned to enterprise needs,Critical enterprise-wide data is consistently covered to business users,Business areas and functions have consistent enterprise data for their use,Proactive data coverage helps anticipate new data needs,New data is available for analytics the analytics and new predictions and forecasts are provided,Business Sponsor; Data Analyst/Modeller/Scientist; Data Engineer; IT Management; Program & Project Management; Power User; End User,,,False,False,Big Data Capability Review; Data Warehouse Maturity Review; Ecosystem Architecture Review; AI and Machine Learning Review
140,Information,Data Coverage,What level of historical detail is retained online?,Historical data is difficult to access,Some historical data is available,Defined processes exist for sourcing and access to current and historical data,Historical data is available for 1-2 years and archived (and recoverable) beyond that.  Sometimes summary historical data is always available.,"Historical data is available for long periods of time but on slower response, lower cost platforms",Data Analyst/Modeller/Scientist; IT Management; IT Operations,,,False,False,Big Data Capability Review; Data Warehouse Maturity Review; Ecosystem Architecture Review; AI and Machine Learning Review
141,Information,Data Coverage,Are prior periods summarised and retained online for analysis?,,,,,,IT Management; IT Operations,,,False,True,Big Data Capability Review; Data Warehouse Maturity Review; Ecosystem Architecture Review; AI and Machine Learning Review
142,Information,Data Coverage,Do users frequently have to extract data from the analytics system(s) to merge it with other data that is not available on the analytics platform(s),,,,,,Business Sponsor; Data Analyst/Modeller/Scientist; Architect; Data Engineer; IT Management; IT Operations; Program & Project Management; Power User,,,False,True,Big Data Capability Review; Data Warehouse Maturity Review; Ecosystem Architecture Review; AI and Machine Learning Review
143,Information,Data Coverage,Application Section,,,,,,,,,False,True,Big Data Capability Review; Data Warehouse Maturity Review; Ecosystem Architecture Review; AI and Machine Learning Review
144,Information,Data Coverage,Applications Section - Summary Questions,,,,,,,,,False,True,Big Data Capability Review; Data Warehouse Maturity Review; Ecosystem Architecture Review; AI and Machine Learning Review
145,Applications,Summary,Does the business know which applications and tools to use to achieve the desired business analytics outcome? Are all desired business analytics outcomes supported by some form of technology?,The business is often unable to achieve the desired business analytics outcomes as systems are either unavailable to them or there is no system for the given business function.,A mapping of business functions and outcomes is available to guide the business in arranging access to the relevant system.,"Businesses are guided by a comprehensive mapping of systems, their primary function and the data sets they contain to aid in determining which systems will be used to achieve the business analytics outcome.","Businesses are able to access a catalogue of available systems, business functions and data sets and select from the catalogue the data they need to achieve their desired business analytics outcome.",Business can explore and discover evolving information assets in order to exploit maximum business value.,Business Sponsor; Business Analyst; Data Analyst/Modeller/Scientist; Architect; IT Management; IT Operations; Program & Project Management; Power User; End User,,,False,False,Big Data Capability Review; Data Warehouse Maturity Review; Ecosystem Architecture Review; AI and Machine Learning Review
146,Applications,Summary,"When considering the analytics to address a business problem or use case, how do you know what data, or application to use? Are there different environments available for business users vs. I.T.?  Do Data Scientists have access to different analytic environments?",I.T. prepare data in a format consumable by the specific application or tool that business department uses.,"Standardisation of data delivery, applications and tools is underway to optimise the delivery of data for analytics.",Analytic environments are standardised across the organisation allowing rapid access to data.,An Analytic Capability Roadmap guides I.T. and the Business across extensive analytic capabilities whilst exploring emerging trends.,Emerging analytic trends are monitored and tested to determine if additional business value can be gained from their adoption.,Business Sponsor; Business Analyst; Data Analyst/Modeller/Scientist; Architect; IT Management; IT Operations; Program & Project Management; Power User; End User,,,False,False,Big Data Capability Review; Data Warehouse Maturity Review; Ecosystem Architecture Review; AI and Machine Learning Review
147,Applications,Summary,Are the business able to drive their business analytics outcomes with minimal assistance or do they require significant skilled support to achieve the business analytics outcome?,The business relies on I.T. to provision all required data in its final format for business use.,I.T. provides robust and productionised information and analytic systems to deliver business ready information assets used as-is.,I.T. provides robust and productionised information and analytic systems to deliver business ready information assets.,"Business departments are provided with the resources, tools and training they need to access existing information assets or to create new information assets for exploitation.",As new data/information is captured in the organisation it becomes availability to business users for exploration and determination of business value.,Business Sponsor; Business Analyst; Data Analyst/Modeller/Scientist; Architect; IT Management; IT Operations; Program & Project Management; Power User; End User,,,False,False,Big Data Capability Review; Data Warehouse Maturity Review; Ecosystem Architecture Review; AI and Machine Learning Review
148,Applications,Summary,"Is the role of each analytics application well understood and clearly differentiated to other analytics applications, or is there substantial functional or data overlap?",There are a number of systems in place without a clear understanding of how each adds value or delivers a specific business analytics outcome.,Systems are defined for critical business processes. Less critical business analytics outcomes are dealt with in an adhoc fashion.,A base Systems Architecture supports critical business processing.,Systems are engineered (through architecture) to optimise capabilities for critical business processes and outcomes.,Each system adds specific business value. The use and integration of systems enables industry leading performance and capability.,Business Sponsor; Business Analyst; Data Analyst/Modeller/Scientist; Architect; IT Management; Program & Project Management; Power User; End User,,,False,False,Big Data Capability Review; Data Warehouse Maturity Review; Ecosystem Architecture Review; AI and Machine Learning Review
149,Applications,Summary,"When considering analytics or advanced analytics, are you required to complete the analysis leveraging a specific application?  What happens if you have analytic needs that cross technologies or capabilities?",Analytics can only be carried on single platforms or systems. Data must be exported from one system to another where analytic needs cross platforms or data locations.,Processes are being developed to allow cross platform analytic capabilities.,Processes are in place to allow cross platform analytic capabilities.,Technology solutions enable seamless cross platform analytic capabilities where required.,"The user does not know or care where the data is physically located, they are able to access any data they need, how they need it.",Business Sponsor; Business Analyst; Data Analyst/Modeller/Scientist; Architect; Program & Project Management; Power User; End User,,,False,False,Big Data Capability Review; Data Warehouse Maturity Review; Ecosystem Architecture Review; AI and Machine Learning Review
150,Applications,Summary,"Who is responsible for application choices, IT or the Business, or a combination of both?",Technology is provisioned in an adhoc fashion. I.T. may provision major applications and systems whilst business units themselves provision technology capabilities as well.,I.T. and the Business are aligning to develop processes and policies in relation to the provisioning of technology.,"I.T. and the Business are guided by processes and policies that ensure technology is provisioned for business value, without duplication of function or process.",I.T. and the Business work together to evaluate and test out new technology that may deliver tangible business value for the organisation.,"Business responsiveness is paramount and is supported by a mature, agile decision framework and analytic roadmap.",Business Sponsor; Architect; IT Management; Program & Project Management; C-Level,,,False,False,Big Data Capability Review; Data Warehouse Maturity Review; Ecosystem Architecture Review; AI and Machine Learning Review
151,Applications,Summary,"Do you have a data integration strategy?  How was it developed?  Are you able to extend it as new and varying data types are required (e.g., big data)?","There is a limited view of data acquisition and integration from an enterprise perspective.  No unifying models, data integration strategy and no analytics ecosystem architecture",Common data elements have been identified and standards put in place required for integration and re-use,Integration is accomplished through the use of a standards analytics ecosystem architecture and a unifying logical data model,There is a flexible and scalable architecture in place that allows users to add new data sources without reworking the integration of the existing data,Data is integrated across the analytic ecosystem regardless of data type.  Employing loosely coupled or tightly coupled approaches appropriate to the data types and use cases,Business Analyst; Data Analyst/Modeller/Scientist; Architect; IT Management; Program & Project Management,,,False,False,Big Data Capability Review; Data Warehouse Maturity Review; Ecosystem Architecture Review; AI and Machine Learning Review
152,Applications,Summary,Applications Section - Strategy,,,,,,,,,False,True,Big Data Capability Review; Data Warehouse Maturity Review; Ecosystem Architecture Review; AI and Machine Learning Review
153,Applications,Strat,Do you have a Technology Strategy defined that supports the provisioning of technology to deliver the desired business analytics outcomes? Does this strategy address short term and long term business analytics outcomes?,There is no strategy in place to align or coordinate infrastructure efforts. Historical approach is generally followed unless a new technology is suggested by I.T.,"Technology functions are defined in independent silos to enable more effective support for a targeted set of business functions or analytic needs. For example, defined for a data mart or data exploration zone.",Technology capabilities are defined for major business functions and business analytics outcomes. This enables consistency and standardisation across the provisioning of technology.,The Technology Strategy guides outcomes to meet current and future business goals.,The Technology Strategy rapidly evolves and guides outcomes to meet current and future business goals.,Architect; IT Management; Program & Project Management; C-Level,,,False,False,
154,Applications,Strat,Applications Section - Roadmap,,,,,,,,,False,True,
155,Applications,Roadmap,Do you have a Technology Roadmap defined that supports the desired business analytics outcomes? Does this Technology Roadmap address short term and long term business analytics outcomes?,There is no roadmap in place to shown when or if technology capabilities will be provisioned to support business analytics outcomes.,I.T. is developing a near to mid-term technology roadmap to give the business visibility of when analytic capabilities will become available.,A near to mid-term roadmap guides the provisioning of analytic capabilities and is used by the business to align business analytics outcomes with analytic capabilities.,The roadmap extends to the long term and  allows the business to be ready for future capabilities as they are needed.,The roadmap rapidly evolves and guides outcomes giving the business extensive responsiveness to the changing business landscape.,Business Sponsor; Architect; IT Management; Program & Project Management; C-Level,,,False,False,Data Warehouse Maturity Review; Ecosystem Architecture Review
156,Applications,Roadmap,"When evaluating new business solutions, are there recommended system standards for the platforms, operating systems, data bases, file systems, open source usage, cloud, etc.?  How do these standards impact the decision to move forward with a new business solution?","Different business departments and I.T. functions define their own infrastructure, data bases, file systems, networks, cloud and open source solutions.",Policies are introduced to provide consistency and standardisation. I.T. is introducing governance over Systems Architecture.,Policies and standards provide consistency of support and capability across business analytics outcomes. Duplication of I.T. functions outside of I.T. is minimised.,A formal Systems Architecture approach and governance provides a framework for business to easily move forward with a new business solution based on policies and standards as well as test out new/emerging capabilities.,An evolving Systems Architecture enables and supports current business needs whilst allowing the business to adapt to new concepts and changing business needs.,Business Sponsor; Business Analyst; Architect; IT Management; Program & Project Management,,,False,False,Data Warehouse Maturity Review; Ecosystem Architecture Review
157,Applications,Roadmap,Applications Section - Architecture,,,,,,,,,False,True,Data Warehouse Maturity Review; Ecosystem Architecture Review
158,Applications,Architecture,Does your organisation view Application Architecture as a formal discipline?,A consistent approach to Systems Architecture is not practised. No formal documentation exists in relation to Systems Architecture.,"A draft Systems Architecture exists for some systems and is available to show high level systems by business function, business process and information locations.","A formal Systems Architecture is consistently leveraged when new business needs emerge, or when developing analytics or applications.",A formal Systems Architecture is leveraged and referenced for consistency and to test the impact of new ideas.,An evolving Systems Architecture enables and supports current business needs whilst allowing the business to test new concepts and changing business needs.,Architect; IT Management; Program & Project Management,,,False,False,Big Data Capability Review; Data Warehouse Maturity Review; Ecosystem Architecture Review; AI and Machine Learning Review
159,Applications,Architecture,"Who is responsible for Application Architecture choices, I.T. or the Business, or a combination of both?",Each department is autonomous in its decision making in relation to technology.,"I.T. are developing processes, standards and guidelines that govern the choice of technology.","I.T. have processes, standards and guidelines that govern the choice of technology.","I.T. and the Business collaborate to extend the processes, standards and guidelines that govern the choice of technology.","The processes, standards and guidelines that govern the choice of technology evolve rapidly over time.",Business Sponsor; Architect; IT Management; Program & Project Management,,,False,False,Big Data Capability Review; Data Warehouse Maturity Review; Ecosystem Architecture Review; AI and Machine Learning Review
160,Applications,Architecture,What is the decision making process to choose an application solution architecture when considering the analytics required to address a new business problem or use case. Who guides the choice?,I.T. decides on behalf of all stakeholders.,Stakeholders are consulted but ultimately the decision is left to I.T.,All stakeholders are able to contribute and participate in a well defined decision making process. I.T. select the solution based upon stakeholder input.,I.T. and the Business collaborate achieve the best result given current and emerging technology capabilities.,Ability for both I.T. and the business to trial new solutions in an agile fashion without $$$ commitment to prior to decision.,Architect; IT Management; Program & Project Management,,,False,False,Big Data Capability Review; Data Warehouse Maturity Review; Ecosystem Architecture Review; AI and Machine Learning Review
161,Applications,Architecture,Does your organisation have a methodical approach to designing Applications? Particularly the use of patterns that allow proven solutions to be reused wherever appropriate?,No formal methodology in place. No reusability.,A formal design methodology is followed but standards are not enforced and reusability is minimal.,Solutions are design as patterns with a view to reuse.,Design patterns and implementation alternatives are readily reused and extended.,New patterns are routinely explored and tested with a view to achieving business responsiveness and efficiencies.,Architect; IT Management; Program & Project Management,,,False,False,Big Data Capability Review; Data Warehouse Maturity Review; Ecosystem Architecture Review; AI and Machine Learning Review
162,Applications,Architecture,"Do you have documentation (e.g. systems diagrams, descriptions, etc.) of the technology (systems, applications, tools, etc.) used to support the business? Are there similar documents for each system or major business function?",,,,,,Architect; IT Management; Program & Project Management,,,False,True,Big Data Capability Review; Data Warehouse Maturity Review; Ecosystem Architecture Review; AI and Machine Learning Review
163,Applications,Architecture,Applications Section - Data Orchestration and Processing Approach,,,,,,,,,False,True,Big Data Capability Review; Data Warehouse Maturity Review; Ecosystem Architecture Review; AI and Machine Learning Review
164,Applications,Data Orchestration,How do business users gain access to new data?  How does this change if the data does not exist in a current system?,,,,,,Business Sponsor; Business Analyst; Architect; IT Management; IT Operations,,,False,True,Big Data Capability Review; Data Warehouse Maturity Review; Ecosystem Architecture Review; AI and Machine Learning Review
165,Applications,Data Orchestration,Do you need to know where data resides and how it is structured in order to exploit the data and perform analytics?  This is called Data Virtualisation,Users need to access specific systems to gain access to the data they require.,A strategy is under development to simplify data access and to allow for data virtualisation.,,,Data assets are exposed via standard process (e.g. APIs) irrespective of the physical location and structure of the data.,Business Sponsor; Business Analyst; Architect; IT Management,,,False,False,Big Data Capability Review; Data Warehouse Maturity Review; Ecosystem Architecture Review; AI and Machine Learning Review
166,Applications,Data Orchestration,What types of technology support the ingestion of data into different systems?,Single capability (e.g. DI tool) used across all use cases.,Investigation into suitable technologies to support specific use cases.,A number of ingest technology patterns are able to be used.,,Emerging technology capabilities are trialled and adopted where appropriate given the use case.,Architect; IT Management,,,False,False,Big Data Capability Review; Data Warehouse Maturity Review; Ecosystem Architecture Review; AI and Machine Learning Review
167,Applications,Data Orchestration,"Are there different patterns for ingesting data? I.e. What types of processes are used to ingest and transform data (e.g., traditional batch, mini-batch, trickle feed, or messaging)?",Limited or single pattern (e.g. batch),Mini-batch and streaming patterns are under development.,Patterns exist for all existing analytic data used by the organisation.,Trials for the ingest and exploitation of  non-traditional analytic data sets are underway (e.g. social media),Patterns are in place to allow the ingest of data from within or outside of the organisation.,Architect; Data Engineer; IT Management,,,False,False,Big Data Capability Review; Data Warehouse Maturity Review; Ecosystem Architecture Review; AI and Machine Learning Review
168,Applications,Data Orchestration,What types of technology support the integration of data for analytic use?,No integrated data capability,Master data management and data integration tools and processes under development.,Data Warehouse,,,Data Analyst/Modeller/Scientist; Architect; Data Engineer; IT Management,,,False,False,Big Data Capability Review; Data Warehouse Maturity Review; Ecosystem Architecture Review; AI and Machine Learning Review
169,Applications,Data Orchestration,Are your analytics supported by common data assets such as an Event Store or Feature Store? Are they simplistic in nature or feature rich?,No such common data assets.,Plans are being developed to implement a common data assets for basic transactions.,Stores exist for common data sets and are widely reused.,Stores for common data sets are routinely enriched with complimentary and external data. These provide wide insights for analytics.,,Business Sponsor; Business Analyst; Data Analyst/Modeller/Scientist; Architect; Data Engineer; IT Management,,,False,False,Big Data Capability Review; Data Warehouse Maturity Review; Ecosystem Architecture Review; AI and Machine Learning Review
170,Applications,Data Orchestration,Describe your error reporting framework within the data integration processes.  How are decisions made about whether to reject data prior to loading or load data and follow-up on quality issues for resolution post-load?   Does it vary by analytic platform type and use case?,No error reporting framework exists.,,,,,Architect; Data Engineer; IT Management,,,False,False,Big Data Capability Review; Data Warehouse Maturity Review; Ecosystem Architecture Review; AI and Machine Learning Review
171,Applications,Data Orchestration,"To what level is data lineage captured, maintained, and tracked through the analytics ecosystem?",No data lineage is captured during processing of data.,A data lineage framework is being established.,Data lineage is routinely captured for most data assets.,Data lineage is automatically captured for all data assets.,Data lineage is automatically captured for all data assets and is exposed upon capture for analytic use.,Architect; Data Engineer; IT Management,,,False,False,Big Data Capability Review; Data Warehouse Maturity Review; Ecosystem Architecture Review; AI and Machine Learning Review
172,Applications,Data Orchestration,"For each type of processing, how quickly after a change in other systems is the new data loaded in the DW and available for on-line access?",Data is updated on a daily or weekly batch basis and may be out of date when analysed,"Data is kept current for targeted business reports, though some challenges remain",Data currency is acceptable,Data is kept up to date for both discovery and production purposes,Data is up to date with future predicted data effectively leveraged,Architect; Data Engineer; IT Management,,,False,False,Big Data Capability Review; Data Warehouse Maturity Review; Ecosystem Architecture Review; AI and Machine Learning Review
173,Applications,Data Orchestration,Where is data latency most critical? For which data subject areas and which applications?  Where is it least critical?,Critical data is often days old when it is available for business intelligence or analytics,"The age of the data is inconsistent, depending on the source.  Critical data has been reviewed and consistent refresh requirements established",Data that is time-sensitive has been identified and refresh expectations have been documents.  IT and the business agree to data currency expectations across systems,"Time-sensitive data is refreshed in near real time, providing improved alerts and work-flow functions","Data currency is handled effectively, addressing time sensitivity.  Proactive efforts have resulted in more timely predictions of potential issues and opportunities",Business Sponsor; Business Analyst; Data Analyst/Modeller/Scientist; Architect; IT Management; Program & Project Management; Power User,,,False,False,Big Data Capability Review; Data Warehouse Maturity Review; Ecosystem Architecture Review; AI and Machine Learning Review
174,Applications,Data Orchestration,Where are data latency requirements not being met? Give examples of where data latency has hindered the ability to make timely business decisions.,,,,,,Business Sponsor; Business Analyst; Data Analyst/Modeller/Scientist; Architect; IT Management; Program & Project Management; Power User; End User,,,False,True,Big Data Capability Review; Data Warehouse Maturity Review; Ecosystem Architecture Review; AI and Machine Learning Review
175,Applications,Data Orchestration,"Which issues are causing data freshness problems (e.g., data availability windows in source systems, data volumes making processing windows exceed load windows, availability of external feeds, or transformations required between systems)?","Data freshness issues have caused timing irregularities across systems (e.g. one feed has data from last week, whilst another has data from yesterday)",The timing of refreshes to analytic environments have been reviewed to correct timing inconsistencies,,,,Business Sponsor; Business Analyst; Data Analyst/Modeller/Scientist; Architect; IT Management; Program & Project Management; Power User; End User,,,False,False,Big Data Capability Review; Data Warehouse Maturity Review; Ecosystem Architecture Review; AI and Machine Learning Review
176,Applications,Data Orchestration,Are there areas with business improvement opportunities if data latency is decreased?,,,,,,Business Sponsor; Business Analyst; Data Analyst/Modeller/Scientist,,,False,True,Big Data Capability Review; Data Warehouse Maturity Review; Ecosystem Architecture Review; AI and Machine Learning Review
177,Applications,Data Orchestration,"If you have a multi-platform analytics ecosystem, how is data synchronised across platforms? How much data is duplicated across platforms in a multi-platform ecosystem",,,,,,Architect; Data Engineer; IT Management,,,False,True,Big Data Capability Review; Data Warehouse Maturity Review; Ecosystem Architecture Review; AI and Machine Learning Review
178,Applications,Data Orchestration,Applications Section - Analytical Applications,,,,,,,,,False,True,Big Data Capability Review; Data Warehouse Maturity Review; Ecosystem Architecture Review; AI and Machine Learning Review
179,Applications,Analytic Apps,What type of Analytic Applications do you have in your organisation?,"Basic capabilities such as Excel, canned reports",Basic capabilities plus enterprise-capable BI tools and some basic analytic tools,Flexible self-service reporting and data science tools,"A wide-range of flexible analytics tools covering reporting, analytics and data science realms.","A wide-range of flexible analytics tools covering reporting, analytics and data science realms.  Also ability for users to trial new tooling to meet new requirements, prior to IT adoption",Business Sponsor; Business Analyst; Data Analyst/Modeller/Scientist; Architect; Program & Project Management; Power User; End User,,,False,False,Big Data Capability Review; Data Warehouse Maturity Review; Ecosystem Architecture Review; AI and Machine Learning Review
180,Applications,Analytic Apps,Are Analytic Applications used widely across your organisation?,Very few if any business departments perform any type of analytics,,,,,Business Sponsor; Business Analyst; Data Analyst/Modeller/Scientist; Architect; Program & Project Management; Power User; End User,,,False,False,Big Data Capability Review; Data Warehouse Maturity Review; Ecosystem Architecture Review; AI and Machine Learning Review
181,Applications,Analytic Apps,"What type of analytics are your able to perform (e.g. descriptive, diagnostic, predictive, prescriptive)?",None,,,,,Business Sponsor; Business Analyst; Data Analyst/Modeller/Scientist; Architect; Program & Project Management; Power User; End User,,,False,False,Big Data Capability Review; Data Warehouse Maturity Review; Ecosystem Architecture Review; AI and Machine Learning Review
182,Applications,Analytic Apps,"How does each user group access the data?  What kind of tools do they use, if any?  How do they learn how to use the tools?",,,,,,Business Sponsor; Business Analyst; Data Analyst/Modeller/Scientist; Architect; Program & Project Management; Power User; End User,,,False,True,Big Data Capability Review; Data Warehouse Maturity Review; Ecosystem Architecture Review; AI and Machine Learning Review
183,Applications,Analytic Apps,"What part of the organization determines the standards for analytic tools, programs, and technologies?  Are there different policies and standards based on the business area?",The organisational culture has a tendency to reject standardisation across business functions.,The organisation has defined critical processes where standardization exists across a few business functions.  Analytics are starting to emerge across functions,A cross-functional team is established to define standards and policies for analytics and data,"Cross-functional collaboration defines targeted best practices, roles and updates to analytics and data policies",Roles enable data consistency whilst promoting analytic innovation,Business Sponsor; Architect; IT Management; Program & Project Management,,,False,False,Big Data Capability Review; Data Warehouse Maturity Review; Ecosystem Architecture Review; AI and Machine Learning Review
184,Applications,Analytic Apps,"Applications Section - Availability (e.g. DR, High Availability etc.)",,,,,,,,,False,True,Big Data Capability Review; Data Warehouse Maturity Review; Ecosystem Architecture Review; AI and Machine Learning Review
185,Applications,Availability,"Does the level of availability for each analytic application meet the business need? E.g. 24 x 7, T+1",Business hours; data assets are at least T+1,Extended business hours with some data available on the day it was generated.,"Analytic systems operate 24x7 and critical data is available, in some form, within 12 hours of generation.",Analytic systems operate 24x7 and critical data is available near real time (NRT).,,Business Sponsor; IT Management,,,False,False,Data Warehouse Maturity Review; Ecosystem Architecture Review
186,Applications,Availability,How long does it take to restore data from archive?,No ability to restore data from archive,Days to weeks,Days,On demand,Hot archive available immediately,IT Management; IT Operations,,,False,False,Data Warehouse Maturity Review; Ecosystem Architecture Review
187,Applications,Availability,"In the event of a disaster, do you think the systems will be available before business impact occurs. Do you know how long does it take to recover? Do you have a defined the RTO and RPO for each system?",The systems are all single point of failure. There are no RTO/RPO defined for each system.,The systems have RTO/RPO defined but there are no disaster recovery platforms deployed. RTO/RPO may not be achievable.,The systems have internal component redundancy and RTO/RPO defined with disaster recovery platforms deployed achieving the RTO/RPO.,No down time as the system has multiple instances and immediate failover in the event of a disaster. RTO/RPO defined with proven disaster recover processes.,No down time as the system has multiple instances with internal component redundancy and immediate failover in the event of a disaster. RTO/RPO defined with proven disaster recover processes.,IT Management; IT Operations,,,False,False,Data Warehouse Maturity Review; Ecosystem Architecture Review
188,Applications,Availability,"Do you have SLA’s currently in place?  If so, what SLA’s would you say are most effective?  Are there SLA’s that may not be needed?",SLAs are not defined or not used,SLAs drafted for critical business needs,SLAs implemented for important business processes and monitored for action,"SLAs become part of the business process, with many automated",SLAs automated within operating environment with exception processing and proactive prediction of exceptions,Business Sponsor; IT Management; IT Operations,,,False,False,Data Warehouse Maturity Review; Ecosystem Architecture Review
189,Applications,Availability,Are service levels and monitoring processes defined as a standard part of the project lifecycle?  How are service levels considered when transitioning an analytic from discovery to production?,,,,,,Business Sponsor; IT Management; IT Operations; Program & Project Management,,,False,True,Data Warehouse Maturity Review; Ecosystem Architecture Review
190,Applications,Availability,How are SLA’s defined for the Analytics Ecosystem?,,,,,,Architect; IT Management; IT Operations; Program & Project Management,,,False,True,Data Warehouse Maturity Review; Ecosystem Architecture Review
191,Applications,Availability,Are there service levels set for activities that are completed by both IT and the business?,The division of responsibilities is unclear,,,,,Architect; IT Management; IT Operations; Program & Project Management,,,False,False,Data Warehouse Maturity Review; Ecosystem Architecture Review
192,Applications,Availability,"Do service level expectations vary by time of day or shift? Do SLAs vary by business day, end of period processing, end of month, end of year etc",No,,,,,Architect; IT Management; IT Operations; Program & Project Management,,,False,False,Data Warehouse Maturity Review; Ecosystem Architecture Review
193,Applications,Availability,"Are SLA’s renegotiated from time to time, based on revised, informal expectations, system improvements, or other changes?  (For example, the SLA may call for an 8:00 a.m. load completion time, but users have begun to expect completion by 6:00 a.m. based on actual completion times.)",No,,,,,Architect; IT Management; IT Operations; Program & Project Management,,,False,False,Data Warehouse Maturity Review; Ecosystem Architecture Review
194,Applications,Availability,"How are analytic models monitored and updated?  Are there service levels for the review, testing, an update of analytic models used in production?",No monitoring is performed,,,,,Architect; IT Management; IT Operations; Program & Project Management,,,False,False,Data Warehouse Maturity Review; Ecosystem Architecture Review
195,Applications,Availability,How are service level measurements collected and communicated? Are regular reports or presentations given to users and others to indicate how well service levels have been met?,There is no SLA reporting mechanism in place,,,SLA reporting of system uptime and performance becomes automated.  Data Quality monitoring is automated at the source of data,,Architect; IT Management; IT Operations; Program & Project Management,,,False,False,Data Warehouse Maturity Review; Ecosystem Architecture Review
196,Applications,Availability,"What expectations from the user community are not being met regarding performance, data quality, availability, and data freshness? Are there issues that are considered a “problem” by some and “working as expected” by others?",,,,,,Business Sponsor; Architect; IT Management; IT Operations; Program & Project Management,,,False,True,Data Warehouse Maturity Review; Ecosystem Architecture Review
197,Applications,Availability,Systems Section,,,,,,,,,False,True,Data Warehouse Maturity Review; Ecosystem Architecture Review
198,Applications,Availability,Systems Section - Summary Questions,,,,,,,,,False,True,Data Warehouse Maturity Review; Ecosystem Architecture Review
199,Systems,Summary,Does the business know which systems and tools to use to achieve the desired business analytics outcome? Are all desired business analytics outcomes supported by some form of technology?,The business is often unable to achieve the desired business analytics outcomes as systems are either unavailable to them or there is no system for the given business function.,A mapping of business functions and outcomes is available to guide the business in arranging access to the relevant system.,"Businesses are guided by a comprehensive mapping of systems, their primary function and the data sets they contain to aid in determining which systems will be used to achieve the business analytics outcome.","Businesses are able to access a catalogue of available systems, business functions and data sets and select from the catalogue the data they need to achieve their desired business analytics outcome.",Business can explore and discover evolving information assets in order to exploit maximum business value.,Business Sponsor; Business Analyst; Data Analyst/Modeller/Scientist; Architect; IT Management; IT Operations; Program & Project Management; Power User; End User,,,False,False,Big Data Capability Review; Data Warehouse Maturity Review; Ecosystem Architecture Review; AI and Machine Learning Review
200,Systems,Summary,"When considering the analytics to address a business problem or use case, how do you know what tool or system capability to use? Are there different environments available for business users vs. I.T.?  Do Data Scientists have access to different analytic environments?",I.T. prepare data in a format consumable by the specific application or tool that business department uses.,"Standardisation of data delivery, applications and tools is underway to optimise the delivery of data for analytics.",Analytic environments are standardised across the organisation allowing rapid access to data.,An Analytic Capability Roadmap guides I.T. and the Business across extensive analytic capabilities whilst exploring emerging trends.,Emerging analytic trends are monitored and tested to determine if additional business value can be gained from their adoption.,Business Sponsor; Business Analyst; Data Analyst/Modeller/Scientist; Architect; IT Management; IT Operations; Program & Project Management; Power User; End User,,,False,False,Big Data Capability Review; Data Warehouse Maturity Review; Ecosystem Architecture Review; AI and Machine Learning Review
201,Systems,Summary,"Is the role of each analytics system well understood and clearly differentiated to other analytics systems, or is there substantial functional or data overlap?",There are a number of systems in place without a clear understanding of how each adds value or delivers a specific business analytics outcome.,Systems are defined for critical business processes. Less critical business analytics outcomes are dealt with in an adhoc fashion.,A base Systems Architecture supports critical business processing.,Systems are engineered (through architecture) to optimise capabilities for critical business processes and outcomes.,Each system adds specific business value. The use and integration of systems enables industry leading performance and capability.,Business Sponsor; Business Analyst; Data Analyst/Modeller/Scientist; Architect; IT Management; Program & Project Management; Power User; End User,,,False,False,Big Data Capability Review; Data Warehouse Maturity Review; Ecosystem Architecture Review; AI and Machine Learning Review
202,Systems,Summary,"Who is responsible for technology choices, IT or the Business, or a combination of both?",Technology is provisioned in an adhoc fashion. I.T. may provision major applications and systems whilst business units themselves provision technology capabilities as well.,I.T. and the Business are aligning to develop processes and policies in relation to the provisioning of technology.,"I.T. and the Business are guided by processes and policies that ensure technology is provisioned for business value, without duplication of function or process.",I.T. and the Business work together to evaluate and test out new technology that may deliver tangible business value for the organisation.,"Business responsiveness is paramount and is supported by a mature, agile decision framework and analytic roadmap.",Business Sponsor; Architect; IT Management; Program & Project Management; C-Level,,,False,False,Big Data Capability Review; Data Warehouse Maturity Review; Ecosystem Architecture Review; AI and Machine Learning Review
203,Systems,Summary,"Describe your approach to infrastructure support.  Are there teams dedicated to supporting platforms or specific applications?  How are the broader enterprise needs supported (such as data base, networking, data centre operations, etc.)?","An inconsistent framework of tools exist to monitor, tune and administer systems.",A standard set of tools are being introduced as the foundation for future solutions.,Automation of critical systems monitoring  is enabled across business processes and outcomes.,Automated monitory and escalation is in place for customer facing events and critical path items.,The framework provides automated monitoring across all business processes and outcomes and provides for predictable performance.,Architect; IT Management; IT Operations; Program & Project Management,,,False,False,Big Data Capability Review; Data Warehouse Maturity Review; Ecosystem Architecture Review; AI and Machine Learning Review
204,Systems,Summary,"Is there a single data processing and storage architecture for all analytics, or is there an ecosystem of varying processing and storage designs (including virtualisation, private cloud, public cloud and on-premise solutions) to meet a variety of analytic needs?",There is no specific analytic storage and processing architecture,A single standard approach has been deployed for all analytics needs,"In the main a single solution approach is used, but some innovative solutions are being assessed or trialled","An analytic ecosystem with a variety of solutions for storage and processing is emerging but still have issues in connectivity, data replication or other functions",An analytic ecosystem encompassing a wide variety of storage and processing architectures is in place and effectively meeting needs,Business Sponsor; Business Analyst; Data Analyst/Modeller/Scientist; Architect; IT Management; Program & Project Management,,,False,False,Big Data Capability Review; Data Warehouse Maturity Review; Ecosystem Architecture Review; AI and Machine Learning Review
205,Systems,Summary,Systems Section - Strategy,,,,,,,,,False,True,Big Data Capability Review; Data Warehouse Maturity Review; Ecosystem Architecture Review; AI and Machine Learning Review
206,Systems,Strat,Do you have a Technology Strategy defined that supports the provisioning of technology to deliver the desired business analytics outcomes? Does this strategy address short term and long term business analytics outcomes?,There is no strategy in place to align or coordinate infrastructure efforts. Historical approach is generally followed unless a new technology is suggested by I.T.,"Technology functions are defined in independent silos to enable more effective support for a targeted set of business functions or analytic needs. For example, defined for a data mart or data exploration zone.",Technology capabilities are defined for major business functions and business analytics outcomes. This enables consistency and standardisation across the provisioning of technology.,The Technology Strategy guides outcomes to meet current and future business goals.,The Technology Strategy rapidly evolves and guides outcomes to meet current and future business goals.,Architect; IT Management; Program & Project Management; C-Level,,,False,False,
207,Systems,Strat,Systems Section - Roadmap,,,,,,,,,False,True,
208,Systems,Roadmap,Do you have a Systems Roadmap defined that supports the desired business analytics outcomes? Does this Systems Roadmap address short term and long term business analytics outcomes?,There is no roadmap in place to shown when or if technology capabilities will be provisioned to support business analytics outcomes.,I.T. is developing a near to mid-term technology roadmap to give the business visibility of when analytic capabilities will become available.,A near to mid-term roadmap guides the provisioning of analytic capabilities and is used by the business to align business analytics outcomes with analytic capabilities.,The roadmap extends to the long term and  allows the business to be ready for future capabilities as they are needed.,The roadmap rapidly evolves and guides outcomes giving the business extensive responsiveness to the changing business landscape.,Business Sponsor; Architect; IT Management; Program & Project Management; C-Level,,,False,False,Data Warehouse Maturity Review; Ecosystem Architecture Review
209,Systems,Roadmap,"When evaluating new business solutions, are there recommended system standards for the platforms, operating systems, data bases, file systems, open source usage, cloud, etc.?  How do these standards impact the decision to move forward with a new business solution?","Different business departments and I.T. functions define their own infrastructure, data bases, file systems, networks, cloud and open source solutions.",Policies are introduced to provide consistency and standardisation. I.T. is introducing governance over Systems Architecture.,Policies and standards provide consistency of support and capability across business analytics outcomes. Duplication of I.T. functions outside of I.T. is minimised.,A formal Systems Architecture approach and governance provides a framework for business to easily move forward with a new business solution based on policies and standards as well as test out new/emerging capabilities.,An evolving Systems Architecture enables and supports current business needs whilst allowing the business to adapt to new concepts and changing business needs.,Business Sponsor; Business Analyst; Architect; IT Management; Program & Project Management,,,False,False,Data Warehouse Maturity Review; Ecosystem Architecture Review
210,Systems,Roadmap,Systems Section - Architecture,,,,,,,,,False,True,Data Warehouse Maturity Review; Ecosystem Architecture Review
211,Systems,Architecture,Does your organisation view Systems Architecture as a formal discipline?,A consistent approach to Systems Architecture is not practised. No formal documentation exists in relation to Systems Architecture.,"A draft Systems Architecture exists for some systems and is available to show high level systems by business function, business process and information locations.","A formal Systems Architecture is consistently leveraged when new business needs emerge, or when developing analytics or applications.",A formal Systems Architecture is leveraged and referenced for consistency and to test the impact of new ideas.,An evolving Systems Architecture enables and supports current business needs whilst allowing the business to test new concepts and changing business needs.,Architect; IT Management; Program & Project Management,,,False,False,Big Data Capability Review; Data Warehouse Maturity Review; Ecosystem Architecture Review; AI and Machine Learning Review
212,Systems,Architecture,"Who is responsible for Systems Architecture choices, I.T. or the Business, or a combination of both?",Each department is autonomous in its decision making in relation to technology.,"I.T. are developing processes, standards and guidelines that govern the choice of technology.","I.T. have processes, standards and guidelines that govern the choice of technology.","I.T. and the Business collaborate to extend the processes, standards and guidelines that govern the choice of technology.","The processes, standards and guidelines that govern the choice of technology evolve rapidly over time.",Business Sponsor; Architect; IT Management; Program & Project Management,,,False,False,Big Data Capability Review; Data Warehouse Maturity Review; Ecosystem Architecture Review; AI and Machine Learning Review
213,Systems,Architecture,"Does the Systems Architecture take into consideration emerging choices and technologies (e.g. Cloud, Open Source, Big Data) to allow the architecture to evolve over time?",Systems Architecture is reactive and follows historical trends. Risk averse and therefore late adopters of emerging choices and technologies.,A draft Systems Architecture roadmap is under development and includes provisions to consider emerging choices and technologies.,Emerging choices and technologies are adopted once proven in the wider global marketplace.,Early adopter,Bleeding edge,Architect; IT Management; Program & Project Management,,,False,False,Big Data Capability Review; Data Warehouse Maturity Review; Ecosystem Architecture Review; AI and Machine Learning Review
214,Systems,Architecture,What is the decision making process to choose a solution architecture when considering the analytics required to address a new business problem or use case. Who guides the choice?,I.T. decides on behalf of all stakeholders.,Stakeholders are consulted but ultimately the decision is left to I.T.,All stakeholders are able to contribute and participate in a well defined decision making process. I.T. select the solution based upon stakeholder input.,I.T. and the Business collaborate achieve the best result given current and emerging technology capabilities.,Ability for both I.T. and the business to trial new solutions in an agile fashion without $$$ commitment to prior to decision.,Architect; IT Management; Program & Project Management,,,False,False,Big Data Capability Review; Data Warehouse Maturity Review; Ecosystem Architecture Review; AI and Machine Learning Review
215,Systems,Architecture,Does your organisation have a methodical approach to designing solutions? Particularly the use of patterns that allow proven solutions to be reused wherever appropriate?,No formal methodology in place. No reusability.,A formal design methodology is followed but standards are not enforced and reusability is minimal.,Solutions are design as patterns with a view to reuse.,Design patterns and implementation alternatives are readily reused and extended.,New patterns are routinely explored and tested with a view to achieving business responsiveness and efficiencies.,Architect; IT Management; Program & Project Management,,,False,False,Big Data Capability Review; Data Warehouse Maturity Review; Ecosystem Architecture Review; AI and Machine Learning Review
216,Systems,Architecture,"Is there a centralized analytics ecosystem or analytics platform?  Describe the organizations responsible.  Who supports the projects that leverage each?  How is the business involved and what roles does IT play (i.e. systems administration, capacity planning, programming, etc.)","There are no centralised roles responsible to govern the data warehouse, data lakes or data labs",Centralised teams direct the analytics ecosystem (IDW and/or data lakes and/or discovery platforms/data labs) for their purposes,Centralized teams of business and IT direct the analytics ecosystem (IDW and/or data lakes and/or discovery platforms/data labs)  for business needs,The analytics ecosystem(IDW and/or data lakes and/or discovery platforms/data labs) is effectively leveraged across the organisation for new insights,The analytics ecosystem platforms (IDW and/or data lakes and/or discovery platforms/data labs) are collaboratively managed to sponsor innovation balanced with operational reliability,Business Sponsor; Architect; IT Management; Program & Project Management,,,False,False,Big Data Capability Review; Data Warehouse Maturity Review; Ecosystem Architecture Review; AI and Machine Learning Review
217,Systems,Architecture,"Do you have documentation (e.g. systems diagrams, descriptions, etc.) of the technology (systems, applications, tools, etc.) used to support the business? Are there similar documents for each system or major business function?",,,,,,Architect; IT Management; Program & Project Management,,,False,True,Big Data Capability Review; Data Warehouse Maturity Review; Ecosystem Architecture Review; AI and Machine Learning Review
218,Systems,Architecture,Systems Section - Storage,,,,,,,,,False,True,Big Data Capability Review; Data Warehouse Maturity Review; Ecosystem Architecture Review; AI and Machine Learning Review
219,Systems,Storage,Does your organisation use a variety of different data storage options?,Primarily relational databases and simple file stores (e.g. Excel).,Policies and standards are being drafted to direct appropriate storage choices given type of data and business use.,"Policies and standards  are consistently leveraged when new business needs emerge, or when developing analytics or applications.",Policies and standards are leveraged and referenced for consistency and to test the impact of new ideas.,The business is able to trial and prove emerging technologies that are suited to their new business cases according to the evolving policies and standards.,Architect; IT Management,,,False,False,Big Data Capability Review; Data Warehouse Maturity Review; Ecosystem Architecture Review; AI and Machine Learning Review
220,Systems,Storage,Does each system have sufficient storage for the data you want to retain? Do you know what the capacity of each type of data storage is and how much can it scale in terms of storage?,The system(s) store a limited amount of data with little ability to scale without significant disruption or change of technology.,The system(s) store a limited amount of data within a scalable storage architecture.,The system(s) store a limited amount of data within an on demand scalable storage architecture.,"The system(s) store a limited amount of data within an on demand scalable systems architecture, inclusive of storage, compute and network.","The system(s) theoretically can store an unlimited amount of data within a flexible, on-demand scalable systems architecture.",Architect; IT Management,,,False,False,Big Data Capability Review; Data Warehouse Maturity Review; Ecosystem Architecture Review; AI and Machine Learning Review
221,Systems,Storage,Systems Section - Infrastructure Model,,,,,,,,,False,True,Big Data Capability Review; Data Warehouse Maturity Review; Ecosystem Architecture Review; AI and Machine Learning Review
222,Systems,Infrastructure Models,"Are you systems on premise, off-premise, private or public cloud?",Traditionally on premise or,"On-prem, private cloud",,,,Architect; IT Management,,,False,False,Big Data Capability Review; Data Warehouse Maturity Review; Ecosystem Architecture Review; AI and Machine Learning Review
223,Systems,Infrastructure Models,Do security concerns limit your ability to use cloud?,,,,,,Architect; IT Management,,,False,True,Big Data Capability Review; Data Warehouse Maturity Review; Ecosystem Architecture Review; AI and Machine Learning Review
224,Systems,Infra,Do  you utilise commodity hardware with/without system virtualisation?,,,,,,Architect; IT Management,,,False,True,
225,Systems,Infra,Systems Section - Systems Management,,,,,,,,,False,True,
226,Systems,SysMgmt,"Are there groups outside of IT who provide infrastructure support (networks, phones, etc.)?",System requests are often delayed by system support issues.,"System requests are reviewed to determine impact to performance, skills and support.",System requests are reviewed and solutions are designed to conform to Systems Architecture policies and standards.,"Business needs are supported in a timely manner, often providing best practice technology enabled solutions.","Business needs are effectively enabled, often automatically, by the systems in a timely and often proactive manner.",IT Management,,,False,False,Data Warehouse Maturity Review; Ecosystem Architecture Review
227,Systems,SysMgmt,How easily can new infrastructure be deployed?,Process to acquire and provision new infrastructure is lengthy.,Standard processes and governance to deploy infrastructure are being introduced to enable business agility.,"Infrastructure can be deployed in a repeatable, verifiable manner subject to governance and approvals.",Infrastructure can be automatically deployed as needed by the business subject to governance and approvals.,Infrastructure can be automatically deployed as needed by the business (governance and approvals also automated).,IT Management,,,False,False,Data Warehouse Maturity Review; Ecosystem Architecture Review
228,Systems,SysMgmt,Systems Section - Operations Management,,,,,,,,,False,True,Data Warehouse Maturity Review; Ecosystem Architecture Review
229,Systems,OpMgmt,Is systems operations proactive or reactive?,Operations must be notified by users of an issue with a system or application running on said system.,Logs record information to assist the resolution of issues.,see BDPCR column O - need to review,see BDPCR column O - need to review,see BDPCR column O - need to review,IT Management; IT Operations,,,False,False,Data Warehouse Maturity Review; Ecosystem Architecture Review
230,Systems,OpMgmt,"How are software versions kept up to date? Is this done as a regular operational activity or do software version lag behind the market? If they lag, how far do they lag?","Software versions and operating systems lag far behind current market versions, with some out of support.",Software products and operating systems are generally kept a version behind the certified market version.,Software products and operating systems are the certified market version.,Beta versions? Testing out new software products?,???,IT Management; IT Operations,,,False,False,Data Warehouse Maturity Review; Ecosystem Architecture Review
231,Systems,OpMgmt,Describe the process to update an application or put a new application into production?,No formal processes defined for updates to applications.,Processes are being developed to allow repeatable and verifiable updates to applications.,Defined processes are followed to update applications or deploy new applications in a repeatable and verifiable manner.,Automated processes are followed to update applications or deploy new applications in a repeatable and verifiable manner.,???,IT Management; IT Operations,,,False,False,Data Warehouse Maturity Review; Ecosystem Architecture Review
232,Systems,OpMgmt,"Is the division of support expectations clear between the different support teams who contribute to the overall analytic output?  (This would include teams responsible for data ingest, application support, etc.) Are these expectations formalized in an Operational Level Agreement (OLA) or other document?","The division of responsibilities is unclear.  There is a ""hero-based"" resolution process",Roles are emerging to be responsible for system admin and data management,"Roles are defined and implemented to monitor, report and improve processes and skills to address SLA needs","While there are clear roles defined to drive SLAs, the monitoring and resolution become a natural part of business",Expectations of performance between different areas of the business are consistently defined and improved as part of ongoing operations,IT Management; IT Operations,,,False,False,Data Warehouse Maturity Review; Ecosystem Architecture Review
233,Systems,OpMgmt,"How are users informed about service level violations? Are alerts built into the systems?  When there are issues, who are responsible for resolution? Are root cause fixes regularly implemented based on service level violations?",,,,,,IT Management; IT Operations; Program & Project Management,,,False,True,Data Warehouse Maturity Review; Ecosystem Architecture Review
234,Systems,OpMgmt,Have escalation procedures been implemented for the data warehouse or analytic platform responsible for running the analytics?  Who helped  develop them?,,Proposed escalation process is defined to more quickly address business critical issues,Escalation processes are in place to address issues falling outside the SLA thresholds,Escalation processes are established with analytics established to alert the team of potential exceptions,"Escalation processes are automated, with critical issues alerting appropriate decision makers",IT Management; IT Operations; Program & Project Management,,,False,False,Data Warehouse Maturity Review; Ecosystem Architecture Review
235,Systems,OpMgmt,"Does your operations team have automated work tools and monitoring processes to pro-actively identify performance, data quality or user issues before trouble tickets are raised?",,,,,,Business Sponsor; IT Management; IT Operations; Power User; End User,,,False,True,Data Warehouse Maturity Review; Ecosystem Architecture Review
236,Systems,OpMgmt,Does your operations team undertake proactive performance tuning and monitoring activities on a regular basis?,,,,,,Business Sponsor; IT Management; IT Operations,,,False,True,Data Warehouse Maturity Review; Ecosystem Architecture Review
237,Systems,OpMgmt,"Do you retain enough log files or similar data to be able to detect performance, data quality or user deviations from past behaviour?",,,,,,IT Management; IT Operations,,,False,True,Data Warehouse Maturity Review; Ecosystem Architecture Review
238,Systems,OpMgmt,Do you have appropriate incident (ticketing) mgmt systems to be able to effectively record issues and trace them through resolution?,,,,,,IT Management; IT Operations; Power User; End User,,,False,True,Data Warehouse Maturity Review; Ecosystem Architecture Review
239,Systems,OpMgmt,Do you have effective Backup and Recovery tools and processes and are these tested on a regular basis?,,,,,,Architect; IT Management; IT Operations,,,False,True,Data Warehouse Maturity Review; Ecosystem Architecture Review
240,Systems,OpMgmt,"Does the Analytics environment operations team have standard process documents (run book, daily,  weekly , recurring and ad hoc tasks lists, communication protocols, SLA definitions, reporting requirements, etc.)",,,,,,IT Management; IT Operations,,,False,True,Data Warehouse Maturity Review; Ecosystem Architecture Review
241,Systems,OpMgmt,"Does the team provide regular performance reports to the users, covering application and systems SLA as well as ticket processing times?",,,,,,Business Sponsor; IT Management; IT Operations; Power User; End User; C-Level,,,False,True,Data Warehouse Maturity Review; Ecosystem Architecture Review
242,Systems,OpMgmt,"Does the Operations Team review  incoming changes and update standard documentation (e.g. runbooks, data dictionaries, system architecture diagrams etc) with the incoming changes?",,,,,,Business Analyst; IT Management; IT Operations,,,False,True,Data Warehouse Maturity Review; Ecosystem Architecture Review
243,Systems,OpMgmt,Is there a prioritization system agreed with the users in place for all incoming tickets?,,,,,,Business Sponsor; IT Management; IT Operations; Power User,,,False,True,Data Warehouse Maturity Review; Ecosystem Architecture Review
244,Systems,OpMgmt,Are changes to the analytics environment performance-tested before being deployed into operations?,,,,,,Architect; IT Management; IT Operations,,,False,True,Data Warehouse Maturity Review; Ecosystem Architecture Review
245,Systems,OpMgmt,Does the Analytics environment operations team undertake regular capacity reviews to pre-empt future performance or capacity issues?,,,,,,Business Sponsor; IT Management; IT Operations; Power User,,,False,True,Data Warehouse Maturity Review; Ecosystem Architecture Review
246,Systems,OpMgmt,"Does the Analytics environment operations team submit regular queries of different types (""Canary Queries"") to test and monitor user-perceived performance?",,,,,,Business Analyst; IT Management; IT Operations,,,False,True,Data Warehouse Maturity Review; Ecosystem Architecture Review
247,Systems,OpMgmt,Does the Analytics enviroment operations team undertake regular reviews of statistics collected for database performance optimization purposes?,,,,,,IT Management; IT Operations,,,False,True,Data Warehouse Maturity Review; Ecosystem Architecture Review
248,Systems,OpMgmt,"Where workload management tools exist, does the Analytics environment operations team regularly review the workload rules to ensure that peformance is optimised",,,,,,IT Management; IT Operations,,,False,True,Data Warehouse Maturity Review; Ecosystem Architecture Review
249,Systems,OpMgmt,Systems Section - Teradata Platform,,,,,,,,,False,True,Data Warehouse Maturity Review; Ecosystem Architecture Review
250,Systems,Teradata,"Do you have discreet systems and/or VM for DEV, SIT, UAT, PROD?  What is the process for promotion?",All environments share a system image,Production is a separate system,UAT is separate from DEV and SIT,All environments are separate,All database names are the same in all environments so that promotion is seamless,Data Analyst/Modeller/Scientist; Architect; Data Engineer; IT Operations,,,False,False,Data Warehouse Maturity Review; Ecosystem Architecture Review
251,Systems,Teradata,Are the system images multitenancy?,All environments have multiple databases,Some environments have multiple swim lanes,Only DEV has multiple swim lanes,There are multiple DEV environments,"There are multiple DEV environments, some in the cloud or on local PCs with porcesses to migrate to ""standard"" environments",Data Analyst/Modeller/Scientist; Architect; Data Engineer; IT Operations,,,False,False,Data Warehouse Maturity Review; Ecosystem Architecture Review
252,Systems,Teradata,"Is there any resource contention in the lower lanes (DEV, SIT, or UAT)?",There is often resource contention in all environments,There is some resource contention in all environments except production,Resource contention occurs in DEV and TEST environments,Resource contention occurs only in DEV,All environments have adequate resources,Data Analyst/Modeller/Scientist; Architect; Data Engineer; IT Operations,,,False,False,Data Warehouse Maturity Review; Ecosystem Architecture Review
253,Systems,Teradata,Is there a formal Change Control Process for code promotion from UAT to PROD?  Does it also include instruction for backing out a change should it fail?,Change control process is manual and informal,Change control is formal and documented but still manual,Backout procedures are provided,Migration to upper environments is automated,All migration is managed through tools,Data Analyst/Modeller/Scientist; Architect; Data Engineer; IT Operations,,,False,False,Data Warehouse Maturity Review; Ecosystem Architecture Review
254,Systems,Teradata,"Do you have an automated tool to manage Data Models, Build DDL, and create automated scripts to migrate to new versions",Data modeling tool is in use,Data Modeling tool generates DDL for all objects,Data Modeling tool generates scripts to migrate new or changed objects,Previous image/data is preserved for a time,Ability to revert is provided and can be automatic,Data Analyst/Modeller/Scientist; Architect; Data Engineer; IT Operations,,,False,False,Data Warehouse Maturity Review; Ecosystem Architecture Review
255,Systems,Teradata,Do you have an automated deployment process to apply the new DDL and preserve data so that DDL versions can be tracked and audited?,Process is not tracked,Change log is maintained manually,Change log is maintained by the automated tool that applies the changes,Change log is reviewable and auditable,Change log is used for debugging and repair,Data Analyst/Modeller/Scientist; Architect; Data Engineer; IT Operations,,,False,False,Data Warehouse Maturity Review; Ecosystem Architecture Review
256,Systems,Teradata,"What layers do you have for Landing Zones, Access Layers, 1to1 views, Security Views, etc?",Landing Zones and Access Layers are implemented,Landing Zones and Access Layers have 1to1 views,Security and Semantic layers are implemented,Some users can go around security views,All user access is through security views,Data Analyst/Modeller/Scientist; Architect; Data Engineer; IT Operations,,,False,False,Data Warehouse Maturity Review; Ecosystem Architecture Review
257,Systems,Teradata,"Are there any data restrictions?  Data with sensitive, confidential, or personally identifiable content might have additional security requirements.",All data is accessible regardless of security concerns,Only some databases are accessible to various users.,Security is implemented by views which hide columns,Security is row and column level,Security is role-based,Data Analyst/Modeller/Scientist; Architect; Data Engineer; IT Operations,,,False,False,Data Warehouse Maturity Review; Ecosystem Architecture Review
258,Systems,Teradata,Do you have automated scripts to generate views?  Are they table driven?,1to1 (access) views are not being used,Macro is being used to generate 1to1 views,Stored procedures generate 1to1 views,Stored procedures generate security and semantic views,Stored procedures are table driven,Data Analyst/Modeller/Scientist; Architect; Data Engineer; IT Operations,,,False,False,Data Warehouse Maturity Review; Ecosystem Architecture Review
259,Systems,Teradata,What other processes have you developed or implemented to manage DDL or other Teradata processes,,,,,,Data Analyst/Modeller/Scientist; Architect; Data Engineer; IT Operations,,,False,True,Data Warehouse Maturity Review; Ecosystem Architecture Review
260,Systems,Teradata,"Do you have automated performance monitoring tools to watch for runaway queries, etc?",Canary Queries are set up,"TASM Workloads are set up, and there is a penalty box",Workloads are set up to demote or cancel runaway queries,PDCR is used to diagnose runaway queries,Performance recommendations are made to address runaways,Data Analyst/Modeller/Scientist; Architect; Data Engineer; IT Operations,,,False,False,Data Warehouse Maturity Review; Ecosystem Architecture Review
261,Systems,Teradata,What is the process for loading data into the environments?,Full copy of production data,Non-normalized (not relatable) subset with obfuscated security fields,Relatable subset of data,Test case specific subset of data,Data handles all test cases and is fully relatable,Data Analyst/Modeller/Scientist; Architect; Data Engineer; IT Operations,,,False,False,Data Warehouse Maturity Review; Ecosystem Architecture Review
262,Systems,Teradata,"Do you use continuous integration software for managing automated builds?  If so, what is it?",,,,,,Data Analyst/Modeller/Scientist; Architect; Data Engineer; IT Operations,,,False,True,Data Warehouse Maturity Review; Ecosystem Architecture Review
263,Systems,Teradata,Do developers have access to PROD?,Yes.  Developers can see production data and can create sandbox tables/data to diagnose,Developers can see production data to diagnose,Production Support makes copy of data for developers to diagnose,Production Support can diagnose and make recommendations,Production Support initiates Demand Request for break-fix,Data Analyst/Modeller/Scientist; Architect; Data Engineer; IT Operations,,,False,False,Data Warehouse Maturity Review; Ecosystem Architecture Review
264,Systems,Teradata,"Regarding the version control system, do you uniquely identify code release by project and environment  For example, for project Widget, you have a Widget-Dev, Widget-SIT,…,etc, for each environment?",,,,,,Data Analyst/Modeller/Scientist; Architect; Data Engineer; IT Operations,,,False,True,Data Warehouse Maturity Review; Ecosystem Architecture Review
265,Systems,Teradata,Do you have any automated testing software or scripts?,,,,,,Data Analyst/Modeller/Scientist; Architect; Data Engineer; IT Operations,,,False,True,Data Warehouse Maturity Review; Ecosystem Architecture Review
266,Systems,Teradata,"What issues do you see most often?  For example, configuration changes, break-fix incidents, code deployments, or maintenance.",,,,,,Data Analyst/Modeller/Scientist; Architect; Data Engineer; IT Operations,,,False,True,Data Warehouse Maturity Review; Ecosystem Architecture Review
267,Systems,Teradata,What processes are used to track these efforts?  Are there any formal process for managing requests?,,,,,,Data Analyst/Modeller/Scientist; Architect; Data Engineer; IT Operations,,,False,True,Data Warehouse Maturity Review; Ecosystem Architecture Review
268,Systems,Teradata,Are there any Ad-Hoc executions in Production?,Frequently,Often,Sometimes,Rarely,Never,Data Analyst/Modeller/Scientist; Architect; Data Engineer; IT Operations,,,False,False,Data Warehouse Maturity Review; Ecosystem Architecture Review
269,Systems,Teradata,"Regarding development, what is the process used for code management?",,,,,,Data Analyst/Modeller/Scientist; Architect; Data Engineer; IT Operations,,,False,True,Data Warehouse Maturity Review; Ecosystem Architecture Review
270,Systems,Teradata,"What is the current process for moving from a development to UAT, from your POV?",,,,,,Data Analyst/Modeller/Scientist; Architect; Data Engineer; IT Operations,,,False,True,Data Warehouse Maturity Review; Ecosystem Architecture Review
271,Systems,Teradata,How are code defects identified and managed?,,,,,,Data Analyst/Modeller/Scientist; Architect; Data Engineer; IT Operations,,,False,True,Data Warehouse Maturity Review; Ecosystem Architecture Review
272,Systems,Teradata,Are Data Types consistent with Class Words?,,,,,,Data Analyst/Modeller/Scientist; Architect; Data Engineer; IT Operations,,,False,True,Data Warehouse Maturity Review; Ecosystem Architecture Review
273,Systems,Teradata,Are all columns with the same name the same data type?,,,,,,Data Analyst/Modeller/Scientist; Architect; Data Engineer; IT Operations,,,False,True,Data Warehouse Maturity Review; Ecosystem Architecture Review
274,Systems,Teradata,Are NULLable columns used appropriately?,,,,,,Data Analyst/Modeller/Scientist; Architect; Data Engineer; IT Operations,,,False,True,Data Warehouse Maturity Review; Ecosystem Architecture Review
275,Systems,Teradata,Do TIMESTAMPS really need to have TIME or should they just be DATE?,,,,,,Data Analyst/Modeller/Scientist; Architect; Data Engineer; IT Operations,,,False,True,Data Warehouse Maturity Review; Ecosystem Architecture Review
276,Systems,Teradata,Are all DATE columns ANSI FORMAT?,,,,,,Data Analyst/Modeller/Scientist; Architect; Data Engineer; IT Operations,,,False,True,Data Warehouse Maturity Review; Ecosystem Architecture Review
277,Systems,Teradata,Is PRIMARY INDEX or NO PRIMARY INDEX specified or defaulted,Defaulted,Primary Key,Intelligent Primary Index - distribution and access,Intelligent Primary Index - distribution and access,Intelligent Primary Index - distribution and access,Data Analyst/Modeller/Scientist; Architect; Data Engineer; IT Operations,,,False,False,Data Warehouse Maturity Review; Ecosystem Architecture Review
278,Systems,Teradata,Is data skewing monitored?,No,When errors happen,On a regular basis,Frequently,Frequently,Data Analyst/Modeller/Scientist; Architect; Data Engineer; IT Operations,,,False,False,Data Warehouse Maturity Review; Ecosystem Architecture Review
279,Systems,Teradata,QA checks and edit checks should be run by developers. Shift-left.,Toss over the wall to DBAs,,,,"Developers thoroughly develop, test, and check all code",Data Analyst/Modeller/Scientist; Architect; Data Engineer; IT Operations,,,False,False,Data Warehouse Maturity Review; Ecosystem Architecture Review
280,Systems,Teradata,Hadoop Development,State Descriptors,,,,,,,,False,False,Data Warehouse Maturity Review; Ecosystem Architecture Review
281,Systems,Hadoop,"Do you have discreet clusters and/or VM for DEV, SIT, UAT, PROD?  What is the process for promotion?",All environments share a system image,Production is a separate system,UAT is separate from DEV and SIT,All environments are separate,All database names are the same in all environments so that promotion is seamless,Data Analyst/Modeller/Scientist; Architect; Data Engineer; IT Operations,,,False,False,Data Warehouse Maturity Review; Ecosystem Architecture Review
282,Systems,Hadoop,Are the clusters multitenancy?,All environments have multiple databases,Some environments have multiple swim lanes,Only DEV has multiple swim lanes,There are multiple DEV environments,"There are multiple DEV environments, some in the cloud or on local PCs with porcesses to migrate to ""standard"" environments",Data Analyst/Modeller/Scientist; Architect; Data Engineer; IT Operations,,,False,False,Data Warehouse Maturity Review; Ecosystem Architecture Review
283,Systems,Hadoop,Is there a formal Change Control Process for code promotion from UAT to PROD?,There is often resource contention in all environments,There is some resource contention in all environments except production,Resource contention occurs in DEV and TEST environments,Resource contention occurs only in DEV,All environments have adequate resources,Data Analyst/Modeller/Scientist; Architect; Data Engineer; IT Operations,,,False,False,Data Warehouse Maturity Review; Ecosystem Architecture Review
284,Systems,Hadoop,"Regarding Change Control Process, do you document procedure for implementing the change request?  Does it also include instruction for backing out a change should it fail?",Change control process is manual and informal,Change control is formal and documented but still manual,Backout procedures are provided,Migration to upper environments is automated,All migration is managed through tools,Data Analyst/Modeller/Scientist; Architect; Data Engineer; IT Operations,,,False,False,Data Warehouse Maturity Review; Ecosystem Architecture Review
285,Systems,Hadoop,What is the process for loading data into the environments?,,,,,,Data Analyst/Modeller/Scientist; Architect; Data Engineer; IT Operations,,,False,True,Data Warehouse Maturity Review; Ecosystem Architecture Review
286,Systems,Hadoop,"Are there any data restrictions?  Data with sensitive, confidential, or personally identifiable content might have additional security requirements.",All data is accessible regardless of security concerns,Only some databases are accessible to various users.,Security is implemented by views which hide columns,Security is row and column level,Security is role-based,Data Analyst/Modeller/Scientist; Architect; Data Engineer; IT Operations,,,False,False,Data Warehouse Maturity Review; Ecosystem Architecture Review
287,Systems,Hadoop,"Do you use continuous integration software for managing automated builds?  If so, what is it?",,,,,,Data Analyst/Modeller/Scientist; Architect; Data Engineer; IT Operations,,,False,True,Data Warehouse Maturity Review; Ecosystem Architecture Review
288,Systems,Hadoop,Do developers have access to PROD?,,,,,,Data Analyst/Modeller/Scientist; Architect; Data Engineer; IT Operations,,,False,True,Data Warehouse Maturity Review; Ecosystem Architecture Review
289,Systems,Hadoop,"Regarding the version control system, do you uniquely identify code release by project and environment  For example, for project Widget, you have a Widget-Dev, Widget-SIT,…,etc, for each environment?",,,,,,Data Analyst/Modeller/Scientist; Architect; Data Engineer; IT Operations,,,False,True,Data Warehouse Maturity Review; Ecosystem Architecture Review
290,Systems,Hadoop,Do you have any automated testing software or scripts?,,,,,,Data Analyst/Modeller/Scientist; Architect; Data Engineer; IT Operations,,,False,True,Data Warehouse Maturity Review; Ecosystem Architecture Review
291,Systems,Hadoop,"What issues do you see most often?  For example, configuration changes, break-fix incidents, code deployments, or maintenance.",,,,,,Data Analyst/Modeller/Scientist; Architect; Data Engineer; IT Operations,,,False,True,Data Warehouse Maturity Review; Ecosystem Architecture Review
292,Systems,Hadoop,What processes are used to track these efforts?  Are there any formal process for managing requests?,,,,,,Data Analyst/Modeller/Scientist; Architect; Data Engineer; IT Operations,,,False,True,Data Warehouse Maturity Review; Ecosystem Architecture Review
293,Systems,Hadoop,"Are there any resource contention in the lower lanes (DEV, SIT, or UAT)?",,,,,,Data Analyst/Modeller/Scientist; Architect; Data Engineer; IT Operations,,,False,True,Data Warehouse Maturity Review; Ecosystem Architecture Review
294,Systems,Hadoop,Are there any Ad-Hoc executions in Production?,,,,,,Data Analyst/Modeller/Scientist; Architect; Data Engineer; IT Operations,,,False,True,Data Warehouse Maturity Review; Ecosystem Architecture Review
295,Systems,Hadoop,"Regarding development, what is the process used for code management?",,,,,,Data Analyst/Modeller/Scientist; Architect; Data Engineer; IT Operations,,,False,True,Data Warehouse Maturity Review; Ecosystem Architecture Review
296,Systems,Hadoop,"What is the current process for moving from a development to UAT, from your POV?",,,,,,Data Analyst/Modeller/Scientist; Architect; Data Engineer; IT Operations,,,False,True,Data Warehouse Maturity Review; Ecosystem Architecture Review
297,Systems,Hadoop,How are code defects identified and managed?,,,,,,Data Analyst/Modeller/Scientist; Architect; Data Engineer; IT Operations,,,False,True,Data Warehouse Maturity Review; Ecosystem Architecture Review
298,Systems,Hadoop,Agility Section - Summary Questions,,,,,,,,,False,True,Data Warehouse Maturity Review; Ecosystem Architecture Review
299,Agility,Summary,Does your organisation view agility (ability to rapidly adapt to changing circumstances) as a strategic advantage or desirable corporate capability?,,,,,,Business Sponsor; Business Analyst; Architect; IT Management; Program & Project Management; C-Level,,,False,True,Big Data Capability Review; Data Warehouse Maturity Review; Ecosystem Architecture Review; AI and Machine Learning Review
300,Agility,Summary,"Do you using development automation (eg. Automated testing, automated integration, automated deployment etc.) to improve time to market for analytics?",,,,,,Data Analyst/Modeller/Scientist; Architect; Data Engineer; IT Management; Program & Project Management,,,False,True,Big Data Capability Review; Data Warehouse Maturity Review; Ecosystem Architecture Review; AI and Machine Learning Review
301,Agility,Summary,Do the analytics staff (in both business and IT departments) have the skills and training to be able to be effective in their roles?,,,,,,Business Sponsor; Data Analyst/Modeller/Scientist; Architect; IT Management; Program & Project Management; Power User,,,False,True,Big Data Capability Review; Data Warehouse Maturity Review; Ecosystem Architecture Review; AI and Machine Learning Review
302,Agility,Summary,"Does your organsation have a specific focus on analytics user engagement (e.g. training programs, communications programs, or stakeholder engagement programs) to build a productive analytics community?",,,,,,Business Sponsor; IT Management; C-Level,,,False,True,Big Data Capability Review; Data Warehouse Maturity Review; Ecosystem Architecture Review; AI and Machine Learning Review
303,Agility,Summary,Agility Section - Strategy,,,,,,,,,False,True,Big Data Capability Review; Data Warehouse Maturity Review; Ecosystem Architecture Review; AI and Machine Learning Review
304,Agility,Strategy,Does your organisation have or plan to have reaction time to change as a measurable KPI for senior executives?,,,,,,Business Sponsor; Business Analyst; Architect; IT Management; Program & Project Management; C-Level,,,False,True,Data Warehouse Maturity Review
305,Agility,Strategy,Does your organisation's processes and procedures emphasise speed of reaction as a valuable competitive dimension?,,,,,,Data Analyst/Modeller/Scientist; Architect; Data Engineer; IT Management; Program & Project Management,,,False,True,Data Warehouse Maturity Review
306,Agility,Strategy,"Is there a corporate push (e.g. training, compensation category, corporate function or similar) to improve the speed of response to changing market situations?",,,,,,Business Sponsor; Data Analyst/Modeller/Scientist; Architect; IT Management; Program & Project Management; Power User,,,False,True,Data Warehouse Maturity Review
307,Agility,Strategy,Agility Section - Roadmap,,,,,,,,,False,True,Data Warehouse Maturity Review
308,Agility,Roadmap,Is there a published roadmap of organisational change to improve the organisation's agility?,,,,,,Business Sponsor; IT Management; Program & Project Management; C-Level,,,False,True,Data Warehouse Maturity Review
309,Agility,Roadmap,Is progress against the roadmap published on a regular basis to all employees?,,,,,,Business Sponsor; IT Management; Program & Project Management; C-Level,,,False,True,Data Warehouse Maturity Review
310,Agility,Roadmap,Is there a person or committee visibly accountable for improving agility?,,,,,,Business Sponsor; IT Management; Program & Project Management; C-Level,,,False,True,Data Warehouse Maturity Review
311,Agility,Roadmap,Agility Section - Methodology,,,,,,,,,False,True,Data Warehouse Maturity Review
312,Agility,Methodology,"What methodology (or methodologies) do your projects follow when they plan and execute?  If there are multiple methodologies, how does the project determine which to use?",Projects select how they approach and execute each project. Project delivery does not always achieve the desired business analytic outcdome. Projects are often over-budget.,A standard methodology is followed but it is sometimes inappropriate for the desired business analytic outcome.,Tailored methodologies support the achievement of major business analytic outcomes.,Agile and adaptable,Agile and evolving,Program & Project Management,,,False,False,Big Data Capability Review; Data Warehouse Maturity Review; Ecosystem Architecture Review; AI and Machine Learning Review
313,Agility,Methodology,Describe your project testing process. How is the business involved in testing the change or new capability prior to it being released into the operations?,Testing is primarily an I.T. function.,Business has some involvement in the setting of test cases.,Business participates in testing new capabilities in production-like circumstances.,Testing is largely automated and is conducted in a repeatable and verifiable manner.,Testing is fully automated and new test scenarios can be added at any time.,Program & Project Management,,,False,False,Big Data Capability Review; Data Warehouse Maturity Review; Ecosystem Architecture Review; AI and Machine Learning Review
314,Agility,Methodology,Does your methodology allow you to react quickly to changing business circumstances or the availability of new data assets?,No formal methodology in place so time to value varies widely.,The methodology sometimes constrains the ability to react quickly.,The methodology supports changing business circumstances and the availability of new data assets.,An effective approach and methodology is used to consistently execute projects to address changing business circumstances.,Agile and iterative methodologies are leveraged to address changing business circumstances in a timely and proactive manner.,Program & Project Management,,,False,False,Big Data Capability Review; Data Warehouse Maturity Review; Ecosystem Architecture Review; AI and Machine Learning Review
315,Agility,Methodology,"How do project teams determine what deliverables to produce (e.g., requirements documents, design documents)? Do they rely on deliverables from their own personal experience (or a nearby colleague), or are there standards within the organization?",Projects select the deliverables to be produced based on past experience.,Standards are emerging for project deliverables.,,,,Program & Project Management,,,False,False,Big Data Capability Review; Data Warehouse Maturity Review; Ecosystem Architecture Review; AI and Machine Learning Review
316,Agility,Methodology,"Is the look and feel of deliverables consistent across projects? Can business users and other constituents quickly recognize, navigate, and understand deliverables? Are deliverables appropriate for audiences?",,,,,,Program & Project Management,,,False,True,Big Data Capability Review; Data Warehouse Maturity Review; Ecosystem Architecture Review; AI and Machine Learning Review
317,Agility,Methodology,Who is responsible for developing and continuously improving the methodology? How does this person or group connect to projects to provide advice and get improvement ideas?,,,,,,Program & Project Management,,,False,True,Big Data Capability Review; Data Warehouse Maturity Review; Ecosystem Architecture Review; AI and Machine Learning Review
318,Agility,Methodology,How does the business identify Agile and time-to-market issues and improvement opportunities?  How are they prioritized and managed?,,,,,,Business Sponsor; Program & Project Management,,,False,True,Big Data Capability Review; Data Warehouse Maturity Review; Ecosystem Architecture Review; AI and Machine Learning Review
319,Agility,Methodology,"What is your organizational philosophy on failing more often, but more quickly vs. reducing failure rates by following formal development processes through to their conclusion?",,,,,,Business Sponsor; Program & Project Management,,,False,True,Big Data Capability Review; Data Warehouse Maturity Review; Ecosystem Architecture Review; AI and Machine Learning Review
320,Agility,Methodology,"Does your organisation have a methodolgy targetted at enabling agile, evolving analytics?",Waterfall Methodology,,,,Analytics Factory,Business Sponsor; Program & Project Management,,,False,False,Big Data Capability Review; Data Warehouse Maturity Review; Ecosystem Architecture Review; AI and Machine Learning Review
321,Agility,Agile,Does your organisation view agility (ability to rapidly adapt to changing circumstances) as a strategic advantage or desirable corporate capability?,,,,,,Business Sponsor; IT Management; Program & Project Management; C-Level,,,False,True,
322,Agility,Methodology,Is there close collaboration between I.T. and the business to deliver technology enabled solutions for analytics? Does your organisation follow an Agile process to enable this?,Business and I.T. are largely independent.,Business and I.T. collaborate on major business analytic capabilities.,,The organisation follows an agile/iterative approach utilising DevOps.This improves the speed and quality of deliveries of business analytic capabilities.,"DevOps has largely automated the SDLC empowering teams to build, validate, deliver and support their own business analytic applications.",Architect; Data Engineer; IT Management; IT Operations; Program & Project Management,,,False,False,Big Data Capability Review; Data Warehouse Maturity Review; Ecosystem Architecture Review; AI and Machine Learning Review
323,Agility,Methodology,Agility Section - Agile Practices,,,,,,,,,False,True,Big Data Capability Review; Data Warehouse Maturity Review; Ecosystem Architecture Review; AI and Machine Learning Review
324,Agility,Agile,What is the current estimation method?  (relative or absolute),,,,,,Program & Project Management,,,False,True,
325,Agility,Agile,"How are Agile teams formed?  Is it self-selecting or manager-assigned?  Does the same team pass from one project to the next, or are teams formed and disbanded per project?",,,,,,Business Analyst; Data Analyst/Modeller/Scientist; Architect; Data Engineer; Program & Project Management,,,False,True,
326,Agility,Agile,How much time is spent (on average) on estimation?,,,,,,Program & Project Management,,,False,True,
327,Agility,Agile,"Do you have a storyboard that visually depicts the work flowing through your project (e.g. storywall, JIRA, Kanban board etc.)",,,,,,Business Analyst; Data Analyst/Modeller/Scientist; Architect; Data Engineer; Program & Project Management,,,False,True,
328,Agility,Agile,Are the 12 Agile Principles followed within the project?  Within the department?  Within the organization?,,,,,,Business Sponsor; Business Analyst; Data Analyst/Modeller/Scientist; Architect; Data Engineer; IT Management; Program & Project Management,,,False,True,
329,Agility,Agile,Are incoming requirements added to a backlog for estimation and inclusion in the next iteration?,,,,,,Program & Project Management,,,False,True,
330,Agility,Agile,How do you categorize incoming work?,,,,,,Program & Project Management,,,False,True,
331,Agility,Agile,What are the SLAs for different types of work?,,,,,,Program & Project Management,,,False,True,
332,Agility,Agile,Do you have classes of service assigned to work?,,,,,,Program & Project Management,,,False,True,
333,Agility,Agile,"What are the metrics currently used to deliver work? (cycle time, flow efficiency)",,,,,,Program & Project Management,,,False,True,
334,Agility,Agile,How does business percieve speed of delivery?,,,,,,Business Sponsor; Program & Project Management,,,False,True,
335,Agility,Agile,"What does ""START"" and what does ""END"" mean?  Where does the work start, which team is that, who do they pass it on to next, what is the last team to get the work?",,,,,,Business Analyst; Program & Project Management,,,False,True,
336,Agility,Agile,Do you currently have Testing Sprints?,,,,,,Program & Project Management,,,False,True,
337,Agility,Agile,Is it hard to work with Offshore teams while practicing Agile?,,,,,,Program & Project Management,,,False,True,
338,Agility,Agile,Which team is the bottleneck?  How do you know that?,,,,,,Business Sponsor; Program & Project Management,,,False,True,
339,Agility,Agile,"Are you using the following Agile disciplines?  Demand Services, Solution Prototyping, Delivery Services",,,,,,Program & Project Management,,,False,True,
340,Agility,Agile,"Do you have an automated tool to manage Pool of Options, Replenishment Backlog, Committed Prototype",,,,,,Business Sponsor; Program & Project Management,,,False,True,
341,Agility,Agile,"How are Options from the Pool selected for Replenishment and Committed?  Is there a discipline for this?  How are the pool of options winnowed down to an agile sprint?  Is more than one sprint addressed at a time (in parallel), or are they single threaded?  Multiple teams?  See above question about domains for a set of demand “services”.",,,,,,Business Sponsor; Program & Project Management,,,False,True,
342,Agility,Agile,Product Owner is identified for each product,,,,,,Business Sponsor; Program & Project Management,,,False,True,
343,Agility,Agile,"The Product Owner has completed required agile training, including Product Owner training",,,,,,Business Sponsor; Program & Project Management,,,False,True,
344,Agility,Agile,The Product Owner is actively involved throughout the development process (Scrum or Kanban Build phase),,,,,,Business Sponsor; Program & Project Management,,,False,True,
345,Agility,Agile,The Product Owner is empowered to prioritize and take decisions on what needs to be done,,,,,,Business Sponsor; Program & Project Management,,,False,True,
346,Agility,Agile,A Workflow Master is identified and trained for each team/Kanban board,,,,,,Business Sponsor; Program & Project Management,,,False,True,
347,Agility,Agile,Agile Project Managers are identified and trained and clear on their roles (differences between agile project management and traditional project management),,,,,,Program & Project Management,,,False,True,
348,Agility,Agile,An Agile Coach is available to provide ongoing mentoring and support,,,,,,Program & Project Management,,,False,True,
349,Agility,Agile,Scrum Master is identified for each Scrum team,,,,,,Program & Project Management,,,False,True,
350,Agility,Agile,The development team has all the skills needed to do the work and deliver a product increment or prototype,,,,,,Program & Project Management,,,False,True,
351,Agility,Agile,The team knows who the product owner is,,,,,,Data Analyst/Modeller/Scientist; Architect; Program & Project Management,,,False,True,
352,Agility,Agile,The business is aligned with the development team,,,,,,Business Sponsor; Data Analyst/Modeller/Scientist; Program & Project Management,,,False,True,
353,Agility,Agile,"Teams sit together and have ready access to the business (ideally, co-located with the business)",,,,,,Business Sponsor; Program & Project Management,,,False,True,
354,Agility,Agile,"An Agile Implementation Framework is defined, visible, and understood by all stakeholders",,,,,,Program & Project Management,,,False,True,
355,Agility,Agile,Work is coordinated across teams to limit the impact of internal and external risks to the team,,,,,,Program & Project Management,,,False,True,
356,Agility,Agile,"Impediments that hold up progress are raised, recorded, and resolved in a timely manner by the development team, Scrum Master/Workflow Master, and PM according to their roles",,,,,,Business Sponsor; Business Analyst; Data Analyst/Modeller/Scientist; Architect; Data Engineer; Program & Project Management,,,False,True,
357,Agility,Agile,"The developers hold a Daily Standup at the same time every day, even if the Scrum Master or Workflow Master aren't present",,,,,,Business Sponsor; Data Analyst/Modeller/Scientist; Program & Project Management,,,False,True,
358,Agility,Agile,There are periodic Retrospective meetings (at the end of each sprint for Scrum teams),,,,,,Business Sponsor; Data Analyst/Modeller/Scientist; Program & Project Management,,,False,True,
359,Agility,Agile,"The team reflects on their way of working in the retrospective using observed behavior, data, facts, feelings, etc.",,,,,,Business Analyst; Data Analyst/Modeller/Scientist; Architect; Data Engineer; Program & Project Management,,,False,True,
360,Agility,Agile,Actions (top few high priority actions) from the retrospective are addressed in the next Sprint (for Scrum Teams) or as soon as possible in the Kanban workflow,,,,,,Data Analyst/Modeller/Scientist; Program & Project Management,,,False,True,
361,Agility,Agile,"All team members (entire Scrum Team for Scrum and entire development team, including the Workflow Master for Kanban) are included in the Retrospective meeting",,,,,,Business Sponsor; Data Analyst/Modeller/Scientist; Architect; Data Engineer; Program & Project Management,,,False,True,
362,Agility,Agile,The team and stakeholders frequently explore how to improve the way of working and take action to do it,,,,,,Business Sponsor; Business Analyst; Data Analyst/Modeller/Scientist; Architect; Data Engineer; IT Management; Program & Project Management,,,False,True,
363,Agility,Agile,The team has a Definition of Done that defines what must be completed for a work item to be considered done (Done for a sprint or Done to move to the next queue on a Kanban board).,,,,,,Business Sponsor; Data Analyst/Modeller/Scientist; Program & Project Management,,,False,True,
364,Agility,Agile,"Team members trust each other, are open and honest, and share information that affects the team",,,,,,Business Analyst; Data Analyst/Modeller/Scientist; Architect; Data Engineer; Program & Project Management,,,False,True,
365,Agility,Agile,"Team members share their knowledge, help each other, and are open to learn from each other to benefit the team",,,,,,Business Analyst; Data Analyst/Modeller/Scientist; Architect; Data Engineer; Program & Project Management,,,False,True,
366,Agility,Agile,"The team and stakeholders stick to the agreed way of working, even under pressure",,,,,,Business Sponsor; Data Analyst/Modeller/Scientist; Architect; Data Engineer; Program & Project Management,,,False,True,
367,Agility,Agile,"Feedback, both positive and on things to improve, is given often and directly",,,,,,Business Sponsor; Data Analyst/Modeller/Scientist; Architect; Data Engineer; Program & Project Management,,,False,True,
368,Agility,Agile,Problems are raised  as soon as possible and addressed to ensure that the team can move forward,,,,,,Business Sponsor; Data Analyst/Modeller/Scientist; Architect; Data Engineer; Program & Project Management,,,False,True,
369,Agility,Agile,"Pattern-Driven Development is used where standards, conventions, and patterns are defined and followed to increase quality. Gaps are identified and being addressed (defining missing standards, conventions, patterns, etc.)",,,,,,Architect; Data Engineer; Program & Project Management,,,False,True,
370,Agility,Agile,"Test cases are written upfront, before development begins (test-driven development)",,,,,,Business Analyst; Data Analyst/Modeller/Scientist; Architect; Data Engineer; Program & Project Management,,,False,True,
371,Agility,Agile,Testing is integratedthroughout the lifecfycle and starts when code is available.,,,,,,Business Analyst; Data Analyst/Modeller/Scientist; Architect; Program & Project Management,,,False,True,
372,Agility,Agile,"Work-in-progress is limited (in Scrum, this is enforced through the Sprint Backlog, in Kanban, it is enforced through WIP limits)",,,,,,Business Sponsor; Data Analyst/Modeller/Scientist; Architect; Data Engineer; Program & Project Management,,,False,True,
373,Agility,Agile,Architecture is aligned and actively involved in release planning and working with development teams,,,,,,Architect; Data Engineer; Program & Project Management,,,False,True,
374,Agility,Agile,"Developers have enough time to experiment, learn, and implement improvements",,,,,,Data Analyst/Modeller/Scientist; Architect; Data Engineer; Program & Project Management,,,False,True,
375,Agility,Agile,"Teams enjoy the work that they do, have fun, and celebrate successes",,,,,,Business Analyst; Data Analyst/Modeller/Scientist; Architect; Data Engineer; Program & Project Management,,,False,True,
376,Agility,Agile,Coaching and mentoring is available for adopting agile in a suitable way,,,,,,Program & Project Management,,,False,True,
377,Agility,Agile,"Requirements are defined, clarified and written down in an agreed format (for example, user stories, use cases, business questions). More than one format may be acceptable.",,,,,,Business Sponsor; Business Analyst; Program & Project Management,,,False,True,
378,Agility,Agile,Requirements identified for the next Scrum Sprint or for the Kanban Ready queue are decomposed and enough detail to begin development (requirements can be clarified and defined further during development),,,,,,Business Analyst; Data Analyst/Modeller/Scientist; Program & Project Management,,,False,True,
379,Agility,Agile,There is a prioritized product backlog,,,,,,Business Analyst; Program & Project Management,,,False,True,
380,Agility,Agile,The product backlog has estimates created by the development team (for high priority items ready to be worked on),,,,,,Business Analyst; Data Engineer; Program & Project Management,,,False,True,
381,Agility,Agile,"Items on the product backlog are expressed in business terms that are of some value to the user, customer, or business and not as technical tasks",,,,,,Business Sponsor; Business Analyst; Data Analyst/Modeller/Scientist; Program & Project Management,,,False,True,
382,Agility,Agile,Acceptance criteria is defined for all product backlog items selected for the sprint (Scrum) or Ready queue (Kanban),,,,,,Business Analyst; Data Analyst/Modeller/Scientist; Architect; Program & Project Management,,,False,True,
383,Agility,Agile,The team is working from a single prioritized backlog,,,,,,Data Engineer; Program & Project Management,,,False,True,
384,Agility,Agile,There are enough product backlog items groomed that the team can pull in work (into a sprint or onto the Kanban board) if there is unused capacity,,,,,,Business Analyst; Architect; Data Engineer; Program & Project Management,,,False,True,
385,Agility,Agile,The development team estimates each product backlog item on the product backlog,,,,,,Business Analyst; Data Analyst/Modeller/Scientist; Architect; Data Engineer; Program & Project Management,,,False,True,
386,Agility,Agile,"When a developer indicates a work item is done, it is DONE! (that is, potentially shippable)",,,,,,Business Sponsor; Business Analyst; Data Engineer; Program & Project Management,,,False,True,
387,Agility,Agile,"Value is delivered to the business frequently (for example: 5-weekly, 4-monthly, 3-every few months, 2-multiple times/year, 1-less than once a year)",,,,,,Business Sponsor; Business Analyst; Program & Project Management,,,False,True,
388,Agility,Agile,The team is empowered to make decisions,,,,,,Business Sponsor; Data Analyst/Modeller/Scientist; Data Engineer; Program & Project Management,,,False,True,
389,Agility,Agile,The team is self-organizing and does not rely on management to set and meet its goals,,,,,,Business Sponsor; Data Analyst/Modeller/Scientist; Data Engineer; IT Management; Program & Project Management,,,False,True,
390,Agility,Agile,"The team commits and takes responsibility for delivery, team members collaborate to help the team to achieve its goal",,,,,,Business Sponsor; Data Analyst/Modeller/Scientist; Architect; Data Engineer; IT Management; Program & Project Management,,,False,True,
391,Agility,Agile,Changes during the development cycle that impact the expected result are being dealt with by the team in an appropriate way,,,,,,Business Sponsor; Data Analyst/Modeller/Scientist; Architect; Data Engineer; IT Management; Program & Project Management,,,False,True,
392,Agility,Agile,Workflow Master for each Kanban board is identified and trained in Kanban and Kanban System Design,,,,,,Program & Project Management,,,False,True,
393,Agility,Agile,The team has a Kanban board to visualize workflow and work,,,,,,Business Sponsor; Business Analyst; Data Engineer; Program & Project Management,,,False,True,
394,Agility,Agile,"The Kanban board is visible/accessable to all stakeholders (team, business stakeholders)",,,,,,Business Sponsor; Data Analyst/Modeller/Scientist; Data Engineer; Program & Project Management,,,False,True,
395,Agility,Agile,The team reviews the Kanban board daily,,,,,,Business Sponsor; Business Analyst; Data Analyst/Modeller/Scientist; Architect; Data Engineer; Program & Project Management,,,False,True,
396,Agility,Agile,"The Daily Standup focuses on ongoing work, work that needs to be done, and impediments and lasts no more than 15 minutes",,,,,,Business Sponsor; Data Analyst/Modeller/Scientist; Data Engineer; Program & Project Management,,,False,True,
397,Agility,Agile,"The Daily Standup focuses on work that is nearly complete, blocked work, impediments to flow, high priority work, and ensuring delivery of value",,,,,,Business Analyst; Architect; Program & Project Management,,,False,True,
398,Agility,Agile,The team updates the Kanban board daily,,,,,,Business Analyst; Architect; Program & Project Management,,,False,True,
399,Agility,Agile,The team addresses urgent/expedited work at least daily,,,,,,Business Sponsor; Business Analyst; Data Engineer; Program & Project Management,,,False,True,
400,Agility,Agile,The Kanban board has WIP limits established and being used,,,,,,Business Sponsor; Data Analyst/Modeller/Scientist; Data Engineer; Program & Project Management,,,False,True,
401,Agility,Agile,Policies are explicitly stated and visible to the team,,,,,,Business Sponsor; Data Analyst/Modeller/Scientist; Data Engineer; Program & Project Management,,,False,True,
402,Agility,Agile,Cycle times for all work items are tracked,,,,,,Business Sponsor; Business Analyst; Data Analyst/Modeller/Scientist; Data Engineer; Program & Project Management,,,False,True,
403,Agility,Agile,The team knows what their throughput is,,,,,,Business Sponsor; Business Analyst; Data Analyst/Modeller/Scientist; Architect; Data Engineer; Program & Project Management,,,False,True,
404,Agility,Agile,Throughput and average cycle time are used to gauge which work items can be placed in the ready queue,,,,,,Business Sponsor; Business Analyst; Data Analyst/Modeller/Scientist; Data Engineer; Program & Project Management,,,False,True,
405,Agility,Agile,Each sprint has a clear sprint goal,,,,,,Business Sponsor; Business Analyst; Data Engineer; Program & Project Management,,,False,True,
406,Agility,Agile,All team members attend the Sprint Planning meeting,,,,,,Business Sponsor; Business Analyst; Data Analyst/Modeller/Scientist; Architect; Data Engineer; Program & Project Management,,,False,True,
407,Agility,Agile,The team knows what their velocity is,,,,,,Business Sponsor; Business Analyst; Data Analyst/Modeller/Scientist; Architect; Data Engineer; Program & Project Management,,,False,True,
408,Agility,Agile,Sprints are timeboxed to four weeks or less,,,,,,Business Sponsor; Business Analyst; Data Engineer; Program & Project Management,,,False,True,
409,Agility,Agile,The sprint ends on the agreed upon end date,,,,,,Business Sponsor; Data Engineer; Program & Project Management,,,False,True,
410,Agility,Agile,All tasks on the sprint backlog are broken down to a size that is less than one day,,,,,,Business Sponsor; Business Analyst; Data Engineer; Program & Project Management,,,False,True,
411,Agility,Agile,"The team tracks progress daily, for example, with burndown charts",,,,,,Business Sponsor; Business Analyst; Data Analyst/Modeller/Scientist; Data Engineer; Program & Project Management,,,False,True,
412,Agility,Agile,Applications/prototypes are tested and working at the end of each sprint,,,,,,Business Sponsor; Data Engineer; Program & Project Management,,,False,True,
413,Agility,Agile,The team is not disrupted during the sprint,,,,,,Business Sponsor; Data Engineer; Program & Project Management,,,False,True,
414,Agility,Agile,Stretch tasks are identified for inclusion in the sprint if it goes better than expected,,,,,,Business Sponsor; Data Engineer; Program & Project Management,,,False,True,
415,Agility,Agile,Agility Section - DevOps,,,,,,,,,False,True,
416,Agility,DevOps,Does your organisation frequently and successfully deploy new business analytic capabilities?,Deployments are infrequent and are fraught with issues.,,Deployments are reasonably frequent (.e.g. quarterly) and are done in a verifiable and repeatable manner.,Deployments are very frequent (.e.g. monthly) and are done in a verifiable and repeatable manner. (Continuous Delivery),Deployments can be done on demand and are completely automated. (Continuous Deployment),Business Sponsor; Architect; Data Engineer; IT Management; IT Operations; Program & Project Management,,,False,False,Big Data Capability Review; Data Warehouse Maturity Review; Ecosystem Architecture Review; AI and Machine Learning Review
417,Agility,DevOps,All code changes are reversible and it is possible to make a release at any time,,,,,,Data Analyst/Modeller/Scientist; Architect; Data Engineer; IT Operations; Program & Project Management,,,False,True,Big Data Capability Review; Data Warehouse Maturity Review; Ecosystem Architecture Review; AI and Machine Learning Review
418,Agility,DevOps,There is an automated build and regression test,,,,,,Data Analyst/Modeller/Scientist; Architect; Data Engineer; IT Operations; Program & Project Management,,,False,True,Big Data Capability Review; Data Warehouse Maturity Review; Ecosystem Architecture Review; AI and Machine Learning Review
419,Agility,DevOps,"What is the failure rate associated with new business analytic capabilities. That is, are many issues found once they are deployed to production?",High,,,,Low or zero,Data Analyst/Modeller/Scientist; Architect; Data Engineer; IT Management; IT Operations; Program & Project Management,,,False,False,Big Data Capability Review; Data Warehouse Maturity Review; Ecosystem Architecture Review; AI and Machine Learning Review
420,Agility,DevOps,How quickly are production issues fixed?,Must wait for  next scheduled release or longer.,,,,"Very quickly, e.g. within a day.",Architect; Data Engineer; IT Management; IT Operations; Program & Project Management,,,False,False,Big Data Capability Review; Data Warehouse Maturity Review; Ecosystem Architecture Review; AI and Machine Learning Review
421,Agility,DevOps,"Are you aware of the terms Continuous Integration, Continuous Delivery and Continuous Deployment? If so, does your organisation have these capabilities and to what degree?","Not aware, no capabilities.",,Practice Continuous Integration for some business analytic capabilities to improve time to market.,"Aiming for or achieving Continuous Delivery. That is, applications are in a ready to deploy state.","Aiming for or achieving Continuous Deployment. That is, applications can be deployed without human intervention.",Business Sponsor; Architect; Data Engineer; IT Management; IT Operations; Program & Project Management,,,False,False,Big Data Capability Review; Data Warehouse Maturity Review; Ecosystem Architecture Review; AI and Machine Learning Review
422,Agility,DevOps,How automated is your ability to track data lineage and interdependency?,"Not aware, no capabilities.",,Practice data lineage traceability for some business analytic capabilities to improve time to market.,,,Data Analyst/Modeller/Scientist; Architect; Program & Project Management,,,False,False,Big Data Capability Review; Data Warehouse Maturity Review; Ecosystem Architecture Review; AI and Machine Learning Review
423,Agility,DevOps,How automated is your version control capabilitily?,"Not aware, no capabilities.",,Practice automated version control for some business analytic capabilities to improve time to market.,,,Business Analyst; Data Analyst/Modeller/Scientist; Architect; Data Engineer; IT Management; Program & Project Management,,,False,False,Big Data Capability Review; Data Warehouse Maturity Review; Ecosystem Architecture Review; AI and Machine Learning Review
424,Agility,DevOps,Is there a formal Change Control Process for code promotion from Dev to UAT to PROD?,,,,,,Data Analyst/Modeller/Scientist; Architect; Data Engineer; IT Management,,,False,True,Big Data Capability Review; Data Warehouse Maturity Review; Ecosystem Architecture Review; AI and Machine Learning Review
425,Agility,DevOps,"Regarding Change Control Process, do you document procedure for implementing the change request?  Does it also include instruction for backing out a change should it fail?",,,,,,Architect; IT Management; IT Operations,,,False,True,Big Data Capability Review; Data Warehouse Maturity Review; Ecosystem Architecture Review; AI and Machine Learning Review
426,Agility,DevOps,What is the process for loading data into the environments?,,,,,,Business Analyst; Data Analyst/Modeller/Scientist; Data Engineer,,,False,True,Big Data Capability Review; Data Warehouse Maturity Review; Ecosystem Architecture Review; AI and Machine Learning Review
427,Agility,DevOps,"Are there any data restrictions?  Data with sensative, confidential, or personally identifiable content might have additional security requirements.",,,,,,Business Analyst; Data Analyst/Modeller/Scientist; Architect; Data Engineer; IT Management; IT Operations,,,False,True,Big Data Capability Review; Data Warehouse Maturity Review; Ecosystem Architecture Review; AI and Machine Learning Review
428,Agility,DevOps,"Do you use continuous intergration software for managing automated builds?  If so, what is it?",,,,,,Data Analyst/Modeller/Scientist; Architect; Data Engineer; IT Management; IT Operations,,,False,True,Big Data Capability Review; Data Warehouse Maturity Review; Ecosystem Architecture Review; AI and Machine Learning Review
429,Agility,DevOps,Do developers have access to PROD?,,,,,,Data Analyst/Modeller/Scientist; Architect; Data Engineer; IT Management; IT Operations,,,False,True,Big Data Capability Review; Data Warehouse Maturity Review; Ecosystem Architecture Review; AI and Machine Learning Review
430,Agility,DevOps,"Regarding the version control system, do you uniquly identify code release by project and environment  For example, for project Widget, you have a Widget-Dev, Widget-SIT,…,etc, for each environment?",,,,,,Data Analyst/Modeller/Scientist; Architect; Data Engineer; IT Operations,,,False,True,Big Data Capability Review; Data Warehouse Maturity Review; Ecosystem Architecture Review; AI and Machine Learning Review
431,Agility,DevOps,Do you have any automated testing software or scripts?,,,,,,Business Analyst; Data Analyst/Modeller/Scientist; Architect; Data Engineer; IT Management; IT Operations,,,False,True,Big Data Capability Review; Data Warehouse Maturity Review; Ecosystem Architecture Review; AI and Machine Learning Review
432,Agility,DevOps,"Continuous integration is used; automated builds occur at every code check-in, tests pass locally before checkin, and immediate feedback is provided when new code breaks the build",,,,,,Program & Project Management,,,False,True,Big Data Capability Review; Data Warehouse Maturity Review; Ecosystem Architecture Review; AI and Machine Learning Review
433,Agility,DevOps,What is your current toolchain?,,,,,,Data Analyst/Modeller/Scientist; Data Engineer; IT Operations,,,False,True,Big Data Capability Review; Data Warehouse Maturity Review; Ecosystem Architecture Review; AI and Machine Learning Review
434,Agility,DevOps,"What do you currently do in terms of the following DevOps practices:
1.  Configuration Management (Virtual Infrastructure, configuration management)
2.  Application Build
3.  Test
4.  Deploy
5.  CI Workflow
6.  Source code versioning 
7.  Visualization",,,,,,Business Analyst; Data Analyst/Modeller/Scientist; Architect; Data Engineer; IT Operations; Program & Project Management,,,False,True,Big Data Capability Review; Data Warehouse Maturity Review; Ecosystem Architecture Review; AI and Machine Learning Review
435,Agility,DevOps,Define the process when developer checks-in their tested code (branching)?,,,,,,Data Engineer; IT Operations,,,False,True,Big Data Capability Review; Data Warehouse Maturity Review; Ecosystem Architecture Review; AI and Machine Learning Review
436,Agility,DevOps,What work requests are fully automated and which ones require manual intervention?,,,,,,Architect; Data Engineer; IT Operations,,,False,True,Big Data Capability Review; Data Warehouse Maturity Review; Ecosystem Architecture Review; AI and Machine Learning Review
437,Agility,DevOps,How many test cases does the test case library consist?  What is the continuous Integration process?,,,,,,Data Analyst/Modeller/Scientist; Architect; Data Engineer; IT Operations,,,False,True,Big Data Capability Review; Data Warehouse Maturity Review; Ecosystem Architecture Review; AI and Machine Learning Review
438,Agility,DevOps,How do you currently figure out the object dependancies (impact analysis)?  Is it manual or automated?,,,,,,Business Analyst; Data Analyst/Modeller/Scientist; Architect; Data Engineer,,,False,True,Big Data Capability Review; Data Warehouse Maturity Review; Ecosystem Architecture Review; AI and Machine Learning Review
439,Agility,DevOps,Are development processes automated and is automation deployed across all teams?,Manual processes,Automated processes used in groups,,,Automated processes used extensively,Business Analyst; Data Analyst/Modeller/Scientist; Architect; Data Engineer; IT Operations,,,False,False,Big Data Capability Review; Data Warehouse Maturity Review; Ecosystem Architecture Review; AI and Machine Learning Review
440,Agility,DevOps,Agility Section - Skill Sets,,,,,,,,,False,True,Big Data Capability Review; Data Warehouse Maturity Review; Ecosystem Architecture Review; AI and Machine Learning Review
441,Agility,"Skills, Knowledge, Training",What training is available to help increase awareness and understanding of the data structures and their uses?,,,,,,Program & Project Management,,,False,True,Big Data Capability Review; Data Warehouse Maturity Review; AI and Machine Learning Review
442,Agility,"Skills, Knowledge, Training",How does the organization ensure that appropriate training is deployed with new projects or changes?,,,"Processes address the new and training for analytics tools, skills and capabilities",,,Program & Project Management,,,False,False,Big Data Capability Review; Data Warehouse Maturity Review; AI and Machine Learning Review
443,Agility,"Skills, Knowledge, Training",Describe the skill level of the teams or groups that you have today that perform analytics.,Analytic skills are limited to a select small number of users,"There are pockets of analytic skills, with varying depth",There are targeted groups of analytics professional with appropriate skills,Analytics professionals are organised and effectively deliver to the analytics needs of the organisation,Analytics team members are vital to company success and demonstrate deep analytics and business understanding,Program & Project Management,,,False,False,Big Data Capability Review; Data Warehouse Maturity Review; AI and Machine Learning Review
444,Agility,"Skills, Knowledge, Training","Does the business have access to Data Scientists or Analysts who do advanced analytics, including sentiment analysis, text analysis, etc.?",,,,,,Business Sponsor; Business Analyst; Data Analyst/Modeller/Scientist; Program & Project Management,,,False,True,Big Data Capability Review; Data Warehouse Maturity Review; AI and Machine Learning Review
445,Agility,"Skills, Knowledge, Training",Do the business users have a solid understanding of probability and statistics needed to interpret results?  How much do business users and Data Scientists discuss analytic outcomes and the potential implications on the business?,The business has an inconsistent understanding of stats and modelling,Most business areas are able to correctly interpret basic statistics and modeling concepts,Business functions actively leverage and apply analytics to make decisions,Most business teams have a good understanding of the underlying analytic principles driving consistent data-based business decisions,The business has an understanding of statistics that enables industry-leading business decisions,Business Sponsor; Business Analyst; Data Analyst/Modeller/Scientist,,,False,False,Big Data Capability Review; Data Warehouse Maturity Review; AI and Machine Learning Review
446,Agility,"Skills, Knowledge, Training",Do you leverage dashboards or other diagnostic tools to help understand the “why” questions surrounding your data findings?,,,,,,Business Sponsor; Business Analyst; Data Analyst/Modeller/Scientist,,,False,True,Big Data Capability Review; Data Warehouse Maturity Review; AI and Machine Learning Review
447,Agility,"Skills, Knowledge, Training",Describe the roles within your organization that analyze data.  Are both IT and business professionals expected to analyze data?,Problems requireing analytics skills are typically expected to be solved by IT,Problems in critical business areas are solved by a combination of business and IT staff,Business users team with Data Scientists to review and apply analytic insights and interpret statistical results,Teams responsible for customer-facing activities demonstrate analytic capabilities with industry-leading business approaches or concepts,"Teams collaborate to review, analyse and leverage data to improve business decisions",Business Sponsor; Business Analyst; Data Analyst/Modeller/Scientist; Architect; Data Engineer; IT Management; Program & Project Management; Power User; End User,,,False,False,Big Data Capability Review; Data Warehouse Maturity Review; AI and Machine Learning Review
448,Agility,"Skills, Knowledge, Training",Describe the analytic efforts where you expect the business staff to participate.  What is their role?,,,,,,Business Sponsor; Business Analyst; Data Analyst/Modeller/Scientist; Architect; Data Engineer; IT Management; Program & Project Management; Power User; End User,,,False,True,Big Data Capability Review; Data Warehouse Maturity Review; AI and Machine Learning Review
449,Agility,"Skills, Knowledge, Training",Would you qualify the business users in your organization as analytic thinkers?  Does the level of analytic expertise vary across different functions in the business?,,,A culture shift is happening where business users are seeing the relevance of analytic thinking and analytic technqies to their operations,"There is an overall culture of collaboration, analytic thinking and knowledge sharing developing",The organisation applies analytic techniques to make decisions and strategically plan for changes to business or industry,Business Sponsor; Business Analyst; Data Analyst/Modeller/Scientist; Architect; Data Engineer; IT Management; Program & Project Management; Power User; End User,,,False,False,Big Data Capability Review; Data Warehouse Maturity Review; AI and Machine Learning Review
450,Agility,"Skills, Knowledge, Training","Can end users perform flexible analyses, such as ad-hoc queries, drill-down or drill-across analysis, or historical analysis across flexible groupings, hierarchies, and time periods?",,,,,,Business Sponsor; Business Analyst; Data Analyst/Modeller/Scientist; Architect; Data Engineer; IT Management; Program & Project Management; Power User; End User,,,False,True,Big Data Capability Review; Data Warehouse Maturity Review; AI and Machine Learning Review
451,Agility,"Skills, Knowledge, Training",Is there training for business users who leverage analytics? Is there training for IT professionals who assist with implementing analytic solutions?,,,,,,Business Sponsor; Business Analyst; Data Analyst/Modeller/Scientist; Architect; Data Engineer; IT Management; Program & Project Management; Power User; End User,,,False,True,Big Data Capability Review; Data Warehouse Maturity Review; AI and Machine Learning Review
452,Agility,"Skills, Knowledge, Training",How much experience does your typical Data Scientist have?  Are your Data Scientists typically familiar with advanced analytic tools?  Business Data?  Do they typically have business experience?,The role of data scientist is not defined  or is new to the organiisation,The role of data scientist has been defined and is starting to be populated,,,,Business Sponsor; Data Analyst/Modeller/Scientist,,,False,False,Big Data Capability Review; Data Warehouse Maturity Review; AI and Machine Learning Review
453,Agility,"Skills, Knowledge, Training",What training is available for your less experienced Data Scientists?,,,,,,Business Sponsor; Data Analyst/Modeller/Scientist; Program & Project Management,,,False,True,Big Data Capability Review; Data Warehouse Maturity Review; AI and Machine Learning Review
454,Agility,"Skills, Knowledge, Training","Is there any formal mentoring program, matching experienced analytic staff with new or less-skilled analysts?",,,,,,Business Sponsor; Data Analyst/Modeller/Scientist; Program & Project Management,,,False,True,Big Data Capability Review; Data Warehouse Maturity Review; AI and Machine Learning Review
455,Agility,"Skills, Knowledge, Training",Is there a formal curriculum of courses and educational content available to analyst and reporting communities?,,,,,,Business Sponsor; Data Analyst/Modeller/Scientist; Program & Project Management,,,False,True,Big Data Capability Review; Data Warehouse Maturity Review; AI and Machine Learning Review
456,Agility,"Skills, Knowledge, Training","What are the delivery channels for educational content? Are courses offered as instructor led, on-demand online content, other?",,,,,,Business Sponsor; Data Analyst/Modeller/Scientist; Program & Project Management,,,False,True,Big Data Capability Review; Data Warehouse Maturity Review; AI and Machine Learning Review
457,Agility,"Skills, Knowledge, Training","Is the course content created and maintained internally and designed specific to the business application and the technology available? Or, is the content provided by external suppliers (e.g. product vendor courses) with little or no customization to reflect the needs of the organization or user communities?",,,,,,Business Sponsor; Data Analyst/Modeller/Scientist; Program & Project Management,,,False,True,Big Data Capability Review; Data Warehouse Maturity Review; AI and Machine Learning Review
458,Agility,"Skills, Knowledge, Training",Are analysts trained on analytic tool and application features and functionality?,,,,,,Business Sponsor; Data Analyst/Modeller/Scientist; Program & Project Management,,,False,True,Big Data Capability Review; Data Warehouse Maturity Review; AI and Machine Learning Review
459,Agility,"Skills, Knowledge, Training","Are analysts trained on understanding the underlying data structures, how to locate the data, how to access it, and how to interpret results?",,,,,,Business Sponsor; Data Analyst/Modeller/Scientist; Program & Project Management,,,False,True,Big Data Capability Review; Data Warehouse Maturity Review; AI and Machine Learning Review
460,Agility,"Skills, Knowledge, Training",Is there a formal means for the organization to measure the skill and capability of analytics specific to data and analytics?  How do you measure the impact on decisions?,,,,,,Business Sponsor; Data Analyst/Modeller/Scientist; Program & Project Management,,,False,True,Big Data Capability Review; Data Warehouse Maturity Review; AI and Machine Learning Review
461,Agility,"Skills, Knowledge, Training","Is information about new processes, products, and services of competitors available to all analyst communities? Is this part of a broader knowledge management effort?",,,,,,Business Sponsor; Data Analyst/Modeller/Scientist; Program & Project Management; Power User,,,False,True,Big Data Capability Review; Data Warehouse Maturity Review; AI and Machine Learning Review
462,Agility,"Skills, Knowledge, Training",How are users trained to better utilise analytics outputs?,There isn't a defined organisation responsible for user training,A training plan has been developed for critical business functions and roles,A training curriculum exists for most roles with updates required for large projects,A proactive training curriculum is designed for current roles and regularly updated to address new skills and expectations,Training is available as needed through self-service learning and planned courses,Business Sponsor; Data Analyst/Modeller/Scientist; IT Management; Program & Project Management; Power User,,,False,False,Big Data Capability Review; Data Warehouse Maturity Review; AI and Machine Learning Review
463,Agility,"Skills, Knowledge, Training",How are analytics ecosystem users supported in case of problems?,Support processes (E.g. help desk and app support teams) are often not available,Knowledge sharing and collaboration exists between a few business areas.  A support team has been named to answer user queries in key areas,Knowledge sharing and collaboration tools are available across many business areas.  A support team addresses issues across business areas,Knowledge sharing and collaboration are effective and part of the culture.   A support team is using automated processes for common questions and effectively enables resolution to others,"Collaboration and ""what if"" exploration drives business opportunities.  A proactive support team leverages data to determine future needs and adapts matreials accordingly",Business Sponsor; Data Analyst/Modeller/Scientist; IT Management; Program & Project Management,,,False,False,Big Data Capability Review; Data Warehouse Maturity Review; AI and Machine Learning Review
464,Agility,"Skills, Knowledge, Training",Describe the skill level of the teams or groups that you have today that operate the Analytics systems and applications for the users?,,,,,,IT Management; IT Operations; Program & Project Management,,,False,True,Big Data Capability Review; Data Warehouse Maturity Review; AI and Machine Learning Review
465,Agility,"Skills, Knowledge, Training",Does your operations team have Teradata certifications/training?,,,,,,IT Management; IT Operations; Program & Project Management,,,False,True,Big Data Capability Review; Data Warehouse Maturity Review; AI and Machine Learning Review
466,Agility,"Skills, Knowledge, Training",Does your operations team have Hadoop certifications/training?,,,,,,IT Management; IT Operations; Program & Project Management,,,False,True,Big Data Capability Review; Data Warehouse Maturity Review; AI and Machine Learning Review
467,Agility,"Skills, Knowledge, Training","Is the Analytics environment operations team size appropriate for the number of users, applications and systems in your analytic environment?",,,,,,IT Management; IT Operations; Program & Project Management,,,False,True,Big Data Capability Review; Data Warehouse Maturity Review; AI and Machine Learning Review
468,Agility,"Skills, Knowledge, Training",Does your Analytics environment operations team have sufficient work experience to be effective in their roles?,,,,,,IT Management; IT Operations; Program & Project Management,,,False,True,Big Data Capability Review; Data Warehouse Maturity Review; AI and Machine Learning Review
469,Agility,"Skills, Knowledge, Training",Agility Section - Organization Change Management,,,,,,,,,False,True,Big Data Capability Review; Data Warehouse Maturity Review; AI and Machine Learning Review
470,Agility,Organisational Change Management,"Who is responsible for developing roles, responsibilities and career development?",,,A career path is established for analytic professionals,Innovative thinking and abilty to adapt are part of career development,Roles enable data consistency whilst promoting analytic innovation,Business Sponsor; Program & Project Management,,,False,False,Big Data Capability Review; Data Warehouse Maturity Review; AI and Machine Learning Review
471,Agility,Organisational Change Management,"How often are new changes (to systems, business processes, etc.) released in your organization (i.e. weekly, monthly, quarterly, or annually)?  Do most individuals look forward to the updates or are the updates considered ‘difficult'?",,,,,,Business Sponsor; Program & Project Management,,,False,True,Big Data Capability Review; Data Warehouse Maturity Review; AI and Machine Learning Review
472,Agility,Organisational Change Management,Describe the organization’s success in deploying the last few major changes.  How was program and project management involved in those deployments?,,,,,,Business Sponsor; Program & Project Management,,,False,True,Big Data Capability Review; Data Warehouse Maturity Review; AI and Machine Learning Review
473,Agility,Organisational Change Management,Describe how projects are released into the business.  How is training handled?  How does the business measure success? How does IT measure success?,,,,,,Business Sponsor; Program & Project Management,,,False,True,Big Data Capability Review; Data Warehouse Maturity Review; AI and Machine Learning Review
474,Agility,Organisational Change Management,Agility Section - Communications,,,,,,,,,False,True,Big Data Capability Review; Data Warehouse Maturity Review; AI and Machine Learning Review
475,Agility,Communications,How does the organization communicate upcoming changes?  How are the roles evaluated to determine the impact to the organization?,"There have been several failed attempts to implement enw processes, systems or organisation structure changes",Aplan is in place to improve proceses and systems implementation effectiveness,Processes address organisational readiness for change,The organisation quickly adapts to new changes,The organisation anticipates and proactively adapts to changes in the market,Business Sponsor; Program & Project Management,,,False,False,Big Data Capability Review; Data Warehouse Maturity Review; AI and Machine Learning Review
476,Agility,Communications,"When an analytic model is created, or a new finding is uncovered with analytic tools, how is the business notified?  How is the analytic process or findings integrated into the business?",,,,,,Business Sponsor; Program & Project Management,,,False,True,Big Data Capability Review; Data Warehouse Maturity Review; AI and Machine Learning Review
477,Agility,Communications,Is there a designated role or organization responsible for the marketing and communication program for the analytics ecosystem?,There is no user communication or marketing,Communications and internal marketing of the analytics ecosystem is patchy and inconsistent,A regular communications strategy exists and is implemented but is not very effective,There is an allocated role and responsibility for internal marketing and communications and user engagement for the analytics ecosystem,The allocated role is proactive in user engagement including using internal social media and other vehicles to engage users of the analytics ecosystem,Business Sponsor; Program & Project Management,,,False,False,Big Data Capability Review; Data Warehouse Maturity Review; AI and Machine Learning Review
478,Agility,Communications,"How are users motivated to share lessons learned, success stories, access tips, and techniques?",,,,,,Business Sponsor; Program & Project Management,,,False,True,Big Data Capability Review; Data Warehouse Maturity Review; AI and Machine Learning Review
479,Agility,Communications,Give examples of how internal best practices are captured and shared across organizations.,,,,,,Business Sponsor; Program & Project Management,,,False,True,Big Data Capability Review; Data Warehouse Maturity Review; AI and Machine Learning Review
480,Agility,Agile,"Does your organsation have a specific focus on analytics user engagement (e.g. training programs, communications programs, or stakeholder engagement programs) to build a productive analytics community?",,,,,,Program & Project Management,,,False,True,
481,Agility,Communications,"Are there regular user forums, monthly newsletters, brown bag lunches, departmental meetings, or communities of interest to share information?",,,,,,Business Sponsor; Program & Project Management,,,False,True,Big Data Capability Review; Data Warehouse Maturity Review; AI and Machine Learning Review
482,Agility,Communications,"Describe how new data, features, and capabilities are communicated to end users.",,,,,,Business Sponsor; Program & Project Management,,,False,True,Big Data Capability Review; Data Warehouse Maturity Review; AI and Machine Learning Review
483,Agility,Communications,"Describe any daily, weekly, or monthly reporting to the IT and business community on changes and improvements in analytics capabilities?",,,,,,Business Sponsor; Program & Project Management,,,False,True,Big Data Capability Review; Data Warehouse Maturity Review; AI and Machine Learning Review
484,Agility,Communications,Culture Summary,State Descriptors,,,,,,,,False,False,Big Data Capability Review; Data Warehouse Maturity Review; AI and Machine Learning Review
485,Culture,Summary,Does the organisation's culture favour the use of analytics and data to make decisions or is it predominantly experience and gut-feel decisioning?,Gut-feel decision making. Business drives for analytics are limited,"Primarily operational decision analytics, but pockets of emerging predictive analytics",Draft analytics vision available.  Solid operational decision making processes,Shared strategic vision.  Executives champion initiatives. Proven operational decisions,Shared strategic and operational vision with proactive leadership support,Business Sponsor; IT Management; Program & Project Management; C-Level,,,False,False,Big Data Capability Review; Data Warehouse Maturity Review; AI and Machine Learning Review
486,Culture,Summary,Doe the IT and Business functions of the organisation work co-operatively to solve business analytics problems?,There is infrequent co-operation between business and IT and significant amounts of conflict exist,,"Co-operation betwee business and IT functions is standard , but it takes effort to achieve and different goals and visions cause conflict",,"Business and IT functions are aligned to common goals and objectives, co-operation and creativitiy in problem solving is frequently evident, and interactions are smooth, value-adding and effective",Business Sponsor; IT Management; Program & Project Management; C-Level,,,False,False,Big Data Capability Review; Data Warehouse Maturity Review; AI and Machine Learning Review
487,Culture,Strategy,Is use of analytics and data to drive decisions a core part of the culture of this organisation?,Gut-feel decision making. Business drives for analytics are limited,"Primarily operational decision analytics, but pockets of emerging predictive analytics",Draft analytics vision available.  Solid operational decision making processes,Shared strategic vision.  Executives champion initiatives. Proven operational decisions,Shared strategic and operational vision with proactive leadership support,Business Sponsor; IT Management; Program & Project Management,,,False,False,Data Warehouse Maturity Review
488,Culture,Strategy,Is there close collaboration between business functions and IT?,,,,,,Business Sponsor; IT Management; Program & Project Management,,,False,True,Data Warehouse Maturity Review
489,Culture,Strategy,"If analytics advise decisions that managers don't agree with, is the data quality or data reliability blamed, or do managers change their mind?",,,,,,Business Sponsor; IT Management; Program & Project Management,,,False,True,Data Warehouse Maturity Review
490,Culture,Roadmap,Is there a push for a cultural change to be more analytics-driven?,,,,,,Business Sponsor; IT Management; Program & Project Management,,,False,True,Data Warehouse Maturity Review
491,Culture,Roadmap,"Are there programs in place or underway to move to automated decisioning in operational or front-line roles, based on analytics?",,,,,,Business Sponsor; IT Management; Program & Project Management,,,False,True,Data Warehouse Maturity Review
492,Culture,Roadmap,Is there a person or committee responsible for changing the company culture to be more analytics-driven?,,,,,,Business Sponsor; Program & Project Management; C-Level,,,False,True,Data Warehouse Maturity Review
493,Culture,Roadmap,Is there a published report on the progress made by this committee or person in changing the corporate culture?,,,,,,Business Sponsor; Program & Project Management; C-Level,,,False,True,Data Warehouse Maturity Review
494,Culture,Business Analytics/IT Alignment,Are the measures of success for IT and the business functions consistent?,No.,"Some measures are consistent, others may be at odds",Business and IT generally align on priority projects and metrics,Business and IT consider themselves part of the same team,Business and IT completely aligned to best drive and support business capabilities,Business Sponsor; IT Management; Program & Project Management,,,False,False,Data Warehouse Maturity Review
495,Culture,Business Analytics/IT Alignment,How do the IT initiatives align to the strategic business initiatives?,Business and IT metrics and priorities not directly related,Business & IT work together on targetted projects but often rewarded differently,Business & IT share in planned and development of prioirity projects,"Business & IT collaborate on improvements, prioritisation and required resourcing",Business & IT completely aligned to best drive & support business capabilities,Business Sponsor; IT Management; Program & Project Management; C-Level,,,False,False,Data Warehouse Maturity Review
496,Culture,Business Analytics/IT Alignment,How are business and IT professionals involved in data and analytic projects measured and rewarded?,Business and IT professionals rewarded independently,Business & IT work together on targetted projects but are often rewarded differently,Some incentive metrics are shared between business and IT,Business and IT staff on a project are consistently rewarded for that project,"Business and IT collaboratively develop and enable an industry-leading vision, driving industry-leading operational effectiveness and innovation",Business Sponsor; IT Management; Program & Project Management; C-Level,,,False,False,Data Warehouse Maturity Review
497,Culture,Business Analytics/IT Alignment,Where do the Data Scientists or Analytic Professionals align (business or IT)?,IT,Mostly in IT,Assigned to the business function they support,"Centrally, but aligned to a single business function","Centrally, and allocated based on experience and functional knowledge on a case by case basis",Business Sponsor; IT Management; Program & Project Management; C-Level,,,False,False,Data Warehouse Maturity Review
498,Culture,Business Analytics/IT Alignment,Do you have a central organization that handles the development and prioritization of business requirements? Do you have a specific governance team to address cross-functional data and analytic needs?  How does the IT organization participate in these actives?,Governance to align the business and IT efforts does not exist.  There are duplicative or conflicting efforts among functions and IT,Governance processes are starting to emerge that address interdepedendencies between buiness and IT functions.  There is awareness that co-ordination is needed across the business functions and IT to avoid conflicts or duplication,"Governance processes promote collaboration betwee IT and functional business areas when defining project requirements, estimates and implementation plans.","Business & IT collaborate on improvements, prioritization and required resourcing","Governance principles become part of the culture, driving communication and a crowd-sourcing culture.",Business Sponsor; IT Management; Program & Project Management; C-Level,,,False,False,Data Warehouse Maturity Review
499,Culture,Business Analytics/IT Alignment,Who has the CAPEX and resource budget for IT? Who is the decision maker on data and analytic investment?,,,,,,Business Sponsor; IT Management; Program & Project Management; C-Level,,,False,True,Data Warehouse Maturity Review
500,Culture,Business Analytics/IT Alignment,"Are data and analytics, IT, or business oriented projects separately or independently funded?",,,,,,Business Sponsor; IT Management; Program & Project Management; C-Level,,,False,True,Data Warehouse Maturity Review
501,Culture,Business Analytics/IT Alignment,"Does IT aggregate business requests to develop and holistic view of requirements?  Similarly, does IT look across projects to assist with data integration and reuse to optimize cost and delivery?",,,,,,Business Sponsor; IT Management; Program & Project Management; C-Level,,,False,True,Data Warehouse Maturity Review
502,Culture,Business Analytics/IT Alignment,"Does IT aggregate business requests to develop and holistic view of requirements?  Similarly, does IT look across projects to assist with data integration and reuse to optimize cost and delivery?",,,,,,Business Sponsor; IT Management; Program & Project Management; C-Level,,,False,True,Data Warehouse Maturity Review
503,Culture,Business Analytics/IT Alignment,Describe the teams that do analytics or BI in your organization.  Are they aligned to IT or the business?,,,,,,Business Sponsor; IT Management; Program & Project Management,,,False,True,Data Warehouse Maturity Review
504,Culture,Business Analytics/IT Alignment,Are there groups of individuals focused only on delivering analytics?  Are they dedicated to a business area or leveraged as a Center of Expertise? Do these teams support all business areas?,,,,,,Business Sponsor; IT Management; Program & Project Management,,,False,True,Data Warehouse Maturity Review
505,Culture,Business Analytics/IT Alignment,"Would you describe the organization as a culture of trust and co-operation between individuals, user communities, departments, and brands and/or divisions?",,,,,,Business Sponsor; Business Analyst; Data Analyst/Modeller/Scientist; Architect; Data Engineer; IT Management; Program & Project Management; Power User; End User; C-Level,,,False,True,Data Warehouse Maturity Review
506,Culture,Business Analytics/IT Alignment,How do the business professionals articulate their vision?  How do IT professionals articulate their vision? How are both groups measured overall?,Business and IT operate to a different vision and have a different set of metrics,Business and IT share a portion of the vision and metrics but often have unique goals and rewards,Business and IT share in planning and development of priority projects,Business and IT consider themselves part of the same team,"Business and IT collaboratively develop and enable an industry-leading vision, driving industry-leading operational effectiveness and innovation",Business Sponsor; IT Management; Program & Project Management,,,False,False,Data Warehouse Maturity Review
507,Culture,Data Drive Mindset,How are data and analytics integrated into decision making and business processes? Are users utilizing the available analytics? Are the business processes supported by appropriate analytics?,Analytic inisghts typically not operationalized by business,Analytic insights manually opeationalized into the usiness as a new one-off process,Many business functions lever analytics.  Some proceses are auomated,"Analytics insights are part of business process, drive automated operational decisions and help drive business transformation",Analytics capability sets the pace for the industry with business processes adapting to analytic insights,Business Sponsor; Business Analyst; Program & Project Management; Power User,,,False,False,Big Data Capability Review; Data Warehouse Maturity Review; AI and Machine Learning Review
508,Culture,Data Drive Mindset,Is innovation and creativity rewarded in your organization?  What education and training is being done to help the organization with innovation?,,,,,,Business Sponsor; IT Management; C-Level,,,False,True,Big Data Capability Review; Data Warehouse Maturity Review; AI and Machine Learning Review
509,Culture,Data Drive Mindset,How does the organisation's data and analytics capability adapt to changing market circumstances?,"Executives' vision is limited to their current responsibiltiies, without looking to the future",Some specified executives have responsibility for market scanning to identify new opportunities and bringing that information into analytic project planning,All executives are responsible for scanning for new opportunities and steering their analytics projects to focus on future requirements,Executives champion and promote broader vision  on future requierments and delivering projects that are flexible and agile to meet changing requirements.,The  Excecutive team quickly and effecitvely respond to new business opportunities by re-prioritising analytics projects and resources co-operatively,Business Sponsor; C-Level,,,False,False,Big Data Capability Review; Data Warehouse Maturity Review; AI and Machine Learning Review
510,Culture,Data Drive Mindset,How does analytics fit into the corporate culture?,,,,The organisation's culture enables analytic or data-based decision making,The organisation thrives on the collaboration that drivers operational improvements and industry-leading performance,Business Sponsor; IT Management; C-Level,,,False,True,Big Data Capability Review; Data Warehouse Maturity Review; AI and Machine Learning Review
511,Culture,Data Drive Mindset,Describe some of the benefits and insights that you have experienced with data or analytics.,,,,,,Business Sponsor; Business Analyst; Data Analyst/Modeller/Scientist; Program & Project Management; Power User; End User; C-Level,,,False,True,Big Data Capability Review; Data Warehouse Maturity Review; AI and Machine Learning Review
512,Culture,Data Drive Mindset,Describe the process for pursing a new idea or process that would benefit from leveraging analytics or data scientists.,,,,,,Business Sponsor; Business Analyst; IT Management,,,False,True,Big Data Capability Review; Data Warehouse Maturity Review; AI and Machine Learning Review
513,Culture,Data Drive Mindset,Describe how engineering or marketing plans or targets are shared across other functions.  Describe how operational needs or issues that impact multiple business areas are resolved.,,,,,,Business Sponsor; IT Management; Program & Project Management,,,False,True,Big Data Capability Review; Data Warehouse Maturity Review; AI and Machine Learning Review
514,Culture,Data Drive Mindset,Governance Summary,State Descriptors,,,,,,,,False,False,Big Data Capability Review; Data Warehouse Maturity Review; AI and Machine Learning Review
515,Governance,Summary,"Is there a written and/or understood mission, vision, and guiding principles for the analytics program?",There is no cohesive structure or governance around the analytics program.,Some governance capabilities are emerging for the Analytics program,"There are governance structures in place for project funding and mangement, but major components are still emerging or missing entirely","The governance structures for the Analytics program of work are clear, well published and adhered to","The governance structures for the Analytics program of work are clear, well published and regularly reviewed to ensure that they adapt to changing business needs",Business Sponsor; Architect; IT Management; Program & Project Management,,,False,False,Big Data Capability Review; Data Warehouse Maturity Review; Ecosystem Architecture Review; AI and Machine Learning Review
516,Governance,Summary,Are there principles and policies in place related to data deployment and use?,Nothing has been established.,,Statements of policy and principle are in place and mainly effective and adhered to,,"Policies are in place, well publicized and adhered to.  The Policies are flexible, adaptable and reviewed regularly to ensure that they deliver to current business needs",Business Sponsor; Architect; IT Management; Program & Project Management,,,False,False,Big Data Capability Review; Data Warehouse Maturity Review; Ecosystem Architecture Review; AI and Machine Learning Review
517,Governance,Summary,Is there a strategy in place to move towards exploitable data assets for use across the organisation?,Nothing has been established.,,A strategy for creation of shareable exploitable data assets exists and some progress has been made to deliver to it,,"Componentized shareable data assets exist and can be used, integrated and exploited when compliant with data security and privacy policies",Business Sponsor; Architect; IT Management; Program & Project Management,,,False,False,Big Data Capability Review; Data Warehouse Maturity Review; Ecosystem Architecture Review; AI and Machine Learning Review
518,Governance,Summary,Is there a strategy in place to rationalize technology to achieve the desired business outcomes utilising exploitable data assets? Does this address the analytics program at an enterprise level or individual business units?,There is a desire to rationalise however nothing has started.,Some business units are trying to rationalise.,,Enterprise level rationalisation proving exploitable data assets across the organisation.,,Business Sponsor; Architect; IT Management; Program & Project Management,,,False,False,Big Data Capability Review; Data Warehouse Maturity Review; Ecosystem Architecture Review; AI and Machine Learning Review
519,Governance,Summary,What are the primary challenges you face towards the above strategies?,,,,,,Business Sponsor; Architect; IT Management; Program & Project Management,,,False,True,Big Data Capability Review; Data Warehouse Maturity Review; Ecosystem Architecture Review; AI and Machine Learning Review
520,Governance,Strategy,"Does your organisation regularly review it's governance practices against industry standards, best practices or other independent sources?",Nothing has been established.,,Governance practices were set up after comparison to industry standards but are not regularly reviewed to ensure they stay current,,"Policies are in place, well publicized and adhered to.  The Policies are flexible, adaptable and reviewed regularly against industry standards to ensure that they deliver to current business needs",Business Sponsor; Architect; IT Management; Program & Project Management,,,False,False,Data Warehouse Maturity Review; Ecosystem Architecture Review
521,Governance,Strategy,Does your organisation have a person or committee responsible for reviewing and determining governance processes?,Nothing has been established.,,A Governance role has been created and that person is responsible for determing governance,,Corporate Governance is everyone's responsibility and compliance is reviewed by a committee of line mangement executives,Business Sponsor; Architect; IT Management; Program & Project Management,,,False,False,Data Warehouse Maturity Review; Ecosystem Architecture Review
522,Governance,Roadmap,Is there a published roadmap on the future development and evolution of business and technical governance processes?,Nothing has been established.,,A publiched roadmap of improvements in governance exists and is updated annually,,Governance enhancements are tracked in Agile deployment projects and progress is published for all employees to review,Business Sponsor; Architect; IT Management; Program & Project Management,,,False,False,Data Warehouse Maturity Review; Ecosystem Architecture Review
523,Governance,Roadmap,Is progress against this governance evolution published and available to employees of your organisation?,Nothing has been established.,,A publiched roadmap of improvements in governance exists and is updated annually,,Governance enhancements are tracked in Agile deployment projects and progress is published for all employees to review,Business Sponsor; Architect; IT Management; Program & Project Management,,,False,False,Data Warehouse Maturity Review; Ecosystem Architecture Review
524,Governance,Bus Governance,How are the data and analytics initiatives coordinated across business units or functions?  Are all of the business units or functions represented? Is this done at an executive or operational level?,Inconsistent project prioritization and funding processes.  Communications inconsistent and manual,High level discussions to prioritize and determine selected project funding.   Only involved leadership know the resulting priorities.,Repeatable prioritisation and funding process with high level business cases.  Priorities documented but only circulated to small audience,Prioritization and funding processed work well and provide path for new ideas.  Business case defines and tracks metrics.  Priorities available to all if required.,Prioritisation and funding promote operational improvements and strategic efforts.  Priorities well published. Metrics effectively gathering and analysed to determine business case success,Business Sponsor; Business Analyst; Data Analyst/Modeller/Scientist; Architect; IT Management; Program & Project Management,,,False,False,Data Warehouse Maturity Review; Ecosystem Architecture Review
525,Governance,Bus Governance,"When a project is prioritized and assigned resources, how are the goals of the project aligned to the priorities and vision of the broader organization?",Projects are approved based on gut-feel decision making,Projects are approved based on relevance to local departmental objectives,Projects are approved based on financial metrics for ROI,Projects are approved based on alignment to corporate strategic goals,A portfolio approach is used to manage projects that range from discovery through to operational improvement based on alignment to strategic goals and measurable ROI,Business Sponsor; Business Analyst; Data Analyst/Modeller/Scientist; Architect; IT Management; Program & Project Management,,,False,False,Data Warehouse Maturity Review; Ecosystem Architecture Review
526,Governance,Bus Governance,"What is the role of the Chief Data Officer and/or Chief Analytics Officer, and who do they report to?",,,,,,Business Sponsor; C-Level,,,False,True,Data Warehouse Maturity Review; Ecosystem Architecture Review
527,Governance,Data Governance,"Who is responsible for the data within the organisation?  Who takes accountability for defining the data, measuring the data, and correcting the data?",Operational systems management ensures data is fit for their purposes but analytics are ignored,There is discussion about the need for data ownership for analytics purposes but no effective outcomes yet,"The Analytics Ecosystem management (e.g. BICC, Head of Data Warehousing etc.) is responsible for the quality of the data in the analytics ecosystem",A company-wide data owner is appointed and data stewardship and governance processes develop,"Data is treated as a company asset with monitoring, measurement and improvement programs in place to improve the data value",Business Sponsor; Business Analyst; Data Analyst/Modeller/Scientist; Architect; Data Engineer; IT Management; Program & Project Management,,,False,False,Data Warehouse Maturity Review; Ecosystem Architecture Review
528,Governance,Data Governance,Describe your organization’s approach to managing data.  Do you have a specialized governance team or set of roles within different groups in your organization responsible for defining and monitoring business data?,"Data is typically not integrated.  When integration occurs, it is for a specific purpose.  There is no data management role",Data for priority projects has been analysed for integration and re-use.  Emerging data management roles,"As projects are prioritised, data is analysed to understand integration and re-use needs.  Data Management roles exist but are largely marginalised",Data defined with integration and re-use in mind.  Data Management principles and practices are in place and standardised,"Data is core to the business, with data integration and re-use built into business processes.  Data Management elevated to C-level",Business Sponsor; Business Analyst; Data Analyst/Modeller/Scientist; Architect; IT Management; Program & Project Management,,,False,False,Data Warehouse Maturity Review; Ecosystem Architecture Review
529,Governance,Data Governance,"Is there a formal data management function within the organization?  Where does that function fall within the organization (e.g., within IT?  the architecture team)?",There is no data mangement function,,An IT function is responsible for data management and co-opts business team members as required.,,"A cross-functional team is accountable for data mangement and reports to senior business leaders.  Progress is measured, published and reviewed.",Business Sponsor; Business Analyst; Data Analyst/Modeller/Scientist; Architect; IT Management; Program & Project Management,,,False,False,Data Warehouse Maturity Review; Ecosystem Architecture Review
530,Governance,Data Governance,"Are there documented principles, policies, procedures, etc. associated with data management?",There are no processes in place,,There are generic policies and procedures in place,,"Data Management policies, procedures and practices are documented, shared, used and reviewed regularly for relelvance",Business Sponsor; Business Analyst; Data Analyst/Modeller/Scientist; Architect; IT Management; Program & Project Management,,,False,False,Data Warehouse Maturity Review; Ecosystem Architecture Review
531,Governance,Data Governance,Are there SMART goals associated with data management?  What are the metrics or KPI’s associated with your data management functions?  Are people rewarded for managing data as a corporate asset?  o  Are there incentives for data reuse within the organization?  Are there penalties for circumventing data management processes?   Are there documented expectations or service level agreements regarding data availability and quality,There are no goals for data mangement,,"There are defined targets for data mangement functions and these are regularly applied.  Data re-use is not tracked, but SLAs are in place",,"Data Management effectiviness is measured automatically and regularly. Data re-use is measured, reported and reviewed.  There are incentives in place to encourage complaince with data mangement principles",Business Sponsor; Business Analyst; Data Analyst/Modeller/Scientist; Architect; IT Management; Program & Project Management,,,False,False,Data Warehouse Maturity Review; Ecosystem Architecture Review
532,Governance,Data Governance,"Do all teams access a central source for data, or are there different sources due to applications and/or different functional areas?",There are no central data stores,,A significant core component of data is centrally sourced but local databases are also used for analytics in departmental silos,,Authorised analtyics staff can access the required data from across the organisation's systems.,Business Sponsor; Business Analyst; Data Analyst/Modeller/Scientist; Architect; IT Management; Program & Project Management,,,False,False,Data Warehouse Maturity Review; Ecosystem Architecture Review
533,Governance,Data Governance,How does your organization authorize personnel to leverage data?  Is this consistent across the organization? Are there specific roles set up for certain data?  Is there data that is available for all to review and leverage?,There are no or very limited authorisation or access controls in place,,System-level access controls are in place to analytics systems.  Role-based security is in use.,,"Field-level security is able to be implemented if reqiured.  Security logs are automatically scanned for exceptions.  Role, Group and level security allocations are available.",Business Sponsor; Business Analyst; Data Analyst/Modeller/Scientist; Architect; IT Management; Program & Project Management,,,False,False,Data Warehouse Maturity Review; Ecosystem Architecture Review
534,Governance,Data Governance,"Is the data management function integrated within other business functions such as Strategic Planning, the PMO, etc.?",There is no data mangement function,,,,,Business Sponsor; Business Analyst; Data Analyst/Modeller/Scientist; Architect; IT Management; Program & Project Management,,,False,False,Data Warehouse Maturity Review; Ecosystem Architecture Review
535,Governance,Data Governance,"Who represents the business for data subjects within analytics projects? For example, who attends information architecture sessions to provide consistent definitions of business concepts (for example, sales, claims, product, customer)?",There is no representation,,Business SMEs are invited on a case by case basis to participate based on their domain knowledge,,"Business SMEs, together with Data Stewards or other Data Management specialists or members of the BICC or equivalent, are routinely assigned to analtyics projects to provide business and data insight",Business Sponsor; Business Analyst; Data Analyst/Modeller/Scientist; Architect; IT Management; Program & Project Management,,,False,False,Data Warehouse Maturity Review; Ecosystem Architecture Review
536,Governance,Data Governance,"Is there a single point of contact for identified data subjects/business concepts, or does IT have to reach out to multiple business users and personally take the responsibility to rationalize definitions?",There is no clarity on data accountability,,A Data Management function is in place to co-ordinate definitions and resolve data issues,,Data Stewards are assigned to each data element and this information is readily available.  Clear definitions are in place for all key data items and reviewed reguarlary against current data usage and business needs,Business Sponsor; Business Analyst; Data Analyst/Modeller/Scientist; Architect; IT Management; Program & Project Management,,,False,False,Data Warehouse Maturity Review; Ecosystem Architecture Review
537,Governance,Data Governance,Is there a team of managers that is regularly involved in resolving escalated data issues?,No,,IT managers discuss data issues on an as-needs basis,,A Data Management function effectively manages data issues on a day to day basis and provides regular reporting on status and adapts to changing business needs,Business Sponsor; Business Analyst; Data Analyst/Modeller/Scientist; Architect; IT Management; Program & Project Management,,,False,False,Data Warehouse Maturity Review; Ecosystem Architecture Review
538,Governance,Data Governance,"If a department plans to build an independent data mart, is management aware of the business implications? Is there a process and team in place to either approve the exception or disapprove and change direction of the project?",,,,,,Business Sponsor; Business Analyst; Data Analyst/Modeller/Scientist; Architect; IT Management; Program & Project Management,,,False,True,Data Warehouse Maturity Review; Ecosystem Architecture Review
539,Governance,Data Governance,"Is there an escalation path to the highest levels of the organization to resolve data issues as needed (for example, are data owners identified to authorize access to information, resolve disputes regarding information sharing, and approve/decline exceptions to policies)?",,,,,,Business Sponsor; Business Analyst; Data Analyst/Modeller/Scientist; Architect; IT Management; Program & Project Management,,,False,True,Data Warehouse Maturity Review; Ecosystem Architecture Review
540,Governance,Data Governance,Are data stewards involved in all data management activities within analytics ecosystem projects?,,,,,,Business Sponsor; Business Analyst; Data Analyst/Modeller/Scientist; Architect; IT Management; Program & Project Management,,,False,True,Data Warehouse Maturity Review; Ecosystem Architecture Review
541,Governance,Data Governance,Do data stewards help define data-quality rules for ongoing monitoring? Do they interpret data-profiling results?,,,,,,Business Sponsor; Business Analyst; Data Analyst/Modeller/Scientist; Architect; IT Management; Program & Project Management,,,False,True,Data Warehouse Maturity Review; Ecosystem Architecture Review
542,Governance,Data Governance,Do data stewards provide business metadata to help end users understand how to interpret the data?,,,,,,Business Sponsor; Business Analyst; Data Analyst/Modeller/Scientist; Architect; IT Management; Program & Project Management,,,False,True,Data Warehouse Maturity Review; Ecosystem Architecture Review
543,Governance,Data Governance,Do data stewards determine mapping rules to rationalize inconsistent master data from various source systems?,,,,,,Business Sponsor; Business Analyst; Data Analyst/Modeller/Scientist; Architect; IT Management; Program & Project Management,,,False,True,Data Warehouse Maturity Review; Ecosystem Architecture Review
544,Governance,Data Governance,"Are all relevant departments involved in projects impacting important data subjects without necessarily having to attend every project meeting? That is, do data stewards have formal contacts across the enterprise?",,,,,,Business Sponsor; Business Analyst; Data Analyst/Modeller/Scientist; Architect; IT Management; Program & Project Management,,,False,True,Data Warehouse Maturity Review; Ecosystem Architecture Review
545,Governance,Data Governance,"Are data stewards assigned to be responsible for the definition, measurement and correction of data quality issues?",,,,,,Business Sponsor; Business Analyst; Data Analyst/Modeller/Scientist; Architect; IT Management; Program & Project Management,,,False,True,Data Warehouse Maturity Review; Ecosystem Architecture Review
546,Governance,Data Governance,What is the biggest complaint you have or you hear about the company’s data?,,,,,,Business Sponsor; Business Analyst; Data Analyst/Modeller/Scientist; Architect; IT Management; Program & Project Management,,,False,True,Data Warehouse Maturity Review; Ecosystem Architecture Review
547,Governance,Data Governance,Describe the projects in your enterprise portfolio that have a direct impact on managing data as an asset.,,,,,,Business Sponsor; Business Analyst; Data Analyst/Modeller/Scientist; Architect; IT Management; Program & Project Management,,,False,True,Data Warehouse Maturity Review; Ecosystem Architecture Review
548,Governance,Tech Governance,"Does your organization have a Data Warehouse, BI or Analytics Steering Committee, an Analytics Competency Centre (ACC) or a BI Competency Center (BICC)? If yes, what roles does the business play in this group?  What roles does I.T. play in this group?",No central clearing house exists.  All business units are independent,Central clearing house exists but is ineffective in controlling projects,Analytics clearing house provides consistent direction but doesn't meet business needs so lots of skunk works projects are done,"Analytics clearing house, including IT and perhaps with a senior executive chairperson, is effective in marshalling limited resources to meet high priority needs.  Some skunk works exists","Effective analytics clearing house exists including IT and with senior executive involvement, and delivers effective program of work to meet corporate goals",Business Sponsor; IT Management; C-Level,,,False,False,Data Warehouse Maturity Review; Ecosystem Architecture Review
549,Governance,Tech Governance,"Are there guidelines, procedures and policies in place regarding the acquisition and use of technology? Who is responsible for technology choices, I.T. or the Business, or a combination of both?",Technology is provisioned in an ad hoc fashion. I.T. may provision major applications and systems whilst business units themselves provision technology capabilities as well.,I.T. and the Business are aligning to develop processes and policies in relation to the provisioning of technology.,"I.T. and the Business are guided by processes and policies that ensure technology is provisioned for business value, without duplication of function or process.",I.T. and the Business work together to evaluate and test out new technology that may deliver tangible business value for the organisation.,"Business responsiveness is paramount and is supported by a mature, agile decision framework and analytic roadmap.",Business Sponsor; IT Management; C-Level,,,False,False,Data Warehouse Maturity Review; Ecosystem Architecture Review
550,Governance,Tech Governance,Do you have clearly defined standards that guide you in the choices of appropriate technologies to meet your desired business analytics outcomes?,There are no standards in place. Technology acquisition and use is largely ungoverned.,Standards are being developed based on best practices and proven technologies.,Clear standards guide the choice of appropriate technologies from within a set of proven technologies.,Clear standards guide the choice of appropriate technologies as well as allowing controlled experimentation with emerging technologies.,Standards evolve,Business Sponsor; IT Management; C-Level,,,False,False,Data Warehouse Maturity Review; Ecosystem Architecture Review
551,Governance,Tech Governance,Outcome Areas,,,,,,,,,False,True,Data Warehouse Maturity Review; Ecosystem Architecture Review
552,Outcomes,Analytic Capabilities,A single view of customer across the organisation?,No clean source of integrated customer information. View of the customer is not well defined and is inconsistent across business units. Many definitions of organisation and associated subject areas such as channel. Interactions are not captured across all channels.,"One company wide definition of customer widely accepted, but still with some non-associated functions having differing definitions. All transactions are identified by customer id. Batch updates of changes leads to data latency in the single customer view.",One company wide definition of customer and organisation. Customer is identified and addressed the same across the company. Interactions are captured for both known (identified) customers and unknown  (cookie or device ID). Includes additional data such as demographics. Customers are identified individually and by household. Batch updates of changes leads to data latency in the single customer view.,"One company wide definition of customer and organisation. Customer is identified and addressed the same across the company. A significant percentage of customers can be identified by recent transaction, interactions and segment and treated consistently across channels. Near real time updating of customer identity following changes to core customer data","One definition of a customer (and its associated hierarchies) across the enterprise, regardless of functional application. A large percentage of customers are identified and the channel experience is coordinated across all channels. Able to determine the customers value and depth of relationship across the company and by business unit.  Interactions of unknown customer is captured and leveraged for personalization. Ability to resolve known and unknown customers and merge customer records using a variety of core customer data attributes and matching techniques.",Business Sponsor,Retail; Financial; Communications; Manufacturing; Travel & Transport; Energy & Natural Resources; Healthcare,Customer,True,False,Big Data Capability Review; Data Warehouse Maturity Review; AI and Machine Learning Review; Custom Review
553,Outcomes,Analytic Capabilities,A Multi-dimensional customer view (360 degree view of customer interactions across all channels and connections)?,"Basic core feeds of product and transactional data  on weekly basis. Summary online channel data available for both authenticated and non-authenticated sites also loaded on a weekly basis. Detailed click stream not collected or loaded. Interaction data, such as marketing, often stored separately. All data loaded by traditional batch methods",Core feeds of product and transactional data on a daily basis. Daily loading of click stream data from core sites including tagging and ability to identify user sessions. Data is aggregated to allow summary and dashboard reporting. Interaction data continues to be stored separately,Some transactional and product data feeds move to intra-day. Click stream data from core sites is loaded at the detail level daily. Advanced analytics are leveraged to calculate and store derived attributes such as customer revenue and propensity to purchase products. Begin to identify key events and interactions to be integrated into the multi-dimensional view.,Detail level clickstream data is loaded intraday. Event table is defined and automated feeds of some types of interactions and events are loaded daily.  Capture and load limited text data sources such as call center transcripts and customer emails and surveys. Additional derived customer attributes such as lifetime value and satisfactions are added.,"Full transactional data is loaded. Detailed clickstream data is loaded in near real time. A wide variety of events and interactions are captured and made available for analytics. Additional text sources such as social media, click to chat and reviews are loaded.",Business Sponsor,Retail; Financial; Communications; Manufacturing; Travel & Transport; Energy & Natural Resources; Healthcare,Customer,True,False,Big Data Capability Review; Data Warehouse Maturity Review; AI and Machine Learning Review; Custom Review
554,Outcomes,Analytic Capabilities,A solid understanding of customer value and profitability?,"Customer Profitability capabilities just starting to emerge:
Activity-based costing not available, so value is product focused– e.g., total sales, balances, # products
Calculations based on “averages” used to manage at the customer and product portfolio levels","Activity-based Profitability results are used to make decisions across products and customer segments, but not yet on individual customers or activities.","Organization develops sophistication around sunk profits vs. at-risk profits, when to fully-allocated costs and when to use marginally-allocated costs, etc.  Lifetime Value (LTV) begins to be part of decision processes, though not yet at an advanced level.","Profitability results are also used operationally to deliver information and guidance to staff on customer retention, customer experience, pricing and other operational decisions (e.g. fee refunds)","Profitability results are used extensively across the organisation to support a wide range of strategic, tactical and operational decision-making, including all of the below, plus:
Performance management and Staff incentivisation
Channel management / channel migration strategy
Use of advanced analytics techniques (e.g.  Clustering, behavioural analysis / path to increased profit)",Business Sponsor,Retail; Financial; Communications; Manufacturing; Travel & Transport; Energy & Natural Resources; Healthcare,Customer,True,False,Big Data Capability Review; Data Warehouse Maturity Review; AI and Machine Learning Review; Custom Review
555,Outcomes,Analytic Capabilities,A Customer Satisfaction Index to measure and manage the impact of interactions on customer satisfaction and experience?,"Customer satisfaction measurement is primarily survey based. Unable to connect customer events and interactions across channels. Customer experience is analysed and managed by channel (stores, online, call center, etc.)",Begin to collect and integrate customer interactions across two or more channels.  Customer satisfaction measurement is still primarily survey based,"Experiment  with  text analytic capabilities (may be outsourced) to understand customer comments on products, service and experience. Limited ability to react to negative comments. Call center is key to identifying customer issues. Advanced analytics deployed to identify limited set of key interactions","Build robust cross channel interactions, and touch points. Analyze customer s across touch points to identify interactions that drive positive  or negative  outcomes.","Incorporate sentiment analysis, multi genre analytics in combination with business rules to calculate customer satisfaction. Scores are operationalized and drive actions to improve processes and customer experience. Active monitoring and alerting on increases and decreases of scores.   CSI becomes integrated with Customer Profitability/Value Management",Business Sponsor,Retail; Financial; Communications; Manufacturing; Travel & Transport; Energy & Natural Resources; Healthcare,Customer,True,False,Big Data Capability Review; Data Warehouse Maturity Review; AI and Machine Learning Review; Custom Review
556,Outcomes,Analytic Capabilities,A Customer Experience Analytic that measures and predicts customer's perceptions of a service or product?,"Customer information is measured from functional company silos such as Customer care, Marketing, operations, fiinance, etc. And customer-related indicators are only measured in how they reflect on internal systems, e.g. Complaints, churn, etc.","Apart from internal functional area measurements of customer indicators, there are customer surveys that are carried out to understand qualitative aspects of customer experience","Customer experience measures and insights are used to measure direct customer related indicators like churn, etc. Internal performance indicators are fed by customer experience indicators measured from internal data.","Customer experience measures and insights are used to predict direct customer related indicators like churn, etc. Internal performance indicators are fed by customer experience indicators. Both internal data and voice of the customer data including external social media data are used to assess customer experience",Customer experience as perceived by the customer is predicted and acted upon on a constant basis and alarms are automatically set to  trigger both communications to the customers and remedial measures for customer problems. Companies put the real customer experience at the forefront of their strategy.,Business Sponsor,Retail; Financial; Communications; Manufacturing; Travel & Transport; Energy & Natural Resources; Healthcare,Customer,True,False,Big Data Capability Review; Data Warehouse Maturity Review; AI and Machine Learning Review; Custom Review
557,Outcomes,Analytic Capabilities,"A Customer Journey analytic, identifying the sequence of events which lead to or follow from specific events?",Relatively simplistic analysis of single channel journeys (eg journey through web),"Core cross channel interactions (web browsing, purchasing) are collected and customers identified across channels. Begin to analyze multi-channel journeys","Additional events are collected and identified including cross channel interactions, marketing contacts and responses. Path analytics embedded in business units with defined actions driven by specific business rules. Linkage into more traditional contact strategy.",Using path analytics to identify or discover unexpected or unusual patterns of behaviour that were not expected through usual hypotheses. Extensive event table to capture multiple types of events and interactions.,Near real-time analysis of cross-channel customer journeys prompting automatic messaging and intercessions with specific business objectives in mind . Also providing input into propensity models. Journey analytics utilized for both driving personalized customer interactions and to identify process issues and opportunities to improve customer experience,Business Sponsor,Retail; Financial; Communications; Manufacturing; Travel & Transport; Energy & Natural Resources; Healthcare,Customer,True,False,Big Data Capability Review; Data Warehouse Maturity Review; AI and Machine Learning Review; Custom Review
558,Outcomes,Analytic Capabilities,"Event Analytics, delivering a systematic approach to identifing customer events to drive highly relevant interactions",Small portfolio of events detected using static traditional data sources. e.g. Key Birthdays  Events detected on weekly / monthly basis with dependency on load of core data feeds.,Expanding portfolio of events covering a limited range of business objectives /  data sources incl. history and using more sophisticated transactional event detection routines. Data latency constraints being addressed to improve performance of events – daily / weekly,Medium portfolio of events covering a wider range of business objectives /  data sources incl. history and using more sophisticated transactional event detection routines. Data latency constraints have been addressed and most are now executed on a daily basis.,"Medium to large portfolio of events, mostly detected on daily basis from an expanding range of data sources including transactions and interactions. (Including online). Some intra-day event detection performed, particularly for digital channels. Established set of event detection methodologies are utilised depending on timeliness and complexity of data.","Large portfolio of events detected on a real-time / intraday / daily basis from a rich variety of data sources including transactions, interactions and external data. Advanced event detection routines such as machine learning finds unusual patterns of behaviour and detects changes in behaviour over time. Events are combined to specialise customer treatment and increase response. Active test and  learn methodology continuously trials new event types.",Business Sponsor,Retail; Financial; Communications; Manufacturing; Travel & Transport; Energy & Natural Resources; Healthcare,Customer,True,False,Big Data Capability Review; Data Warehouse Maturity Review; AI and Machine Learning Review; Custom Review
559,Outcomes,Analytic Capabilities,"Customer Segmentation, defining and dividing the customer base into a number of clearly identifiable segments that have similar needs, behaviours or communication characteristics",No consistent definition of segmentation objectives across business.  Very few rules based segmentation models mainly based on demographic data with limited use to support product centric activity. No periodic refresh.,"Small number of basic statistical segmentation models based on customer demographics, product holding or business sector.. Mainly product  and revenuue focussed and within the marketing function.","Increased number of clear segmentation, with regular refresh (monthly)
Segment  not only product focus but include customer life stage based on marketing and non marketing data (such as customer LTV)
Segments generally included within offer targeting and refresh on a regular basis","Range of clearly defined segmentations linked to business objectives. Wide range of usage including product development, campaign targeting, strategy enablement, service delivery. Automated monitoring of segment movement and business outcomes. Primary segmentation starting to be embedded into day to day business decisions and used by most some key functional areas.","Multiple customer segmentations tightly linked to customer, product and channel strategies. Segments based on a wide range of attributes such as value, depth of relationship, behaviour and need. Segmentation used for both strategic and operational uses. Monitoring of outcomes linked to strategic direction. Primary segmentation embedded into day to day business decisions and used widely across key functional areas.",Business Sponsor,Retail; Financial; Communications; Manufacturing; Travel & Transport; Energy & Natural Resources; Healthcare,Customer,True,False,Big Data Capability Review; Data Warehouse Maturity Review; AI and Machine Learning Review; Custom Review
560,Outcomes,Analytic Capabilities,"Customer Connection Analytics, understanding the network a customer is in to capture the most influential person, forces and patterns of a social network",Clusters of micro-segments with common interest and behaviour,Find the key influencers in a micro-segment through graph and advanced clustering techniques. Calculating the strength of the relationship and how strong a role the influencer is playing,Find similar influencers with people-like-me techniques to expand and understand the influencer as a separate segment,Embedding the knowledge of the influencer within a social network to special treatment and personal campaigns to ensure retention.,"Embed knowledge of social network into forecasting analytics and create scenarios for retention, cluster build and central network expansion for multiple business use cases (marketing/promotion, product adaptation, etc.)",Business Sponsor,Retail; Financial; Communications; Manufacturing; Travel & Transport; Energy & Natural Resources; Healthcare,Customer,True,False,Big Data Capability Review; Data Warehouse Maturity Review; AI and Machine Learning Review; Custom Review
561,Outcomes,Analytic Capabilities,"Behaviour/Preference Analytics, translating observable customer interactions into actionalbe insights around their overall behaviour and product/service preferences","Basic understanding of current customer preferences regarding products, categories, and interaction channels.","Ability to impute customer preferences without direct evidence on that customer, based on the observed preferences and priorities of similar customers over time.","Ability to assign priorities to different customer preferences, across channel and product.  Systemic ability to modify offerings and customer treatment strategies based on current set of exhibited behaviours.",Ability to customize customer communications and treatment strategies based on these insights as well as the financial implications of different treatment strategies.,"Enterprise-accessible repository of customer behaviours and segments, both current and predicted.  Ability to predict, test and measure likely customer preferences for new situations ((e.g. how they may react to a newly available channel or product set) based on their demographic, behavioral and customer journey attributes",Business Sponsor,Retail; Financial; Communications; Manufacturing; Travel & Transport; Energy & Natural Resources; Healthcare,Customer,True,False,Big Data Capability Review; Data Warehouse Maturity Review; AI and Machine Learning Review; Custom Review
562,Outcomes,Analytic Capabilities,"Customer Life Stage Analytics, to utilize customer transactions, interactions and self-reported information to develop a full understanding of where they are in their relevant lifestages (e.g. starting out, married, children, empty nesters, retired etc.)",Little or no understanding of which Customer Life Stages are relevant to the industry and limited ability to understand where customers are other than by direct conversation.,Rudimentary understanding of Customer Life Stage based on self-reported status of customer. Data captured from customer,Identification and utilization of Customer Life Stage insight for targeting offers and messages to specific Life Stage-based customer segments.  Some understanding of which Life Stages are particularly relevant for the industry.,"Development of innovative, non-traditional Life Stages that address specific customer needs for the industry – e.g., targeting sports cars to empty-nesters or Honeymoon Banking packages to newly engaged couples. Utilize external data such as demographic data in addition to self reported life stage data",Customer Life Stage insight informs all aspects of customer analytics and individual customer treatment strategies. Longer term customer strategy can be made more relevant.,Business Sponsor,Retail; Financial; Communications; Manufacturing; Travel & Transport; Energy & Natural Resources; Healthcare,Customer,True,False,Big Data Capability Review; Data Warehouse Maturity Review; AI and Machine Learning Review; Custom Review
563,Outcomes,Analytic Capabilities,"Customer Acquisition, to increase the efficiency of customer acquisition to ensure cost effective recruitment of desired new customers",Aggregate summary acquisition data available for reporting - not loaded at individual customer / applicant level for some processes,Summary acquisition data loaded at a customer level for completed acquisitions in weekly batch for some processes,Detailed acquisition data at a customer level in a daily batch for key products. Begin to link acquisition sources to results.,Detailed acquisition data (for in progress and completed cases) showing channel / progress steps / accept rejection reasons loaded for most products in a daily batch. Analysis of acquisition.,Intraday load of all acquisition data at a summary and detail level for all in progress / completed acquisitions showing channel / progress steps / information collected / accept / reject reasons. Triggers defined for proactive follow up of incomplete applications.. Utilize attribution to measure impact of acquisition sources/channels and re-allocate marketing spend as needed..,Business Sponsor,Retail; Financial; Communications; Manufacturing; Travel & Transport; Energy & Natural Resources; Healthcare,Customer,True,False,Big Data Capability Review; Data Warehouse Maturity Review; AI and Machine Learning Review; Custom Review
564,Outcomes,Analytic Capabilities,"Customer Onboarding and Development, including optimising the onboarding and introduction of new customers to create profitable future relationships",Limited strategy for  on-boarding program ((may be limited to Welcome Email or direct mail) with basic reporting/analytics. Small portfolio of events  and interactions captured and stored. Interactions are primarily transactional using static traditional data sources. Events detected on weekly / monthly basis with dependency on load of core data feeds.,On-boarding strategy and program exists. Focus is on most popular products or offers.  Expanding portfolio of events /interactions. covering a limited range of business objectives /  data sources incl. history and using more sophisticated transactional event detection routines. Data latency constraints being addressed to improve performance of events – daily / weekly,"Multi-step on-boarding program however, content and cadence is customized by customer segment. Beginning to measure results and incremental revenue or engagement. Medium portfolio of events (50-200) covering a wider range of business objectives /  data sources incl. history and using more sophisticated transactional event detection routines. Data latency constraints have been addressed and most are now executed on a daily basis.","Personalized, multi-step on-boarding program. Content and delivery channel are personalized to customer. Closed loop reporting to measure results . Testing of new and adjust go forward interactions. Medium to large portfolio (200-500) of events, mostly detected on daily basis from an expanding range of data sources including transactions and interactions. (Including online). Some intra-day event detection performed, particularly for digital channels. Established set of event detection methodologies are utilised depending on timeliness and complexity of data.","Personalized, multi-step on-boarding program where content, delivery channel and  cadence of messaging are based on customer actions. Large portfolio of events (500+) detected on a real-time / intraday / daily basis from a rich variety of data sources including transactions, interactions and external data. Advanced event detection routines such as machine learning finds unusual patterns of behaviour and detects changes in behaviour over time.  Active test and  learn methodology continuously trials new event types.",Business Sponsor,Retail; Financial; Communications; Manufacturing; Travel & Transport; Energy & Natural Resources; Healthcare,Customer,True,False,Big Data Capability Review; Data Warehouse Maturity Review; AI and Machine Learning Review; Custom Review
565,Outcomes,Analytic Capabilities,Customer Retention analytics to develop strategies to retain declining customers,Basic events and measures calculated for use in ad-hoc customer retention activity.,Analytics used to drive the development of treatment strategies to address retention issues. Small number of retention campaigns run on monthly batch cycle.,"Retention platform calculates customer segmentation which is used for weekly proactive retention campaigns - based on churn scores and understanding of simple churn related events. Test and measure retention offers, treatments..","Customer, product or revenue retention campaigns executed on a daily basis using lifecycle knowledge including decline in usage, decline in product holding or reduced activity. Closed loop analysis of retention campaigns for effectiveness.","Cross channel Next Best Action (NBA) based on complex churn-value analytics running automatically driven by context and real-time triggers. Defined retention strategies that are continually tested, analysed and assessed for effectiveness.",Business Sponsor,Retail; Financial; Communications; Manufacturing; Travel & Transport; Energy & Natural Resources; Healthcare,Customer,True,False,Big Data Capability Review; Data Warehouse Maturity Review; AI and Machine Learning Review; Custom Review
566,Outcomes,Analytic Capabilities,Customer Churn analytics to predict customers who are likley to churn and react to potential churn events,Aggregate churn indicators and some rules based estimation of churn probability with irregular use in business processes,Identification of different churn scenarios and key data correlating to produce churn segments per customer and apply to carry out proactive churn retention campaigns based on these indicators.,Systematic use of correlation models to build permanent churn models based on internal transactional data and some external data to produce churn scores. Systematic use of churn scores across multiple functional areas. Single company understanding of churn level definitions.,"Multi-dimensional, behaviour based churn models, including contextual data and social influence analytics to predict and explain churn and its causes.
Single company understanding on churn level definitions across departments.","Streamline results into company strategy and processes automatically or make decisions to change business process based on insights. Permanent multi-dimensional, behaviour based churn models, including contextual data and social influence analytics to predict and explain churn and its causes. Single company understanding on churn level definitions across departments.",Business Sponsor,Retail; Financial; Communications; Manufacturing; Travel & Transport; Energy & Natural Resources; Healthcare,Customer,True,False,Big Data Capability Review; Data Warehouse Maturity Review; AI and Machine Learning Review; Custom Review
567,Outcomes,Analytic Capabilities,Customer Re-Engagement analytics to respond to early warning signs of reduced customer activity and enact strategies to re-engage customer relationships,No specific targeted customer re-engagement activities performed,Rudimentary understanding of early warning signs of dormancy from a limited range of data sources but no operational deployment specify strategies deployed to re-engage declining customer relationships,Good understanding of early warning signs of dormancy from a diverse range of data sources and small range of strategies operationally deployed to re-engage declining customer relationships,Detailed understanding of early warning signs of dormancy from a diverse range of data sources and growing range of strategies operationally deployed to re-engage declining customer relationships. Appreciation of customer value used to determine amount invested in re-engaging the relationship.,Detailed understanding of early warning signs of dormancy from a diverse range of data sources and large range of strategies operationally deployed to re-engage declining customer relationships. Appreciation of customer value used to determine amount invested in re-engaging the relationship. Test and learn activity refines successful treatment strategies and continuously ROI in this activity,Business Sponsor,Retail; Financial; Communications; Manufacturing; Travel & Transport; Energy & Natural Resources; Healthcare,Customer,True,False,Big Data Capability Review; Data Warehouse Maturity Review; AI and Machine Learning Review; Custom Review
568,Outcomes,Analytic Capabilities,"Analytics to create Customer Loyalty, including attracting profitable customers and create long term brand engagement","Program with basic benefits based on visits, products purchased or dollars spent. Program may not be well integrated across channels. Program is measured on metrics such as: total number of members, percent of total customers TY/LY, new members, spending per member as compared to LY and non-members..","Program evolves to have reward levels based on member revenue. Improved cross channel integration of program, rewards, redemptions and program data. Program success metrics are  expanded to include redemption metrics, analysis of  rewards redemption by customer segments,,",Fully integrated program across channels with mobile as a key component.  Member interactions and events are captured and processed to the loyalty system intraday. Program metrics include member profitability /cost to serve.,Program begins to include personalization of benefits./rewards. Program metrics expand to include survey based measurements of success.,"Program benefits include experiential rewards such ass special member events, and rewards may include partner companies . Member interactions and events are collected real time for mobile, website and point of sale real time personalization and offers. Metrics are robust and include member profitability, program profitability, and multi genre analytics are leveraged for robust customer satisfaction scores. Text analytics are used for insights into voice of the member regarding the program, value to the members and overall brand  experience.",Business Sponsor,Retail; Financial; Communications; Manufacturing; Travel & Transport; Energy & Natural Resources; Healthcare,Customer,True,False,Big Data Capability Review; Data Warehouse Maturity Review; AI and Machine Learning Review; Custom Review
569,Outcomes,Analytic Capabilities,Cross-sell / Up-sell analytics that identify and execute the best opportunities of upsell and cross-sell to increase organisational profit and individual customer value,Outbound push based campaigns generated on a monthly basis according to marketing calendar rather than customer need. Loosely targeted offers based on simple business rules and products previously purchased.,Small portfolio of cross-sell / up-sell events detected using static traditional data sources. E.g. Key Birthdays  Events detected on weekly / monthly basis with dependency on load of core data feeds.,Expanding portfolio of cross sell / up-sell events covering a limited range of product & service areas / data sources including history and using more sophisticated transactional event detection routines. Data latency constraints being addressed to improve performance of events – daily / weekly,Medium to large portfolio of cross sell / up-sell events detected on daily basis from an expanding range of data sources including transactions and interactions. (including online) Established set of event detection methodologies are utilised depending on timeliness and complexity of data. Batch prioritisation process used to identify most appropriate customer offers.,"Large portfolio of cross sell / up-sell events detected on a real-time / intraday / daily basis from a rich variety of data sources including transactions, interactions and external data. Advanced event detection routines such as machine learning finds unusual patterns of behaviour and detects changes in behaviour over time. Events are combined to specialise customer treatment and increase response. Next Best Offer framework used to prioritise offers based on value and channel context.",Business Sponsor,Retail; Financial; Communications; Manufacturing; Travel & Transport; Energy & Natural Resources; Healthcare,Customer,True,False,Big Data Capability Review; Data Warehouse Maturity Review; AI and Machine Learning Review; Custom Review
570,Outcomes,Analytic Capabilities,Contact Optimization analytics to create a contact policy framework to regular the interactions and contacts to customers,Simple contact policy rules operate at campaign level within channel – controlling solicitation levels based on previous campaign selections,Channel level contact policy rules regulate customer solicitation based on recency and frequency contact,"Cross channel contact policy rules regulate solicitation rules based on recency, frequency and outcome of contact","Overarching contact framework controls customer solicitation levels across all channels for all activity optimised for time of contact- based on multiple dimensions such as timeliness of event, channel medium and direction, recency, frequency, objective and reason of previous contact and outcome detail. Contacts optimised based on business objectives and constraints.","Overarching contact framework controls customer solicitation levels across all channels for all activity - based on multiple dimensions such as timeliness of event, channel medium and direction, recency, frequency, objective and reason of previous contact and outcome detail. Contacts optimised based on business objectives and constraints. Contacts optimization dimension include inbound interactions.",Business Sponsor,Retail; Financial; Communications; Manufacturing; Travel & Transport; Energy & Natural Resources; Healthcare,Customer,True,False,Big Data Capability Review; Data Warehouse Maturity Review; AI and Machine Learning Review; Custom Review
571,Outcomes,Analytic Capabilities,"Response Optimization, organising marketing campaigns to achieve the highest response and conversion rates",Limited A/B testing for outbound marketing core messages and  campaigns. Manual response loop on single campaign performance. Weekly campaign response reporting focused on sales and response/conversion rate.,"Expand A/B testing with more advanced parameters like time, more granular segmentation. Modify marketing campaigns to fit accordingly. Build a response flow that includes marketing KPI’s as well as conversation rate to purchase/transaction response",Run response optimization in an automated fashion where workflows are outlined and next marketing activity is triggered based on customers’  individual responses.  Daily reporting of marketing responses.,Add contextual features like geo/location to the marketing campaign and optimize the response accordingly. Embed dynamically adaptive messages into the campaign process. Understand impact of campaign in present and trends over time. Intra day dashboard to measure campaign response.,"Provide real time, contextual marketing. Create predictive models to forecast response and embed scenario planning into the marketing campaign planning and execution. Automated management of  marketing levers ; time, channel, device, product, pricing etc. including for real time. Contextual marketing. Real time streaming of responses (A/B test)and ability to adjust marketing based on real time results.",Business Sponsor,Retail; Financial; Communications; Manufacturing; Travel & Transport; Energy & Natural Resources; Healthcare,Customer,True,False,Big Data Capability Review; Data Warehouse Maturity Review; AI and Machine Learning Review; Custom Review
572,Outcomes,Analytic Capabilities,Cross Channel Customer Experience analytics that develop appropriate and cost effective cross-channel communications and interactions to drive customer experience and increase revenue,"Traditional outbound channels as such direct mail, email and telephone primarily used for customer communication. Channel selection based on ability to meet volume based targets.","Expanding range of channels integrated to increase customer reach including some inbound channels such as Call Centres, physical locations (branches, stores) or online. Channel selection starts to be aligned to customer preference and usage patterns","Expanding range of channels integrated to increase customer reach including some inbound channels such as Call Centres, physical locations (branches, stores) or  online. Channel selection utilises intelligent mix of inbound and outbound channels aligning business objectives with customer preference and usage patterns",Comprehensive channel coverage across all inbound and outbound channels enabling omni-channel campaign execution and customer interactions across a range of business objectives.,"Comprehensive channel coverage across all inbound and outbound channels enabling omni-channel campaign execution across a range of business objectives. Extended reach into digital channels with ability to target at  one to one level for non authenticated web site , mobile (anonymous user)and 3rd party and social media sites using paid media.",Business Sponsor,Retail; Financial; Communications; Manufacturing; Travel & Transport; Energy & Natural Resources; Healthcare,Customer,True,False,Big Data Capability Review; Data Warehouse Maturity Review; AI and Machine Learning Review; Custom Review
573,Outcomes,Analytic Capabilities,"Contextual Decisioning, that make interactions more relevant by considering other events over space and time as context of the customer interaction",Leads/customer segments and offers  generated in batch and presented to channels without regard for context of customer interaction. Manual decisioning used in some channels to select from multiple offers that fits best with interaction reason.,Some channel systems able to identify high level process being undertaken for customer and pass this information to decision environment at point of interaction. Context drives simple weighted prioritisation of batch pre-generated offers.,"Context identified, classified and passed all from inbound channels including face to face and digital channels. Allows context of interaction to be included in arbitration / prioritisation rules.","Micro context identified in channel such as location, transaction detail, step of process, status of request or browsing history driving improved relevance of offers.","Automated real-time interactions driven by context input from complex events involving location, transaction detail, step of process, status of request or browsing history plus automated response adaptation driving more refined decisioning and improved relevance of offers.",Business Sponsor,Retail; Financial; Communications; Manufacturing; Travel & Transport; Energy & Natural Resources; Healthcare,Customer,True,False,Big Data Capability Review; Data Warehouse Maturity Review; AI and Machine Learning Review; Custom Review
574,Outcomes,Analytic Capabilities,"Call/Contact Center Optimization, increasing the first call resolution and reduce customers returning calls on same topic","Provide call centre agent relevant customer data including access to customer events, products purchased , channel interaction updated weekly.  Provide recommedned action or product by customer segment via models updated weekly","Provide call centre agent relevant customer data including access to customer events, products purchased , channel interaction updated daily.  Provide recommedned action or product by customer segment via models updated weekly.","Understand whether some agents consistently handle complaints better than others - do they resolve complaints more quickly & are there fewer follow on complaints? Use customer data to  begin to optimize operational efficiency  such as route handling, optimised IVR,",Apply text and sentiment analytics to  call center logs to capture customer feedback. Utilize text and sentiment analytics to enhance customer  models and satisfaction measures.  Leverage customer pathing analytics to identify process or service issues and address.,Real –time decisioning presents best message/offer based on context of current and/or  last customer interaction. Create prediction models for when a customer or situation will lead to increased likelihood to complain. Provide call center agents with  prioritized list of remediation. Actions.,Business Sponsor,Retail; Financial; Communications; Manufacturing; Travel & Transport; Energy & Natural Resources; Healthcare,Customer,True,False,Big Data Capability Review; Data Warehouse Maturity Review; AI and Machine Learning Review; Custom Review
575,Outcomes,Analytic Capabilities,"Digital optimisation, that uses the customer's on-line journies and browsing behaviours to streamline websites and mobile app navigation",Basic website and mobile application abandonment /bounce statistics and reporting. Issue identified through manual testing process.,Merging abandonment /bounce statistics  with customer data and transaction data to  identify impact of website/mobile  issues.,Traditional statistics based root cause analysis and funnel reporting to identify customer drop out.,Sessionization and path analytics to fully understand customer interactions with channel and across channels,Automated monitoring of digital journeys with alerts to significant changes in behaviors,Business Sponsor,Retail; Financial; Communications; Manufacturing; Travel & Transport; Energy & Natural Resources; Healthcare,Customer,True,False,Big Data Capability Review; Data Warehouse Maturity Review; AI and Machine Learning Review; Custom Review
576,Outcomes,Analytic Capabilities,"Search Engine Optimization, to improve relevancy of web site search results to drive higher conversion",Limited visibility and measurement of search query performance. Limited on-going maintenance of keywords to improve query results. Higher levels of customer abandonment.,Reports identify zero result queries. Manual process is in place  to add reduce zero result queries,Reporting in place to identify zero and other under performing queries. Testing automated process to predict keywords. Proportionately higher utilisation and success of search versus less developed capability.,Automated process to create keywords and update. Beginning to develop and test improvements to ranking algorithms. Active measurement of customer abandonment both of search process directly and several “steps down the journey” from search.,Automated process to predict and update key words. Ranking algorithms are optimized for best results. Performance of search queries is monitored on a regular basis and declining performance is identified. A/B testing is utilized to measure search query and conversion improvement.,Business Sponsor,Retail; Financial; Communications; Manufacturing; Travel & Transport; Energy & Natural Resources; Healthcare,Customer,True,False,Big Data Capability Review; Data Warehouse Maturity Review; AI and Machine Learning Review; Custom Review
577,Outcomes,Analytic Capabilities,Personalization of offers to move from mass customisation of offers (based on broad segments) to a 1:1 personalisation of customer communications using individual customer data,"Limited personalisation of basic fields (eg, name). Campaign activity still cell based with no offer customisation capabilities.",Personalization of banners or images based on large customer segments and simple business rules or analytics (example: product preference),"Personalisation and customisation can happen beyond basic fields. Micro segmentation drives better offer choices and campaign details can be applied, using business rules.","Personalisation at individual customer level  and dynamically driven based on details data (transactions, interactions, demographics, derived data or scores) and business rules. Copy and content within an execution can be personalised with individual illustrations. Campaigns can have 000’s of variants.","Personalisation beyond simple customer data. Offers can also be dynamically flexed based on advanced analytics, 3rd party data (e.g. Social Media) and complex business rules. Multiple assets within a creative can be personalised using document composition technology. Campaigns have millions of unique variants",Business Sponsor,Retail; Financial; Communications; Manufacturing; Travel & Transport; Energy & Natural Resources; Healthcare,Customer,True,False,Big Data Capability Review; Data Warehouse Maturity Review; AI and Machine Learning Review; Custom Review
578,Outcomes,Analytic Capabilities,"Next Best Action Arbitration, determing the next best action for a customer when they interact with the company",Simple next best action arbitration performed in batch using prioritisation of a limited set of offers and actions across a small number of customer segments.,Next best action arbitration extended to cover broader set of customer actions driven primarily from individual level decisioning performed against  predictive models.,Next best action arbitration extended to  a comprehensive set of customer actions driven primarily from individual level decisioning performed against an expanding set of data sources,"Next best action arbitration for a broad range of customer treatments across a wide range of inbound channels. NBA logic uses diverse sources of data such as customer segmentation, predictive models, triggers and customer value measures.","Next best action arbitration applied consistently across real time and batch campaign engines. NBA logic dynamically calculated in real-time using context of interaction in inbound channels. NBA addresses different business objectives such as cross sales, retention, cost reduction or risk reduction.",Business Sponsor,Retail; Financial; Communications; Manufacturing; Travel & Transport; Energy & Natural Resources; Healthcare,Customer,True,False,Big Data Capability Review; Data Warehouse Maturity Review; AI and Machine Learning Review; Custom Review
579,Outcomes,Analytic Capabilities,"Product Recommendation, presenting the most relevant product recommendation(s) based upon a customer/prospects interaction and previous behaviour",Simple (often binary) product recommendation based upon average customer behaviour (typically at gross product level),More complex recommendations based upon segment based customer behaviours,Move to individual customer-level recommendations with increasing scope and time horizons – eg product purchase patterns over time  and overlaid with external factors (weather),"More extended affinity considerations/models potentially with more diverse offers (eg link or bridge products, directional affinities). Extending the recommendation outside of product only to wider offers – eg based upon past interactions (dropped basket due to excess delivery charges – offer – free delivery). Utilise predictive techniques on attributes driving customer behaviour.","Highly contextual product offers based upon personal past purchase/browsing histories over extended timescales, fully automated real time delivery, utilising  the fullest extent of external data  (eg. location/weather ) and internal data (store range and stock) and profit optimisation strategies",Business Sponsor,Retail; Financial; Communications; Manufacturing; Travel & Transport; Energy & Natural Resources; Healthcare,Customer,True,False,Big Data Capability Review; Data Warehouse Maturity Review; AI and Machine Learning Review; Custom Review
580,Outcomes,Analytic Capabilities,"Multi-Step Campaigns, to create relevant 2-way dialogue with customers by determining next interaction based on outcome of previous interactions",Majority of campaigns are single step – monologue based repeated on regular basis,Use of multi-step starting to be used in some campaigns – primarily to trigger follow up activity to non responders,Multi-step approach largely embedded into campaign design. Stepping criteria  uses a small selection of events and triggers such as  customer response outcomes  or non-response,Multi-step approach embedded into campaign design. Stepping criteria  uses a variety of events and triggers such as customer response outcomes  and inferred responses. Subsequent steps always re-qualify initial eligibility criteria.,"Advanced use of multi-step techniques to orchestrate customer journeys across channels and create dialogue based approaches. Stepping criteria  uses a variety of events, triggers and customer listening techniques such as response outcomes and inferred responses. Subsequent steps always re-qualify initial product / offer and channel eligibility criteria. Real-time event may over-ride or change  timing or content of next action.",Business Sponsor,Retail; Financial; Communications; Manufacturing; Travel & Transport; Energy & Natural Resources; Healthcare,Customer,True,False,Big Data Capability Review; Data Warehouse Maturity Review; AI and Machine Learning Review; Custom Review
581,Outcomes,Analytic Capabilities,"Campaign Effectiveness, analyzing the impact a specific campaign or groups of campaigns against the goal for the campaign and utilise that information to improve the results of future campaigns","Basic ability to measure and report upon sales, upgrades, channel usage by the target audience based on actual response or simple inference.",Commitment to and ability to execute and understand Champion/Challenger (A/B) testing,Processes and skills  in place to collect and understand  results by customer segment and micro-segment. Increasing sophistication of inference based measurement accounting for customer variability in following specified calls to action.,Ability to modify on-going and future campaigns based on the interim results of the current campaign and final results of previous campaigns – on a segment- or micro-segment-basis.,"Ability to project the Lifetime Value impact of campaigns based on how the customer responses affect current profitability, loyalty, etc. – and to modify targeting, messaging and offers accordingly to maximize that LTV. Move towards the development of sophisticated marketing attribution techniques to weight campaign contribution versus ATL or other BTL activity over an extended timescale.",Business Sponsor,Retail; Financial; Communications; Manufacturing; Travel & Transport; Energy & Natural Resources; Healthcare,Customer,True,False,Big Data Capability Review; Data Warehouse Maturity Review; AI and Machine Learning Review; Custom Review
582,Outcomes,Analytic Capabilities,"Marketing Attribution, to analyse the customer path to conversion to determine the impact of interactions on conversion and attribute the value of each interaction to sales or some other specific conversion type",Basic marketing measurement typically a ‘last-click’ type approach. Traditional attribution process runs at a campaign by campaign basis within channels silos. Activity measured limited to sales outcomes. Performed on an ad-hoc basis driven by campaign activity.,Primarily basic marketing measurement approaches run on a campaign by campaign basis. Campaign measurement process is automated and standard reports are produced. Experimentation started to investigate cross channel attribution methods but no systemised methodology or automated process developed.,Marketing attribution process semi automated and runs on a monthly basis. Scope limited to sales based outcomes from highest volume channels. Static reports produced issued to users.,Marketing attribution process fully automated and runs on a weekly basis. Scope includes most activity (>80%) including non sales outcomes and model considers interactions from most channels. Regular reporting issued to end users with simple dashboard summary.,Marketing attribution process fully automated and runs on a daily basis. Scope includes all activity and model considers interactions from all channels. Rich set of dashboards and interactive reporting makes data easily available to end users via self serve tools.,Business Sponsor,Retail; Financial; Communications; Manufacturing; Travel & Transport; Energy & Natural Resources; Healthcare,Customer,True,False,Big Data Capability Review; Data Warehouse Maturity Review; AI and Machine Learning Review; Custom Review
583,Outcomes,Analytic Capabilities,"Brand Analytics, to quantify the impact of a company’s brand on marketing and company performance",Simple reporting of brand metrics – largely conducted by 3rd party agencies. Little analysis to link specific activity with business outcomes.,Growing range of brand effectiveness metrics – integrating internal and external measures to report on aggregate effectiveness of brand building activities,Growing range of brand effectiveness metrics – integrating internal and external measures to report on effectiveness of brand building activities – with ability to isolate the impact of specific advertising and direct marketing activities,"Large range of brand effectiveness metrics – integrating internal and external measures to report on effectiveness of brand building activities – with ability to isolate the impact of specific activities. Analytics used to drive a growing number of activities such as calendar planning, product development, pricing and media buying.","Comprehensive range of brand effectiveness metrics – integrating internal and external measures to report on effectiveness of brand building activities – with ability to isolate the impact of specific activities. Analytics used to drive a large number of activities such as calendar planning, product development and media buying. Sophisticated forecasting and simulation models enables optimisation of the media mix and marketing budget. Measures of Brand Equity calculated, tracked and reported,",Business Sponsor,Retail; Financial; Communications; Manufacturing; Travel & Transport; Energy & Natural Resources; Healthcare,Customer,True,False,Big Data Capability Review; Data Warehouse Maturity Review; AI and Machine Learning Review; Custom Review
584,Outcomes,Analytic Capabilities,"Research New Product Development Opportunities, to leverage external market research, trends and internal product usage data to support product and packaging design and specifications","Little to no investment in researching new product ideas. Decisions made based on past experience and/or personal preferences. Generally repeat what worked last year and plan inventory based on last year’s product usage and sales statistics plus expected growth. Performance depends on the capabilities of individuals or teams and varies with their innate skills, knowledge, and motivations.",Understanding of the need to efficiently manage the product development lifecycle and the limitation of being reactive to declining product revenue. Utilize surveys and focus groups to understand market direction and identify product categories. Most new product introductions are limited to evolutionary changes.,"A standard process for developing new products is documented. This process can be characterized as including inputs, standards and procedures for performing the work, metrics for verification, and other standard outputs. Emerging use of analytic techniques, such as sentiment analysis, to better understand customer needs and expectations with the use of customer and usage data","Established metrics for product development processes. The development process is predictable because the process is measured and operates within measurable limits. Utilize analytic techniques, such as sentiment analysis, to better understand customer needs and expectations systematically using customer and usage data",The entire organization is focused on continuous process improvement characterized by an agile new product development methodology. Able to predict emerging trends and gain first mover advantage. Advanced predictive analytics incorporated into methodology.,Business Sponsor,Retail; Financial; Communications; Manufacturing; Travel & Transport; Energy & Natural Resources; Healthcare,Product,True,False,Big Data Capability Review; Data Warehouse Maturity Review; AI and Machine Learning Review; Custom Review
585,Outcomes,Analytic Capabilities,"Predict Business Impact (Discovery), which is the prediction of product launce impact on resources, assets and market adoption, to support business case and investment justification",No change or adaptation of internal resources. Sales volumes are anticipated by simply extrapolating trends based on previous launches.,"Increased readiness of internal resources based on forecasted sales volumes. Expected product uptake based on historical patterns of relevant and similar products as well as market trends, and competitive analysis","Internal resource readiness planned based on expected product uptake, where cannibalisation analysis is added, as well as expected product related customer experience. This is obtained by things like text and sentiment analysis from digital channels, either from historical similar product launches or from current pre-announcements.",Resource planning based on additional insight of product launch impact on total product portfolio. Product affinity analysis can be added to support this.,Proactive communication with targeted customers who are predicted to influence product uptake both from a sales and customer experience perspective.  As an example this can in a Telco be achieved by SNA (Social Network Analysis) in combination with other analytical techniques.,Business Sponsor,Retail; Financial; Communications; Manufacturing; Travel & Transport; Energy & Natural Resources; Healthcare,Product,True,False,Big Data Capability Review; Data Warehouse Maturity Review; AI and Machine Learning Review; Custom Review
586,Outcomes,Analytic Capabilities,"Develop and Test Product Prototypes, including testing and evaluating alternative product specifications and features, including AB testing, and product preview statistics","Operationalizing new multi-genre and open source analytics  leveraging the discovery platform of  several wireless and wire line products,  content viewership data, multichannel  data and other customer behavioral data. This is considered to be emerging analytics that all telecommunications companies want to execute and Teradata is best suited to help deliver this success.","Developing new multi-genre analytics and open source analytics  leveraging the discovery platform of  several wireless and wire line products,  content viewership data, multichannel data and other customer behavioral data..","Storing content viewership data with wireless / wire line data in one discovery platform and/or data schema enables rapid deployment of analytics. Additionally, incorporating multichannel and other customer behavioral data will provide an advanced data repository which can accommodate multi-structured data and support multi-genre analytics. Single platform for integrated data enables repeatable analytics.","Traditional wireless and wire line data, including viewership data, can be integrated in one platform and analyzed to yield insight into segmentation of customers and products. Continued advanced analytics of online / app viewership data can enable telecommunication companies to make superior content delivery offerings with compelling packages.","For telecommunications companies to remain relevant, they will need to create compelling content offerings which integrate and evolve traditional home solutions and wireless innovation.",Business Sponsor,Retail; Financial; Communications; Manufacturing; Travel & Transport; Energy & Natural Resources; Healthcare,Product,True,False,Big Data Capability Review; Data Warehouse Maturity Review; AI and Machine Learning Review; Custom Review
587,Outcomes,Analytic Capabilities,"Source Products and Develop Contracts, including managing costs, risks, quality, service levels and performance of vendors that supply products or raw materials",Manual sharing and analysis of demand data and forecasts via spread sheets. Vendor purchasing data includes limited historical data available.  Raw materials data is siloed or non-existent.  Product costs are not known; estimates are used to calculate final (LLC) costs.,"Development of a sales portal to share demand data with suppliers. Manual reporting to provide integrated view of sales, costs, margin, and service levels across vendors/suppliers. More formal process of collating sales and cost data to support vendor negotiations.","Optimize vendor selection and purchase agreement/buying negotiations. Collaborative Forecasting for long range product revenue goals. Quarterly review includes vendor compliance analysis and is used to craft future contracts by vendor.  Integrated sales, costs and inventory data available.",Clear cost of sales structure in place – Detailed product profitability analysis and well defined pricing structure. Consistent cost calculation methods across the enterprise and across vendors. Timely and on-demand  vendor and product  performance analysis with a granularity on the product level in an automated exception driven process – good understanding of vendor profitability - well defined pricing guidance – Cost optimization initiatives  in place lacking prioritization  - Enhanced procurement decisions limited to major products . Combination of ERP and non ERP data.,"Close collaboration between partners to address joint challenges and improve costs, efficiencies and service. Portals to provide integrated visibility into the status of WIP or finished products across all production and transportation vendors.",Business Sponsor,Retail; Financial; Communications; Manufacturing; Travel & Transport; Energy & Natural Resources; Healthcare,Product,True,False,Big Data Capability Review; Data Warehouse Maturity Review; AI and Machine Learning Review; Custom Review
588,Outcomes,Analytic Capabilities,"Plan Product Investments to Support Go-to-Market Strategy, including holistic evaluation and determination of appropriate initial resource, capital and infrastructural investment for product launch","Basic forecasting and allocation practices. No enterprise view of inventory ownership. Go-to-market processes and cycle for each functional unit is lengthy, manual and non-aligned. Siloed processes in place but no cross-function or business cooperation. Promotional inventory based on historical trends. Little variability in assortments",Improved cross-functional communications during planning process. Basic alignment of some functions and channels. Leverage predictive forecasting practices/ tools  for basic items. New product forecast done via manual historical tracking of similar products/ services. Actual versus Plan reporting to manage performance and adjust future plans. Financial plans and drivers are reconciled to ensure direction and strategy.,"Cross-function flows still manual but using electronic means. Close alignment among channels and functions, with high level cross-functional cooperation, but on a project-by-project basis. Enterprise inventory visibility enabled. Seasonal forecasting practiced. Automated adjustment of product and location service levels based on product lifecycle stage. Assign products to branch clusters using profile-based attributes such as demographics/ lifestyle, financial profile and perception. Product/ service continuum planning to enable improved take-up rates. Competitor product suite  and pricing tracked. Leverage elasticity models for product campaign and promo inventory management","Automation of cross-function approvals. Extensive cooperation, with integration between most functions. SLAs in place for fulfillment and delivery. average demand forecasting practices and tools for multiple product/ service suite. “Buy from anywhere, fulfill from  anywhere” capability enabled.  Automated fulfillment  via  parameters and rules. Full automation of new product introduction and history. Product suite optimized for key customer segments. Rationalization of vendors and product suite based on margin and profitability. analyze product/service continuum gaps. Integrate campaign planning, marketing and inventory planning. Robust calculation of campaign ROI","Full automation of all workflow driven processes from campaign design to final approvals. Full organizational alignment and integration across channels, functions and business units. Detailed SLAs for fulfillment coupled with transformed culture of collaboration. End to end product management and complete supply chain visibility. “What if” analytics well entrenched.  Unified pricing, campaign and Product suite modeling. Consider near real time competitor product proposition and pricing analytics. Incorporate customer segment definitions into assortment (range) planning process to support customer-centric merchandising across all channels. Track performance of product campaigns in near real time",Business Sponsor,Retail; Financial; Communications; Manufacturing; Travel & Transport; Energy & Natural Resources; Healthcare,Product,True,False,Big Data Capability Review; Data Warehouse Maturity Review; AI and Machine Learning Review; Custom Review
589,Outcomes,Analytic Capabilities,"Improve Product Onboarding, including optimizing the process of onboarding new products and predicting the impact on business performance and customer behaviour",Product centric approach to product launch.  New products are measured based on the single objective of unit sales.,"Beginning to monitor cross channel implications and impact on other products. Considers market impact and customer satisfaction. Reactive response to infrastructure issues (e.g. call center, supply chain and operations) are modeled and shared functionally.","Reactive cross channel analysis, including impact of cannibalization.  Beginning to conduct basic analysis on customer impact.",Proactively conducting basic analysis on customer and infrastructure impact based on results from similarly launched items.,"In advance of a product launch, predicting the impact on the customer and the business. This includes external  feedback (including social input) to identify and react to product launch issues.  Also developed a continuous feedback loop to improve product specifications and launch processes for future enhancements.",Business Sponsor,Retail; Financial; Communications; Manufacturing; Travel & Transport; Energy & Natural Resources; Healthcare,Product,True,False,Big Data Capability Review; Data Warehouse Maturity Review; AI and Machine Learning Review; Custom Review
590,Outcomes,Analytic Capabilities,"Analyzing Competitive Pricing, including collection and analysis of competitive pprices to determine need to reset prcies of key products, categories, and services based upon pricing strategy.  Understand and simulate the impact of price adjustments to sales and profits",Pricing optimizing for revenue maximization based on comparison of competitor prices on the market,"Pricing optimization  toward competitors on improved granularity of local market position, reactive to recognized competitive price position changes",Competitive price considering not only competiton prices but substitute produc prices. Service usage patterns recognized to match competitve pricing schemes,Competitve pricing optimizing for driving future service usage habits/purchasing habits to maximize revenues  on deep granularity market view. Predictive analytics supports modeling future usage habit pattern insights for pricing,"Pricing optimized by proactive actions based on competitor move prediction in a deep granularized market view, providing right time response to competitive pricing changes. Predictive analytics on expected competitor pricing moves.",Business Sponsor,Retail; Financial; Communications; Manufacturing; Travel & Transport; Energy & Natural Resources; Healthcare,Product,True,False,Big Data Capability Review; Data Warehouse Maturity Review; AI and Machine Learning Review; Custom Review
591,Outcomes,Analytic Capabilities,"Adjust Product Lifecycle Pricing, which is the ability to model and proactively set/adjust prices to maximize profit during all life stages of a product","Prices points are determined based on established markdown cadence and rules by channel.  Price points set based on rules within operational system or basic buyer formulae.  No formal pricing analytics or pricing organization. Incorporate wallet, discount and loyalty redemption into pricing.","Companies implement a pricing/markdown optimization tool.  Tool may be outsourced or in-house.  Tool is likely not comprehensive and may only addresses limited aspect of pricing strategy, typically clearance.  Users may distrust pricing recommendations, with frequent overrides being the norm.",Beginning to establish organization to manage statistics to drive price strategy.  Focus is on maximizing  profitability.  Begin to operationalize seasonal variability of pricing by location and explore elasticity of demand for promotional events. Zone and store level pricing is possible.,Experienced pricing team exist that are capable of building new models. Customer data  is incorporated into pricing decisions.  Pricing recommendations are understood and accepted by business users.  Buy Plans and Sales Forecasts are regularly evaluated via scenario planning.  Exploration of channel-driven pricing,"Companies can set price at location or channel level.  Capable of managing dynamic prices in near real time.   Personalized prices based on individual customers is possible, incorporating wallet, discount and loyalty redemption into pricing.   Predictive analytics are consistently used to anticipate performance and to  plan advantageous buys.",Business Sponsor,Retail; Financial; Communications; Manufacturing; Travel & Transport; Energy & Natural Resources; Healthcare,Product,True,False,Big Data Capability Review; Data Warehouse Maturity Review; AI and Machine Learning Review; Custom Review
592,Outcomes,Analytic Capabilities,"Manage Dynamic Pricing, reactively adjusting prices based on resource availabilty to shape demand and manage yeild in right/near-real time.  Prices may fluctuate based on time of day, space and usage amongst other events",Pricing scheme update monthly /weekly based on stock  and sales target information (internal information),"Pricing scheme updated daily based on stock, sales target and customer information (internal information, but extended range of internal data domains)","Pricing scheme updates  (daily) are driven by business rules representing product strategy, customer strategy, stock clearance rules etc. Business rules representing internal  business events, business trends and predictions (such as estimated sales).","Actual and relevant pricing available at the right time for customer interaction, applying one or two  pricing schemes across the entire product portfolio using actual values of product attributes to calculate individual  price (or individual discount)  for the purchase event. Selected attributes may fall into different categories such as:
Seasonality, order lead time, Time of day
Location of customer/ POS
available stock, strategic product categorization, end-of-life, bridge products  etc
Customer Loyalty scheme etc",Pricing business rules evaluated/prioritzed across more dynamic price options at the right time for the purchase transaction. Different product assortments may apply different dynamic pricing rule priorization at the time of purchase transaction.,Business Sponsor,Retail; Financial; Communications; Manufacturing; Travel & Transport; Energy & Natural Resources; Healthcare,Product,True,False,Big Data Capability Review; Data Warehouse Maturity Review; AI and Machine Learning Review; Custom Review
593,Outcomes,Analytic Capabilities,"Plan and Manage Promotional Items / Offers, involving modeling of promotional offets (prices, bundles etc.) to predict impact on sales to support the promotions planning process","Promotional items are selected based upon last year, same event history.  Manually account for calendar and event shifts in plan. Promotional prices are established based on buyer designated price points . Many promotional items are selected based on vendor funding or market development funds available",Leverage lift and UPT analytics of historical events for planning. Analyze historical basket size and affinity item combinations during promotions  to understand variances in geography or channel and to improve future promotions. Reference historical competitor promotions (often collected manually or in excel),"Forecast promotion outcome for the enterprise.   Perform price elasticity modeling to anticipate demand and inventory requirements for promoted items.   Include historical halo and cannibalization analytics .  Proactively address competitor pricing strategy, based on history.",Forecast promotional outcomes by location. Evaluate featured-item candidates  for promotions  to predict impact on featured and companion items. Evaluate candidate  items based on promotional forecast PLUS the ability to draw other items into the  basket.  Identify items which sell together to create promotional bundles.,Mine ecommerce data to track “first in the basket”  as part of the promotional strategy. Plan personalized promotions for specific customers based on behavior. Automate tracking and storing of competitive item information for future reference.,Business Sponsor,Retail; Financial; Communications; Manufacturing; Travel & Transport; Energy & Natural Resources; Healthcare,Product,True,False,Big Data Capability Review; Data Warehouse Maturity Review; AI and Machine Learning Review; Custom Review
594,Outcomes,Analytic Capabilities,"Measure Promotional Effectiveness, tracking and assessing the impact of a promotion on sales of the promoted product, categories, affinity products and customer behaviour",Analysis of promoted item performance is conducted after the event.   Users rely on merchandise sales reports and pre-during-post event analysis for the weeks in which the event occurred.,Perform little in-promotion analysis; most analysis is done after the event.   Manual tracking of competitor promotions. Track average transaction size and UPT by geography or channel to understand influence of Promotions.,Promotion performance analysis is geared toward specific dates on which the promotion occurred (not bound by whole week). Daily analysis of  basket size and affinity item combinations during promotions  to understand variances in geography or channel. Adjust promotions in-flight. Analyze roles of products within the assortment.  Identify “driver” and “companion” items with in the assortment to maximize overall profitability of events.,Track actual  lift by event by location. Analyze promoted item performance intra- day. Measure attachment rates  and evaluate promotional  investments in cherry picked items (items which do not drive the sale of any other items). Dashboards and exception reports are used to highlight variances and trends outside the norm / plan.,"Optimize promo space to maximize traffic and volume, by location. Track performance of promoted items in near real time. Change promotion or promotional pricing for different day parts. Execute on personalized promotions for specific customers based on behavior. Alert and respond to competitive price moves in comparable items or key categories.",Business Sponsor,Retail; Financial; Communications; Manufacturing; Travel & Transport; Energy & Natural Resources; Healthcare,Product,True,False,Big Data Capability Review; Data Warehouse Maturity Review; AI and Machine Learning Review; Custom Review
595,Outcomes,Analytic Capabilities,"Optimize Product Placement, looking at how products are co-located either in-store or on the web page and how this impacts on driving customer behaviour and shopping missions.","Planograms for different categories planned in isolation, no consideration of product affinities across categories or product groups. Promotion product placement driven by potential uplifts or supplier funding to capture best locations (eg Gondola ends). Standard planograms across all stores or regions/formats","Product placement and co-location based upon “obvious” product associations.
Standard planograms across all stores or regions/formats","Cross category product affinities  used to select product placement and adjacencies in store and on web pages. Needs a more holistic approach to product placement considering cross category affinities. 
Basic store clustering  based on demographics, size etc. used to drive product placement.","Shopping mission analysis to understand key drivers of shopping mission and gateway products which drive  larger shopping missions, combining missions. Using this insight to drive product placement and adjacencies.
Store clustering based on shopping behavior  to drive cluster specific product placement.",Analyzing Customer movements in store by tracking their mobile phones through the store using beacons to identify hot and cold spots. Linking Customer movements to baskets to determine optimum layouts to drive larger baskets. Using Customer product affinities to select online product placement and co-location.,Business Sponsor,Retail; Financial; Communications; Manufacturing; Travel & Transport; Energy & Natural Resources; Healthcare,Product,True,False,Big Data Capability Review; Data Warehouse Maturity Review; AI and Machine Learning Review; Custom Review
596,Outcomes,Analytic Capabilities,"Optimize Micro and Macro Space, analyzing performnce to determine space allocations for cateogires (macro) and  individual products (micro) to optimize sales densities (per square meter/foot), revenue and margin",Manual data collection and spreadsheet data manipulation to prepare data for planogramming process. Typically performed at chain level .,"Macro (Category) and Micro (product) space allocations planned in isolation, not considering cross category influences or Customer behaviors/shopping missions. Typically generated at chain level based on store formats and available space. Sales densities of categories and products not actively measured",Space allocation consider product affinities to promote specific baskets and Customer behaviors. Typically generated at chain level based on store formats and available space. Sales densities of categories and products seen as a critical KPI for store sales performance comparisons,Space allocations consider local customer behaviors and shopping missions. Typically stores are clustered by Customer behaviors /shopping missions,"Dynamic space flexing to consider changes in shopping behaviors during the week and different shopping behaviors at weekend (e.g. smaller missions through the week, larger missions at weekend).",Business Sponsor,Retail; Financial; Communications; Manufacturing; Travel & Transport; Energy & Natural Resources; Healthcare,Product,True,False,Big Data Capability Review; Data Warehouse Maturity Review; AI and Machine Learning Review; Custom Review
597,Outcomes,Analytic Capabilities,"Optimize Assortments / Ranges or Product Mix, including building a product assortment / product mix by channel or location to reflect customer shopping behaviours","Typically assortment proliferates as new products are introduced without removing existing products, driving low sales densities due to too many slow moving product. Ranging decisions based on product sales performance.",Centralised assortments based on store demographics formats and price bands. Ranging decisions based on product sales performance.,"Store cluster assortments optimized using product affinities, Ranging decisions based on basket analysis , to understand which products are important to which basket types.",Assortment based on understanding of Customer behaviors and shopping missions in individual stores. Stores clustered based on like behaviors. Ranging decisions made with Customer behavior and shopping missions in mind. Product affinities from on-line transactions used to inform store ranging decisions,"More localized assortments based on individual stores Customer behaviors and shopping missions (typically a core cluster range, with a proportion “localized” to individual stores. Product affinities from on-line transactions used to inform store ranging decisions. Able to incorporate local traffic and population data from prospective customer intelligence into range decisions.",Business Sponsor,Retail; Financial; Communications; Manufacturing; Travel & Transport; Energy & Natural Resources; Healthcare,Product,True,False,Big Data Capability Review; Data Warehouse Maturity Review; AI and Machine Learning Review; Custom Review
598,Outcomes,Analytic Capabilities,"Support Product Clearance, to dispose of excess or aged inventory to optimise sell through, markdowns and margins by modeling reduced prices and best locations in which to liquidate a product by an end date","Excess inventory distributed to locations based on their size and sales, No consideration of their previous sales performance of the product or how much stock they already have",Excess inventory allocated to locations based on their size and their previous sales of the products – no consideration of existing stockholding,"Excess inventory allocated to locations based on their size, their previous sales of the products and existing stockholding","Excess inventory distributed to locations based on each locations forecasted sales and current inventory, balanced to give each location the same inventory cover so clearance is synchronized across all locations","Leading organizations will have identified the potential issue of excess inventory before it occurs by using future inventory projections highlighting potential excess stock situations giving them the opportunity to circumvent the excess inventory – reduced orders, order delay, advertising etc.",Business Sponsor,Retail; Communications; Manufacturing; Travel & Transport; Energy & Natural Resources,Product,False,False,Big Data Capability Review; Data Warehouse Maturity Review; AI and Machine Learning Review; Custom Review
599,Outcomes,Analytic Capabilities,"Determine Product Migration is the identification and prioritization of products to be decommissioned and migrated to selected new products, optimizing customer value and business benefits",Determine products for decommissioning based on number of customers owning the product or general sales volumes. Migrate to products based on current new product sales targets. Little or no understanding of customer and business impact,"Determine products for decommissioning based on number of customers owning the product or general sales volumes, as well as some insight on product utilization. Migrate to products based on current new product sales targets and product attributes to meet customer utilization needs. Basic understanding of customer and business impact","Basic application of analytical techniques to determine products for decommissioning as well as recommended new product, based on product utilization and product portfolio ownerships. Initial understanding of costs associated with the product.","Application of analytical techniques to determine products for decommissioning as well as recommended new product, based on customer value , customer satisfaction and customer behavior. Significant understanding of costs and complexity associated with the product. Good understanding of customer and business impact.","Application of advanced analytical techniques to determine products for decommissioning as well as recommended new product, based on extensive customer insight and customer influential impact on customer base value.  Analytics also inform about timing of recommended migration. Full understanding of customer and business impact, including predicted indirect impact.",Business Sponsor,Retail; Financial; Communications; Manufacturing; Travel & Transport; Energy & Natural Resources; Healthcare,Product,True,False,Big Data Capability Review; Data Warehouse Maturity Review; AI and Machine Learning Review; Custom Review
600,Outcomes,Analytic Capabilities,Optimize Reduce to Clear is the reduction of wastage and optimization of margin on perishable products that come to the end of their shelf life via intra-day analytics,Manual checking of shelves to find products near end of shelf life. Manual consideration of  potential excess stock Undirected arbitrary local price reductions which dilute margin and sales revenue,"Manual checking of shelves to find products near end of life. Central price reduction recommendations, typically a set percentage discount. no consideration of levels of excess stock","Manual checking of shelves to find products near end of life, Set guidelines of discounts for locations for follow depending on excess stock","Central calculation of potential excess stock levels in each location, alerts to stores. Dynamic pricing calculations to  optimize sell through, margin and wastage","Central calculation of potential excess stock levels in each location using hourly sales to pick up last minute opportunities, alerts to stores, Dynamic pricing calculations  and timing calculations using within day sales to  optimize sell through, margin and wastage",Business Sponsor,Retail,Product,False,False,Big Data Capability Review; Data Warehouse Maturity Review; AI and Machine Learning Review; Custom Review
601,Outcomes,Analytic Capabilities,"Support Product Recalls, to leverage customer purchase history to efficiently and proactively notify users of recalled products whilst optimizing costs and processes associated with them","No proactive response to product recalls.  Customers may hear about the recall  from public news sources, not from the manufacturer or seller. Identifying and factoring in new information (e.g. Engineering and Manufacturing) to understand/diagnose drivers of recalls and to monitor and track outstanding ones.","POS data is mined to identify specific customers who purchased a recalled product.  Customers are proactively notified that a product that they purchased may have been affected by a product recall. Customer is responsible for checking model, lot or manufacturing dates to determine if their purchased product is affected. Recall notification takes weeks to process. Periodic use of new data types/streams (e.g. Engineering and Manufacturing) to better forecast recalls, understand/diagnose drivers of recalls and to monitor and track outstanding ones.","Monitor social site mentions of product to identify optimal platform on which to issue information and further updates on recall. Incorporate social media data with historical sales and web data  to capture changes in brand or product sentiment.  Leverage personalization to respond to changes. Leveraging analytics on all relevant, integrated data sets to forecast recalls, manage them from end-to-end, and more surgically identify specific products to recall from the field.","Manufacturers track lineage of products at all points in the production cycle.  Integrated traceability data helps to identify root cause and to respond quicker. Leverage detailed data to improve negotiations with suppliers to recoup recall costs.  Manufacturers can isolate defective components or defective lots, avoiding massive blanket recalls. Recalls are focused only on affected lots and the affected customers. Recall notifications take hours to process.","Quality Managers routinely scrape customer comments to identify issues, then  adjust quality parameters accordingly. Track variances  in historical patterns (such as returns) to foresee problems. Establish a temporary or permanent data exchange infrastructure to make affected customer data available  to manufacturers. Use of comprehensive and prescriptive analytical models that reduce recalls and associated costs  to industry –leading levels. Analytics used for management of recalls and to better inform product design and manufacturing processes.",Business Sponsor,Retail; Communications; Manufacturing; Energy & Natural Resources; Healthcare,Product; Operations,False,False,Big Data Capability Review; Data Warehouse Maturity Review; AI and Machine Learning Review; Custom Review
602,Outcomes,Analytic Capabilities,"Analyzing Market Basket and Affinity to leverage transaction level data to develop insight into customer behaviour, shopping missions and affinity","Measure basic basket metrics such as basket size, revenue, and gross margin by location.  Incorporate affinity coefficients to understand driver and passenger items. Score and compare basket trips types by location across time. Identify key shopper missions by location.  Uncover regional variances and opportunities to improve assortments.   Compare location basket size and profitability to district or region to identify outliers.","Leverage affinity analytics to build bundles, promotions and select advertised items. Extend analytics to include real estate attributes such as location selling size, location format and type. Track impact of basket metrics when competitors move in or out of markets or before, during and after promotions. Requires promo data. Companies design and develop Executive Dashboard to track basket segments","Compare composition of baskets across channels. Analyze baskets of items that have traits that are trending (ex: organic, imported, high brand recognition or hot trend), Evaluate driver items as candidates for private label development.  Leverage market research along with key traits of current driver items to influence design of items in the  product development pipeline.  Requires extended product trait data and product development data.",Tailor format and layout of store to unique shopper segments of each location. Analyze customer segments (based  on trip mission) and the allocation of space to each trip segment by location. Identify mis-alignment of space and assortments. Requires planogram and assortment data,"Analyze ecommerce baskets to understand motivations for buying, starting with what item was placed into the market basket first. Understand impact of promoting “basket starters”.  Adjust promotional strategies and tailor offers to customers during the visit accordingly.  Expand findings from ecommerce baskets to influence catalogue features, store layouts, end cap presentations, promotions and pricing.   Requires ecommerce transaction and cart detail.",Business Sponsor,Retail; Financial; Communications; Manufacturing; Travel & Transport; Energy & Natural Resources; Healthcare,Product,True,False,Big Data Capability Review; Data Warehouse Maturity Review; AI and Machine Learning Review; Custom Review
603,Outcomes,Analytic Capabilities,"Analyze cross-channel performance to support the identification of opportunities for product bundling, cross- or up-selling and product wraps",Basic channels tracked. Channel data typically siloed with little or no integration of functional matrices. Inventory typically housed within different warehouses with no consistent tracking of product codes/ numbers. Little or no campaign tracking capability that allows for response tracking across products. Most channels owned by different business units are not coordinated. Little or no automation at any level,"Channel management is entirely ad hoc, cross-channel delivery for acquisition activities not available. Organization is focused on driving costs out of the channel processes and maximizing individual sales.  Detailed transactional and financial information is typically not available immediately. Multi channel coordination typically sporadic or non-existent, Cross-channel cooperation improving but manual",Multi-channel delivery and performance tracking. Organization defines and creates standard metrics for enterprise analysis.  Scorecards are built integrating results across business functions including limited non-financial data. Sporadic levels of automation. Little understanding of customer’s channel preference and limited resource optimization. Some integration of results across business functions. Gradual improvement in product ID’s to enable easy tracking of inventory across acquiring channels and originating warehouses,"Data analytics used to manage channel performance. Delivery and utilization is consistent with pre-defined metrics and business triggers.  Financial data is integrated with non-financial data to provide comprehensive reporting and analytic capabilities. Multi channel integration between web and static channels (in- and out-bound), sales force automation applications used with tracking capabilities. Extensive business rules used to manage channel delivery. KPI’s covering sales, customer satisfaction, inventory levels  and operational efficiency are embedded","Fully automated analytics used to track multiple products across multiple channels. Messages coordinated across all channels in a sequential, logical and consistent manner. Customer channel preferences are embedded in all product and service strategies. Extensive use of channel mix and capacity optimization techniques Contact strategy and acquisition activities adapted to customer preference based on logical channel rules. Common channel tracking enabling acquisition from one locality and returns through another  or seamless inventory fulfillment from multiple warehouses across different branch, brand or geographic location",Business Sponsor,Retail; Financial; Communications; Manufacturing; Travel & Transport; Energy & Natural Resources; Healthcare,Product,True,False,Big Data Capability Review; Data Warehouse Maturity Review; AI and Machine Learning Review; Custom Review
604,Outcomes,Analytic Capabilities,"Manage Open to Buy.  Manage forward financial plans at a product level, optimizing the sales potential by product class or sub-class and location whilst also reducing inventory excess through the timely purchase of new or replacement stock",Open to buy calculation is managed at category or department level on a monthly basis.  May be manual or excel based worksheet.  Sales forecast are based loosely on trend data.,Leverage data-driven sales forecasting for more accurate open to buy estimates for some product lines.  Leverage sales contribution patterns to determine future sales and  inventory investments.,"Leverage algorithms to create accurate sales forecasts and inventory plans based on time-phased order forecasts for all products lines for each class or subclass by week or month.   What if scenario planning is used to explore potential sales and optimum required inventory for trending categories.  May manage open to buy projections for key items or key classifications. Incorporate detailed planning for units and currency with open to buy analytics. , Analytics are used to justify adjustments to current and future plans.","Expand algorithms to create accurate sales forecasts and inventory plans based on time-phased order forecasts down to location level.  Very granular view of open to buy allowing imbalances of inventory across locations to be identified and addressed.  Algorithms/models are measured for accuracy and adjusted as needed.  Leverage “what if” modeling to explore scenarios based on potential sales, inventory orders, markdowns, budget etc.",Analytics are used to highlight trending products and potential gaps between planned and actual sales and inventory levels to identify opportunities to reallocate budget to maximize sales.  May incorporate alerts and operational dashboards to proactively respond to actual variances against planned open to buy.,Business Sponsor,Retail; Communications,Product; Financial,False,False,Big Data Capability Review; Data Warehouse Maturity Review; AI and Machine Learning Review; Custom Review
605,Outcomes,Analytic Capabilities,Compare to Product Benchmarks by comparing a portfolio against an internal or external reference to identify gaps and potential enhancements,Products and services are benchmarked against internal metrics with no formal mechanisms to identify feedback from the marketplace.,Ad-hoc collection of feedback from the marketplace to inform product design and change. Typically to solve known issues and dealing with daily or regular processes and tasks.,Proactive and continuous feedback on significant KPIs across the product and channel range.,Significant effort invested across the product lifecycle for tracking and managing KPIs with feedback actively considered and acted upon.,Primary mission of the business to achieve operational excellence with benchmarking taking a strategic role in driving business innovation. Numerous mechanisms to generate active feedback to improve products and services.,Business Sponsor,,Product,False,False,Big Data Capability Review; Data Warehouse Maturity Review; AI and Machine Learning Review; Custom Review
606,Outcomes,Analytic Capabilities,"Manage Product Profitability, quantifying all product and services (P&S) revenue, cost and risks to calculate the true profitability over time",Basic NPV profitability models built in Excel using summarized data calculated on an ad-hoc basis.,Basic Excel-based NPV models for key products/segments using summarised results from current/historic profit model.,Basic product-level NPV model for existing product holdings only.,"Automated propensity models for some key products used to enhance product strategy with attrition models for existing product holdings, and propensity to buy models for new products.","Full and automated future / lifetime value model for individual products which includes comprehensive coverage of:
Projected cash flows from existing product holdings.
Attrition models for existing product holdings.
Propensity to buy models for new products.
Behavioral usage models for non-contractual products.",Business Sponsor,Retail; Financial; Communications; Manufacturing; Travel & Transport; Energy & Natural Resources; Healthcare,Product; Financial,True,False,Big Data Capability Review; Data Warehouse Maturity Review; AI and Machine Learning Review; Custom Review
607,Outcomes,Analytic Capabilities,"Produce Behavioural Segmentations.  Determine and leverage insights or patterns derived from detailed data of customer's products and services usage to design and evolve products and promote pricing, range and promotions.",Measure product consumption and usage of individual products pushed into the market to determine simple purchase and usage low-dimensional segments using some market research to understand customer needs but not infer them from data.,"Mainly use of market and consumer survey techniques, and competitive information to design and evolve individual P&S with no deep consideration of broader consumer/customer behaviors and groups. Customise P&S according to simple consumption/usage segments and measure performance in those segments.","Design some specific P&Ss and promotions for specific usage/consumption segments and customer/consumer segments.
Use of market and consumer survey techniques, competitive information and internal usage/consumption patterns and segments to design and evolve individual P&S. Measure performance on those segments.",Base existing product strategy and operation on customer centric analytics and segmentations that feed back into product design and lifecycle. Design P&Ss and promotions for specific usage/consumption segments and customer/consumer segments. Routinely go through existing data to detect new P&S opportunities.,"Predict and influence customer consumption and usage behaviors based on high-dimensional customer behavioral segments and prediction of emerging segments to drive product strategy, design, evolution and lifecycle. Base existing product strategy and operation on customer centric analytics and segmentations that feed back into product design and lifecycle. Measure performance on existing customer segments",Business Sponsor,Retail; Financial; Communications; Manufacturing; Travel & Transport; Energy & Natural Resources; Healthcare,Product,True,False,Big Data Capability Review; Data Warehouse Maturity Review; AI and Machine Learning Review; Custom Review
608,Outcomes,Analytic Capabilities,"Predict Product/Service Retention, using analytics to predict products that are likely to support continued use by customers or to be dropped by customers",Basic events and measures calculated for use in ad-hoc product retention activity.,Identification of different product retention/churn scenarios and key data correlating to produce retention models. Analytics used to drive the development of treatment strategies to address retention issues. Small number of retention campaigns run on monthly batch cycle.,Retention model calculates customer segmentation based on product utilization which is used for weekly proactive retention campaigns. Single company understanding of product churn level definitions. Product affinity feeds into retention model.,"Product or service revenue retention campaigns executed on a daily basis using lifecycle knowledge including decline in usage, decline in product holding or reduced activity. Social network analysis (SNA) feeds influential relationships into retention model.",Streamline results into company strategy and processes automatically or make decisions to change business process based on insights. Cross channel Next Best Action (NBA) based on complex churn-value analytics running automatically driven by context and real-time triggers.,Business Sponsor,Retail; Financial; Communications; Manufacturing; Travel & Transport; Energy & Natural Resources; Healthcare,Product,True,False,Big Data Capability Review; Data Warehouse Maturity Review; AI and Machine Learning Review; Custom Review
609,Outcomes,Analytic Capabilities,"Support Contract Management, to monitor performance in-season against contract terms",Little or no follow up to track collection of vendor monies associated with contract terms.  Focused on using commercial terms to reduce cost of goods without consideration of supply chain costs,Development of ad hoc reports to track actual performance vs. contract terms.   Manual integration of contract terms required. Little comparative analysis  across vendors or across departments.  Beginning to formalize a process of collating sales and cost data to support vendor negotiations.,"Vendor commercials consider impacts of supply chain costs and efficiencies. Quarterly review of key vendor performance statistics includes a review of negotiated terms and actual performance. Integrated sales, costs and inventory data available, but manual integration of contract terms is required for analysis",Automated and timely reporting of contract term violations and their impacts. Timely and on demand vendor and product  performance analysis  is reviewed with vendors on a regular basis. Contract terms are tracked  and audited. Automated notification when contract terms or hurdle rates  are exceed,Centralized and standardized storage of contracts and extraction of terms from contracts for reporting purposes.  Exception analysis of commercial terms compliance and impacts identifying opportunities to improve future commercial terms and supply chain efficiencies.,Business Sponsor,Retail; Financial; Communications; Manufacturing; Travel & Transport; Energy & Natural Resources; Healthcare,Product,True,False,Big Data Capability Review; Data Warehouse Maturity Review; AI and Machine Learning Review; Custom Review
610,Outcomes,Analytic Capabilities,Billing and Collections analysis to accelerate collections and reduce Days Sales Outstanding (DSO) and improve cash flow,"Billing and Collections processes are complex, subject to manual intervention, and disparate manual data collection, reconciliation, reporting and analysis.","Billing and Collections processes are partly automated, but still based on disparate data sourcing. Basic AR reporting (e.g. top 10%) is available.","Billing and Collection processes are automated, and based on data sourced from an integrated data repository. Billing terms and conditions are automatically applied. Detailed historic AR reporting is available, and basic AR scorecard has been developed.",Billing processes are automated using granular and timely data. Billing terms and conditions are automatically applied. Detailed information available in real-time to describe historic and current payment status . Future payment terms are set based on analysis of historic behaviour. Collection workflow based on simple rules.,"Billing processes are automated using granular and timely data. Billing terms and conditions are automatically applied. Detailed information available in real-time to describe historic and current payment status. Future payment terms are set based on analysis of historic behaviour and/or 3rd party payment data. Automated collections decisioning, communications and actions based on predictive collections models & rules.",Business Sponsor,Retail; Financial; Communications; Manufacturing; Travel & Transport; Energy & Natural Resources; Healthcare,Financial,True,False,Big Data Capability Review; Data Warehouse Maturity Review; AI and Machine Learning Review; Custom Review
611,Outcomes,Analytic Capabilities,"Procurement and Payment analysis to review purchase order compliance, manage goos receipts and manage suppliers to contract terms",No link between Purchase Orders and Invoices. Analyses are done based on aggregated data extracts for limited periods and prepared in Excel files. Analyses are manual and time consuming and only done periodically.,Country ERP solutions have integrated Purchasing and Accounts Payable modules – but it is only possible to analyse Suppliers performance at an aggregated level. Analysis is manually intensive.,"Purchasing and AP data is linked in an ERP solution – but do not have the ability to work with data at the most granular data. Analyses are done on a regular basis, but still requires a lot of manual effort to prepare. Global view of Supplier performance and conditions are still limited as common definitions are not consistently used.","Purchasing and AP data is linked either in an ERP solution or data warehouse. Detailed analyses of Supplier performance and Supplier conditions are done on a regular basis – typically following the Closing, Budget & Planning and/or the season for renegotiations (with Suppliers)","The Group has an integrated data warehouse, where all purchasing data and accounts payable data are available and updated real-time or daily. Pre-defined and ad hoc analyses can be done whenever needed. Everything is based on common definitions.",Business Sponsor,Retail; Financial; Communications; Manufacturing; Travel & Transport; Energy & Natural Resources; Healthcare,Financial,True,False,Big Data Capability Review; Data Warehouse Maturity Review; AI and Machine Learning Review; Custom Review
612,Outcomes,Analytic Capabilities,Sub-ledger accounting analyis to create centralised accounting processes and practises that are easier and cheaper to maintain and change whilst remaining compliant with all regulations.  Reducing reconciliation time between ledgers.,Financial Accounting Processes  are either manually created or hard-coded into individual operational systems. Summary-level accounting data only passed to GL. No detailed accounting data is passed to the Data Warehouse.,"Financial Accounting processes are hard-coded into individual operational systems. Summary level data is passed to GL, but some account-level accounting data is available (e.g. interest accruals) to feed the Data Warehouse.",Financial Accounting processes are hard-coded into individual operational systems. Summary level data is passed to GL. The majority of account-level accounting data is available in the Data Warehouse and the reconciliation between the GL and Data Warehouse is significantly automated.  Manual Adjustments are only captured in the GL.,"An Accounting Hub solution is used for selected operational systems covering less complex requirements. Detailed accounting sub-ledger data is  generated and  integrated into the Data Warehouse for those operational systems, and the aggregated postings are passed to the GL.  Manual adjustments for these systems are originated in the sub-ledger and aggregated to the GL.",The Accounting Hub covers all operational systems and lines of business. Detailed accounting sub-ledger data is  generated and  integrated into the Data Warehouse  for those operational systems. All manual adjustments are originated in the sub-ledger and workflow approved.  Aggregated postings are passed to the GL.,Business Sponsor,Retail; Financial; Communications; Manufacturing; Travel & Transport; Energy & Natural Resources; Healthcare,Financial,True,False,Big Data Capability Review; Data Warehouse Maturity Review; AI and Machine Learning Review; Custom Review
613,Outcomes,Analytic Capabilities,"Fair Value and Hedge Accounting, to mitigate the impact of adverse movements in volatile assets and commodities (eg. Currency, interest rates, fuel etc.)",Fair Value & Hedge Accounting processes are manually-intensive and utilise disparate sources of data which are subject to validation and integration effort.,Fair Value & Hedge Accounting is performed using a dedicated application which sources data directly from disparate sources.,"Fair Value & Hedge Accounting is performed using a dedicated application, which sources data from a single integrated source.","Fair Value & Hedge Accounting is performed on a somewhat automated basis using a dedicated application, which sources  all of the required data from a single integrated source.","Fair Value and Hedge Accounting is delivered as part of an integrated Accounting Hub solution. Rules-based calculation and accounting functionality enables Fair Value and Hedge Accounting to be performed on a largely automated basis, including detailed audit trail.  Analytical toolset supports hedge optimisation analytics.",Business Sponsor,Retail; Financial; Communications; Manufacturing; Travel & Transport; Energy & Natural Resources; Healthcare,Financial,True,False,Big Data Capability Review; Data Warehouse Maturity Review; AI and Machine Learning Review; Custom Review
614,Outcomes,Analytic Capabilities,"Asset Valuations, to comply with relevant accounting and tax standards for valuation and identify impairments on a timely basis",Asset valuations are calculated on a aggregate basis using manually-intensive processes. Data is obtained from disparate sources and is subject to manual  validation and integration effort.,"Asset valuations are calculated on a mix of aggregate and granular basis. Some integrated data is used, however much is still obtained from disparate sources. Manual effort to source, validate and integrate data is still significant.","Asset valuations are mostly calculated on a granular basis, and mostly use data from an integrated source. Manual effort to source, validate and integrate data is much reduced. Accounting calculations and rules are mostly hard-coded.","Asset valuations are based on statistical and analytical models and meets all relevant accounting standards. Data used is mostly available from an integrated source. The process, including identification of impairments and creation of accounting entries, is mostly automated, but often hard-coded. Any manual intervention is managed using workflow functionality.","Asset valuations are based on sophisticated statistical and analytical models and meets all relevant accounting standards. Granular, integrated and up-to-date data is available with minimal manual effort, and a rules-based Accounting Hub is used to perform calculations, apply Accounting rules, and create accounting entries. Any manual intervention is managed using workflow functionality.",Business Sponsor,Retail; Financial; Communications; Manufacturing; Travel & Transport; Energy & Natural Resources; Healthcare,Financial,True,False,Big Data Capability Review; Data Warehouse Maturity Review; AI and Machine Learning Review; Custom Review
615,Outcomes,Analytic Capabilities,"Reserve Analytics, to accurately estimate and account for future losses and/or establish reserves in recognition of anticipated debts, impairments, warranties, loyalty program costs etc.",Reserves are set based on average historic loss  or redemption rates. Data is manually sourced and integrated using desktop tools (e.g. Excel / Access).,Introduction of basic statistical models to set reserves. Data is still obtained and integrated manually from multiple sources.,"Reserves are calculated using basic statistical models based on granular historic data.
Automation of processes leveraging integrated data.","Reserves are calculated using more advanced statistical models based on granular historic data. 
Introduction of statistical techniques to more accurate calculate reserves balances using granular data","Reserves use advanced statistically-derived and/or advanced analytical models based on granular historic and unstructured data, sourced from an integrated data repository. Models are executed on an automated basis, proven to be historically accurate, and resulting accounting and reporting is delivered on a timely basis.",Business Sponsor,Retail; Financial; Communications; Manufacturing; Travel & Transport; Energy & Natural Resources; Healthcare,Financial,True,False,Big Data Capability Review; Data Warehouse Maturity Review; AI and Machine Learning Review; Custom Review
616,Outcomes,Analytic Capabilities,"Tax Management and Optimisation, to efficiently and automatically calculate tax values and produce appropriate tax reporting",Tax Management is performed manually (e.g. Excel / Access) using feeds of data from disparate General Ledger / ERP and other operational systems. Substantial manual effort is required.,"Tax Management is still performed using desktop-based applications (e.g. Excel, Access) however some automation of data sourcing from disparate General Ledger / ERP and other operational systems has been introduced.",Tax Management is performed using a dedicated solution which sources data directly from disparate General Ledger / ERP and other operational systems.,"Tax management is undertaken using a largely automated dedicated solution, which sources the majority of the required data from a single integrated and validated source. Tax optimisation and planning is delivered using this same source of data.","An Accounting Hub approach is used to deliver granular financial accounting, including tax calculations, and also tax aggregation and posting to the GL. Rules-based functionality enables tax rules to be maintained and updated easily. Tax return data can be produced on a largely automated basis with full drill-down and audit trail is available.",Business Sponsor,Retail; Financial; Communications; Manufacturing; Travel & Transport; Energy & Natural Resources; Healthcare,Financial,True,False,Big Data Capability Review; Data Warehouse Maturity Review; AI and Machine Learning Review; Custom Review
617,Outcomes,Analytic Capabilities,"Reconciliation, Validation and Adjustment Analysis, to automate reconciliations, validations and adjustment processes as far as possible, and support audit trails of data to give confidence to accounting data users","Reconciliation, Validation and Adjustment processes are fragmented and distributed widely across the organisation. They are largely manual, and involve extensive use of reports and spreadsheets.","Reconciliation and Validation are subject to some centralisation, with some use of common tools and processes.  However the underlying data upon which they operate is still fragmented, and needs to be sourced directly. Adjustments  are applied manually.",A dedicated tool or solution is used to perform Reconciliation & Validation on a largely automated basis against data which is largely available from a single source. Adjustments are still primarily applied manually.,"Reconciliation, Validation and Adjustments are centralised, with well-defined and documented responsibilities and processes. A dedicated tool or solution is used to perform these processes on a largely automated basis against data which is largely available from a single source.","Reconciliation, Validation and Adjustments are centralised and automated, with well-defined and documented responsibilities. A best-in-class tool or solution is used, with exceptions requiring action being delivered via workflow functionality. Adjustments are integrated into both financial systems and data warehouse/analytical systems.",Business Sponsor,Retail; Financial; Communications; Manufacturing; Travel & Transport; Energy & Natural Resources; Healthcare,Financial,True,False,Big Data Capability Review; Data Warehouse Maturity Review; AI and Machine Learning Review; Custom Review
618,Outcomes,Analytic Capabilities,"Financial Consolidation, to provide timely, accurate and efficient reporting of consolidated financial information across multiple ERPs and legal entities","Financial Consolidation is performed using desktop-based applications (e.g. Excel, Access), and relies on substantial manual effort to source, collate, map and integrate financial data. The financial close process is slow and top-line adjustments are only visible in the consolidated records.","Financial Consolidation is still performed using desktop-based applications (e.g. Excel, Access) however some automation of data sourcing from disparate General Ledger / ERP and other operational systems has been introduced. The financial close process is still time-consuming.","Financial Consolidation is delivered using a dedicated consolidation tool, however data is still sourced from disparate GL / ERP systems. Some improvements have been made to the speed of financial close.","Financial Consolidation is delivered using a dedicated consolidation tool which sources the required GL / ERP data from an integrated data repository. The financial close process has been accelerated, however the ability to drill-down is limited to the summary-level legal entity financial data.","A best of breed Financial Consolidation solution is used, delivering an extremely fast financial consolidation process. Rules and mappings are maintained by financial analysts, requiring minimal IT development and maintenance. Financial information is fully integrated, and drill-down is available from summary to detail.",Business Sponsor,Retail; Financial; Communications; Manufacturing; Travel & Transport; Energy & Natural Resources; Healthcare,Financial,True,False,Big Data Capability Review; Data Warehouse Maturity Review; AI and Machine Learning Review; Custom Review
619,Outcomes,Analytic Capabilities,"Functional Profit and Loss Statement, delivers functional PnLs for profit centers and segments including those not directly supported by the GL/ERP/Consolidation process","Functional P&L  production is laborious and difficult. Reporting is almost exclusively done through Excel. Design and customisation of GL / ERP systems requires use of multiple segments resulting in a ‘thick’ GL, with high maintenance costs and poor performance. Minimal ability to drill from summary-level P&L to detailed data.",Functional P&Ls are manually produced using feeds from disparate General Ledger / ERP. Substantial manual effort is required. BI tools are deployed but with limited capability to provide drill downs from summary-level P&L to detailed data.,Functional P&Ls are automated and produced  using a BI tool which sources data directly from disparate General Ledger / ERP and other operational systems. Manual processes have been substantially reduced. Ability to drill from summary-level P&L to detail is limited by granularity of data sourcing.,"Both the ERP / GL, sub-ledgers and operational systems are fed into an integrated warehouse with the links between the GL and Sub GL and other Operating Systems established. These transactions are reported out of the warehouse using a BI tool.",An Accounting Hub is  used to deliver the granular financial reporting capability. Functional and segment-level P&Ls are delivered easily by the use of segments which are resident in the sub ledgers. The reporting segments are now maintained in the sub-ledgers with the appropriate drill-down capabilities.,Business Sponsor,Retail; Financial; Communications; Manufacturing; Travel & Transport; Energy & Natural Resources; Healthcare,Financial,True,False,Big Data Capability Review; Data Warehouse Maturity Review; AI and Machine Learning Review; Custom Review
620,Outcomes,Analytic Capabilities,Revenue Analytics to provide knowledge to the enterprise of the components of the mix of the revenue being generated and the margins associated with these products,"Actual sales, forecast and plans are rolled up at an aggregated level , usually using a manual process to acquire data.  Typically done in Excel or Access .","Revenue analytics is performed at a hierarchy level but based on summary-level data. Some manual intervention is required for data acquisition.  Mainly used to understand components of revenue, including product sales and ancillary revenues","Revenue Analytics is performed on a more granular basis, which enables deeper insights to the components of revenue.  Results can feed downstream applications at an aggregated level.",Detailed revenue data is automatically sourced from transactional and / or ERP system.  Analysis can be performed understand the underlying components and feed downstream applications.,"Revenue Analytics is used extensively across the organisation. It uses best-in-class analytical techniques and a broad range of high quality, integrated data.   Sophisticated model exists which calculates revenue components.  Data is at a granular level which enables a multi-dimensional view of revenue.",Business Sponsor,Retail; Financial; Communications; Manufacturing; Travel & Transport; Energy & Natural Resources; Healthcare,Financial,True,False,Big Data Capability Review; Data Warehouse Maturity Review; AI and Machine Learning Review; Custom Review
621,Outcomes,Analytic Capabilities,"GL, AP, and HR Expense Analytics and Optimisation, providing assistance in managing costs associated with HR, suppliers and other expenses","GL, AP, HR and Expense data is done is silos, with minimal  standardisation. Focus is primarily on the GL, AP, HR and Expense processes themselves.  One off reporting takes place but is not shared across the organisation.  Conflicting reporting and calculation definitions are possible due to lack of integration.","GL, AP, HR and Expense data is widely distributed across the organisation, with little standarisation and integration. Focus is primarily on the GL, AP, HR and Expense processes themselves. Standard and ad-hoc reporting takes place, however there is little analytics and optimisation.","GL, AP, HR and Expense data is sourced and integrated on at least a monthly basis, primarily at a summary-level, however it is not integrated with other non-finance data domains. Some centralised reporting and analysis is performed, largely focused on aggregated results","The majority of GL, AP, HR and Expense data is integrated in a single, integrated data warehouse or mart. Analysis across multiple dimensions, and drill-down to detailed transactions is available","GL, AP, HR and Expense processes are efficient and automated. Detailed data from across the organisation is updated and integrated daily, as well as with other non-finance data and multi-structured data. Sophisticated analytics on this domains  is used as a strategic planning and negotiating tool, is used to identify and manage policy exceptions, and is used to inform employee performance appraisals.",Business Sponsor,Retail; Financial; Communications; Manufacturing; Travel & Transport; Energy & Natural Resources; Healthcare,Financial,True,False,Big Data Capability Review; Data Warehouse Maturity Review; AI and Machine Learning Review; Custom Review
622,Outcomes,Analytic Capabilities,"Activity-Based Costing, assisting with developing more sophisticated and granular ABC models to support more accurate profitability analytics and better understanding of  cost drivers","ABC process is a high-level Excel based model and may have multiple versions by business unit or analysis objective.  Difficult to maintain and update, and possibly inconsistent across the organization.","ABC process is performed on an infrequent basis (annual or less). It is a manual process which relies on manual data collection / entry, and uses spreadsheets to perform calculations. Calculated unit-costs are done at a higher level of granularity (Category / Product Type vs. Class / SKU)","ABC process is still performed annually and may use spreadsheets or an ABC/cost-modelling tool, however most of the required data is available from a single, integrated source.  Calculated unit-costs include breakdown by channel, however many costs are done at an average level.",ABC process is performed more frequently (e.g. quarterly/monthly) using an ABC/cost-modelling tool. Multiple cost models are produced (e.g. standard/budgeted unit costs vs. actual unit costs).  Could be used to feed downstream analytics or applications.,"ABC process is automated, and is integrated with the wider profitability modelling processes within the organisation (e.g. customer profitability, lifetime value). It uses a single, integrated source of input data, which includes detailed process metrics. It is updated frequently, and Is able to  be modified quickly with “what if”  capability and multiple iterations",Business Sponsor,Retail; Financial; Communications; Manufacturing; Travel & Transport; Energy & Natural Resources; Healthcare,Financial,True,False,Big Data Capability Review; Data Warehouse Maturity Review; AI and Machine Learning Review; Custom Review
623,Outcomes,Analytic Capabilities,"Future / Lifetime Value, analytics that calculate net present values for products, categories, segments, and customer or prospects",Excel based model not fed from any upstream application.  Usually a stand-alone or one-off model.,BI / Excel-based NPV models for key products/segments using summarised results from current/historic profit model,"Basic customer-level NPV model for existing product holdings only, using projected results from current/historic profit model.","Propensity models for some key products used to enhance customer-level model with attrition models for existing product holdings, and propensity to buy models for new products.","Full Future/Lifetime Value model for individual customers which includes comprehensive coverage of: Projected cashflows from existing product holdings; Attrition models for existing product holdings, and for Customer attrition; Propensity to buy and Life Stage progression models for new products.; Behavioural usage models for non-contractual products",Business Sponsor,Retail; Financial; Communications; Manufacturing; Travel & Transport; Energy & Natural Resources; Healthcare,Customer; Product; Financial,True,False,Big Data Capability Review; Data Warehouse Maturity Review; AI and Machine Learning Review; Custom Review
624,Outcomes,Analytic Capabilities,Profitability Analytics and Optimisation which maximises the business value achieved through the use of Profitability and Future Value models,Non-integrated profitability model results which manually feed analytical models.,Profitability results are used to deliver summary-level and individual customer reports to managers.,"Profitability results are also used to support product development, product pricing, segment-based offers,","Profitability results are also used operationally to deliver information and guidance to staff on customer retention, customer experience, pricing and other operational decisions (e.g. fee refunds)","Automated process with ability to measure, monitor and track profitability improvement opportunities.  Used extensively across the organisation to support a wide range of strategic, tactical and operational decision-making.",Business Sponsor,Retail; Financial; Communications; Manufacturing; Travel & Transport; Energy & Natural Resources; Healthcare,Financial,True,False,Big Data Capability Review; Data Warehouse Maturity Review; AI and Machine Learning Review; Custom Review
625,Outcomes,Analytic Capabilities,Performance Management and KPIs to improve consistency and quality in how performance is measured and managed and reducing costs of production of these metrics,Simple KPI reporting functions are produced for use at an executive level for senior management.  Manual data acquisition from non-integrated sources results in reduced response time.,"Performance management is performed independently by many separate functions within the organisation using disparate data, which need to be manually sourced and/or integrated.","Responsibility for some performance management and KPI production is centralised however data is still fragmented and is subject to manual sourcing, integration and data quality activities.","Performance management and KPI production is centralised, and most data is available from a single, integrated source. KPIs and other measures are clearly defined and agreed, cover key business functions, and are aligned with strategic objectives. Drill-down from summary-level to detail is available (e.g. total business->business unit->individual manager)","Performance management is part of the culture of the organisation and is executed on a centralised and co-ordinated basis using an integrated set of validated and quality-assured data.  A comprehensive range of KPIs and other measures are clearly defined and agreed, and cover both strategic and operational performance, using best-in-class data and reporting/BI/Dashboard tools are used to calculate and deliver information to end-users.",Business Sponsor,Retail; Financial; Communications; Manufacturing; Travel & Transport; Energy & Natural Resources; Healthcare,Financial,True,False,Big Data Capability Review; Data Warehouse Maturity Review; AI and Machine Learning Review; Custom Review
626,Outcomes,Analytic Capabilities,"Inventory Analytics, to determine the investment that results in the minimisation of out of stocks balanced against optimal stock levels","Periodic Excel spreadsheet of inventory done at an aggregated level and manually sourced.  Single point in time solution. Manual, infrequent silo’d, summarised, reporting of inventory in each location. Typically  delivered via spreadsheet based on point in time information.","Simple reporting of inventory performance based on aggregated results using BI tools and data acquired form sub-level systems. Integrated view of inventory across all locations in the supply chain, Still point in time, using current data but BI tool based allowing slice and dice analysis","Reporting and analysis based data collected form multiple sources – some of which may be done manually.  Non-granular approach, primarily performed at a category or aggregated level.  Optimization capability done at a local level, highly focused on managing across the entire supply chain. Integrated view of inventory across all locations in the supply chain, Still point in time, using current data but BI tool based allowing slice and dice analysis","Sophisticated reporting and forecasting of inventory based on historical trend analysis which can be shared across the organization and leverages integrated data sources.  Introduction of higher level predictive modeling techniques to predict trends. Ability to model changes to supply chain constraints  (cycle times, lead times, MOQs etc) to identify opportunities to optimise future inventory levels to meet forecast demand and sustain/increase availability by tuning ordering constraints","Automated , integrated inventory analytics solution using  sophisticated modeling tools which enable analysis of stocking levels,  overstock, waste / slippage and optimal inventory projections based on predictive analytics using historical data and emerging trend analysis.  Results are used to optimize or improve cash flow. Automated modelling and tuning of optimal supply chain constraints and inventory levels to meet future demand at the most economical costs making most effective use of current supply chain resources",Business Sponsor,Retail; Financial; Communications; Manufacturing; Travel & Transport; Energy & Natural Resources; Healthcare,Financial,True,False,Big Data Capability Review; Data Warehouse Maturity Review; AI and Machine Learning Review; Custom Review
627,Outcomes,Analytic Capabilities,"Financial Budgetting, Planning and Forecasting to simplify and automate the budgeting, planning and forecasting process through the usage of high quality consistent data to drive improvements in speed, efficiency and costs.","Static budget done annually, usually using spread sheets and not shared across the organization.  Lack of detail minimises the usefulness.","Budgeting, Planning and Forecasting is performed independently by many separate functions within the organisation using disparate data, which needs to be manually  sourced and/or integrated. Slow budget process cycle time. Low levels of accuracy (actuals : budget)","Responsibility for Budgeting, Planning and Forecasting is centralised however data is still fragmented and is subject to manual sourcing, integration and data quality activities. Moderate levels of accuracy (actuals : budget)","Budgeting, Planning and Forecasting is mostly centralised, and the majority of required data is available from a single, integrated source. A specialised Budgeting, Planning & Forecasting tool is used. High levels of accuracy (actuals : budget)","Budgeting, Planning and Forecasting is a largely automated process, utilising data from a single, validated and quality-assured source. Best-in-class tool provides Budgeting, Planning and Forecasting functionality with minimal manual intervention. Fast budget process cycle time. Very high levels of accuracy (actuals : budget)",Business Sponsor,Retail; Financial; Communications; Manufacturing; Travel & Transport; Energy & Natural Resources; Healthcare,Financial,True,False,Big Data Capability Review; Data Warehouse Maturity Review; AI and Machine Learning Review; Custom Review
628,Outcomes,Analytic Capabilities,"Business Process Analytics and Optimisation to analyse, understand and optimizse business processes in order to improve efficiency, reduce costs and increase customer satisfaction","Traditional ‘time & motion’ studies, which can be resource-intensive, costly, and disruptive to the business.","Business process analytics and optimisation is largely manual and based on traditional observation, analysis, time & motion studies and summary-level data.","Business process analytics and optimisation uses detailed data to support analysis and optimisation, however this needs to be manually sourced and integrated. Analytical processes are a mixture of manual investigation / insight and use of analytical tools and techniques.","Business process analytics and optimisation uses a range of structured and multi-structured data, and advanced analytical techniques. A structured process exists to deploy process improvements into production. A track record of process optimisation driving improvements in revenue, cost or customer experience can be demonstrated.","Business process analytics and optimisation is used extensively across the organisation. A broad range of processes are regularly monitored to identify deterioration or specific areas to focus on. A broad range of structured and multi-structured data is used, which is available with minimal manual sourcing and integration effort, and a broad range of advanced analytical techniques. A structured process exists to deploy improvements into production, and to track improvements and monitor over time.",Business Sponsor,Retail; Financial; Communications; Manufacturing; Travel & Transport; Energy & Natural Resources; Healthcare,Financial,True,False,Big Data Capability Review; Data Warehouse Maturity Review; AI and Machine Learning Review; Custom Review
629,Outcomes,Analytic Capabilities,"Cashflow Generation analytics to generate detailed, accurate and granular cash flow data to support a range of treasury, reporting, liquidity and other functions","Cashflow modelling occurs only at a summary-level. Input data requires manual sourcing, integration and validation.",Cashflow modelling is shifting from on a summary-level towards (more) granular cashflows generated for some portfolios / products. Cashflow generation is executed using hard-coded routines which require significant technical/IT effort to maintain. Data is sourced from disparate operational systems and other sources,"Cashflow modelling and generation takes place for portfolios / products using a single, integrated and validated set of input data. Significant coverage of granular cashflow generation.",Cashflow analytics and modelling are based on an integrated and validated set of input data. Models are developed using rules-based functionality and generally generate cashflows on a granular basis (agreement/contract-level).,"Cashflow analytics and modelling uses best-in-class tools against a single, integrated and validated set of input data. Models are developed using rules-based functionality and generally generate cashflows on a granular basis (agreement/contract-level).",Business Sponsor,Retail; Financial; Communications; Manufacturing; Travel & Transport; Energy & Natural Resources; Healthcare,Financial,True,False,Big Data Capability Review; Data Warehouse Maturity Review; AI and Machine Learning Review; Custom Review
630,Outcomes,Analytic Capabilities,"Capital Planning and Management, to plan for capital requirements, allocate capital within the organisation and set cost of capital",Capital Planning & Management is only performed based on summary-level data.,Capital Planning & Management is performed largely using summary-level data which is sourced into application- or function-specific data mart(s). Deeper levels of granular analysis requires integration of source data for each new use case.,Capital Planning & Management is generally supported through dedicated Treasury- or line-of-business data warehousing. Integration and aggregation of Capital Planning & Management data for analytical purposes is still dependent on application centric data architecture.,"Capital Planning & Management analysis and reporting is generally delivered as integrated part of enterprise data & analytical capability, although some aspects may still rely on Treasury- or line-of-business data warehousing, or application-specific data architecture components. All data loaded at least daily.","Capital Planning & Management analysis and reporting is delivered as integrated part of enterprise data & analytical capability, using common validated and quality-assured data with audit trail. All data loaded at least daily, and where relevant / required on near real-time basis. Regular analysis & reporting performed using shared tools and services, and well within speed-of-business and/or regulatory demands.",Business Sponsor,Retail; Financial; Communications; Manufacturing; Travel & Transport; Energy & Natural Resources; Healthcare,Financial,True,False,Big Data Capability Review; Data Warehouse Maturity Review; AI and Machine Learning Review; Custom Review
631,Outcomes,Analytic Capabilities,"Liquidity Management analytics manage short and long-term positions, including intra-day liquidity and risk, to meet payment and settlement obligations on a timely basis, under both normal and stressed conditions",Liquidity management policies and standards are not yet sufficient to comply with regulatory standards. They may be under development. Adequate tools to support intraday liquidity management are not yet in place.,Liquidity management policies and standards meet minimum regulatory standards for intra-day liquidity management. Reporting at summary Market/Liquidity Risk and Funding/Liquidity Risk levels. Deeper levels of granular analysis requires integration of source data for each new use case. Functional data marts are common.,Liquidity analytics and reporting supported through line-of-business data warehousing. Integration and aggregation of liquidity data still dependent on app centric data architecture for granular analytics.,Single source of liquidity management data based on a common integrated enterprise data platform supporting aggregation and analysis across the interplay of liquidity with assets liabilities and capital. Comprehensive analytical capabilities available. Materially compliant with BCBS 239 but some legacy / manual processing still evident (e.g. stress scenarios).,"Fully integrated risk and collateral management and reporting environment. Liquidity management policy and practice supported by a data and analytic centric information architecture. Ad-hoc analytics requiring granular level data across multiple dimensions (asset, tenor, time period etc.) can be fulfilled well within speed-of-business demands. Data capabilities support streaming and real-time market data updates.",Business Sponsor,Financial,Financial; Operations,True,False,Big Data Capability Review; Data Warehouse Maturity Review; AI and Machine Learning Review; Custom Review
632,Outcomes,Analytic Capabilities,Risk Scenario and Stress Test - vital parts of best practice risk management,Limited or no formal  Scenario and Stress testing is in place.,"Formal and regular Scenario/Stress testing is in place, but on an infrequent basis (e.g. annual). Scenario/Stress testing involves  manually creating stressed inputs , executing models and comparing the results.","Formal and regular Scenario/Stress testing  is in place on a more frequent basis.  The production of stressed  input data sets is well documented, based on defined rules and is partially automated (e.g. use of templates/scripts). The measurement and comparison of scenario  results  is repeatable (e.g. use of standard reports)","Formal and regular Scenario/Stress testing largely automated. The production of stressed  input data sets is  well documented, and largely automated (e.g. using rule engine).  Some use of advanced  scenario/stress testing methods such as Monte Carlo and other Stochastic techniques. Automated","Scenario/Stress testing is fully automated and integrated with the Risk and Capital Model development, decisioning and deployment processes. The production of stressed  input data sets is  fully rules-based and automated. Widespread use of advanced  scenario/stress testing methods such as Monte Carlo and other Stochastic techniques. Execution of scenario/stress test models , review of output, and is also automated as part of an overall workflow.",Business Sponsor,Financial,Financial; Operations; Risks and Threats,True,False,Big Data Capability Review; Data Warehouse Maturity Review; AI and Machine Learning Review; Custom Review
633,Outcomes,Analytic Capabilities,Asset and Liability Management analytics will assist in effective management of interest rate and liquidity risks,"Asset& Liability Management is not institutionalized . It is managed by the CFO and/or Controller as an ad-hoc process, largely using summary-level data  which is manually sourced.",Asset & Liability Management  is performed largely using summary-level data which is sourced into application- or function-specific data mart(s). Deeper levels of granular analysis requires integration of source data for each new use case.,Asset & Liability Management is generally supported through dedicated Treasury- or line-of-business data warehousing. Integration and aggregation of ALM data for analytical purposes is still dependent on application centric data architecture.,"ALM analysis and reporting is generally delivered as integrated part of enterprise data & analytical capability, although some aspects may still rely on Treasury or line-of-business data warehousing, or application-specific data architecture components. All data loaded at least daily, and where relevant / required on near real-time basis","ALM analysis and reporting is delivered as integrated part of enterprise data & analytical capability, using common validated and quality-assured data with audit trail. All data loaded at least daily, and where relevant / required on near real-time basis. Analysis & reporting performed in-database using shared tools and services, and well within speed-of-business and/or regulatory demands or if dedicated ALM tools/applications are used then they are best-in-class and use the enterprise data.",Business Sponsor,Retail; Financial; Communications; Manufacturing; Travel & Transport; Energy & Natural Resources; Healthcare,Financial,True,False,Big Data Capability Review; Data Warehouse Maturity Review; AI and Machine Learning Review; Custom Review
634,Outcomes,Analytic Capabilities,"Funds Transfer Pricing analytics will enable central management of net interest margin and cost of funds, along with fair and reasonable pricing of Cost/value of funds attributable to each customer contract",Funds Transfer Pricing is not calculated or is performed on GL balances as part of the monthly close process by applying simple pool rates in excel.,"Funds Transfer Pricing occurs only at a summary (portfolio) level on a monthly basis, using a desktop tool (e.g. excel).  Input data requires manual sourcing, integration and validation.","Funds Transfer Pricing generally occurs monthly, at a summary(portfolio) level and uses an application-centric approach, with limited sophistication (simple pool rates and other non DCF methodologies). Data is sourced from disparate operational systems and other sources on a largely automated basis into an application data mart. Limited drill-down to granular levels is availability","Funds Transfer Pricing uses best-in-class, business user configurable tools to inform funding, pricing, liquidity and planning decisions on a monthly basis. A single validated set of granular input data is sourced from an integrated, cross-functional data warehouse.  A comprehensive set of FTP methodologies are supported, which are  matched to the funding characteristics of each instrument.  FTP is mainly calculated at the individual instrument level with some portfolio level pooling, as part of a comprehensive profitability model to support consistent multi-dimensional analysis.","Funds Transfer Pricing uses best-in-class, business user configurable tools to inform funding, pricing, liquidity and planning decisions on a daily (or intra-day) basis. A single validated set of granular input data is sourced from an integrated, cross-functional data warehouse.  A comprehensive set of FTP methodologies are supported, which are  matched to the funding characteristics of each instrument.  FTP is calculated at the individual instrument level as part of a comprehensive profitability model to support consistent multi-dimensional analysis.",Business Sponsor,Retail; Financial; Communications; Manufacturing; Travel & Transport; Energy & Natural Resources; Healthcare,Financial,True,False,Big Data Capability Review; Data Warehouse Maturity Review; AI and Machine Learning Review; Custom Review
635,Outcomes,Analytic Capabilities,"FX and Trading Book Management analytics will identify, measure and managed the risk of losses arising from adverse movements in market prices (E..g equity or commodity prices, interest or FX rates)",Based on aggregated data in spreadsheet models. Barely meets minimum regulatory requirements.,"Point solutions and heavy dependence on spreadsheet models. Data marts proliferate, minimal referential integrity and data governance necessary to meet minimum regulatory requirements. Non-scalable architecture, incremental changes increasingly costly.",Fit for purpose applications and some degree of integration to support regulatory reporting but data-marts still proliferate within FX sensitive lines of business. Vision & strategy orienting towards analytic and data centric architecture & some progress on roadmap.,FXR integrated into ‘up-stream’ enterprise risk framework. Integrated transaction and position data with streaming FX and IR data supporting near real-time VaR. Data and analytic centric vision and strategy with a well defined roadmap.,Simultaneous FXR and IRR hedging strategies capability within an integrated enterprise risk management platform. Business agility enabled through analytic ecosystem architecture. Integrated transaction and position data with streaming FX and IR data supporting near real-time VaR,Business Sponsor,Retail; Financial; Communications; Manufacturing; Travel & Transport; Energy & Natural Resources; Healthcare,Financial,True,False,Big Data Capability Review; Data Warehouse Maturity Review; AI and Machine Learning Review; Custom Review
636,Outcomes,Analytic Capabilities,"Interest (Risk) Rate Management analytics will identify, measure and manage the interest rate risk (in the banking book) in order to limit losses from unexpected interest rate changes",Based on aggregated data in spreadsheet models to meet at least minimum regulatory requirements.,"Point solutions and heavy dependence on spreadsheet models. Data marts proliferate, minimal referential integrity and data governance necessary to meet minimum regulatory requirements. Non-scalable architecture, incremental changes increasingly costly.",Fit for purpose applications and some degree of integration to support regulatory reporting but data-marts still proliferate within IR sensitive lines of business. Vision & strategy orienting towards analytic and data centric architecture & some progress on roadmap.,IRR integrated into ‘up-stream’ enterprise risk framework. Integrated transaction and position data with streaming FX and IR data supporting near real-time VaR. Data and analytic centric vision and strategy with a well defined roadmap.,Simultaneous IRR and FXR hedging strategies capability within an integrated enterprise risk management platform. Business agility enabled through analytic ecosystem architecture. . Integrated transaction and position data with streaming FX and IR data supporting near real-time VaR.,Business Sponsor,Retail; Financial; Communications; Manufacturing; Travel & Transport; Energy & Natural Resources; Healthcare,Financial; Risks and Threats,True,False,Big Data Capability Review; Data Warehouse Maturity Review; AI and Machine Learning Review; Custom Review
637,Outcomes,Analytic Capabilities,"Statutory Financial Reporting analytics enable accurate, timely, and effcicient production of financial statements and other statutory reports with minimal data collection, validation, reconciliation and adjustments","Statutory Financial Reports are manually prepared from multiple, disparate data sources. Considerable time is spent collecting, validating and integrating data prior to its use in reporting. Multiple reporting, BI, spreadsheet tools are used.",Data for core summary-level financial reporting is available from multiple sources. Most other / more detailed data needs to be collected from multiple sources using multiple tools and is subject to manual processes before use.,Data for core summary-level financial reporting is available from single source (based however on multiple data sources) using multiple tools and is subject to manual processes before use.,"Most of the required data is available from a single, integrated source, although a small number of other data sources may exist. Regular reports & extracts are available on a largely automated basis , as well as ad-hoc reports and queries using a single reporting/BI tool.","Statutory reports are produced on a largely automated basis from a single, integrated source of validated data. 
Some companies may have outsourced this process, delivering data to eg. Audit Companies.",Business Sponsor,Retail; Financial; Communications; Manufacturing; Travel & Transport; Energy & Natural Resources; Healthcare,Financial,True,False,Big Data Capability Review; Data Warehouse Maturity Review; AI and Machine Learning Review; Custom Review
638,Outcomes,Analytic Capabilities,"Sales Reporting covers the timely, accurate and efficient reporting of sales achievement and performance across the entire organisation, identifying sales performance and discounting and other sales KPIs","Sales reporting is aggregated summary data and there is no link to detailed products and sales orders. Everything is managed in elementary tooling, e.g. Excel. Reporting takes place on an infrequent basis.","Sales reporting for different products is delivered on a fragmented basis across different sources/siloes of data, and requires significant manual effort. Reporting takes place on an infrequent (monthly) basis.","Sales reporting is centralised, however the data which is required is obtained from many different sources and requires integration and validation effort. Reporting is on a more frequent basis (minimum weekly)","Sales reporting is generally centralised and utilises a common source of integrated data and reporting tools. Reporting is possible on a daily basis, and ability to drill down to granular level to identify areas and causes of poor performance.","Sales reporting exists as part of an integrated environment which enables close monitoring and reporting of performance against objectives, targets and plans.  It utilises a common source of high quality, validated and integrated data subject to comprehensive data governance. Daily and intra-day monitoring and alerts are supported. Advanced analytics are used to more accurately pinpoint causes of poor performance.",Business Sponsor,Retail; Financial; Communications; Manufacturing; Travel & Transport; Energy & Natural Resources; Healthcare,Financial,True,False,Big Data Capability Review; Data Warehouse Maturity Review; AI and Machine Learning Review; Custom Review
639,Outcomes,Analytic Capabilities,"Regulatory and Compliance Reporting is aimed at the accurate, timely and efficient delivery of regulatory and compliance reports and data, consistent with statutory financial reporting",Each different Regulatory and Compliance reporting requirement is gathered manually from multiple sources using elementary tools e.g. spreadsheets.,"Each different Regulatory and Compliance reporting requirement is delivered on a siloed basis, using different data sourcing and tools with some level of automation.","Data for core summary-level financial reporting is available from a single source, however most other / more detailed data needs to be collected from multiple sources using multiple tools, and is subject to manual processes before use.","Most of the required data is available from a single, integrated source, although some supplementary data sources may exist. Regular reports & extracts to downstream regulatory and compliance solutions are available on a largely automated basis. Ad-hoc reports and queries can easily be produced using a single reporting/BI tool.","Regulatory and Compliance reporting requirements are addressed on an systematic and integrated basis. A comprehensive common data platform is used. Where possible common calculation and reporting tools are used, however specific solutions for particular pieces of regulation/compliance may be used if appropriate. Data used is clearly documented and understood, subject to comprehensive data governance, and data quality and lineage can be clearly demonstrated.",Business Sponsor,Retail; Financial; Communications; Manufacturing; Travel & Transport; Energy & Natural Resources; Healthcare,Financial,True,False,Big Data Capability Review; Data Warehouse Maturity Review; AI and Machine Learning Review; Custom Review
640,Outcomes,Analytic Capabilities,"Performance Reporting covers the timely, accurate and efficient reporting of performance across a wide range of metrics for the entire organisation","Performance reporting takes place on demand only, based on aggregated summary data. Manual rekeying data into elementary tooling, e.g. Excel.","Performance reporting is delivered on a fragmented basis across different sources/siloes of data, and requires significant manual effort. Reporting takes place on an infrequent (monthly) basis.","Performance reporting is centralised, however the data which is required is obtained from many different sources and requires integration and validation effort. Reporting is on a more frequent basis (minimum weekly)","Performance reporting is generally centralised and utilises a common source of integrated data and reporting tools. Reporting is possible on a daily basis, and ability to drill down to granular level to identify areas and causes of poor performance.","Performance reporting exists as part of an integrated environment which enables close monitoring and reporting of performance against objectives, targets and plans.  It utilises a common source of high quality, validated and integrated data subject to comprehensive data governance. Daily and intra-day monitoring and alerts are supported. Advanced analytics are used to more accurately pinpoint causes of poor performance.",Business Sponsor,Retail; Financial; Communications; Manufacturing; Travel & Transport; Energy & Natural Resources; Healthcare,Financial,True,False,Big Data Capability Review; Data Warehouse Maturity Review; AI and Machine Learning Review; Custom Review
641,Outcomes,Analytic Capabilities,"Exception Reporting is the timely, accurate and efficient reporting of unexpected variances and other exceptions for the whole organisation","Exception reporting is based on aggregated summary level data, requires huge manual effort in gathering and preparing the report and it is (often) static.","Exception reporting is fragmented and distributed widely across the organisation. Exception rules, variances and parameters are not routinely quantified. It is largely manual, and involves extensive manual review of reports and spreadsheets.","Exception reporting  is subject to some centralisation, with some use of common tools and processes. Some exception rules, variances and parameters are quantified and agreed. However the underlying data upon which is operates is still fragmented, and needs to be sourced directly.","Exception reporting is centralised, with well-defined and documented responsibilities and processes. Exception rules, variances and parameters are routinely quantified and agreed. A dedicated tool or solution is used to perform these processes on a largely automated basis against data which is largely available from a single source.","Exception reporting is centralised, with well-defined and documented responsibilities and processes. Exception rules, variances and parameters are routinely quantified and agreed. A best-in-class tool or solution is used to perform comparisons and process exception rules on an automated basis. All data is available from a single, integrated and validated source. Exceptions requiring action are delivered via workflow functionality.",Business Sponsor,Retail; Financial; Communications; Manufacturing; Travel & Transport; Energy & Natural Resources; Healthcare,Financial,True,False,Big Data Capability Review; Data Warehouse Maturity Review; AI and Machine Learning Review; Custom Review
642,Outcomes,Analytic Capabilities,Executive Dashboards provide direct access for executives and other key decision-makers to comprehensive and up to date consolidated information to support and enhance management decisions,Executive reporting is not common in an organization. Reporting only exists on ad-hoc basis and requires huge manual interventions to collect data and aggregate. No standards exist for reports.,"Executive reporting is largely paper based and consists largely of standard reports, delivered on an infrequent basis (monthly or less) from disparate sources of data. Requests for non-standard information by executives are delivered via largely manual processes.",Paper reports are supplemented by direct executive access to electronic reporting via a standard BI/Reporting tool. The available reports are prepared automatically but utilise data which is sourced from a number of disparate sources and is subject to specific quality and validation processes.,"Executives have direct access to Dashboards which deliver information sourced primarily from a single integrated set of validated and agreed data, which is updated on a daily basis. Non-standard reports can be quickly delivered by staff from the same integrated source.","Executives have direct access to comprehensive Dashboards based on a single integrated set of validated and agreed data which is updated on a daily or intra-day basis. Dashboards display information using a variety of appropriate visualisations (e.g. charts, geographic, RAG status), with slice/drill-down capabilities. Exceptions and potential issues are highlighted based on defined business rules.",Business Sponsor,Retail; Financial; Communications; Manufacturing; Travel & Transport; Energy & Natural Resources; Healthcare,Financial,True,False,Big Data Capability Review; Data Warehouse Maturity Review; AI and Machine Learning Review; Custom Review
643,Outcomes,Analytic Capabilities,Functional Unit Management is the ability to monitor and act effectively to monitor business processes so as to  resolve business process bottlenecks and make proper resource planning,"Basic / Limited level of business process monitoring with manual data collection, reporting. Depend on IT or other business units to get these reports, using best practices to allocate correct number of staff to the field.",Automated reporting of what is happening on operations activity regarding business unit performance & business service level performance.,"Using historic data of granular performance metrics, staff Hr data and applying analytical techniquest to uncerstand clusters and affinity analysis who is performing well and what are the indicators. Taking action to make others more efficent based on these insights.","Applying advaned analytical techniques to all application , HR and  performance data  to predict performance indicators, decide on which teams capacity to increase, taking into consideration seasonality or competitive product/service effect.","Using real time streaming data to detect anomaly transaction density – which can be caused by unpredicted system error, or regulation effect which is adhoc - , create some alert events to be able to act rapidly preventing any kind of service outage or quality problem.  Classifiying business services based on skillset requirements and moving correct amount of optimum skilled staff on time with minimum labor cost. Optimizing overtime and shift costs using deep dive analtyics.",Business Sponsor,Retail; Financial; Communications; Manufacturing; Travel & Transport; Energy & Natural Resources; Healthcare,Operations,True,False,Big Data Capability Review; Data Warehouse Maturity Review; AI and Machine Learning Review; Custom Review
644,Outcomes,Analytic Capabilities,Service Cost Management is calculating the profitability of customers based on actual business activiites and operating costs necessary to service a customer or account,An interest in understanding total cost to serve across all possible cost points by customer or customer demographic characteristics to improve profit margin,Ability to analyze cost to serve in broad terms by manually merging and analysing customer demographics and product purchases and costs associated with final delivery,"Access to data from all aspects of costs associated with final delivery of a product or service including, supplier  costs, logistics costs, handling costs and competitor pricing costs",Integrated data capable of performing analytics  on all aspects of costs  including the impact of competitive pricing and service levels on final customer purchase decisions.,"Analytic capabilities to capture the cost of products and all costs required to deliver  to customers.  In addition, the ability to predict changes in the cost of a product or service based upon economic trends such as the future availability of raw materials and fuel prices impact on logistical requirements.",Business Sponsor,Retail; Financial; Communications; Manufacturing; Travel & Transport; Energy & Natural Resources; Healthcare,Operations,True,False,Big Data Capability Review; Data Warehouse Maturity Review; AI and Machine Learning Review; Custom Review
645,Outcomes,Analytic Capabilities,"Predictive Maintenance Optimization is a proactive approach to operations and maintenance, improving asset performance, customer experience and CAPEX/OPEX optimisation through proactive maintenance planning and current and projected condition of the individual assets to eliminate non-value added efforts and understand failure modes and effects analysis","Maintenance analysis based on aggregated Asset logs and basic service usage trends. Small portfolio of events (<20) detected using static traditional data sources. e.g. vehicle performance measures (stop/start, RPM, MPG, thrust, etc…) Events detected on weekly / monthly basis with dependency on load of core data feeds.  May be manual feeds from equipment upon periodic inspection and download of data","Expand maintenance analysis based on asset traces with initial isolation of main path to failures, affinity failure for root cause identification. Expanding portfolio of events (20- 50) covering a limited range of business objectives /  data sources incl. history and using more sophisticated transactional event detection routines. Data latency constraints being addressed to improve performance of events – daily / weekly. Identify patterns of equipment performance at a unit and even the beginnings of fleet patterns.","Enhance maintenance activities with sophisticated trend analysis using a large variety of data sources (device logs, workforce tickets and reports, …). Medium portfolio of events (50-200) covering a wider range of business objectives /  data sources incl. history and using more sophisticated transactional event detection routines. Data latency constraints have been addressed and most are now executed on a daily basis.  Using more data to develop predictive patterns.  Beyond what happened, not starting to find why failures are occurring that can lead to new predictive maintenance schedules.  Confidence in the accuracy of maintenance prediction now drives all scheduled maintenance activity across the entire fleet","Apply advanced analytic techniques in maintenance analysis to predict service critical impacting failures and to help to identify proactive and preventive field actions maximizing profitability, availability and scalability of the field operations activities. Medium to large portfolio (200-500) of events, mostly detected on daily basis from an expanding range of data sources including transactions and interactions. (Including online). Some intra-day event detection performed, particularly for digital channels. Established set of event detection methodologies are utilised depending on timeliness and complexity of data.  Finding patterns in relational failures cause by other parts interactions.  Developing detailed maintenance plans based on CBM principles using the patterns of failure that lead to unscheduled down time.   Performing maintenance on items that are not yet due because of relationships with parts in the current maintenance schedule","Proactive and methodical approach to mainteance optimization by applying model development, learning and prediction of asset failures, propensity to fail. Utilise multiple data sources including real-time asset condition monitoring  to detect and predict abnormal infrastructure and operational behavorials leading to increase costs and impact Customer Experience. Large portfolio of events (500+) detected on a real-time / intraday / daily basis from a rich variety of data sources including transactions, interactions and external data. Ak8dvanced event detection routines such as machine learning finds unusual patterns of behaviour and detects changes in behaviour over time. Events are combined to specialise customer treatment and increase response. Active test and  learn methodology continuously trials new event types.  Actually diagnosing the failure to help prep for the maintenance event, leads to better tech resourcing, better inventory planning, faster maintenance time, improved customer service, maximum utilization of equipment, maximum productivity of equipment.",Business Sponsor,Retail; Financial; Communications; Manufacturing; Travel & Transport; Energy & Natural Resources; Healthcare,Operations; Asset Lifecycle Mgmt,True,False,Big Data Capability Review; Data Warehouse Maturity Review; AI and Machine Learning Review; Custom Review
646,Outcomes,Analytic Capabilities,"Priorize Assets to Maintain is a systematic approach to rank assets for maintenance based on the cost, effort, importance and impact of the asset from both a financial and a customer experience perspective","Load Inventory , spare parts, outages on weekly in batch mode and run basic analysis to discover trends and basic reporting  like MTBF (Mean Time Between Faiture)","Collect on frequent basis (every day) alarms & outage, inventory , spare parts s in order to analyse the network/infrastructure and use the output to understand the network/infrastructure behaviour","Collect on frequent basis (every 1 or 2 hours) alarms & outage, spare parts and inventory in order to monitor & analyse the assets and use the output to solve issues affecting customer experience & service","Collect on frequent basis (less than 30 minutes) alarms, outages , spare parts & inventory in order to monitor & analyse the assets and use the output to solve issues affecting customer experience & service availability and to optimise the available resources to maintain the best possible quality","Collect in real-time alarms, outages, inventory, spare parts, , complains , service impact and other data sources in order to monitor & analyse the assetsin almost real-time and use the output to predict any service degradation, proactively  solve issues by replacing spare parts before affecting customer experience & service availability and to optimise the available resources to maintain the highest quality. Provide optimization  in spare part management and resources utilization",Business Sponsor,Retail; Financial; Communications; Manufacturing; Travel & Transport; Energy & Natural Resources; Healthcare,Operations; Asset Lifecycle Mgmt,True,False,Big Data Capability Review; Data Warehouse Maturity Review; AI and Machine Learning Review; Custom Review
647,Outcomes,Analytic Capabilities,Reduce Maintenance Hours covers the definition of optimal hours of operation based on demand by location which both reduces maintenance requirements and reduces operational costs,An interest in understanding traffic patterns by location and adjusting hours of operation based upon sales transaction by day part analysis,Ability to analyze internal traffic patterns  and demographic data independent of each other and drow basic conclusions,Access to third party demographic and market data but integration with internal data requires extracts from an internal data source  into a separate server and massaging of data before analytics and decisions can occur.,"Access to third party demographic and market data with the ability to integrate and analyze with internal data sources
Identify new trends not common among the industry","Access to third party demographic and market data with the ability to integrate and analyze with internal data sources
Identify new trends not common among the industry",Business Sponsor,Retail; Financial; Communications; Manufacturing; Travel & Transport; Energy & Natural Resources; Healthcare,Operations; Asset Lifecycle Mgmt,True,False,Big Data Capability Review; Data Warehouse Maturity Review; AI and Machine Learning Review; Custom Review
648,Outcomes,Analytic Capabilities,"Yield Management is the analytics required to provide a systematic approach to manage, decipher and increase yield",Capturing and organizing both traditional sensor and lab data and other Incremental data types that impact yield performance over the asset processing time.  The use of monthly and quarterly reports to explain gain and losses in yield over a certain operating period,Employing periodic reporting leveraging the integration of traditional yield data with incremental data types that impact product yield in the supply chain.  Focus on end of supply chain problems. And trying it back to some operational process issues.,"Building and deploying diagnostic, frequently refreshed analytics tied to integrated traditional yeild data  and incremental data types e.g. feedstock lab data, historian data, additional operational sensors, and product lab data,   Accelerates  identification and addressing of issues impacting  yield performance,  Any operational process issues are identified and corrected in time to not cause off-spec to market.","Leveraging predictive, analytics which use integration of all relevant data to enable near real-time identification and addressing of issues impacting  yield performance,  process  issues, and feedstock impact on yields.","Use of comprehensive and prescriptive analytical yield and pricing models to proactively manage the manufacturing process, optimize yield performance and minimize product loss and forecast them with greater accuracy.",Business Sponsor,Manufacturing; Travel & Transport; Energy & Natural Resources,Operations; Asset Lifecycle Mgmt,False,False,Big Data Capability Review; Data Warehouse Maturity Review; AI and Machine Learning Review; Custom Review
649,Outcomes,Analytic Capabilities,Staff Performance Optimization covers understanding staff effectiveness and efficiency through skills analysis against current and future job requirements,"Basic / Limited level of staff productivity and process monitoring, manual data collection, and static reporting. Generally heavily qualitative  assessment of staff performance","Semi-automated associate performance reporting of what was achieved with team and business unit performance rollups. Decisioning using conventional segmentation ,models utilized to decide actions to move staff, open new branch/store etc.","Using historic data of granular transaction based performance metrics, staff Hr data and applying analytical techniquest to uncerstand clusters and affinity analysis who is performing well and what are the indicators. Taking action to make others more efficent based on these insights. Using own data and heatmap techniques to decide which location to open store,branch, etc.","Regular application and management of manual advaned analytical techniques to all application , HR and  performance data  to predict performance indicators, decide on which teams capacity to increase, taking into consideration seasonality or competitive product/service effect.  Individual and team comparisons.  Incorporate customer/ client valuation metrics and changes thereof.",Systematic machine learning techniques that detects new behaviors suggestive or evidence of best practices,Business Sponsor,Retail; Financial; Communications; Manufacturing; Travel & Transport; Energy & Natural Resources; Healthcare,Operations; Human Resources,True,False,Big Data Capability Review; Data Warehouse Maturity Review; AI and Machine Learning Review; Custom Review
650,Outcomes,Analytic Capabilities,Spares Management aims to reduce inventory costs by providing logistics and planning capabilities that address the selection and delivery of spare parts to field locations at the right time,"Spare parts processes are complex, subject to manual intervention, and disparate manual data collection, reconciliation, reporting and analysis. Small portfolio of issues detected using static traditional data sources and manual review. Events detected on weekly / monthly basis with dependency on load of core data feeds.","Spares Management processes are partly automated, but still based on disparate data sourcing. Basic inventory and replacement history available for improved issue and opportunity detection.  Data latency constraints being addressed to improve performance of events.","Spares Management processes are automated and based on data sourced from an integrated data repository. Spare part replacement conditions are automatically applied. Detailed historic inventory, field and warranty reports are available. Medium portfolio of parts and issue detection covering a wider range of business objectives/data sources including history and using more sophisticated transactional event detection routines.","Spare parts processes are automated using granular and timely data. Spare part replacement conditions are automatically applied. Detailed information available in real-time to model replacement scenarios. Parts replacement conditions are set based on analysis of historic behavior. Medium to large portfolio of parts, mostly detected on daily basis from an expanding range of data sources including transactions and interactions. Established set of issue detection methodologies are utilised depending on timeliness and complexity of data.",Spare parts processes are automated using granular and timely data. Parts replacement conditions are automatically applied. Detailed information available in real-time to model replacement scenarios. Large portfolio of parts managed on a real-time / intraday / daily basis from a rich variety of data sources. Advanced issue detection routines find unusual patterns of behaviour and detects changes in behaviour over time.,Business Sponsor,Retail; Financial; Communications; Manufacturing; Travel & Transport; Energy & Natural Resources; Healthcare,Operations; Asset Lifecycle Mgmt,True,False,Big Data Capability Review; Data Warehouse Maturity Review; AI and Machine Learning Review; Custom Review
651,Outcomes,Analytic Capabilities,"Warranty Management is the reduction of product warranty costs related to recalls, repair, return and analysis of root cause from the warranty claim to improve product quality from the manufacturing location","Gather warranty claims data and begin to analyze for patterns of behavior by part, dealer product, region and manufacturing plant","Using the warranty claim patterns, begin to identify warranty claim fraud and spikes in claims by part, dealer, regions etc.  Start to identify the rules that lead to automatic process of the claim as it fits normal claim patterns and hold out for manual review those claims that do not fit the patterns of acceptable claims.","Using statistical control analytics to trace claim back to root cause…  was it a supplier, a MFG practice, improper maintenance, etc.  By building on the work already done, the customer should now be able to automatically pay at least 90% of claims, identify the root cause of those claims and work with the offending cause organizations to put corrective actions in place.  The customer should be able to identify the breadth of the warranty exposure, identify all products in the field that share the same failure characteristic and begin to scope the exposure to the organization in a matter of hours rather than days, weeks or months",Potentially bringing in sensor data from the product in the field could help identify a pattern of failure inside warranty periods that could lead to preventative steps by customer and field service to proactively repair the product in the field at significantly less cost to the organization.  This significantly shortens the exposure time in the field and helps the offending organization react to the problem much faster therefore limiting the amount of tainted product that leaves the manufacturing/supplier site.,"Full integration of data though out the product lifecycle that leads to immediate identification of failure patterns through warranty and maintenance data combined with the manufacturing/supplier data , the customer and dealer data to be able to perform complete track and trace analytics through lot and serial number tracking, regardless of the industry, enabling an immediate (minutes/hours) identification of the root cause and notification of all affected parties, implementing a recovery plan for each product in the plant, at the supplier, in finished goods, in the distribution channel and at the customers site.",Business Sponsor,Retail; Communications; Manufacturing; Energy & Natural Resources; Healthcare,Product; Operations; Risks and Threats,False,False,Big Data Capability Review; Data Warehouse Maturity Review; AI and Machine Learning Review; Custom Review
652,Outcomes,Analytic Capabilities,"Lease Management covers the dynamic development of an asset optimisation approach to help optimise business operations by identifying, defining, planning and implementing initiatives that will unleash significant valiue improvement potential from current assets and also optimise revenue and net profitability associated with lease of manufactured products to customers",Capturing and organizing both traditional sensor and lab data and other Incremental data types that impact yield performance over the asset processing time.  The use of monthly and quarterly reports to explain gain and losses in yield over a certain operating period,Employing periodic reporting leveraging the integration of traditional yield data with incremental data types that impact product yield in the supply chain.  Focus on end of supply chain problems. And trying it back to some operational process and maintenance issues.  Employed maintenance strategies to increase reliability and availability,"Building and deploying diagnostic, frequently refreshed analytics tied to integrated traditional yeild data  and incremental data types e.g. maintenance data, feedstock lab data, historian data, additional operational sensors, and product lab data,   Accelerates  identification and addressing of issues impacting  maintenance and yield performance,  Any operational process issues are identified and corrected in time to not cause off-spec to market.  Created maintenance schedule s for Preventive  Maintenance .","Leveraging predictive, analytics which use integration of all relevant data to enable near real-time identification and addressing of issues impacting  yield, operation, and maintenance performance, and feedstock impact on yields.","Use of comprehensive and prescriptive analytical yield and pricing models to proactively manage the manufacturing process, optimize yield performance, optimize maintenance practices and minimize product loss and forecast them with greater accuracy.  Doing conditioned and proactive reliability maintenance",Business Sponsor,Retail; Financial; Communications; Manufacturing; Travel & Transport; Energy & Natural Resources; Healthcare,Financial; Operations,True,False,Big Data Capability Review; Data Warehouse Maturity Review; AI and Machine Learning Review; Custom Review
653,Outcomes,Analytic Capabilities,Optimize Configuration Management will ensure that service delivery infrastructure and assets are optimally configured to ensure the highest possible quality of service in the most efficient and cost effective way possible,"Considering potential methodologies to assess the effectiveness of existing configuration and limited modelling of planned configurations.  Experimenting with a limited range of existing BI tools, Excel etc.","Analysing and reporting on existing service delivery infrastructure configuration and making some decisions about future configurations based on a limited range of traditional analytical and reporting functions, and a representative range of factors, variables and data sources.  Generating some analytics and BI reports though BI and visualization tools.","Analysing, reporting and making planned service delivery infrastructure configuration decisions at an operational level on a regular and ongoing basis; based on a limited range of traditional analytical and reporting functions, as well as a comprehensive range of factors, variables and conventional data sources.  Extensive use of BI and visualisation tools and applications","Working with a variety of traditional analytical methods and and a limited amount of advanced analytical tools and functions to create new insights and predict the outcomes of various potential service delivery infrastructure configuration scenarios; based on the integration, combination and analysis of a wide variety of conventional data sources and a limited number of new data sources to create new sources of insight.","Working with a comprehensive range of data sources and multi-genre analytical tools, methods and processes to create new insights and prescriptive outcomes based on the application of a wide variety of advanced analytical techniques on a number of standard and non-standard data sources",Business Sponsor,Retail; Financial; Communications; Manufacturing; Travel & Transport; Energy & Natural Resources; Healthcare,Operations; Asset Lifecycle Mgmt,True,False,Big Data Capability Review; Data Warehouse Maturity Review; AI and Machine Learning Review; Custom Review
654,Outcomes,Analytic Capabilities,Improve Asset Availability is the process to improve the availability of valuable business assets through optimisation of maintenance processes and intelligent scheduling of downtime,Considering and making decisions on a representative range of factors influencing asset availability (eg age; location; maintenance regime; load and duty cycles),Analysing and making decisions on a representative range of factors influencing asset availability (eg age; location; maintenance regime; load and duty cycles),Analysing and making decisions on a comprehensive range of factors influencing asset availability and the impact of downtime (eg age; location; maintenance regime; load and duty cycles; TCO; customer impact; network impact; training requirements; environmental & location-based influencers; public perception; Regulator perception; etc),Working analytical models to determine optimum asset availability vs risk.,Comprehensive and prescriptive analytical models to determine optimum asset availability vs risk.,Business Sponsor,Retail; Financial; Communications; Manufacturing; Travel & Transport; Energy & Natural Resources; Healthcare,Operations; Asset Lifecycle Mgmt,True,False,Big Data Capability Review; Data Warehouse Maturity Review; AI and Machine Learning Review; Custom Review
655,Outcomes,Analytic Capabilities,Improve OT Performance focusses on improving the visibility and operability of operational technology (OT) assets,Considering and making decisions based on integrated data from multiple OT systems,Analysing and making decisions on a representative range of data across all critical OT systems,Analysing and making decisions on a comprehensive range of data across all OT and relevant IT systems,Working analytical models optimising OT performance across all systems.,Comprehensive and prescriptive analytical models optimising OT performance across all systems,Business Sponsor,Retail; Financial; Communications; Manufacturing; Travel & Transport; Energy & Natural Resources; Healthcare,Operations; Asset Lifecycle Mgmt,True,False,Big Data Capability Review; Data Warehouse Maturity Review; AI and Machine Learning Review; Custom Review
656,Outcomes,Analytic Capabilities,Reduce Asset Strain and Degradation is the analytics to determine the strain on valuable assets and minimise it whilst balancing operational measures and costs,Considering and making decisions on a representative range of factors influencing asset health (eg location; duty cycles etc),"Analysing and making decisions on a representative range of factors influencing asset health (eg location, duty cycles, etc)","Analysing and making decisions on a comprehensive range of factors influencing asset health(eg duty cycles; all environmental & location-based influencers; load and load forecasts; maintenance regime and history, etc)",Working analytical models to determine asset strain and degradation as input to TCO and benefit vs risk calculations,Comprehensive and prescriptive analytical models to determine asset strain and degradation as input to TCO and benefit vs risk calculations,Business Sponsor,Retail; Financial; Communications; Manufacturing; Travel & Transport; Energy & Natural Resources; Healthcare,Operations; Asset Lifecycle Mgmt,True,False,Big Data Capability Review; Data Warehouse Maturity Review; AI and Machine Learning Review; Custom Review
657,Outcomes,Analytic Capabilities,Validate Operational Specifications is the analytics that creates and records asset operational parameters to supplement boilerplat specifications and inform MRO practices,Considering and recording asset operating parameters to supplement boilerplate specifications and inform MRO practices,Analysing impacts of a representative range of asset operating parameters that supplement boilerplate specifications and inform MRO practices,Analysing and making decisions on a comprehensive range of asset operating parameters that supplement boilerplate specifications and inform MRO practices,"Working analytical models to determine real operating characteristics, TCO and benefit vs risk for all deployments of new technology","Comprehensive and prescriptive analytical models to determine real operating characteristics, TCO and benefit vs risk for all deployments of new technology",Business Sponsor,Retail; Financial; Communications; Manufacturing; Travel & Transport; Energy & Natural Resources; Healthcare,Operations; Asset Lifecycle Mgmt,True,False,Big Data Capability Review; Data Warehouse Maturity Review; AI and Machine Learning Review; Custom Review
658,Outcomes,Analytic Capabilities,Improve Health and Safety Performance focusses on supplementing existing H&S procedures and tools with cross-functional analytics and new actions,Considering and making decisions on a representative range of factors across multiple disciplines that influence H&S risk,Analysing and making decisions on a representative range of factors across multiple disciplines that influence H&S risk,Analysing and making decisions on a comprehensive range of factors across multiple disciples that influence H&S risk,Working analytical models to determine overall H&S risk for all infrastructure and asset-related  disciplines,Comprehensive and prescriptive analytical models to determine overall H&S risk for all infrastructure and asset-related  disciplines,Business Sponsor,Retail; Financial; Communications; Manufacturing; Travel & Transport; Energy & Natural Resources; Healthcare,Operations; Human Resources,True,False,Big Data Capability Review; Data Warehouse Maturity Review; AI and Machine Learning Review; Custom Review
659,Outcomes,Analytic Capabilities,"Manage Carbon Footprint aims to reduce, manage and report on carbon footprint arising from business operations",Considering and making decisions on a representative range of business factors influencing carbon footprint,Analysing and making decisions on a representative range of business factors influencing carbon footprint,Analysing and making decisions on a comprehensive range of business factors influencing carbon footprint,Working analytical models to determine TCO and benefit vs risk of business factors influencing carbon footprint,Comprehensive and prescriptive analytical models to determine TCO and benefit vs risk of business factors influencing carbon footprint,Business Sponsor,Retail; Financial; Communications; Manufacturing; Travel & Transport; Energy & Natural Resources; Healthcare,Operations,True,False,Big Data Capability Review; Data Warehouse Maturity Review; AI and Machine Learning Review; Custom Review
660,Outcomes,Analytic Capabilities,Quality Assurance focusses on supplementing existing QA processes and tools with cross-functional analytics and new actions,Considering and making decisions on a representative range of factors influencing Quality,Analysing and making decisions on a representative range of factors influencing Quality,Analysing and making decisions on a comprehensive range of factors influencing Quality,Working analytical models to optimise Quality and cost / benefit vs risk,Comprehensive and prescriptive analytical models to optimise Quality and cost / benefit vs risk,Business Sponsor,Retail; Financial; Communications; Manufacturing; Travel & Transport; Energy & Natural Resources; Healthcare,Operations,True,False,Big Data Capability Review; Data Warehouse Maturity Review; AI and Machine Learning Review; Custom Review
661,Outcomes,Analytic Capabilities,Reduce Regulatory / Legal cost of compliance focusses on reducing compliance costs through reduction in incidents and fines; and increased efficiency in management and reporting,Considering and making decisions on a representative range of factors influencing Regulatory position,Analysing and making decisions on a representative range of factors influencing Regulatory position,Analysing and making decisions on a comprehensive range of factors influencing Regulatory position,Working analytical models to determine benefit vs risk for all Regulatory-related decisions and actions,Comprehensive and prescriptive TCO and benefit vs risk analytical models for all Regulatory-related decisions and actions,Business Sponsor,Retail; Financial; Communications; Manufacturing; Travel & Transport; Energy & Natural Resources; Healthcare,Operations,True,False,Big Data Capability Review; Data Warehouse Maturity Review; AI and Machine Learning Review; Custom Review
662,Outcomes,Analytic Capabilities,"Service Issue Detection is the timely and accurate identification of customer-affecting service degradataion, as well as identification of paths to failure and root causes of degraded service","Considering potential methodologies to identify service issues.  Experimenting with a limited range of existing BI tools, Excel etc.","Analysing and reporting on network service issues and making some decisions about problem resolutions based on a limited range of traditional analytical and reporting functions, and a representative range of factors, variables and data sources.  Generating some analytics and BI reports though BI and visualization tools.","Analysing and reporting in near real time to identify network service issues at an operational level on a regular and ongoing basis; based on a limited range of traditional analytical and reporting functions, as well as a comprehensive range of factors, variables and conventional data sources.  Extensive use of BI and visualisation tools and applications","Working with a variety of traditional analytical methods and and a limited amount of advanced analytical tools and functions to create new insights and proactively identify potential network service issues; based on the integration, combination and analysis of a wide variety of conventional data sources and a limited number of new data sources to create new sources of insight.","Working with a comprehensive range of data sources and multi-genre analytical tools, methods and processes to create new insights and generate prescriptive outcomes to identify and resolve potential network service issues before they happen - based on the application of a wide variety of advanced analytical techniques on a number of standard and non-standard data sources",Business Sponsor,Retail; Financial; Communications; Manufacturing; Travel & Transport; Energy & Natural Resources; Healthcare,Customer; Product; Operations,True,False,Big Data Capability Review; Data Warehouse Maturity Review; AI and Machine Learning Review; Custom Review
663,Outcomes,Analytic Capabilities,Individual Customer Experience is a systematic approach to measuring individual customer experience across all touchpoints,"Collect customer feedback (survey) , usage , payment to report basic customer experience","Collect on daily (1 to 2 hours) Customer experience main touch points , events  , Customer Profile and Usage . Analyze the data to measure and report customer experience .","Collect on frequently basis  (1 to 2 hours) Customer experience available touch points , events  , Customer Profile and Usage from a rich variety of data sources including transactions, interactions and external data. Calculate the CEI and use advance technics to detect relations and patterns like sequence of specific events .","Collect on frequently basis  (less than 30 min) Customer experience available touch points , events  , Customer Profile and Usage from a rich variety of data sources including transactions, interactions and external data. Calculate the CEI and use advance technics to detect relations and patterns like sequence of specific events . Update churn score and trigger action in case of bad experience with high value customers","Collect in real time Customer experience in all available touch points , events  , Customer Profile and Usage from a rich variety of data sources including transactions, interactions and external data. Calculate the CEI and use advance technics to detect relations and patterns like sequence of specific events . Update churn score and trigger action in case of bad experience with high value customers. Correlate it with NPS and churn scores",Business Sponsor,Retail; Financial; Communications; Manufacturing; Travel & Transport; Energy & Natural Resources; Healthcare,Customer; Operations,True,False,Big Data Capability Review; Data Warehouse Maturity Review; AI and Machine Learning Review; Custom Review
664,Outcomes,Analytic Capabilities,Energy Efficiency is an analytic approach to optimising energy use in business operations,Considering and making decisions on a representative range of network and asset factors influencing energy use,Analysing and making decisions on a representative range of network and asset factors influencing energy use,Analysing and making decisions on a comprehensive range of network and asset factors influencing energy use,Working analytical models to determine TCO and benefit vs risk of network and asset factors influencing energy use,Comprehensive and prescriptive analytical models to determine TCO and benefit vs risk of network and asset factors influencing energy use,Business Sponsor,Retail; Financial; Communications; Manufacturing; Travel & Transport; Energy & Natural Resources; Healthcare,Operations,True,False,Big Data Capability Review; Data Warehouse Maturity Review; AI and Machine Learning Review; Custom Review
665,Outcomes,Analytic Capabilities,SLA and KPI Monitoring is the approach to ensure services are provided to customers as agreed upon in the customer contract,"Monitoring based on aggregated utilization based KPIs (overall performance, SLA violation).",Expand initial set of global KPIs with individual analysis and better ganularity .,Enhance individual measurements with sophisticated trend analysis using a large variety of data sources and a high volume of historical data.,Apply advanced analytic techniques to identify root cause of service violation and help for a prompt resolution according to contracts.,"Proactive and methodical approach to KPI measurement by applying model development, learning and prediction of events breaching SLAs.",Business Sponsor,Retail; Financial; Communications; Manufacturing; Travel & Transport; Energy & Natural Resources; Healthcare,Customer; Operations,True,False,Big Data Capability Review; Data Warehouse Maturity Review; AI and Machine Learning Review; Custom Review
666,Outcomes,Analytic Capabilities,Device Analytics and Performance is the systematic approach to measurement of device analytics and performance and the impact on customer experience,Load device data and logs and report the basic KPI for device performance,Collect on daily basis data such as device logs & complain …etc  in order to analyse them  to analyse faulty device,"Collect on frequently basis (1 to 2 hours) data such as device logs, complain , events …etc  in order to analyse them  to analyse faulty device and report churn /service degration due to bad performing devices","Collect on frequently basis (less than 30 minutes)  data such as device logs, complain , customer experience , churn score, events …etc  in order to analyse them  to detect faulty device and predect any churn /service degration due to bad performing devices","Collect in real time all data such as device logs, complain , customer experience , churn score, events , customer value …etc  in order to analyse them  to detect faulty device and predect any churn /service degration due to bad performing devices . Use this data to take decision in real time and to offer a replacement to high value customers",Business Sponsor,Communications; Travel & Transport,Operations,False,False,Big Data Capability Review; Data Warehouse Maturity Review; AI and Machine Learning Review; Custom Review
667,Outcomes,Analytic Capabilities,Proactive Complaint Management aims to reduce customer compliants through proactive detection of potential issues and the introduction of counter-measures to correct and resolve the issue,"Manually log complaints into product, department, or Business Unit based application for  manual intervention and resolution.  Root cause analysis may be supplemental effort that is informally detected and resolved.  Manual reporting of complaint workflow metrics are captured and reported upon.  Root cause is tracked and generally qualitatively addressed in reporting.","Integrated analytic environment that couples complaint data with customer profile data for holistic complaint management regardless where the complaint (or complaints) originated.   Begin utilization of customer behavioural (transaction) data to proactively detect potential complaints (based on historical experience), deploy intervention tactics to prevent complaint, and improve root cause detection efficiency.","Applied basic text analytics to identify key words suggestive of potential complaint supplemented with  manual review to  best identify potential true positives and limit false-positives.  Integration of all customer  interactions, next best interaction, disclosures and  complaints to ensure appropriate communication management.   Systematic build of each customer's “normal” behaviour  to benchmark anomalies of interest suggestive of potential concern (complaint) or opportunity.",Fill integration of customer behavioural (transaction) data for the purposes of proactive detection of potential complains. Extend text analytics to ensure fiduciary responsibility is fulfilled.   Deployment of advanced analytics to regularly detect behaviours suggestive of potential complaint before complaint is logged.  Full exploitation of detailed transaction data utilized to more quickly isolate and mitigate root cause.,Operationalization of text analytics to infer customer sentiment including voice to text and incorporate into overall customer experience management.  Full utilization of advanced analytics (e.g. path and graph) to detect  customers entering path to potential complaint for proactive circumvention and identify potential relationships that may be influenced positively/negatively.  Utilization of machine leaning techniques to train models regularly.,Business Sponsor,Retail; Financial; Communications; Manufacturing; Travel & Transport; Energy & Natural Resources; Healthcare,Customer; Product; Operations,True,False,Big Data Capability Review; Data Warehouse Maturity Review; AI and Machine Learning Review; Custom Review
668,Outcomes,Analytic Capabilities,"Analytical Complaint Management is the ability to detect reasons for compliants, identify a common path to compalints and reduce number of complaints and gain the abilty to act in advance","Basic / Limited level of reporting capabilities with monitoring complaints, classification and reasons. Not able to access unstructured data relating to customer satisfaction and complaint","Basic level of analytical capability regarding complaint classification, correlation between some basic attributes ( ie. Seasonality, product, operating unit, .. ).  Basic level of clustering analysis among complainers.","Using historic and all channel data of complaints and other resources ( all customer interactions, NPS scores, product/service hodlings, etc ) to create analytical models for complaint detection. Creating customer score to complaints. Using this scores to act differently per customer.","Text analysis for unstructured valuable data ( mails, voice-to-text, etc ) , create some insights which can be used on multi-genre advanced analytics process. Rather then calculating a score understanding all interactions and finding path to complaint. Using this insight acting on time, with more relevant and less costly offer to prevent complaint/Service problem.","Using real time streaming data to create new Events which can be valuable for complaint analysis.  Integrating path to complaint analysis results with complex event processing systems, creating dynamic scripting to agents or dynamic retention offering in non-human channels.",Business Sponsor,Retail; Financial; Communications; Manufacturing; Travel & Transport; Energy & Natural Resources; Healthcare,Customer; Product; Operations,True,False,Big Data Capability Review; Data Warehouse Maturity Review; AI and Machine Learning Review; Custom Review
669,Outcomes,Analytic Capabilities,Sales / Value-based Compensation aims to use analytics to monitor the appropriate application of sales and incentive compensation,Mix  of systematic and manual processes to report and analyze incentive payments at defined periods of time.  Incentive compensation based upon volume or price and not on net value of product/service  conversion.,"Utilizing some historical sensor data (batch result sets) to help estimate potential asset (collateral) impairment in pricing models.  Integrating deep transactional and behavioural data, segmented by customer/industry type. Incorporate customer/ client valuation metrics for relationship management and development.",Expanded use of historical sensor data using historic of granular transaction data and sensor data to benchmark  expected performance metrics and periodically assess health of inflight financial commitments.,Regular use of sensor data in frequent  batches.  Application and management of advanced analytic techniques to support pricing models and regularly track performance and utilization of collateral financing commitments.,Near real-time streaming of sales performance metrics.  Compensation based upon combination of expected and actual  performance value of product/service.  Sales contribution includes view into employee activity with regard to data access to sensitive information.  Application of advanced analytics to benchmark each employee’s sales/productivity in order to identify anomalies (automated alerts) outside of predefined parameters.  Analysis includes assessment of patterns suggestive of potential fraudulent behavior  before it occurs. Feeds training programs to ensure corrective action.,Business Sponsor,Retail; Financial; Communications; Manufacturing; Travel & Transport; Energy & Natural Resources; Healthcare,Operations; Human Resources,True,False,Big Data Capability Review; Data Warehouse Maturity Review; AI and Machine Learning Review; Custom Review
670,Outcomes,Analytic Capabilities,Insider Trading analytics optimises surveillance processes to detect activity suggestive of potential insider trading,"Insider trading policies clearly defined and communicated with regular training and self-certification. Voice and electronic communications logs maintained and accessible. “Chinese walls” and security/confidentiality policies and procedures meet or exceed regulatory requirements. Surveillance processes manually based, limited to targeted events (earnings announcements,  M&A activity etc.)","Basic email scanning using keyword searches etc. Surveillance remains largely manually based and focused on specific events – earnings announcements, M&A activity, IPO pricing etc.",Electronic communications monitoring automation in place but remain ‘stove-piped’ and focused on specific business events. Surveillance  processes enabled through specialized third party  applications.,"Piloting advanced behavioural analytic use cases combining voice-to-text, electronic communications, executive behaviors . Ability to detect exceptional returns as statistical anomalies compared to baseline performance internally and across markets.",Operationalized advanced analytic functions  to troll for emerging anomalies suggestive of potential insider trading(e.g. Path and Graph functions).  Text analysis applied on all  internal and external communications (voice and data),Business Sponsor,Retail; Financial; Communications; Manufacturing; Travel & Transport; Energy & Natural Resources; Healthcare,Operations; Human Resources; Risks and Threats,True,False,Big Data Capability Review; Data Warehouse Maturity Review; AI and Machine Learning Review; Custom Review
671,Outcomes,Analytic Capabilities,"Document Fraud analytics aims to monitor documents provided by customers, suppliers and employees to detect fraudulent anomalies quickly and avoid losses",Document review checks for basic problems such as valid customer and supplier and current situation with the customer or supplier such as transaction normalcy. Checking is done manually and on an exceptional basis.,Analytical techniques are developed to look at historical data with the customer or supplier as well as external information such as credit bureau and other externally purchased data.  Manual checking used by exception and recurring reviews are done on fraud incidents.,"Text analytics and other  analytic techniques are used to score documents.  Scoring is based on internal and external data.  Score results drive operational activity and acceptance of the document.  Review s are augmented by basic predictive models,",Improvements in document review  drives increasing improvements in operational efficiency and lower losses due to fraud.  Scoring methods are refined/enhanced with advanced analytics to improve accuracy and reduce false negatives based on actual fraud / document issues. Random checking using real-time detection models along with manual checks done on historical basis aided by predictive models.,Customer documents undergo a comprehensive advanced analytical review to score them for potential operational and/or fraudulent situations.  Documents not meeting established score thresholds are reviewed prior to acceptance.,Business Sponsor,Retail; Financial; Communications; Manufacturing; Travel & Transport; Energy & Natural Resources; Healthcare,Operations; Risks and Threats,True,False,Big Data Capability Review; Data Warehouse Maturity Review; AI and Machine Learning Review; Custom Review
672,Outcomes,Analytic Capabilities,"Insider Threat -  Analysis, predict and manage the risk of information loss through actions of insiders.",No active monitoring of insider activity. Defences limited to static end point protections such as anti viral software. Largely reactive activities with minimal to no formal prevention strategy.,"Critical infrastructure, such as servers and databases, protected with activity logging and active monitoring. Limited forensic or investigatory analytics. Leverages existing security processes or functions to prevent insider threat, with no formal insider threat program.",Defined insider threat detection strategy. Activity inside the network is monitored. Incident response plans that incorporate insider threat event handling.,"Key performance indicators in place to assess program effectiveness. An iterative approach that provides continuous improvement. Leverages data analytics technologies, such as behavioral analytics, to identify  hidden relationships and motives.",Insider threat program fully integrated into the enterprise risk management strategy. Increased focus on proactively defending and responding to insider threats. Big data infrastructure that provides access to and integrates all required data sources across the organization.,Business Sponsor,Retail; Financial; Communications; Manufacturing; Travel & Transport; Energy & Natural Resources; Healthcare,Operations; Human Resources; Risks and Threats,True,False,Big Data Capability Review; Data Warehouse Maturity Review; AI and Machine Learning Review; Custom Review
673,Outcomes,Analytic Capabilities,"Internal Theft, Shrinkage and Embezzlement - TBA",,,,,,Business Sponsor,Retail; Financial; Communications; Manufacturing; Travel & Transport; Energy & Natural Resources; Healthcare,Operations; Risks and Threats,True,True,Big Data Capability Review; Data Warehouse Maturity Review; AI and Machine Learning Review; Custom Review
674,Outcomes,Analytic Capabilities,Real-Time Threat Detection and Mitigation - TBA,,,,,,Business Sponsor,Retail; Financial; Communications; Manufacturing; Travel & Transport; Energy & Natural Resources; Healthcare,Operations; Risks and Threats,True,True,Big Data Capability Review; Data Warehouse Maturity Review; AI and Machine Learning Review; Custom Review
675,Outcomes,Analytic Capabilities,Fraud Risk Assessment - TBA,,,,,,Business Sponsor,Retail; Financial; Communications; Manufacturing; Travel & Transport; Energy & Natural Resources; Healthcare,Operations; Risks and Threats,True,True,Big Data Capability Review; Data Warehouse Maturity Review; AI and Machine Learning Review; Custom Review
676,Outcomes,Analytic Capabilities,Fraud Incident Management - TBA,,,,,,Business Sponsor,Retail; Financial; Communications; Manufacturing; Travel & Transport; Energy & Natural Resources; Healthcare,Operations; Risks and Threats,True,True,Big Data Capability Review; Data Warehouse Maturity Review; AI and Machine Learning Review; Custom Review
677,Outcomes,Analytic Capabilities,Fraud Investigations and Forensics - TBA,,,,,,Business Sponsor,Retail; Financial; Communications; Manufacturing; Travel & Transport; Energy & Natural Resources; Healthcare,Operations; Risks and Threats,True,True,Big Data Capability Review; Data Warehouse Maturity Review; AI and Machine Learning Review; Custom Review
678,Outcomes,Analytic Capabilities,Fraud Loss Recovery - TBA,,,,,,Business Sponsor,Retail; Financial; Communications; Manufacturing; Travel & Transport; Energy & Natural Resources; Healthcare,Operations; Risks and Threats,True,True,Big Data Capability Review; Data Warehouse Maturity Review; AI and Machine Learning Review; Custom Review
679,Outcomes,Analytic Capabilities,"Fraud Model and Rule Development aims to use analytics to identify causes, drivers and likeliehood of fraud events",Fraud risk analysis performed by exception. Analysis and investigations done after the fact incorporating data gathered manually.,"No or limited fraud behavioral models. Models updated on an ad-hoc basis. Judgmental decision making is the norm. Fraud analyses are standalone, little integration with other functional units.","Fraud behavioral models using regression, retrospective probability models. Models validated every 12 months. Operational processes using scoring for automation. Rule-based and limited statistical models. Some fraud data integration performed upon exception driven by investigation activity.",Fraud models incorporate some unstructured data. Models validated every 3-6 months. Model factory institutionalized. Models utilize internal and external data. Fully data-based statistical models. Fraud risks are monitored real time across business and functional groups.,"Fraud models incorporate all data, channels, interactions, associations, and customer/entity networks. Models updated dynamically. Risks are monitored real-time across the enterprise and models are updated within 24 hours of occurrence or less.",Business Sponsor,Retail; Financial; Communications; Manufacturing; Travel & Transport; Energy & Natural Resources; Healthcare,Operations; Risks and Threats,True,False,Big Data Capability Review; Data Warehouse Maturity Review; AI and Machine Learning Review; Custom Review
680,Outcomes,Analytic Capabilities,"Loss Prevention analytics provides analytics to inform loss prevention policies, programs and practices to prevent or reduce loss or theft",,,,,,Business Sponsor,Retail; Financial; Communications; Manufacturing; Travel & Transport; Energy & Natural Resources; Healthcare,Supply Chain; Risks and Threats,True,True,Big Data Capability Review; Data Warehouse Maturity Review; AI and Machine Learning Review; Custom Review
681,Outcomes,Analytic Capabilities,Identity Fraud Analytics - Detect and reduce fraudulent activitities at point of origin resulting from identity theft,"No standardized processes, instead, there are ad hoc approaches that tend to be applied on an individual or case-by-case basis. The overall approach to management is disorganized.","Reactive posture, most instances of identity fraud uncovered by accident or outside reporting. Key metrics and basic reporting established with rules-based queries & analytics such as matching, grouping, ordering, joining, and filtering known fraudulent identities.","Statistical-based analysis such as predictive modeling, anomaly detection, and clustering.",Utilize text and natural language processing (NLP) algorithms to generate a similarity/distance score for data source comparison between application and available PII data.,Add machine learning to develop a predictive model to similarity/distance scoring process. Utilize graph analytics to determine if the information provided is associated with past fraudulent activity.,Business Sponsor,Retail; Financial; Communications; Manufacturing; Travel & Transport; Energy & Natural Resources; Healthcare,Operations; Risks and Threats,True,False,Big Data Capability Review; Data Warehouse Maturity Review; AI and Machine Learning Review; Custom Review
682,Outcomes,Analytic Capabilities,External Theft and Shrinkage uses analytics to provide real time and proactive identificate of fraudulent behaviour,"Leverage traditional Business Intelligence analytics to determine outliers to normal activity e.g. # of returns, frequency of returns, returns exceeding purchases","Provide front line associates ands loss prevention personal with real time information to interject themselves into the return process.  As companies continue to make returns easier across channels, provide immediate checks of both on-line and in person purchase transactions.  Check returned ID and validate against credit bureau information and watch lists.","Perform pathing analysis of browsing and shopping behavior to identify potential fraudulent behavior e.g.  overnight shipment request,  ship to different address than account holder","Incorporate speech and text pattern detection to  search for terms highly correlated to deceptive activity. Leverage data from call centers, on-line chats, return requests and forms, etc","Initiate machine learning to automatically detect and revise patterns and pathing without programming.  Allow to update customer profiles, segments, watch list, and fraud indicators.  Revise operational procedures and policies based on new insights and learnings.",Business Sponsor,Retail; Financial; Communications; Manufacturing; Travel & Transport; Energy & Natural Resources; Healthcare,Supply Chain; Risks and Threats,True,False,Big Data Capability Review; Data Warehouse Maturity Review; AI and Machine Learning Review; Custom Review
683,Outcomes,Analytic Capabilities,Claim Fraud - TBA,,,,,,Business Sponsor,Retail; Financial; Communications; Manufacturing; Travel & Transport; Energy & Natural Resources; Healthcare,Supply Chain; Risks and Threats,True,True,Big Data Capability Review; Data Warehouse Maturity Review; AI and Machine Learning Review; Custom Review
684,Outcomes,Analytic Capabilities,Subscriber Fraud uses analytics to identify internal and external potential fraudsters using false identification and react quickly to reduce revenue loss,Considering and making decisions on a range of KPIs provided by the Fraud Management Platform,Analysing and combining existing Fraud KPIs with additional data sources potentially influencing Fraud,"Analysing and making decisions on a comprehensive range of sources influencing Fraud (usage, profile, channel, ..)",Working analytical models to optimise Fraud detection using a large variety of data sources to refine abnormal behaviour detection,Comprehensive and prescriptive analytical models for Fraud detection and integration with the Fraud Management Platform,Business Sponsor,Communications,Customer; Operations; Risks and Threats,False,False,Big Data Capability Review; Data Warehouse Maturity Review; AI and Machine Learning Review; Custom Review
685,Outcomes,Analytic Capabilities,Returns Fraud uses analytics to quickly identify suspicious returns and offenders,Matching of sold product to presented for return to original receipt leveraging the data warehouse. Also check for reuse and receipt copying.,Looking across all channel purchases associated with a customer when an item is presented for return and not receipt is presented to determine if item was purchased ans return is valid. Need  to automate this procedure and perform this comparison in real time.,Perform pattern detection analytics to determine if customer is a habitual returner and if returns exceed quantity and value of items purchased. Operationalize this procedure for all returns.,"Leverage predictive modeling to identify items and customers most likely to be returned. Flag potential fraud at time off return, provide information to front line associates and location loss prevention representative.","Automate approval or denial off all returns by matching of receipt and product, consider customer profile data, item return history, and look at outliers.   Update patterns using machine learning to revise overtime in order to be responsive to emerging fraudulent return schemes.",Business Sponsor,Retail; Communications; Healthcare,Supply Chain; Risks and Threats,False,False,Big Data Capability Review; Data Warehouse Maturity Review; AI and Machine Learning Review; Custom Review
686,Outcomes,Analytic Capabilities,Discount Fraud - TBA,,,,,,Business Sponsor,Retail; Financial; Communications; Manufacturing; Travel & Transport; Energy & Natural Resources; Healthcare,Supply Chain; Risks and Threats,True,True,Big Data Capability Review; Data Warehouse Maturity Review; AI and Machine Learning Review; Custom Review
687,Outcomes,Analytic Capabilities,Vendor Fraud Detection - TBA,,,,,,Business Sponsor,Retail; Financial; Communications; Manufacturing; Travel & Transport; Energy & Natural Resources; Healthcare,Supply Chain; Risks and Threats,True,True,Big Data Capability Review; Data Warehouse Maturity Review; AI and Machine Learning Review; Custom Review
688,Outcomes,Analytic Capabilities,Licensing and Carriage - TBA,,,,,,Business Sponsor,Communications,Supply Chain,False,True,Big Data Capability Review; Data Warehouse Maturity Review; AI and Machine Learning Review; Custom Review
689,Outcomes,Analytic Capabilities,Counterfeit  TBA,,,,,,Business Sponsor,Retail; Financial; Communications; Manufacturing; Travel & Transport; Energy & Natural Resources; Healthcare,Supply Chain; Risks and Threats,True,True,Big Data Capability Review; Data Warehouse Maturity Review; AI and Machine Learning Review; Custom Review
690,Outcomes,Analytic Capabilities,Smuggling - TBA,,,,,,Business Sponsor,Retail; Financial; Communications; Manufacturing; Travel & Transport; Energy & Natural Resources; Healthcare,Supply Chain; Risks and Threats,True,True,Big Data Capability Review; Data Warehouse Maturity Review; AI and Machine Learning Review; Custom Review
691,Outcomes,Analytic Capabilities,Access Controls - analytics to support maintenance of controls on privileged information and system to only authorised staff,"Multiple security tools detect problems based on previously identified problems.  This is effective to prevent reoccurrence of certain known situations, but does not address new attack patterns. Threats are managed on a siloed basis per system.","Analytical techniques are explored to review data from the various  point solutions  in a more comprehensive manner with emphasis on access behavior.  Threats are still managed on a siloed basis, but after the fact analysis are done across systems.",Comprehensive data from various data sources is effective in identifying access fraud for customers and insiders. Threat detection is managed across multiple systems.,Improvements in access review reduces false positives.  Machine Learning begins to improve the sophistication of new fraud patterns in near real time.,Advanced Analytics are fully employed including machine learning to detect unusual access patterns in real time.  Procedures and policy for access control are fully adopted and supported by employees and senior management.,Business Sponsor,Retail; Financial; Communications; Manufacturing; Travel & Transport; Energy & Natural Resources; Healthcare,Supply Chain; Risks and Threats,True,False,Big Data Capability Review; Data Warehouse Maturity Review; AI and Machine Learning Review; Custom Review
692,Outcomes,Analytic Capabilities,Governance - TBA,,,,,,Business Sponsor,Retail; Financial; Communications; Manufacturing; Travel & Transport; Energy & Natural Resources; Healthcare,Supply Chain; Risks and Threats,True,True,Big Data Capability Review; Data Warehouse Maturity Review; AI and Machine Learning Review; Custom Review
693,Outcomes,Analytic Capabilities,Physical Controls - Analytics to ensure that sensitive data is encrypted to rende it unusable in the event of theft.,"Multiple security tools detect problems based on previously identified problems.  This is effective to prevent reoccurrence of certain known situations, but does not address new attack patterns.  Threats are managed on a siloed basis per system.","Analytical techniques are explored to review data from the various  point  solutions  in a more comprehensive manner.  Threats are still managed on a siloed basis, but after the fact analysis are done across systems.",Comprehensive threat data from various data sources is effective with identifying sophisticated  fraud patterns.  Sensitive data is encrypted . Threat detection is managed across multiple systems,Improvements  reduce false positives.  Machine Learning begins to improve detection of new sophistication fraud patterns in real time.  Sensitive data is encrypted.  Frequent compliance reviews are conducted  to identify and remediate weaknesses.,Advanced Analytics are fully employed including machine learning to detect  threats in real time.  Sensitive data is encrypted  on all devices.  Ongoing education of employees is in place.  Routing audits are  conducted,Business Sponsor,Retail; Financial; Communications; Manufacturing; Travel & Transport; Energy & Natural Resources; Healthcare,Operations; Risks and Threats,True,False,Big Data Capability Review; Data Warehouse Maturity Review; AI and Machine Learning Review; Custom Review
694,Outcomes,Analytic Capabilities,"Risk Propensity and Modelling - Identify causes, drivers, and likeliehood of risk events",Risk analysis performed by exception. Analysis and investigations done after the fact incorporating data gathered manually.,"No or limited application or behavioral models. Models updated on an ad-hoc basis. Some pockets of automation. Judgmental decision making is the norm. Models and analyses are standalone, little integration with other functional units.","Application and behavioral models using regression, retrospective probability models. Models validated every 12 months. Operational processes using scoring for automation. Rule-based and limited statistical models. Some risk data integration performed upon exception driven by investigation activity.",Scorecards incorporate some unstructured data. Models validated every 3-6 months. Model factory institutionalized. Models utilize internal and external data. Fully data-based statistical models. Risks are monitored real time across business and functional groups.,"Models incorporate all data, channels, interactions, associations, and customer/entity networks. Models updated dynamically. All risk models harmonized with Finance, Marketing. Risks are monitored real-time across the enterprise and models are updated within 24 hours of occurrence or less.",Business Sponsor,Retail; Financial; Communications; Manufacturing; Travel & Transport; Energy & Natural Resources; Healthcare,Financial; Operations; Risks and Threats,True,False,Big Data Capability Review; Data Warehouse Maturity Review; AI and Machine Learning Review; Custom Review
695,Outcomes,Analytic Capabilities,Risk Severity Modelling and Analysis - Estimate likely losses from risk events,Risk analysis performed by exception. Analysis and investigations done after the fact incorporating data gathered manually.,"No or limited application or behavioral models. Models updated on an ad-hoc basis. Some pockets of automation. Judgmental decision making is the norm. Models and analyses are standalone, little integration with other functional units.","Application and behavioral models using regression, retrospective probability models. Models validated every 12 months. Operational processes using scoring for automation. Rule-based and limited statistical models. Some risk data integration performed upon exception driven by investigation activity.",Scorecards incorporate some unstructured data. Models validated every 3-6 months. Model factory institutionalized. Models utilize internal and external data. Fully data-based statistical models. Risks are monitored real time across business and functional groups.,"Models incorporate all data, channels, interactions, associations, and customer/entity networks. Models updated dynamically. All risk models harmonized with Finance, Marketing. Risks are monitored real-time across the enterprise and models are updated within 24 hours of occurrence or less.",Business Sponsor,Retail; Financial; Communications; Manufacturing; Travel & Transport; Energy & Natural Resources; Healthcare,Financial; Operations; Risks and Threats,True,False,Big Data Capability Review; Data Warehouse Maturity Review; AI and Machine Learning Review; Custom Review
696,Outcomes,Analytic Capabilities,Risk Underwriting measures and monitors the risk associated with insurance policies along with the proper pricing of the associated risk,"Underwriting risk analysis  data sources are siloed and not integrated for analysis.  Considerable time is spent collecting, validating data prior to final risk assessment.  Multiple reporting, BI, spreadsheet tools are used not integrated into one view. Geospatial analysis relies on zip codes and not geospatial data.",Data for core underwriting analysis  is available from multiple sources. Most other / more detailed data needs to be collected from multiple sources using multiple tools and is subject to manual processes before use. Analytics needs to be derived from multiple analytic systems.,Data for core summary-level underwriting analysis is available from single source (based however on multiple data sources) using multiple tools and is subject to manual processes before use.  Data is not integrated into underwriting administration systems.,"Most of the required data is available from a single, integrated source, although a small number of other data sources may exist.  Regular reports & extracts are available on a largely automated basis , as well as ad-hoc reports and queries using a single reporting/BI tool.   Data is integrated into underwriting administration systems.","Underwriting is largely automated (no-touch/low touch) leveraging a single, integrated source of validated data.  Decisions are faster and Underwriters can focus on more complicated underwriting tasks through the use of advance analytic tools.",Business Sponsor,Financial,Financial; Operations; Risks and Threats,True,False,Big Data Capability Review; Data Warehouse Maturity Review; AI and Machine Learning Review; Custom Review
697,Outcomes,Analytic Capabilities,Risk Model Champion Analysis - Using A/B testing to create a Champion/Challenger assessment for risk models to ensure risk models remain optimum over time,Limited or no formal A/B testing is in place. Models are reviewed and updated on an ad-hoc basis.,"Formal and regular A/B testing is in place, however  still on an infrequent basis.  A/B testing involves  manually deploying  and executing multiple models and manually comparing the results before fully deploying a new model.",Formal and regular A/B testing is in place on a more frequent basis. The measurement and comparison of model results  is automated. Decision-making strategy  and deployment of new models  is still  on a manual basis.,"Formal and regular A/B testing is frequent and largely automated. The measurement and comparison of model results  is automated, along with model deployment once a decision is made, however  the decision-making process re: model promotion is still manual.","A/B testing is fully automated and integrated with the Risk Model development, decisioning and deployment processes. Workflow functionality supports model result s/comparison reviews, decision-making, approval and deployment on an automated basis. Multiple challenger  models may be evaluated in a single cycle.",Business Sponsor,Retail; Financial; Communications; Manufacturing; Travel & Transport; Energy & Natural Resources; Healthcare,Financial; Operations; Risks and Threats,True,False,Big Data Capability Review; Data Warehouse Maturity Review; AI and Machine Learning Review; Custom Review
698,Outcomes,Analytic Capabilities,Capital Calculation and Management is the optimization of the appropriate level of cpital given desired levels of risk and cost of capital,"Isolated capital calculations and capital management for internal reporting (treasury management), regulatory analytics/reporting, product group and line-of-business derived,  GAAP reporting (including migration to Ccurrent Expected Credit Loss (CECL) from incurred) is leveraging an isolated data set.","Most detailed account level analysis is performed within product groups,  lines of businesses, and functional units.  Aggregations are presented to a centralized group who is responsible for internal and external (regulatory reporting). This centralized group is considered the “first line of defence” with regard to regulatory authority interaction.","Most product group data is organized for consistent use as well as line of business analytics.  Incorporation of advanced analytic techniques on a periodic basis to adjust probabilities of default, loss given default  and exposure at default modelling.  Access to historical data to train and back-test models as needed and requested.",Most lines of business and functional groups utilizing a single integrated analytic ecosystem where product detail (granularity) is maintained.  Regular and seamless use of advanced analytic functions within and across a flexible discovery environment and  integrated data warehouse.  Detailed (granular) data becomes the first line of defence with regard to bot internal and external (regulatory) needs.,"Single integrated analytic ecosystem that is data centric, but not necessarily centralized. All product line detail (granularity) is maintained for consistent, innovative, and reconcilable aggregations.  Capital is aligned to customer relationships and extended relationships (e.g. complementary industry exposures). Operational deployment of advanced analytic techniques  to continually improve predictive models. Finance data tightly coupled for full reconcilable transparency between Risk and Finance for analysis and reporting.  Seamless access to historical data  within broader analytic ecosystem.",Business Sponsor,Financial,Financial; Operations; Risks and Threats,True,False,Big Data Capability Review; Data Warehouse Maturity Review; AI and Machine Learning Review; Custom Review
699,Outcomes,Analytic Capabilities,Model Deployment and Oprationalisation is the effcient and controlled deployment of models/scores/alogirthms/flags and rules into operation,Rules are hard coded directly into production system.,Reuse of rules is limited / analysts reuse rules by manually copying and pasting. Rules often basic and judgmentally driven,"Analysts access existing rules stored in a partially shared repository, which can be searched and incorporated into the new models or strategies.  Multiple rule engines may exist across the business. Testing and change management processes are gateways into production environment.",Existing rules  and rule combinations can be deployed onto automated decisioning system / rule engine as a part of new models or strategies. Rule hierarchies exist and monitoring is at individual and combination rule level.,"Models and rules are optimized and incorporated into business rule engine,  includes  common rules across multiple business division, including sophisticated algorithms and rule combinations.",Business Sponsor,Retail; Financial; Communications; Manufacturing; Travel & Transport; Energy & Natural Resources; Healthcare,Analytics Operations,True,False,Big Data Capability Review; Data Warehouse Maturity Review; AI and Machine Learning Review; Custom Review
700,Outcomes,Analytic Capabilities,"Risk/Reward Strategy Optimization - Evaluation of the effectiveness of business, marketing, acquisition or growth strategy designe for specific product line",No strategy performance tracking in place.,Strategy performance report for manually conducted. Reports and KPIs are updated on an ad-hoc basis.,"Strategy performance reports are partially automated, such as override report, acceptance rate report. Allow A/B testing for evaluating the efficiency of strategy performance. Strategies are manually integrated across product lines or business lines by exception.",Strategy performance reports are automated daily. A/B testing mechanism is partially automated for strategy performance evaluation. Strategy monitoring is integrated across products within a business line.,Fully automated strategy performance tracking system. A/B testing mechanism is fully embedded & automated under performance tracking system. Strategy can auto-adjust dynamically subject to parameter limits set by business. Strategies are integrated and harmonized across business lines.,Business Sponsor,Retail; Financial; Communications; Manufacturing; Travel & Transport; Energy & Natural Resources; Healthcare,Product; Financial; Risks and Threats,True,False,Big Data Capability Review; Data Warehouse Maturity Review; AI and Machine Learning Review; Custom Review
701,Outcomes,Analytic Capabilities,"Model Performance  Reporting and Analysis - Monitor and analyse analytic business  models to ensure that they are sufficiently identifying risks, with reporting functions and reviewing processes.",Model performance reports are performed on an ad-hoc basis. No regular reporting.,Model preformance reports are manually generated.  Key Performance Index of the models and attributes are mannually calculated. Reports and KPIs are updated on an ad-hoc basis.,Model performance reports and key performance index of models and attributes are partially automated. Model performance and KPIs are conducted on a regular basis (weekly or monthly),"Model performance reports are automated on a regular basis. Partial triggers and KPIs are integrated with business strategies, for example, adjusting the cut-off scores when baselines change significantly.",Fully automated model performance tracking system. Identification of triggers and KPIs for updating or realignment of the models are fully integrated with business strategies.,Business Sponsor,Retail; Financial; Communications; Manufacturing; Travel & Transport; Energy & Natural Resources; Healthcare,Financial; Analytics Operations,True,False,Big Data Capability Review; Data Warehouse Maturity Review; AI and Machine Learning Review; Custom Review
702,Outcomes,Analytic Capabilities,Credit Risk Appetite - understanding risk bearing capacity as a basis for all risk appetite considerations,"No risk appetite defined, or defined by exception post-losses.",Judgemental lending policies. Limited data generated on an ad-hoc basis supporting risk appetite statements. Appetite reviews are done by exception.,"Basic risk bearing capacity and risk appetite defined, portfolio management by volumes/value, but not by more sophisticated Risk KPI . Appetite reviews performed annually. Risk appetite is managed by specific product.","Detailed definiton of risk bearing capacity and risk appetite, portfolio structure measured on VaR and similar KPIs.Appetite reviews are performed quarterly or more often driven by portfolio triggers. Risk appetite is integrated across products within a business.","Detailed definitions of risk bearing capacity and appetite, portfolio structures and capital consumption measured/monitres on VaR and similar KPIs – both standalone and overall portfolio/interaction views. Appetite can be reviewed as and when required by management with immediate impact to lending. Risk appetite harmonized across business lines.",Business Sponsor,Financial,Financial; Risks and Threats,True,False,Big Data Capability Review; Data Warehouse Maturity Review; AI and Machine Learning Review; Custom Review
703,Outcomes,Analytic Capabilities,Pre-default analytics - Understanding transactional behaviour to better identify risks and opportunities within portfolios,No regular pre-default transaction analysis is performed. Analysis is done by exception as part of post-loss investigation.,Transaction analytics done on an aggregated level for statistical reporting purposes. Drill downs on patterns done by exception.,"Formative classificiaton of transactions performed, likely to be monthly batch,  rudimentary detection of changes in lifestyle, income, etc. Analytics performed to isolate transaction patterns upon investigation. Analysis limited to one product, with very little correlation to other products.","Event libary available, detailed comprehensive classification of transactions performed, leads & flags generated and sent to channels for execution. Transaction analysis is done across products, establishing cross-default patterns and behavior.",Real time classifaction of transactions based on event library. Suspicious transactions blocked and/or other customer interactions initiated in „real time“. Event libraries updated dynamically with transaction patterns identified as they occur.,Business Sponsor,,Risks and Threats,False,False,Big Data Capability Review; Data Warehouse Maturity Review; AI and Machine Learning Review; Custom Review
704,Outcomes,Analytic Capabilities,Risk-based pricing and valuation - deciding proper risk-based pricing for various customer and product situations,Pricing policies ignore risk levels. Some exceptional pricing policies kept on a relationship level.,"Pricing reviews done manually. Some ad-hoc risk based policy implemented. Judgmental decision making is the norm. Pricing models are standalone, little integration with other functional units.","Risk based pricing models using statistical, retrospective probability models. Models validated every 12 months. Pricing reviews triggered manually by business, but parameters are derived from historical data. Pricing is product-based.","Risk based pricing using advanced statistical and machine learning modeling incorporating business cycles, cross-product, and customer level input. Reviews can be done monthly. Pricing is product and customer/relationship-level.","Risk based pricing models incorporate all data, channels, interactions, associations, and customer/entity networks. Models updated dynamically. All risk models harmonized across business lines, product lines, and customer groups. Automated pricing decisions performed within parameters set by business.",Business Sponsor,Financial,Product; Financial; Operations; Risks and Threats,True,False,Big Data Capability Review; Data Warehouse Maturity Review; AI and Machine Learning Review; Custom Review
705,Outcomes,Analytic Capabilities,Credit Portfolio Management - actively managed credit risks centrally (credit trasury unit) to optimize risk return profile,No portfolio management. Portfolios are managed on a deal/transaction basis.,Reuse of code and rules is limited. Analysts reuse rules by manually copying and pasting. Rules often basic and judgmentally driven.,"Analysts access existing rules & definitions stored in a partially shared repository, which can be searched and incorporated into the new models or strategies.  Multiple rule engines may exist across the business. Monthly data, in arrears,  is the norm.",Existing rules  and rule combinations can be deployed onto automated portfolio analysis system / rule engine. Rule and portfolio  hierarchies exist and monitoring is at individual and combination rule level. Data refresh likely to be day + x.,"Portfolio models and rules are optimized and incorporated into business rule engine,  includes  common rules across multiple business division, including sophisticated algorithms and rule combinations. Scenarios analyses can be turned round on-demand. Latency of data is low.",Business Sponsor,Financial,Customer; Product; Financial; Operations; Risks and Threats,True,False,Big Data Capability Review; Data Warehouse Maturity Review; AI and Machine Learning Review; Custom Review
706,Outcomes,Analytic Capabilities,Revenue Assurance - actively analysis and reporting on revenue losses through system or customer action,,,,,,Business Sponsor,Retail; Financial; Communications; Manufacturing; Travel & Transport; Energy & Natural Resources; Healthcare,Financial,True,True,Big Data Capability Review; Data Warehouse Maturity Review; AI and Machine Learning Review; Custom Review
707,Outcomes,Analytic Capabilities,Collections and Recoveries Optimization - Provide clear and transparent collections analytics to support better collections management and prediction,No or limited collections strategy. Manual collections process and tactical approach to receivable and past-due management.,"Minimal collections strategy. Models updated on an ad-hoc basis. Some pockets of automation. Judgmental decision making is the norm. Models are standalone, little integration with other functional units.","Collection strategy driven by statistical models, decision trees and retrospective probability models. Models validated every 12 months. Operational processes using scoring for automation. Manual integration of collection across business and functional units.","Collection strategy incorporates some unstructured data. Models validated every 3-6 months. Model factory institutionalized. Models utilize internal and external data. Fully data-based statistical models. Collection activity is integrated across enterprise, various business, product, and functional groups.","Collection strategy incorporates all data, channels, interactions, associations, and customer/entity networks. Models updated dynamically. All collections models harmonized with Risk, Finance, Marketing.",Business Sponsor,Retail; Financial; Communications; Manufacturing; Travel & Transport; Energy & Natural Resources; Healthcare,Financial,True,False,Big Data Capability Review; Data Warehouse Maturity Review; AI and Machine Learning Review; Custom Review
708,Outcomes,Analytic Capabilities,"Understand Asset Failure - Gain fundamental visibility, quantification and criticality of asset issues/failures in the field","Capturing and performing basic analysis of relationships among key data types with an eye on improving asset failure forecasting and mitigation, including maintenance history, Bill of Material and design history, Supply chain data, Engineering Data and Customer/customer service data.","nstituting periodic reporting to ease management’s ongoing ability to achieve initial, “low hanging fruit” improvements in asset failure forecasting and mitigation, from integrated data including maintenance history, Bill of Material and design history, Supply chain data, Engineering Data, and Customer/customer service data.","Building and deploying diagnostic, frequently refreshed analytics which accelerate management’s ability to catch leading indicators of potential failures and enhance understanding of failure exposure across entire fleet. Analytics may factor in Geographic/GPS and Equipment Sensor Data in addition to Supply chain, Engineering,  and Customer/customer service.","Leveraging predictive analytics to enable near real-time  visibility into and mitigation of emerging and potential asset failures, proactive management of failure exposure across entire fleet, and prioritize costs of addressing failures in the field. Analytics do factor in Geographic/GPS and Equipment Sensor Data in addition to Supply Chain, Engineering,  and Customer/Customer Service.","Deploying prescriptive analytical models to achieve industry-leading failure rates and cutting-edge visibility into and mitigation of emerging and potential asset failures. Successfully using the same models and capabilities to continuously minimize failure exposures across the fleet through strategically designed maintenance, and to prioritize costs of addressing failures in the field.",Business Sponsor,Retail; Financial; Communications; Manufacturing; Travel & Transport; Energy & Natural Resources; Healthcare,Operations; Asset Lifecycle Mgmt,True,False,Big Data Capability Review; Data Warehouse Maturity Review; AI and Machine Learning Review; Custom Review
709,Outcomes,Analytic Capabilities,"Decrease Service Issues due to New Product Delivery - using analytics to predict and detect risks to network availability, stability or performance resulting from the introduction of a new product or service","Considering potential methodologies to identify and leverage under utilised assets and infrastructure.  Experimenting with a limited range of existing BI tools, Excel etc.","Analysing, reporting and making some decisions based on a limited range of traditional analytical and reporting functions, and a representative range of factors, variables and data sources to identify and leverage under utilized assets.  Generating some analytics and BI reports though BI and visualization tools.","Analysing, reporting and making asset utilization and capacity decisions at an operational level on a regular and ongoing basis; based on a limited range of traditional analytical and reporting functions, as well as a comprehensive range of factors, variables and conventional data sources.  Extensive use of BI and visualisation tools and applications","Working with a variety of traditional analytical methods and and a limited amount of advanced analytical tools and functions to create new insights and predict outcomes of asset usage changes ; based on the integration, combination and analysis of a wide variety of conventional data sources and a limited number of new data sources to create new sources of insight.","Working with a comprehensive range of data sources and multi-genre analytical tools, methods and processes to create new insights and prescriptive outcomes based on the application of a wide variety of advanced analytical techniques on a number of standard and non-standard data sources",Business Sponsor,Communications,Operations; Asset Lifecycle Mgmt,False,False,Big Data Capability Review; Data Warehouse Maturity Review; AI and Machine Learning Review; Custom Review
710,Outcomes,Analytic Capabilities,Maintain or Improve Quality of Service through Product Uptake Prediction - using analytics to proactively identify the likely impact to network Quality of Service (QoS) as a result of a new product or service,The carrier has reporting available on network QoS at a local level and can align subscriber counts to the same area to get a rough guess on what the impact of the event to QoS could be.,"The carrier produces a multivariate model can be developed based on historical product and network information to produce a general impact at a market level, at the end point of the event window, with sizing coming from general segmentation work on the subscriber base.",The carrier produces multivariate model can be developed based on historical product and network information to produce a daily forecast throughout the event window at a localized level based on pre-existing network history of the targeted segments for the event.,The carrier produces multiple multivariate models to both product buying and network utilization impacts of the event based on refined segmentation at a localized level.,"The carrier produces multiple multivariate models that make predictions at < 1% variance from actual and has real-time alerting at a sector level where capacity is being exceeded, and provide recommendations on what network augmentations would relieve the capacity constraint.",Business Sponsor,Communications,Operations; Asset Lifecycle Mgmt,False,False,Big Data Capability Review; Data Warehouse Maturity Review; AI and Machine Learning Review; Custom Review
711,Outcomes,Analytic Capabilities,Revenue Generation from Under Utilized Assets - Understand where there is excess productive capacity and influence spend and infrstrtucture plans to better use the asset,"Considering potential methodologies to identify and leverage under utilised assets and infrastructure.  Experimenting with a limited range of existing BI tools, Excel etc.","Analysing, reporting and making some decisions based on a limited range of traditional analytical and reporting functions, and a representative range of factors, variables and data sources to identify and leverage under utilized assets.  Generating some analytics and BI reports though BI and visualization tools.","Analysing, reporting and making asset utilization and capacity decisions at an operational level on a regular and ongoing basis; based on a limited range of traditional analytical and reporting functions, as well as a comprehensive range of factors, variables and conventional data sources.  Extensive use of BI and visualisation tools and applications","Working with a variety of traditional analytical methods and and a limited amount of advanced analytical tools and functions to create new insights and predict outcomes of asset usage changes ; based on the integration, combination and analysis of a wide variety of conventional data sources and a limited number of new data sources to create new sources of insight.","Working with a comprehensive range of data sources and multi-genre analytical tools, methods and processes to create new insights and prescriptive outcomes based on the application of a wide variety of advanced analytical techniques on a number of standard and non-standard data sources",Business Sponsor,Retail; Financial; Communications; Manufacturing; Travel & Transport; Energy & Natural Resources; Healthcare,Operations; Asset Lifecycle Mgmt,True,False,Big Data Capability Review; Data Warehouse Maturity Review; AI and Machine Learning Review; Custom Review
712,Outcomes,Analytic Capabilities,Prioritise Technology to Implemention - A systematic approach to identify which new technology will have the highest possible impact,Considering and making decisions on a representative range of factors influencing implementation choices (eg cost; customer impact; infrastructure impact; training requirements etc),Analysing and making decisions on a representative range of factors influencing implementation choices.,Analysing and making decisions on a comprehensive range of factors influencing implementation choices (eg TCO; customer impact; infrastructure impact; training requirements; environmental & location-based influencers; public perception; Regulator perception; etc),Working analytical models to determine TCO and benefit vs risk for all deployments of new technology.,Comprehensive and prescriptive TCO and benefit vs risk analytical models for all deployments of new technology.,Business Sponsor,Retail; Financial; Communications; Manufacturing; Travel & Transport; Energy & Natural Resources; Healthcare,Operations; Asset Lifecycle Mgmt,True,False,Big Data Capability Review; Data Warehouse Maturity Review; AI and Machine Learning Review; Custom Review
713,Outcomes,Analytic Capabilities,Assess Impact on Asset Maintenance - understand the impact of new technologies on MRO processes and procedures,Considering and making decisions on a representative range of short and medium-term factors influencing maintenance practices (eg additional cost; increased H&S risk; training requirements etc).,Analysing and making decisions on a representative range of short and medium-term factors influencing maintenance practices.,Analysing and making decisions on a comprehensive range of factors influencing maintenance practices (eg long-term costs; asset degradation or unpredicted behaviours; training requirements; environmental & location-based influencers; increased H&S risk; etc).,Working analytical models to determine overall influence and benefit vs risk for maintenance practices.,Comprehensive and prescriptive overall influence and benefit vs risk analytical models for maintenance practices.,Business Sponsor,Retail; Financial; Communications; Manufacturing; Travel & Transport; Energy & Natural Resources; Healthcare,Operations; Asset Lifecycle Mgmt,True,False,Big Data Capability Review; Data Warehouse Maturity Review; AI and Machine Learning Review; Custom Review
714,Outcomes,Analytic Capabilities,"Optimise Procurement Procedures - ensure that procurement exercises recognise the complexity of new technology investments are not simply ""lowest cost to meet technical specifications"".",Considering and making Procurement decisions on a representative range of factors additional to Technical & Functional Specifications (eg historic reliability of asset classes / vendors; potential for increased H&S risk; training requirements etc).,Analysing and making Procurement decisions on a representative range of factors additional to Technical & Functional Specifications (eg historic reliability of asset classes / vendors; potential for increased H&S risk; training requirements etc).,Analysing and making Procurement decisions on a comprehensive range of factors additional to Technical & Functional Specifications (eg historic reliability of asset classes / vendors; potential for increased H&S risk; training requirements etc).,Working analytical models to make Procurement decisions.,Comprehensive and prescriptive analytical models to make Procurement decisions.,Business Sponsor,Retail; Financial; Communications; Manufacturing; Travel & Transport; Energy & Natural Resources; Healthcare,Operations; Asset Lifecycle Mgmt,True,False,Big Data Capability Review; Data Warehouse Maturity Review; AI and Machine Learning Review; Custom Review
715,Outcomes,Analytic Capabilities,Assess Potential/Actual Performance against Specs - understand the real performance of new techologies,Considering and planning based on the implications of new technologies operating differently to specifications.,Analysing and making investment and deployment decisions on a representative range of performance factors additional to manufacturers’ Technical & Functional Specifications,Analysing and making Procurement decisions on a comprehensive range of performance factors additional to manufacturers’ Technical & Functional Specifications,Working analytical models describing the actual performance of new assets and asset classes.,Comprehensive and prescriptive analytical models describing the actual performance of new assets and asset classes.,Business Sponsor,Communications; Manufacturing; Travel & Transport; Energy & Natural Resources,Operations; Asset Lifecycle Mgmt,False,False,Big Data Capability Review; Data Warehouse Maturity Review; AI and Machine Learning Review; Custom Review
716,Outcomes,Analytic Capabilities,Assess Suitability vs current infrastructure - use analytics to understand the impact of new assets against the existing production infrastructure,Considering and making Procurement and deployment decisions on a representative range of factors additional to Technical & Functional Specifications (eg historic reliability of asset classes / vendors; potential for increased H&S risk; training requirements etc).,Analysing and making Procurement and deployment decisions on a representative range of factors additional to Technical & Functional Specifications (eg historic reliability of asset classes / vendors; potential for increased H&S risk; training requirements etc).,Analysing and making Procurement and deployment decisions on a comprehensive range of factors additional to Technical & Functional Specifications (eg historic reliability of asset classes / vendors; potential for increased H&S risk; training requirements etc).,Working analytical models to make Procurement and deployment decisions.,Comprehensive and prescriptive analytical models to make Procurement and deployment decisions.,Business Sponsor,Retail; Financial; Communications; Manufacturing; Travel & Transport; Energy & Natural Resources; Healthcare,Operations; Asset Lifecycle Mgmt,True,False,Big Data Capability Review; Data Warehouse Maturity Review; AI and Machine Learning Review; Custom Review
717,Outcomes,Analytic Capabilities,"Optimize and Plan Assets - Proactive and methodical approach to service quality, compliance and cash flow improvements realised from aligning capital investment to revenue growth",Budgeting and forecasting asset deployment based on population / demographic data.,Expand asset deployment plan to include aggregated asset usage profile at target geo-locations of interest.,"Enhance asset deployment plans with individual customer usage profile, pattern and quality of service experience at various locations.",Apply advanced analytic techniques to asset planning cycle to predict revenue growth aligned to  capital investments.,"Proactive and methodical approach to multi-genre analytics by applying machine learning to optimise investments in assets by continual model development, learning and prediction of asset utilisation and growth needs. Utilise multiple data sources (e.g. revenue growth forecast, customer experience and asset investments) to improve profitability from improved optimisation of assets.",Business Sponsor,Retail; Financial; Communications; Manufacturing; Travel & Transport; Energy & Natural Resources; Healthcare,Operations; Asset Lifecycle Mgmt,True,False,Big Data Capability Review; Data Warehouse Maturity Review; AI and Machine Learning Review; Custom Review
718,Outcomes,Analytic Capabilities,Value-Based Asset Decommissioning - organised and routine monitoring of assets to recover and/or redeploy non-productive assets,Capacity based asset deployment based on population / demographic data with sporadic or a little consideration for re-deployment or decommissioning of assets.,Extend capacity based asset deployment planning to evaluate existing under-utlised assets based on usage trends brought into the routine.,Actively decommission and re-deploy existing assets in new locations that have a higher demand and reduce capex to improve cash flows.,Track return on investment generated by the asset and apply advanced analytic techniques to predict revenue growth to determine re-deployment options.,"Organised and routine monitoring  of asset utilisation based on analytic model development and prediction to improve capex, opex and cash flows.",Business Sponsor,Retail; Financial; Communications; Manufacturing; Travel & Transport; Energy & Natural Resources; Healthcare,Operations; Asset Lifecycle Mgmt,True,False,Big Data Capability Review; Data Warehouse Maturity Review; AI and Machine Learning Review; Custom Review
719,Outcomes,Analytic Capabilities,Capacity Planning - proactive approach to planning asset requirements to meet demand,Capacity planning based on aggregated asset / service usage trends.,Expand capacity planning to include usage profile at target geo-locations of interest to determine capacity requirements based on demographic shifts in target geo-locations.,"Enhance capacity planning with individual customer usage profile, pattern and quality of service experience at various geo-locations to determine asset performance/capacity in line with customer satisfaction.",Apply advanced analytic techniques in capacity planning cycle to predict revenue growth aligned to usage growth and  capital investments. Include neighbourhood analysis to determine potential usage in geo-locations where no asset exists and predict service utilisation.,"Proactive and methodical approach to capacity planning by applying model development, learning and prediction of asset utilisation and growth needs. Utilise multiple data sources (e.g. revenue growth forecast, customer experience and asset investments) to improve profitability from improved asset deployment plans.",Business Sponsor,Retail; Financial; Communications; Manufacturing; Travel & Transport; Energy & Natural Resources; Healthcare,Operations; Asset Lifecycle Mgmt,True,False,Big Data Capability Review; Data Warehouse Maturity Review; AI and Machine Learning Review; Custom Review
720,Outcomes,Analytic Capabilities,Asset and Power Management - systematic approach to monitor and effectively manage the organisation's technical infrastructure which is impacted by randomly unstable power/electric/transmission/leakage,Load Alarm & Outages on weekly in batch mode and run basic analysis to discover trends.,Collect on frequent basis (every day) alarms & outages in order to analyse the network/infrastructure and use the output to understand the network/infrastructure behaviour,Collect on frequent basis (every 1 or 2 hours) alarms & outages in order to monitor & analyse the network/infrastructure and use the output to solve issues affecting customer experience & service.,"Collect on frequent basis (less than 30 minutes) alarms, outages & complains in order to monitor & analyse the network/infrastructure and use the output to solve issues affecting customer experience & service availability and to optimise the available resources to maintain the best possible quality","Collect in real-time alarms, outages, customer experience, complains and other data sources in order to monitor & analyse the network/infrastructure in almost real-time and use the output to predict any service degradation, proactively  solve issues before affecting customer experience & service availability and to optimise the available resources to maintain the highest quality",Business Sponsor,Retail; Financial; Communications; Manufacturing; Travel & Transport; Energy & Natural Resources; Healthcare,Operations; Asset Lifecycle Mgmt,True,False,Big Data Capability Review; Data Warehouse Maturity Review; AI and Machine Learning Review; Custom Review
721,Outcomes,Analytic Capabilities,"Lifecycle Insight - Increase proactive management of all factors impacting product quality, performance and cost at all stages of the lifecycle","Capturing and organizing both traditional product lifecycle data and ncremental data types that impact product performance over its lifecycle, including unit/serial number-level data on components from outside suppliers, supplier performance, sensor readings from equipment, and drivers of warranty claims.","Employing periodic reporting leveraging the integration of traditional product lifecycle data with incremental data types that impact product performance over its lifecycle, including unit/serial number-level data on components from  outside suppliers, supplier performance, sensor readings from equipment, and drivers of warranty claims.","Building and deploying diagnostic, frequently refreshed analytics tied to integrated traditional product lifecycle data  and incremental data types e.g. unit/serial number-level data on components from  outside suppliers, supplier performance, sensor readings from equipment, and drivers of warranty claims.  Accelerates  identification and addressing of issues impacting supplier performance,  the manufacturing process defects, warranty and product time to market.","Leveraging predictive, analytics which use integration of all relevant data to enable near real-time identification and addressing of issues impacting supplier performance,  manufacturing process defects, warranty and product time to market.","Use of comprehensive and prescriptive analytical models to most proactively manage the manufacturing process, optimize supplier performance, service products in the field, minimize warranty costs and forecast them with greater accuracy, optimize product cost, and manage the product throughout its lifecycle.",Business Sponsor,Retail; Financial; Communications; Manufacturing; Travel & Transport; Energy & Natural Resources; Healthcare,Operations; Asset Lifecycle Mgmt,True,False,Big Data Capability Review; Data Warehouse Maturity Review; AI and Machine Learning Review; Custom Review
722,Outcomes,Analytic Capabilities,"Product/Service Reliability - provide on-going systematic reliability modelling for all physical products and services, including components, sub-assemblies and finished goods based on actual field performance","Gather  nascent Product and Service data.   Designing KPIs and data capture methodologies.  Begin analysing patterns of product and service failure product, service, region and manufacturing plant. Planning.  Some deployment.  Planning how to roll out.  Define service delivery processes. Define and deploy core service tracking and delivery forms.","Using product and service failure rates,  identifying  by product, service, dealer, regions etc.  Start to identify the rules that govern how to improve field service and product improvement.  Actively planning for and deploying expanded metrics for quality. Expanded definition for Service Define.",Using statistical control analytics to evaluate both product and service delivery excellence.  Extensive adoption across the organization for the analytic view of the business processes.  The customer will be aware of how the product service delivery process is monitored.  The customer is able to identify the breadth of the tracking to identify all products and services n the field that share the same failure characteristic.   Well defined service and failure levels are defined and understood within the company as well as by the customer base.,"The application of statistical & analytics techniques are driving new product and service innovation.  For product development, for example, sub assemblies are being designed out of the product, driving lower product failures.  For services, the service delivery process is defined at a detailed level, performance is traced, and service failures are tracked.  Process optimization is part of the product and service delivery process.  The new techniques significantly shortens the exposure time in the field and helps the errant organization react to failures rapidly, thus limiting the negative product and service perception among customers.  Process widely adopted across the company.","Full integration of data though out the product and service delivery lifecycle that leads to immediate identification of failure patterns.  Acknowledged expert within their industry.  Process widely accepted across the business.  The company points out their product and service delivery as part of public announcements.   Through KPI tracking data combined with the history of data, tracking and modelling is considered  standard process.   Failure identification and remediation takes hours or days.  Remediation is part of a known and understood process.  Fixes happen quickly and smoothly.  Customers, vendors, product managers and service delivery managers look to the process to drive continual improvement.",Business Sponsor,Retail; Communications; Manufacturing; Travel & Transport; Energy & Natural Resources; Healthcare,Operations; Asset Lifecycle Mgmt,False,False,Big Data Capability Review; Data Warehouse Maturity Review; AI and Machine Learning Review; Custom Review
723,Outcomes,Analytic Capabilities,Financial Reporting Regulation - TBA,,,,,,Business Sponsor,Retail; Financial; Communications; Manufacturing; Travel & Transport; Energy & Natural Resources; Healthcare,Financial,True,True,Big Data Capability Review; Data Warehouse Maturity Review; AI and Machine Learning Review; Custom Review
724,Outcomes,Analytic Capabilities,Disclosure - TBA,,,,,,Business Sponsor,Retail; Financial; Communications; Manufacturing; Travel & Transport; Energy & Natural Resources; Healthcare,Financial,True,True,Big Data Capability Review; Data Warehouse Maturity Review; AI and Machine Learning Review; Custom Review
725,Outcomes,Analytic Capabilities,Collusion and Fixing - TBA,,,,,,Business Sponsor,Retail; Financial; Communications; Manufacturing; Travel & Transport; Energy & Natural Resources; Healthcare,Financial; Risks and Threats,True,True,Big Data Capability Review; Data Warehouse Maturity Review; AI and Machine Learning Review; Custom Review
726,Outcomes,Analytic Capabilities,Regulated Rate Controls - TBA,,,,,,Business Sponsor,Retail; Financial; Communications; Manufacturing; Travel & Transport; Energy & Natural Resources; Healthcare,Financial,True,True,Big Data Capability Review; Data Warehouse Maturity Review; AI and Machine Learning Review; Custom Review
727,Outcomes,Analytic Capabilities,Occupational Safety -  TBA,,,,,,Business Sponsor,Retail; Financial; Communications; Manufacturing; Travel & Transport; Energy & Natural Resources; Healthcare,Human Resources; Risks and Threats,True,True,Big Data Capability Review; Data Warehouse Maturity Review; AI and Machine Learning Review; Custom Review
728,Outcomes,Analytic Capabilities,Compensation and Benefit Rules - TBA,,,,,,Business Sponsor,Retail; Financial; Communications; Manufacturing; Travel & Transport; Energy & Natural Resources; Healthcare,Human Resources,True,True,Big Data Capability Review; Data Warehouse Maturity Review; AI and Machine Learning Review; Custom Review
729,Outcomes,Analytic Capabilities,Trade Rules Management - TBA,,,,,,Business Sponsor,Retail; Financial; Communications; Manufacturing; Travel & Transport; Energy & Natural Resources; Healthcare,Operations,True,True,Big Data Capability Review; Data Warehouse Maturity Review; AI and Machine Learning Review; Custom Review
730,Outcomes,Analytic Capabilities,Sanctions - TBA,,,,,,Business Sponsor,Retail; Financial; Communications; Manufacturing; Travel & Transport; Energy & Natural Resources; Healthcare,Operations,True,True,Big Data Capability Review; Data Warehouse Maturity Review; AI and Machine Learning Review; Custom Review
731,Outcomes,Analytic Capabilities,Restricted Goods - TBA,,,,,,Business Sponsor,Retail; Financial; Communications; Manufacturing; Travel & Transport; Energy & Natural Resources; Healthcare,Operations; Risks and Threats,True,True,Big Data Capability Review; Data Warehouse Maturity Review; AI and Machine Learning Review; Custom Review
732,Outcomes,Analytic Capabilities,Truth in Advertising - TBA,,,,,,Business Sponsor,Retail; Financial; Communications; Manufacturing; Travel & Transport; Energy & Natural Resources; Healthcare,Operations; Marketing; Risks and Threats,True,True,Big Data Capability Review; Data Warehouse Maturity Review; AI and Machine Learning Review; Custom Review
733,Outcomes,Analytic Capabilities,Product/Service Performance - TBA,,,,,,Business Sponsor,Retail; Financial; Communications; Manufacturing; Travel & Transport; Energy & Natural Resources; Healthcare,,True,True,Big Data Capability Review; Data Warehouse Maturity Review; AI and Machine Learning Review; Custom Review
734,Outcomes,Analytic Capabilities,Privacy Protections - TBA,,,,,,Business Sponsor,Retail; Financial; Communications; Manufacturing; Travel & Transport; Energy & Natural Resources; Healthcare,Customer; Marketing; Risks and Threats,True,True,Big Data Capability Review; Data Warehouse Maturity Review; AI and Machine Learning Review; Custom Review
735,Outcomes,Analytic Capabilities,Environmental Protection - TBA,,,,,,Business Sponsor,Retail; Financial; Communications; Manufacturing; Travel & Transport; Energy & Natural Resources; Healthcare,Operations,True,True,Big Data Capability Review; Data Warehouse Maturity Review; AI and Machine Learning Review; Custom Review
736,Outcomes,Analytic Capabilities,"Transaction Classification - the classification of account transactions to better understand customer behaviour, life stage, channel usage and prefernces",Summarised transactional data collected that does not have required level of detail to enable granular classification.,Raw transactional data collected but no systematic classification undertaken.,Some transactional classification undertaken for a few transaction types and use cases. Process is manual and run monthly or on an ad-hoc basis.  Insights are added to the customer record.,Scheduled and automated process classifies the most significant transactions on a daily basis. Fully maintained reference library with manual process to add / update new transactions and insights.,Significant transactions classified in near-real-time for continual use in customer understanding and decisioning.   Automatic classification of new transaction types via customer self classification.,Business Sponsor,Retail; Financial; Communications; Travel & Transport; Healthcare,Customer; Financial,True,False,Big Data Capability Review; Data Warehouse Maturity Review; AI and Machine Learning Review; Custom Review
737,Outcomes,Analytic Capabilities,Anti-Money Laundering - Optimize analytic processes to monitor customer activity suggestive of potential attempt to launder money,"Capture customer identifying information upon account setup, noting governmental issued identification source, address and other mandated Know Your Customer information to secure identity.  AML analysis is separate and within isolated functional unit from Fraud and Credit Risk functions.  Although much of the same data is used for these functional applications, data is not shared, i.e. resulting in unproductive data movement , replication, risk, and cost.","Realization that AML, fraud, Credit Risk analysis utilized a lot of the same data and detection schemes and data should be shared. Detection and monitoring of money flows across and within retail, commercial and corporate accounts and customer base.  Incorporate all products as potential vehicle for laundering money, e.g. mortgage early payoff, small business loan payoff, etc. Suspicious activity feeds Next Best Interaction protocol to ensure appropriate customer messaging","Meld Foreign Account Tax Compliance Act (FATCA) compliance into AML data set, given it is a lot of the same data. Same data foundation is shared (funding model opportunity)  between AML, fraud, and Credit Risk functional units.  In addition, Customer Experience (marketing) also utilizes same data set to manage relationship.",Incorporation of Path and Graph analysis functions to detect emerging paths to money laundering and suspicious  associations.,Operationalized advanced analytic functions  to troll for emerging anomalies suggestive of potential money laundering (e.g. Path and Graph functions).  Text analysis applied on communications between institutional agents (associates) and customer to detect suspicious dialogue.,Business Sponsor,Financial,Operations; Risks and Threats,True,False,Big Data Capability Review; Data Warehouse Maturity Review; AI and Machine Learning Review; Custom Review
738,Outcomes,Analytic Capabilities,Care Co-ordination - co-ordinate care for chronically ill patients/members to avoid adverse health events,Data on members or patients is kept in separate data marts or applications.   Complex data is paper based or scanned in documents. The effort to coordinate care is primariy manual.,"Integration of data to a 360 view of a patient that includes all medical treatments, tests, drugs, etc.  Also includes results of enagement with individuals.  Scheduling for services outside of traditional treatments is kept separate. Reporting is basic BI type of reporting.","360 View of the patient includes all interactions with care coordinator and includes  non-traditional data sources, such a transportation,  home care,etc.   Analytics  includes BI reportings, Dashboards and some predictive analytics.  Quality metrics are performed by a 3rd party solution.","360 view of the patient now integrates results of gaps in care  and dates when service was rendered to close the gap in care.  Predictives scores are included in the patient profile so care coordinators have more information about a patient, such as likely to use the ER due to distance from primary care doctor.  Providers have easy to access information about the patient care that highlights next best action for the patient.","Care teams have decision support automating outreach to patients based on predictive analytics ; reminders, coaching or indication of another adverse event to be avoided.  Outreach to patients is personalized and delivered via the channel of preference using HIPAA approved privacy and security.",Business Sponsor,Healthcare,Customer; Operations,False,False,Big Data Capability Review; Data Warehouse Maturity Review; AI and Machine Learning Review; Custom Review
739,Outcomes,Analytic Capabilities,"Care Management - manage care for a population of patients, including identifing the health needs of the population",Data on members or patients is kept in separate data marts or applications.   Complex data is paper based or scanned in documents.   All reporting is performed by a 3rd party and includes latency and lots of transfer for data.,"Integration of data to a 360 view of a patient that includes all medical treatments, tests, drugs, etc.  ID and Stratification maybe performed  in house or result of 3rd party product.   Results are typicall y kept in a separate dataset.  Gaps in Care analytics is typically performed by a 3rd party and also kept in the separate dataset.  Outreach is performed by nurses calling using a list of members, patients.","360 View of the patient includes  results of id and stratification.   Calls from nurses for outreach may also be included. Analytics  includes BI reportings, Dashboards and some predictive analytics.  Quality metrics are performed by a 3rd party solution.  Identifiy target individuals who should receive an in home assessment to determine chronic care illnesses.",360 view of the patient now integrates results of gaps in care and dates when service was rendered to close the gap in care.  Predictives scores are included in the patient profile so  likely to self-care will suppress the need for out reach for preventive care gap.  Providers have easy to access information about the patient care that highlights  gaps in care and patient’s predictive scores.   BI is now also measuring the effectiveness of outreach by type of quality measure and lifestyle of the patient.,"Care teams have decision support automating outreach to patients based on predictive analytics ; reminders, coaching or enrollment in a chronic care or wellness program.   Outreach to patients is personalized and delivered via the channel of preference using HIPAA approved privacy and security.   Providers who have been attributed to care of patients with gaps in care have bi-directional BI capability to enter data to attest to care provided that was not already in the patients/members .  Measure effectiveness of outreach includes channel, type of intervention  along with lifestyle and other patient segementation.",Business Sponsor,Healthcare,,False,False,Big Data Capability Review; Data Warehouse Maturity Review; AI and Machine Learning Review; Custom Review
740,Outcomes,Analytic Capabilities,Provider Management - manage contracts and performance of providers contracted with the healthcare organisation,"Data on providers is primarily from credientially data sources.  Contract metrics are stored in a spreasheet,  Reimbursement is based on an off the shelve fee schedule .  Reports are generated listing PMPM costs by provider.",Fee schedules  and capitation rates are stored in a claim adudication system and assigned to a product network.  Providers (practioners and physicians) are contractually tied to each network.  Reimbursement is defined by capitated PMPM monthly payment or fee schedules.  Quality reports are basically peer comparsion and measuring costs by treatment types PMPM.,Reimbursements to providers is still based on fee for service/capitation.   Quality metrics are applied to the primary care physicians based on preventative care and other agreed upon metrics.  Annual bonsues are calculated based on a pre-defined set of metrics.  Good quality providers get special mention in provider directories.  Data for metric calculations is still outside of the data warehouse as is the provider quality metric contract agreements.,Patients are attributed providers enrollment in value care based contracts.  Attribution models are based on selecting a primary care doctor or business rules involving office visits.  Value Based Payments are calculated on a quarterly basis evaluating utilization of patients attributed to care and a pre-defined set of quality metrics.  Analytics are still BI based and may be self-service.  Contract metrics are still kept silo’d by provider management department,"Providers have access to information on patients who have been attributed to their care, which gaps are relavent, what other providers  the patients has obtained care and what the finanical thresholds are for the provider at this point in time based on agreed upon thresholds.  They have the ability to enter corrections based on medical chart information and attest to the validing of the data. Operations produces metrics tying claim adjustments, claim rejections and greivance calls to providers for administrative quality.  Identifcation of provider recruitment is based on quality metrics both medical and administrative.",Business Sponsor,Healthcare,Supply Chain,False,False,Big Data Capability Review; Data Warehouse Maturity Review; AI and Machine Learning Review; Custom Review
741,Outcomes,Analytic Capabilities,Claims Management - Optimize claims processing of insurance and healthcare claims,"Claims processing is performed by a 3rd party.  All claims available for the data warehouse are adjudicated claims only.  KPIs, etc are produced by 3rd party.","Claims processing increases first pass resolution rate due to electronic submission of claims, benefits and authorizations maintained in a single system.  Claims that are loaded into a data warehouse are primarily adjudication claims.  Reports are standard operational KPIs with dashboards.",Claims processing either in-house or by 3rd party has high rate of first pass resolution (no suspends) and low rate of errors (adjustments).  KPIs are dashboards and can tie productivity down to claim source and claim processor.  Claims that are captured for fraudulent analysis are adjudicated but may be captured prior to payments being sent out of house.  Claims submitted to a data warehouse is more frequent; such as daily.,Claims submitted for adjudication but not yet paid can be loaded to a data warehouse to be an early identifier of a change in patient status.  Additional operational analytics is applied to daily loads of both adjudicated and suspended claims into a data warehouse to identify areas for processing improvement and support other time senstive analysis in the organization.  Analytics involves mining techniques.,"Analyze in-coming EDI transactions to determine quality of coding for root cause remediation and possible fraudulent activity.  Compare in-coming EDI transactions to adjudicated claims and out-going EDI transactions for processing accuracy, compliancy of authorizations and claim outcome.  Target problem areas to reduce adminstriative cost and prevent complaints.   EDI transactions to be stored in HADOOP for big data type of data mining.",Business Sponsor,Financial; Healthcare,Customer; Operations,True,False,Big Data Capability Review; Data Warehouse Maturity Review; AI and Machine Learning Review; Custom Review
742,Outcomes,Analytic Capabilities,Pharmacy Management - Provide operational oversight and measurements in operations,"Billing and Collections processes automated, but disparate, Product is primary business focus, with little patient-centricity.  JIT logistics regularly exceed 10% write-offs due to diversion/ OOS/overstock/unsaleables.","Dispensing records and inventory management are separate; reports are in place for each and reconciliations regularly occur. Billing and Collections processes are primarily automated, but separate from actual practice. Basic AR/AP reporting in place, but no connection with actual Payor and Vendor interactions. JIT logistics are basic, with 5-10% write-offs due to diversion/ OOS/overstock/unsaleables.","Drug utilization review is real-time, accurate information for product(s).  Drug information data is sourced from an interoperable data repository. Billing terms and conditions are automatically applied. Audit preparation is manual, accreditation is frequent.  Pharmacist time often split between dispensing/clinical. JIT logistics have room for improvement, with 2-5% write-offs due to diversion/OOS/overstock/unsaleables.","Clinical care is common.  Medication reconciliation is ongoing.  Inventory and Dispensing are interoperable, with lean just-in-time stock.  Robotics, pumps, dispensing processes are automated using granular and timely data. Billing terms and conditions are automatically applied. Audit preparation is mostly electronic, accreditation common. DUR is automated and alerts are case-specific; alert fatigue is minimal.  Acute-care, chronic care transitions are regular and consistent. JIT logistics have 2% write-offs due to diversion/ OOS/overstock/unsaleables. clinical time is a significant factor, with PQA standards utilized.","Care teams are well coordinated, with EHR communications interoperable with analytics to assist practitioners with clinical results.  Computerized clinical decision-making is incorporated into practices and driven by Evidence-based medicine. Cost–effectiveness studies consistently achieve top results.  Audit preparation is streamlined, accreditation consistently maximized. JIT logistics regularly achieve below 2% write-offs due to diversion/OOS/overstock/unsaleables",Business Sponsor,Healthcare,Customer; Operations,False,False,Big Data Capability Review; Data Warehouse Maturity Review; AI and Machine Learning Review; Custom Review
743,Outcomes,Analytic Capabilities,Contract Compliance Management - ensuring efficient contract compliance management supporting rapid change management actions for non-compliant vendors,"No automated approach, manual collection of data with limited historical data available, non timely decision for non compliant vendors  - lack of root cause analysis  - no insight for better negotiations.","Basic KPIs defined, Semi-automated approach and data collection, no full visibility on vendor compliance, delay in action implementation – delayed supplier change  management -  basic  root cause analysis . No linkage between KPIs and contract terms",Timely and on demand  vendor compliance analysis  based on historical data using a manual process – centralized storage of contracts in standardized format -   manual root case analysis with corrective action plans  managed manually,"All supplier compliance related metrics and KPis  defined and implemented - Automated dashboards that drive supplier contract compliance ensure visibility on relevant KPI’s- automated and timely reporting of non-compliant suppliers  -  automated  root case analysis with clear corrective action plan . Full impact analysis of non-compliance on service, revenue and margin","Timely decision making on cost optimization decisions – Predictive non compliance analysis - rapid change management for suppliers out of compliance ensuring cost optimization – optimized contract negotiations considering impacts on risk, revenue and margin",Business Sponsor,Healthcare,,False,False,Big Data Capability Review; Data Warehouse Maturity Review; AI and Machine Learning Review; Custom Review
744,Outcomes,Analytic Capabilities,"Suppplier Collaboration - Build a close working relationship to jointly improve service, availability and efficiency whilst reducing costs and inventory","Manual sharing of demand data, typically sales history at chain level, by week/month either via a basic sales portal or file sharing (Excel)
Supplier performance measured using spreadsheets
No understanding of the impact of poor supplier performance on downstream supply chain service",Development of a sales portal to share demand data with suppliers. No active collaboration between parties,"Automated Sharing of sales forecast data at location level by day
Supplier performance dashboards  developed in BI tool
Portals used to manage purchase order status tracking to identify potential supply issues
Impact analysis of joint supply chain failures on service and inventory","Calculation and sharing of future purchase order forecasts, future promotion plans to support joint planning and new launch activities In order to improve overall supply chain service and optimise inventory levels  driving lower costs and reduce lead-times. Active collaboration between partners","Active sharing of limited basket sales data and inventory data  by location to support improved operational KPIs, causal analysis and impact analysis of supply chain failures. Close collaboration between partners to address joint challenges and improve costs, efficiencies and service.",Business Sponsor,Retail; Financial; Communications; Manufacturing; Travel & Transport; Energy & Natural Resources; Healthcare,Financial; Supply Chain,True,False,Big Data Capability Review; Data Warehouse Maturity Review; AI and Machine Learning Review; Custom Review
745,Outcomes,Analytic Capabilities,"Supplier Performance Management - Analytics ensuring efficient governance of vendor and category performance, profitability, and compliance while meeting customer expectations","No automated approach, manual collection of data with limited historical data available, aggregated information analysed,  product centric approach rather than vendor, limited insights that are not available in non timely decision, no control over number and quality of suppliers","Basic KPIs defined, Semi-automated approach and data collection, limited to major categories only, no full visibility on vendor performance and compliance, delay in action implementation, no thresholds defined, unclear approval process",Timely and on demand  vendor performance analysis with a granularity on the category level in an automated exception driven process – based on historical data using a manual approval process – centralized storage of contracts in standardized format,"all cross-functional  supplier management related metrics and KPis  defined and implemented - Vendor scorecard implemented  Balancing supply & demand measurements - vigorous insight driven vetting and approval process – proper trading and compliance partner management, cost efficient vendor management","Predictive Vendor and industry level analysis , identifying potential supply failures or supply opportunities with  proactive decisions  on cost optimization, service improvement and efficiency – Cost Efficient category management - clear buying thresholds  for all categories based on historical contracts and vendor analysis - Automated processes across hundreds of vendors/categories",Business Sponsor,Retail; Financial; Communications; Manufacturing; Travel & Transport; Energy & Natural Resources; Healthcare,Financial; Supply Chain,True,False,Big Data Capability Review; Data Warehouse Maturity Review; AI and Machine Learning Review; Custom Review
746,Outcomes,Analytic Capabilities,"Spend Analytics - improve margins through product, vendor, procurement and expenses cost optimisation using advanced profitability models",Manual collection of data - Basic product profitability analysis with limited visibly on direct and indirect costs – no vendor level  or cross vendor comparison -  Cost driven procurement – high level OPEX monitoring,Semi automated data collection - Product profitability analysis without addressing root causes of cost increase -  Vendor profitability based on cost of sales only - Cost driven procurement – limited cost optimization initiatives . Typically standard ERP reporting at summary levels.,Timely and on demand  vendor and product  performance analysis with a granularity on the product level in an automated exception driven process – good understanding of vendor profitability - well defined pricing guidance – Cost optimization initiatives  in place lacking prioritization  - Enhanced procurement decisions limited to major products . Combination of ERP and non ERP data.,Clear cost of sales structure in place – Detailed product profitability analysis and well defined pricing structure – Cost efficient vendor negotiations and purchase agreement - consistent cost calculation methods across the enterprise and across vendors – Procurement policy taking into consideration implication on supply chain,Cross Vendor and product cost analysis - Vendor portfolio management – Clear vendor/supplier mix in place -  Optimize  processes based  on cost implication - adherence to expense containment policies throughout the organization – Well prioritized OPEX reduction initiatives eliminating low value high cost activities,Business Sponsor,Retail; Financial; Communications; Manufacturing; Travel & Transport; Energy & Natural Resources; Healthcare,Financial; Supply Chain,True,False,Big Data Capability Review; Data Warehouse Maturity Review; AI and Machine Learning Review; Custom Review
747,Outcomes,Analytic Capabilities,Global Spend Visibility - Consolidating and integrating purchase information from multiple source ERPs to provide a global view of spend information,"No automated approach, manual collection of data at summarised level.","Fixed time frame, semi automated reporting at an aggregated level with limited visibility for “global” vendors.  Limited consolidation to “global” vendor or for cross region materials because of poor master data references.","Timely and on demand  purchasing reports at location/sku granularity in an automated exception driven process.
Multiple currencies supported with consolidation to primary currency (e.g. USD) for reporting, use of DUNS or other global identifier for vendor hierarchies across regions.
Purchase Price variation analysis with alerts in place.",Use of risk management techniques to identify and reduce supply disruption.  Identification of supplier  and product risks at a global level.,Near time event driven alerts to support purchasing strategy (e.g. Oil purchase hedging or other commodities).,Business Sponsor,Retail; Financial; Communications; Manufacturing; Travel & Transport; Energy & Natural Resources; Healthcare,Financial; Supply Chain,True,False,Big Data Capability Review; Data Warehouse Maturity Review; AI and Machine Learning Review; Custom Review
748,Outcomes,Analytic Capabilities,"Purchasing Optimisation - Optimize costs to servce model by improving vendor terms and conditions balancing cost of inventory, handling and storage",Manual collection of data - Basic product profitability analysis with limited visibly on direct and indirect costs –manual intuitive assessment of spot buy opportunities - Cost driven procurement,Semi automated data collection - Product profitability analysis without addressing root causes of cost increase - limited cost optimization initiatives  related to inventory and storage cost  -  Manual assessment of spot buy opportunities with lack of proper forecasting capabilities.,"Timely and on demand  procurement  cost analysis with a granularity on the product level in an automated exception driven process – good understanding of vendor profitability – Procurement Cost optimization initiatives  in place lacking prioritization  - Enhanced procurement decisions limited to major products - assessment of spot buy opportunities with ,limited manual forecasting capabilities.",Clear cost of sales structure in place – Detailed product profitability analysis and well defined pricing structure – Cost efficient purchase agreement  negotiations--  Procurement policy taking into consideration implication on supply chain – Automated and analytics driven forecasting capabilities,Cross Vendor and product cost analysis -  Optimized  processes based  on cost implication - adherence to expense containment policies throughout the organization – purchasing optimization fully integrated with spend analytics capabilities,Business Sponsor,Retail; Financial; Communications; Manufacturing; Travel & Transport; Energy & Natural Resources; Healthcare,Financial; Supply Chain,True,False,Big Data Capability Review; Data Warehouse Maturity Review; AI and Machine Learning Review; Custom Review
749,Outcomes,Analytic Capabilities,Supplier Risk Management - Proactively assess and balance supply across the supply base to mitigate potential risks to supply,"No automated approach, manual collection of data at summarised level.","Fixed time frame, semi automated reporting at an aggregated level with limited visibility for vendors.    Generally performed after vendor issues have started to determine potential impact – very ad-hoc type of analysis","Supplier Performance and trend early warning alerts, for sudden or long term changes based on delivery or quality types of changes.  Identification of “top” vendors, impact to COGS for price changes, some sensitivity analysis on pricing impact to COGS. Vendor stability analysis, evaluating external financial sources and other media to identify potential changes in a vendors ability to deliver (e.g. poor financial performance, potential mergers and sales, etc…)","Identification of risks exposure to a vendor and product shortage based on forecasted demand  Tracking through of all finished goods relying on a particular vendor/material to support sales, link to product classification (Sole, Single, Commodity) to determine potential exposure to sales.   Price comparison including “total landed cost” of a material from one vendor or another, including all terms, currencies, taxes, inventory holding etc… to compare actual costs.","Rapid analysis of potential supply  disruption in the event of unplanned external influences (disaster, terrorism etc), understanding the potential impact on supply and identification of mitigating actions to protect supply and service.",Business Sponsor,Retail; Financial; Communications; Manufacturing; Travel & Transport; Energy & Natural Resources; Healthcare,Financial; Supply Chain; Risks and Threats,True,False,Big Data Capability Review; Data Warehouse Maturity Review; AI and Machine Learning Review; Custom Review
750,Outcomes,Analytic Capabilities,Forecasting (Short/Long Term) - deliver the most accurate prediction of demand to improve supply chain performance,"No automated approach, manual collection of data at summarised level. Typically a top down approach using averages
Short historical used (often 4 to 6 weeks), no reaction to trend, poor forecast accuracy (if measured)","Fixed time frame, semi automated forecasting at an aggregated level with basic allocation of forecast across products and/or locations based upon heuristics.
Short term forecast horizon, poor forecast accuracy","Timely and on demand  forecasting  at location/sku granularity in an automated exception driven process
Multiple forecast methods applied automatically, self adapting to  trend, specific method for slow moving products.
Automatic seasonal profiling catering for short and long seasonal products. Forecasting over varying time horizons and time buckets (daily/weekly) – vastly improved forecast accuracy","Demand model analytics approach using multiple  internal and external influences (eg weather, price, competition)
Model forecast for new product and new stores. Advanced daily forecasting and reforecasting techniques","Real time interpretation of social media, web interaction, customer sentiment, location based analytics
Near time event driven demand predictions.
Affinity and cannibalisation impact of promoted and non-promoted product
Within day on demand forecasting in hourly time buckets to support short lead time replenishment (12 hours)",Business Sponsor,Retail; Financial; Communications; Manufacturing; Travel & Transport; Energy & Natural Resources; Healthcare,Customer; Financial; Supply Chain; Marketing,True,False,Big Data Capability Review; Data Warehouse Maturity Review; AI and Machine Learning Review; Custom Review
751,Outcomes,Analytic Capabilities,Event Management - Delivering an end to end planning and management capability to improve promotion and seasonal event revenue and margin performance,"No automated approach, manual collection of  historical data at summarised level, generally excel spreadheet to predict promotional uplifts and seasonal event sales. High level forecasts broken down to store level using average store contribution to product group sales. Limited analysis of promotional success (typically reporting impact on promoted items only). Poor forecast accuracy","Promotional forecasts generated at product level using previous promotional performance of similar promotions. Uplifts broken down to location level using averages
Limited analysis of promotional success (typically reporting impact on promoted items only)","Promotional uplift forecasts and sales profiles generated for each location based on previous promotional performance  typically using simple price elasticity models and key causal factors (eg media type and quality)
Limited analysis of promotional success (typically reporting impact on promoted items and category performance), considering pull forward of demand. On-going analysis of promotion performance from day 1 of promotion,","Using past promotional performance and associated promotional mechanics to  create predictive models. Using association analysis to estimate cannibalisation/halo impact on other non promoted items. Identifying key item to drive larger baskets through promotion. Using a bottom up forecasting approach  with “what if” capabilities
Calendar adjustment regarding historical years
Measuring the full impact of the promotion (promoted item, associated items, categories, baskets, missions) v targets","Real time interpretation of social media,, web interaction, customer sentiment, location based analytics
Near time event driven demand predictions.
Exception alerts to highlight poor and over performing locations and products . Prediction of end of promotion performance v targets.",Business Sponsor,Retail; Financial; Communications; Manufacturing; Travel & Transport; Energy & Natural Resources; Healthcare,Customer; Product; Supply Chain; Marketing,True,False,Big Data Capability Review; Data Warehouse Maturity Review; AI and Machine Learning Review; Custom Review
752,Outcomes,Analytic Capabilities,Forecast Performance Managmeent - To nmeasure and improve the foreasting process to better support the supply chain planning and exectuion functions in a more economical fashion,"No automated approach, manual collection and reporting of data, inconsistent use (method) of metrics, Typically measuring accuracy by product on a weekly or monthly basis, not considering accuracy by location or by smaller time buckets (ie not MAPE)","Fixed time frame, semi automated reporting at an aggregated level  using MAPE with limited forecast “lags”*.   

* Lags are the horizon the forecast is made compared to the actual it is compared to – e.g. a 2 Month lag is a forecast made 2 months earlier for the current month comparison.","Forecast performance measured at multiple levels, across multiple lags to support performance measures vs. various decision points (e.g. vendor contract time, production commit time, distribution time, etc…).  Evaluating the performance  (of forecasting) of advertising and promotional activities.
Multiple measures applied, consistent method of calculation across the organization.","Use of different historical data types – invoice, shipment, order, … to determine best method for supporting supply chain decisions.  Impact analysis of forecast error – tying to inventory value,, COGS, production variability, expediting costs.
Production/Supply delays highlighted to remove from “error” components caused by supply constraints.",Bringing in Economic and external information to identify causes of forecast error and incorporate into the forecast process to improve the actual forecast.  Example is weather data or new housing starts etc… that impact product usage in the long or short term.,Business Sponsor,Retail; Financial; Communications; Manufacturing; Travel & Transport; Energy & Natural Resources; Healthcare,Customer; Product; Supply Chain; Marketing,True,False,Big Data Capability Review; Data Warehouse Maturity Review; AI and Machine Learning Review; Custom Review
753,Outcomes,Analytic Capabilities,Order Analysis - Optimising the accuracy of orders and the effective flow of inventory,"Orders reviewed manually each day removing any time to model, tune and maintain ordering parameters which leads to additional inaccuracies in orders meaning even more orders are manually adjusted. Leads to “knee jerk” over-reactions  to either reduce inventory or reduce out of stocks in an on-going cycle. Many emergency orders raised out of the normal ordering cycle.",Orders continue to be reviewed manually every day. “Back to basics” exercise performed on an infrequent basis to review and adjust ordering parameters to reflect current business conditions and demand profiles. Improves order accuracy on a temporary basis but will become obsolete within time so benefits not sustained.,"Orders automatically reviewed against targets (eg stock cover generated, potential out of stocks)  generating exception alerts to highlight potential issues allowing majority of orders within target to be released automatically without manual review allowing users to focus on order exceptions and the underlying reasons  and tune ordering parameters where appropriate.","Orders automatically reviewed against targets (eg stock cover generated, potential out of stocks)  generating exception alerts to highlight potential issues allowing majority of orders within target to be released automatically without manual review . System automatically identifies causes of exceptions and recommends adjustments","Automated process for monitoring ordering parameters to remain within targets, highlighting potential ordering issues before they arise, providing the use with “what if” capability to model the optimum replenishment parameters going forward. Need a long term demand and inventory plan  detailing projected orders and deliveries to support the process.",Business Sponsor,Retail; Financial; Communications; Manufacturing; Travel & Transport; Energy & Natural Resources; Healthcare,Financial; Supply Chain,True,False,Big Data Capability Review; Data Warehouse Maturity Review; AI and Machine Learning Review; Custom Review
754,Outcomes,Analytic Capabilities,Fulfilment - Deliver just in time inventory through the supply chain to meet customer demand at the best economical level,"No automated approach, manual collection of data at summarised level, and order pushed manually using spreadsheets or rudimentary solutions on an as need basis, typically using min max replenishment calculations. Limited order accuracy analysis","Fixed time frame, semi automated replenishment considering basic ordering constraints (MOQ, lead time, order cycle,) Manual management of constraints and safety stock,. High levels of manual intervention to review and release orders. High levels of stockouts and  high levels of inventory across stores and products, no consistency.","Timely and on demand  replenishment at location/sku granularity in an automated exception driven process
Multiple replenishment methods applied automatically for push and pull replenishment.  Dynamic management of safety stock levels using contribution analysis of the performance of each item in each location.   Automatic release of orders reducing manual intervention. Significantly reduced out of stocks and inventory levels","Multiple source and echelon managed to replenish stores in the most efficient way, with ability to change flow very quickly in response to demand volatility.
Ability to react quickly to unforeseen events by tracking them and adjust order and replenishment which are already in the pipe
Time-phased future order plans  to support collaboration, strategic planning and capacity planning and what if planning","Real time analysis of demand volatility to adjust order quantities.
Intra-day, on demand  order generation enabling rapid replenishment to support perishable products",Business Sponsor,Retail; Communications; Manufacturing; Travel & Transport; Energy & Natural Resources; Healthcare,Financial; Supply Chain,False,False,Big Data Capability Review; Data Warehouse Maturity Review; AI and Machine Learning Review; Custom Review
755,Outcomes,Analytic Capabilities,Product Lifecycle Management - actively manage products through their lifecycles to ensure the most appropriate stocking and inventory management policies are applied at each lifecycle stage,"Manual planning of product introduction and end of life using spreadsheets resulting in poor availability and excess inventory across locations
Manual adjustment of inventory factors (desired service, safety stock levels etc), typically left to the last minute of forgotten","Tracking early product performance at chain level compared to  forecast, typically weekly, some stores sell out some stores have excess stock – manual process to rebalance stock
End of life managed manually, typically, demand shaping activities left until too late to clear residual stocks. Measures taken at chain level resulting in some stores selling out early and others still having residual stock
Automated mature replenishment  though typical F&R system to manage products through mature lifestage","Tracking early product  performance by location by day, to identify potential under and over stock situation allowing early reaction to ensure stock is optimally balanced across all locations
Use controlled end of life residual stock prediction and manual modelling of remedial actions to improve sell through and reduce residual stocks
Manual management of supply chain constraints through the lifecycle, typically reactive, not planned and proactive","Automatically adjusting safety stock factors each week (desired service levels, forecast sensitivity, etc) based on product sales performance at each stage of its lifecycle. Availability maintained throughout lifecycle  and inventory automatically managed out of the supply chain when needed. Seasonal sales profiles automatically created and maintained","Agile hold and flow techniques employed to ensure the right inventory goes to the right stores based on early life performance, integrated with allocation and replenishment solutions
End of life residual stock position automatically predicted  in each location with recommendations of remedial actions to ensure optimal sell through to drive margin and revenue",Business Sponsor,Retail; Financial; Communications; Manufacturing; Travel & Transport; Energy & Natural Resources; Healthcare,Product; Financial; Supply Chain,True,False,Big Data Capability Review; Data Warehouse Maturity Review; AI and Machine Learning Review; Custom Review
756,Outcomes,Analytic Capabilities,"Sales & Operations Planning (S&OP) - To evaluate and actively balance future demand and supply, to plan production, capacity, resources and inventory, linking to the business/financial plan","No automated approach, manual collection and reporting of data, inconsistent use (method) of metrics, arguing on where numbers come from/derived. Multiple versions of the same data resulting in inconsistencies. No formal S&OP process, data reviewed on an ad-hoc basis infrequently.","More formal “Excel” based reporting process, single owner, more consistency of data, but still issues over synchronisation of data  extracts and granularity of data resulting in inaccurate KPIs. S&OP review process formalised with regular (weekly/monthly) review cycles","Formal S&OP tool with drill down capability, documentation of assumptions, systematic approach to data source and integration.  Ability to do root cause and view Aggregate to detailed level of S&OP hierarchy for all products/services. Exception capability to highlight potential issues.","Ability to do “what-if” analysis for supply constraints and to adjust plans and allocate product by profitability/key customers etc…
Financial components (e.g. reports in currency, not just quantity) being used to help drive decisions on demand/supply and profitability.",Brining in Economic and external information to identify/predict causes of demand and supply changes.  These are incorporated in the planning process to improve the plan as well as understand financial implications.  Example is weather data or new housing starts etc… that impact product usage in the long or short term.  Other examples include a hurricane that reduces product supply from a given region/port and will cause changes that impact inventory/supply/demand for a period of time.,Business Sponsor,Retail; Financial; Communications; Manufacturing; Travel & Transport; Energy & Natural Resources; Healthcare,Product; Financial; Operations; Supply Chain,True,False,Big Data Capability Review; Data Warehouse Maturity Review; AI and Machine Learning Review; Custom Review
757,Outcomes,Analytic Capabilities,"Supply Network Optimisation - Optimise the Supply Chain Network by identifying the ideal locations for manufacturing facilities, warehouses, and /or distribution and fulfillment centers",No automated approach to determining locations of facilities or transportation lanes/provider.  Decisions are based upon minimal analysis of historical data intended to predict future requirements. Decisions made in isolation with no consideration of impacts on other operations or the wider supply chain.,Infrequent use of basic high level  information to occasionally review current network structure and make minor changes to improve flow of good through the supply chain. Data isn’t integrated therefore most decisions are made in isolation and don’t consider  wider supply chain implications,Regular use of consolidated data to foster an on-going review of the current network structure.  Includes use of future projected volumes by regions and/or demographics to provide the ability to plan and recommend future changes. Majority of time is still spent on collecting and consolidating data from multiple systems.,"Creation of a single view of integrated , consistent supply chain data which drives regular  pre-emptive modification to transportation network design and/or providers as well as future projected requirements. Decisions consider the wider supply chain implications with the ability to model the impact of changes on the rest of the supply chain.
Use of on-line demand and delivery geo-spatial  data to plan on-line fulfilment modes and locations (eg service from DC, existing Store or fulfilment centre)",Real time analysis of predicted demand used to dynamically change transportation requirement and drive facility optimization to react to potential demand changes across the network.,Business Sponsor,Retail; Financial; Communications; Manufacturing; Travel & Transport; Energy & Natural Resources; Healthcare,Operations; Supply Chain,True,False,Big Data Capability Review; Data Warehouse Maturity Review; AI and Machine Learning Review; Custom Review
758,Outcomes,Analytic Capabilities,"Distribution / Fulfillment Performance Analysis - Provide the ability to measure, predict and enhance the performance of distirbution and fulfillment activities","Manual system of data entry and collection of internal and external data required to report performance metrics on a weekly or monthly  frequency. Typically based around each location, no overall visibility of performance.",Some integration with 3PL providers and internal data sources such that daily or weekly reporting of performance metrics is accomplished for most all operations within the supply chain. Inconsistent reporting of performance data across different locations.,"Automated consolidation and integration of all data within the supply chain (both internal and external providers) enabling consistent daily reporting of all distribution, fulfilment and transportation functions to all operating personnel.","Near real time ability to report performance in all areas of the logistics execution service areas, providing visibility of potential bottlenecks allowing pre-emptive actions to mitigate impacts.","Real time ability to know report and predict performance in all areas of the logistics execution service areas (distirbuiton center, fulfilment operation and transportation).  This includes the ability to provide advanced notification to customers and trading partners of future expected delivery ETA as well as regular updates as required.",Business Sponsor,Retail; Financial; Communications; Manufacturing; Travel & Transport; Energy & Natural Resources; Healthcare,Operations; Supply Chain,True,False,Big Data Capability Review; Data Warehouse Maturity Review; AI and Machine Learning Review; Custom Review
759,Outcomes,Analytic Capabilities,Lot / Batch Track and Trace - Provide the ability to quickly identify the history associated with products and components/ingredients to minimise impact and financial exposure,"Manual system of data entry and collection of supplier and manufacturing data.  Location specific, no overall visibility of data. No capability to trace causes or impacts of issues.",Some integration with suppliers and other partners in the supply chain to track component products/ingredients as well as movement of goods throughout the supply chain. Still no overall visibility of data. Limited capability to trace causes or impacts of issues,"Regular automated consolidation and  integration of all key manufacturing data to allow for a full view of products components as well as storage locations and point of sale (POS). Enables causal analysis and impact analysis of issues, with focussed recall activities",Integrated data with both suppliers as well a retailers which ties lot/batch activity to consumer purchases at the point of purchase. Full visibility of product history allowing granular causal and impact analysis with highly focussed recall activities (Capability includes the ability to initiate rapid communication with will parties effected by impacted product),"Real time ability to know the location of all lots and batches of a product, allowing immediate remedial actions (eg stopping production line, distribution etc)  This capability includes both internal and external locations, including consumer contact information (phone, address, etc).  
Analysis of historical issues and impacts to predict and pre-empt future issues.",Business Sponsor,Retail; Financial; Communications; Manufacturing; Travel & Transport; Energy & Natural Resources; Healthcare,Operations; Supply Chain,True,False,Big Data Capability Review; Data Warehouse Maturity Review; AI and Machine Learning Review; Custom Review
760,Outcomes,Analytic Capabilities,Shipment / Load Planning - Improve supply chain cost effectiveness and service levels by optimizing the shipment and load planning process,"Ad-hoc, no automated approach, manual collection and interpretation of data to support consolidation of container loads of single sku / single vendor truck loads","Time interval, No automated approach, manual collection and interpretation of data to support consolidation of multiple sku, single vendor truck loads","Automated time interval,  rule based analysis of data to aggregate multiple sku per vendor using demand / order projections not only of next bulk order but also of future bulk orders for order pull forward","Active automated time interval, rule based container load suggestions based on multiple sku over multiple vendors  based on incoterms (eg. FOB consolidation per source mainport for far east container deliveries) for upcoming delivery using pull forward.
Modelling ordering, transport, distribution constraints to optimise container fill through demand shaping and joint replenishment processes","Active automated time interval, rule based container load suggestions based on multiple sku over multiple vendors  based on incoterms (eg. FOB consolidation per source mainport for far east container deliveries).
Ability to perform “what  if” scenario analysis to determine the optimum way of executing the load",Business Sponsor,Retail; Communications; Manufacturing; Travel & Transport; Energy & Natural Resources,Operations; Supply Chain,False,False,Big Data Capability Review; Data Warehouse Maturity Review; AI and Machine Learning Review; Custom Review
761,Outcomes,Analytic Capabilities,Availability / Lost Sales Analysis and Optimisation - Improve product availability through the prediction and active management fo potential lost sales situations,"Manual, infrequent silo’d, summarised, measurement of on shelf availability, typically, spreadsheet based, using end of day inventory levels to calculate availability. Availability typically based on number of products in range which are out of stock (no consideration of volume)","More systematic reporting of on shelf availability using BI tool. Considers sales volume of each out of stock item to provide a demand weighted view  of availability, still based on end of day inventory and only considers full days of out of stock – typically inaccurate for slow moving products","Causal analysis of poor availability with basic calculations of lost sales by comparing actual sales to forecast sales. Ability to track causes of lost sales back through the supply chain to identify opportunities to improve systemic issues (forecast accuracy, supplier performance, lead times etc)","Employing different probability modelling techniques for slow and fast moving products 
Using with in day sales to identify when  a product went off sale (before end of day) and when it came back on sale (after start of day) and calculate an accurate lost sales based upon a demand model
Using probability models to identify  potential out  of stock situations of slow moving giving a more accurate assessment","Using near time sales to predict and identify  potential lost sales  of fast moving products and generate alerts to warn stores to check deliveries, back room stock to ensure product is available to sell.",Business Sponsor,Retail; Communications; Manufacturing; Travel & Transport; Energy & Natural Resources,Financial; Supply Chain,False,False,Big Data Capability Review; Data Warehouse Maturity Review; AI and Machine Learning Review; Custom Review
762,Outcomes,Analytic Capabilities,"Supply Chain Visibility - Provides the end to end, time phase inventory visibilty by product and inventory status throughout the enterprise",Manual system of data entry and collection of internal and external data required to track inventory and associated costs throughout the supply chain. Typically by location with little integration or visibility across the supply chain,"integration of high level summarised data with 3PL providers and internal data sources such that a daily or weekly snapshot of inventory, orders, shipments and costs throughout the supply chain is available to the organization.",Regular automated consolidation and  integration of all detailed data within the supply chain (both internal and external providers) so that current and future inventory plans are available throughout the supply chain. Provides consistent data and reporting KPI’s across the supply chain,"Near real time ability to report inventory and costs in all areas of the supply chain, highlighting potential future inventory issues",Real time visibility to inventory  and costs throughout the supply chain supporting supply chain planning and risk mitigation activities.  This includes the ability to provide detailed costs at the SKU level and rolled up at facility and/or customer views.,Business Sponsor,Retail; Financial; Communications; Manufacturing; Travel & Transport; Energy & Natural Resources; Healthcare,Product; Financial; Supply Chain,True,False,Big Data Capability Review; Data Warehouse Maturity Review; AI and Machine Learning Review; Custom Review
763,Outcomes,Analytic Capabilities,"Order to Cash - Link Sales and Finance organisations, integrating sales with customer payments, returns, rebates etc to help determine true customer profitability","No automated approach, manual collection and reporting of data.  Long latency on reporting and collection activities.","ERP supported reporting of sales and receivables data.  Timely, but limited to ERP capabilities, manual effort for identifying mismatches between terms, payments, prices, etc…","Consolidated Receivables  information  and reports, on demand, by product,  customer, region, organization etc…  Alerts or rankings by payments not matching deliverables, currency conversion differences and other miss-matches between terms, conditions, expected and actual receivables.","Balancing (optimizing) between terms, payments and price with customers to ensure on time payment, but considering all aspects of the total profitability of the goods.  Actions that support reduction of Days Sales Outstanding and cash collections.",Integrating ERP and ERP information at the most granular level to provide a definitive view of cash flow and accurate allocations of costs. Proactive monitoring of cash flow highlighting potential issues and challenges through exceptions  and alerts,Business Sponsor,Retail; Financial; Communications; Manufacturing; Travel & Transport; Energy & Natural Resources; Healthcare,Financial; Supply Chain,True,False,Big Data Capability Review; Data Warehouse Maturity Review; AI and Machine Learning Review; Custom Review
764,Outcomes,Analytic Capabilities,Supply Chain Financial Performance Analysis - Drive better business decisions based on financial impacts and performance of the supply chain,"Manual, infrequent silo’d, summarised, measurement of basic supply chain performance , spreadsheet based. No consistency across locations.","Measure standard supply chain metrics (CPC, Labour rates, pick rates etc) using averages, weekly/monthly, semi-automated data capture and analysis. Still oriented to each location, no overall supply chain view.",Automated consolidation and integration of supply transactions and costs across all locations in the supply chain allowing key operational processes to be aligned to financial performance. Consistent reporting across the supply chain with exception analysis highlighting best/poor performing processes/locations.,"Ability to capture, allocate and provide full visibility of all detailed cost through the supply chain to develop a detailed cost and profitability model by product, location and Customer at any point in time
Build profitability models over product lifetime. Build detailed cost to serve models to identify opportunities to drive efficiencies.",Near real time simulation and what if impact analysis of changes to supply chain to support supply chain optimisation,Business Sponsor,Retail; Financial; Communications; Manufacturing; Travel & Transport; Energy & Natural Resources; Healthcare,Financial; Supply Chain,True,False,Big Data Capability Review; Data Warehouse Maturity Review; AI and Machine Learning Review; Custom Review
765,Outcomes,Analytic Capabilities,"Quality Management - Provide an overall view across the entire value chain and life cycle to support consistent metrics, drive best pracitces and improve yield and customer satisfaction","No automated approach, manual collection of data at summarised level. Segregated non-consistent approach",Semi automated KPIs calculation on transactional data or available ERP data. Collection and integration of data  usually in Excel or other limited access tools,Integrated bottom up and top down view of company wide shared KPIs on manufacturing quality. Automated collection of data and display though dashboards and standardized reports,Integrated bottom up and top down transparency  of quality KPIs expanded with discovery capabilities to search for and detect emerging quality issues,"Real time KPI calculation based on data collected across the entire manufacturing process and life cycle.  External data (e.g. weather, AT) and other factors to relate to production quality/yield.  Sensor data analysis to determine quality of the actual sensors.",Business Sponsor,Retail; Financial; Communications; Manufacturing; Travel & Transport; Energy & Natural Resources; Healthcare,Operations,True,False,Big Data Capability Review; Data Warehouse Maturity Review; AI and Machine Learning Review; Custom Review
766,Outcomes,Analytic Capabilities,Manufacturing Performance - Improve the supply (production) capabilities of the manufacturing organisation in the most economical fashion,"No automated approach, manual collection and reporting of data.  Long latency on reporting and collection activities.","Siloes of reporting within and across sites.  Metrics are provided, but  little consistency in method and process.","Site and “global” level consistent metrics, integrating ERP, MES, Quality, MRO etc… manufacturing data.  Root cause analysis supported on a timely basis with automated collection of data.",Sensor data analysed and alerts with business rules recommend process deviation.  KPI’s across plants are provided to improve individual plant performance.  Predictive maintenance techniques in place to reduce un-planned down time of equipment.,"Real time capture of sensor data from the factory floor, with alerts and triggers to signal quality/performance deviation and recommend changes,  Parameter management in place to signal changes in data being used in planning and control systems (e.g. lead time deviation),",Business Sponsor,Manufacturing,Operations,False,False,Big Data Capability Review; Data Warehouse Maturity Review; AI and Machine Learning Review; Custom Review
767,Outcomes,Analytic Capabilities,"Global Plant Visibility - Provide an overall view across all plants / facilities to support consistent metrics, drive best practices and improve yield","No automated approach, manual collection of data at summarised level.","Semi automated KPIs calculation by plant, usually in Excel or other limited access tools","Automatic data collected for each of the plants individual systems with KPI calculations, summarized view across plants on a scheduled basis (usually monthly), but inconsistent metrics calculations","Global activity monitoring across facilities and process, integration of plant  (MES, QM, MRO, Historian, Sensor) and ERP systems.  Condition Based Maintenance and root cause supported.","Real time KPI calculation based on data collected across all plants.  External data (e.g. weather, AT) and other factors to relate to production quality/yield.  Sensor data analysis to determine quality of the actual sensors.",Business Sponsor,Retail; Financial; Communications; Manufacturing; Travel & Transport; Energy & Natural Resources; Healthcare,Operations,True,False,Big Data Capability Review; Data Warehouse Maturity Review; AI and Machine Learning Review; Custom Review
768,Outcomes,Analytic Capabilities,"Fleet Management - Locate, manage and optimise fleet investments aligned with business strategy",Manual system and processes for tracking fleet inventory and costs across some or all of the supply chain network.,Some integration within the organization to automate the location and utilization of the fleet.,The ability to track the location and full utilization of all of the fleet within an organization.  This includes the ability to identify most operating and depreciation costs.,Near real time tracking of the location and utilization of the fleet.  The ability to track all operating costs down to the individual unit within the fleet.,Real time visibility to all units within the fleet.  This level includes the ability to predict future utilization as well as anticipated operational costs down to the unit level.,Business Sponsor,Retail; Manufacturing; Travel & Transport; Energy & Natural Resources,Operations,False,False,Big Data Capability Review; Data Warehouse Maturity Review; AI and Machine Learning Review; Custom Review
769,Outcomes,Analytic Capabilities,Logistics Capacity Analysis - take long range plans and forecasts to create a roadmap required to ensure capacity for future growth exists,No automated approach to determining locations of facilities or transportation lanes/provider.  Decisions are based upon minimal analysis of historical data intended to predict future requirements.,"Use of basic information to occasionally review current capacities and make minor changes to improve flow of good through the supply chain. Decisions taken in isolation, not considering impacts on other supply chain processes or facilities.",Regular analysis of  consolidated data to foster an on-going review of the current logistics capacities.  Includes some use of future projected volumes by regions and/or demographics.,"Integrated supply chain data providing a single supply chain view. Regular modification to facility locations and sizes, processing areas to reflect future demand and capacity requirements,  transportation fleets and/or 3rd party providers. Exception reporting to predict and highlight potential capacity issues. “what –if” capability to determine impacts of changes to supply chain operations on the rest of the supply chain.",Real time analysis of predicted demand used to dynamically change logistics resources as required to maintain capacities at manageable levels and maintain supply chain service.,Business Sponsor,Retail; Communications; Manufacturing; Travel & Transport; Energy & Natural Resources,Operations; Supply Chain,False,False,Big Data Capability Review; Data Warehouse Maturity Review; AI and Machine Learning Review; Custom Review
770,Outcomes,Analytic Capabilities,Logistics Efficiency Analysis -Analysis to ensure that the best logistics service is being provided at the most economical cost,"Manual, infrequent silo’d, summarised, measurement of basic Logistics performance, spreadsheet based. No consistency across facilities","Measure standard Logistics metrics (OTIF, pick rates, vehicle fill etc) weekly/monthly, semi-automated data capture and analysis by location/facility. No end to end visibility across the supply chain","Single integrated, consistent view of detailed supply chain performance data allowing comparisons of facilities performance 
On demand automated measurement of key logistics metrics and dashboards 
Assigning actual costs to detailed performance metrics to identify cost saving and efficiency opportunities
Timely evaluation of historical lane, mode , 3PL usage metrics","Ability to capture, and provide full visibility of all Logistics performance metric and link to end Customer service achievement  identifying causes of service failures and identification of service improvement opportunities","Real time visibility of logistics performance  used to make inflight changes  to manage risk from unplanned events and maintain service (eg flood in a DC redirect orders to other DC, expedite decision (fly v ship))

Prediction of future performance challenges based on analysis of historical performance allowing pre-emptive actions to alleviate or mitigate impacts and maintain service",Business Sponsor,Retail; Communications; Manufacturing; Travel & Transport; Energy & Natural Resources,Operations; Supply Chain,False,False,Big Data Capability Review; Data Warehouse Maturity Review; AI and Machine Learning Review; Custom Review
771,Outcomes,Analytic Capabilities,Freight / Carrier Analysis - The economic measurement of transportation costs and performance as a component of the cost of goods sold,Manual system and processes for tracking shipment cost and delivery performance across some or all of the supply chain network.,Some integration with 3PL providers and internal data sources in order to provide weekly or monthly freight performance measurement.,Regular batch integration of all freight data within the supply chain (both internal and external providers) so that daily performance reporting is available throughout the supply chain.,Near real time freight performance tracking and cost reporting.  This includes the ability to identify network improvement including carrier routing and lane modifications.,"Real time visibility to internal freight and carrier performance throughout the supply chain.  This includes cost performance, service level tracking and the ability to identify real time routing and lane modifications to improve overall performance.",Business Sponsor,Retail; Communications; Manufacturing; Travel & Transport; Energy & Natural Resources,Financial; Operations; Supply Chain,False,False,Big Data Capability Review; Data Warehouse Maturity Review; AI and Machine Learning Review; Custom Review
