Theme,Capability,Sub_Capability,Data_Requirement,FSDM_Subject_Area,FSDM_Entities
Marketing and Customer Experience,Customer Insight,Transaction Classification,Single Customer View (Master Record),Party,PARTY; INDIVIDUAL; ORGANIZATION; HOUSEHOLD; PARTY_RELATIONSHIP; PARTY_IDENTIFICATION
Marketing and Customer Experience,Customer Insight,Transaction Classification,Account / Policy / Service Holdings,Agreement,AGREEMENT; PARTY_AGREEMENT_ROLE; AGREEMENT_PARTY_ROLE; AGREEMENT_RELATIONSHIP
Marketing and Customer Experience,Customer Insight,Transaction Classification,Account Status (open closed active / domant /inactive / closure reason ),Agreement,AGREEMENT; AGREEMENT_STATUS; AGREEMENT_STATUS_HISTORY
Marketing and Customer Experience,Customer Insight,Transaction Classification,Financial Transactions,Event,MONETARY_TRANSACTION; TRANSACTION_TYPE; FINANCIAL_TRANSACTION; PAYMENT
Marketing and Customer Experience,Customer Insight,Transaction Classification,Master & Reference Data - merchant / transaction,Event,MERCHANT; MERCHANT_CATEGORY; TRANSACTION_TYPE
Marketing and Customer Experience,Customer Insight,Predictive Models,Single Customer View (Master Record),Party,PARTY; INDIVIDUAL; ORGANIZATION; HOUSEHOLD; PARTY_RELATIONSHIP; PARTY_IDENTIFICATION
Marketing and Customer Experience,Customer Insight,Predictive Models,Customer Segments,Party,PARTY_CLASSIFICATION; PARTY_SEGMENT; PARTY_CLASSIFICATION_VALUE
Marketing and Customer Experience,Customer Insight,Predictive Models,Customer Contact Preferences,Party,PARTY_PREFERENCE; PARTY_CONTACT_POINT; ELECTRONIC_ADDRESS; POSTAL_ADDRESS
Marketing and Customer Experience,Customer Insight,Predictive Models,External Data - Social Media Data,Party,SOCIAL_MEDIA_ACCOUNT; SOCIAL_MEDIA_TRANSFER; SOCIAL_MEDIA_POST
Marketing and Customer Experience,Customer Insight,Predictive Models,Master & Reference Data - product,Product,Not mapped
Marketing and Customer Experience,Customer Insight,Predictive Models,Account / Policy / Service Holdings,Agreement,AGREEMENT; PARTY_AGREEMENT_ROLE; AGREEMENT_PARTY_ROLE; AGREEMENT_RELATIONSHIP
Marketing and Customer Experience,Customer Insight,Predictive Models,Account / Policy / Service Detail,Agreement,AGREEMENT; LOAN_TERM_AGREEMENT; DEPOSIT_AGREEMENT; INSURANCE_AGREEMENT; CREDIT_CARD_AGREEMENT
Marketing and Customer Experience,Customer Insight,Predictive Models,Account Status (open closed active / domant /inactive / closure reason ),Agreement,AGREEMENT; AGREEMENT_STATUS; AGREEMENT_STATUS_HISTORY
Marketing and Customer Experience,Customer Insight,Predictive Models,Account Feature Usage,Agreement,AGREEMENT_FEATURE; FEATURE; DESCRIPTIVE_FEATURE
Marketing and Customer Experience,Customer Insight,Predictive Models,Account Balances,Agreement,AGREEMENT_SUMMARY; BALANCE_SUMMARY; AGREEMENT_BALANCE
Marketing and Customer Experience,Customer Insight,Predictive Models,Account Maturity Dates & Repricing Schedules,Agreement,AGREEMENT; AGREEMENT_TERM; AGREEMENT_REPRICING_SCHEDULE
Marketing and Customer Experience,Customer Insight,Predictive Models,Profitability Results,Agreement,AGREEMENT_SUMMARY; AGREEMENT_PROFITABILITY; PRODUCT_PROFITABILITY
Marketing and Customer Experience,Customer Insight,Predictive Models,"Account Fees, Commissions & Charges",Event,MONETARY_TRANSACTION; FEE_TRANSACTION; COMMISSION_TRANSACTION; AGREEMENT_FEE
Marketing and Customer Experience,Customer Insight,Predictive Models,Non-Financial Transactions,Event,EVENT; NON_MONETARY_EVENT; DIRECT_CONTACT_EVENT
Marketing and Customer Experience,Customer Insight,Predictive Models,Service Usage,Event,CHANNEL_USAGE_METRIC; SERVICE_USAGE_EVENT; CHANNEL_INSTANCE
Marketing and Customer Experience,Customer Insight,Predictive Models,Complaint Data,Event,COMPLAINT; COMPLAINT_STATUS; COMPLAINT_RESOLUTION
Marketing and Customer Experience,Customer Insight,Predictive Models,Offline Customer Interactions - Branch,Event,DIRECT_CONTACT_EVENT; BRANCH_VISIT_EVENT; CHANNEL_INSTANCE
Marketing and Customer Experience,Customer Insight,Predictive Models,Offline Customer Interactions - Call Centre,Event,DIRECT_CONTACT_EVENT; CALL_EVENT; CHANNEL_INSTANCE
Marketing and Customer Experience,Customer Insight,Predictive Models,Offline Customer Interactions - letters,Event,DIRECT_CONTACT_EVENT; CORRESPONDENCE_EVENT; DOCUMENT
Marketing and Customer Experience,Customer Insight,Predictive Models,Offline Customer Interactions - sms text,Event,DIRECT_CONTACT_EVENT; SMS_EVENT; ELECTRONIC_ADDRESS
Marketing and Customer Experience,Customer Insight,Predictive Models,Online Interactions -  webchat (internal & external),Event,WEB_VISIT; WEB_PAGE_VIEW; ONLINE_INTERACTION_EVENT
Marketing and Customer Experience,Customer Insight,Predictive Models,Online Interactions colleague intranet,Event,WEB_VISIT; WEB_PAGE_VIEW
Marketing and Customer Experience,Customer Insight,Predictive Models,Online Interactions customer digital banking site (web log),Event,WEB_VISIT; WEB_PAGE_VIEW; EXTENDED_SESSION_INFORMATION; ONLINE_APPLICATION_ACCESS
Marketing and Customer Experience,Customer Insight,Predictive Models,Online Interactions customer general banking site,Event,WEB_VISIT; WEB_PAGE_VIEW; ONLINE_INTERACTION_EVENT
Marketing and Customer Experience,Customer Insight,Predictive Models,Online Interactions email - customer & employee,Event,DIRECT_CONTACT_EVENT; EMAIL_EVENT; ELECTRONIC_ADDRESS
Marketing and Customer Experience,Customer Insight,Predictive Models,Online Interactions prospect / unidentified customer (web log),Event,WEB_VISIT; WEB_PAGE_VIEW; VISITOR_INTERACTION_EVENT
Marketing and Customer Experience,Customer Insight,Predictive Models,Claims,Event,CLAIM; CLAIM_STATUS; CLAIM_PARTY_ROLE; CLAIM_PAYMENT
Marketing and Customer Experience,Customer Insight,Predictive Models,Defaults & Limit Breaches,Event,AGREEMENT_STATUS; DEFAULT_EVENT; LIMIT_BREACH_EVENT; AGREEMENT_RISK_METRIC
Marketing and Customer Experience,Customer Insight,Predictive Models,Customer interview / fact find,Event or Cross Subject - Document,DOCUMENT; SURVEY; SURVEY_QUESTION_RESPONSE; PARTY_DOCUMENT
Marketing and Customer Experience,Customer Insight,Predictive Models,Campaign History Data,Campaign,CAMPAIGN; CAMPAIGN_RESPONSE; CAMPAIGN_OFFER_RESPONSE; CAMPAIGN_WAVE
Marketing and Customer Experience,Customer Insight,Event Detection,Single Customer View (Master Record),Party,PARTY; INDIVIDUAL; ORGANIZATION; HOUSEHOLD; PARTY_RELATIONSHIP; PARTY_IDENTIFICATION
Marketing and Customer Experience,Customer Insight,Event Detection,KYC Data,Party,PARTY_IDENTIFICATION; PARTY_CLASSIFICATION; PARTY_IDENTITY_DOCUMENT; PARTY_COMPLIANCE_VERIFICATION
Marketing and Customer Experience,Customer Insight,Event Detection,Customer Demographics,Party,INDIVIDUAL; PARTY_DEMOGRAPHIC; PARTY_CLASSIFICATION; PARTY_PREFERENCE
Marketing and Customer Experience,Customer Insight,Event Detection,Customer Segments,Party,PARTY_CLASSIFICATION; PARTY_SEGMENT; PARTY_CLASSIFICATION_VALUE
Marketing and Customer Experience,Customer Insight,Event Detection,Customer Contact Preferences,Party,PARTY_PREFERENCE; PARTY_CONTACT_POINT; ELECTRONIC_ADDRESS; POSTAL_ADDRESS
Marketing and Customer Experience,Customer Insight,Event Detection,Customer Marketing Preferences,Party,PARTY_PREFERENCE; PARTY_MARKETING_PREFERENCE; PARTY_CONSENT
Marketing and Customer Experience,Customer Insight,Event Detection,External Prospect Data / Lists,Party,PARTY; PROSPECT; PARTY_LIST; PARTY_LIST_MEMBERSHIP
Marketing and Customer Experience,Customer Insight,Event Detection,External Data - Social Media Data,Party,SOCIAL_MEDIA_ACCOUNT; SOCIAL_MEDIA_TRANSFER; SOCIAL_MEDIA_POST
Marketing and Customer Experience,Customer Insight,Event Detection,External Data - Bureau data,Party,PARTY_CREDIT_BUREAU_REPORT; CREDIT_BUREAU_SCORE; PARTY_EXTERNAL_RATING
Marketing and Customer Experience,Customer Insight,Event Detection,Account / Policy / Service Holdings,Agreement,AGREEMENT; PARTY_AGREEMENT_ROLE; AGREEMENT_PARTY_ROLE; AGREEMENT_RELATIONSHIP
Marketing and Customer Experience,Customer Insight,Event Detection,Account / Policy / Service Detail,Agreement,AGREEMENT; LOAN_TERM_AGREEMENT; DEPOSIT_AGREEMENT; INSURANCE_AGREEMENT; CREDIT_CARD_AGREEMENT
Marketing and Customer Experience,Customer Insight,Event Detection,Account Status (open closed active / domant /inactive / closure reason ),Agreement,AGREEMENT; AGREEMENT_STATUS; AGREEMENT_STATUS_HISTORY
Marketing and Customer Experience,Customer Insight,Event Detection,Account Feature Usage,Agreement,AGREEMENT_FEATURE; FEATURE; DESCRIPTIVE_FEATURE
Marketing and Customer Experience,Customer Insight,Event Detection,"Application Data (New Customer, New Product)",Agreement,APPLICATION; APPLICATION_STATUS; APPLICATION_PARTY_ROLE
Marketing and Customer Experience,Customer Insight,Event Detection,Account Balances,Agreement,AGREEMENT_SUMMARY; BALANCE_SUMMARY; AGREEMENT_BALANCE
Marketing and Customer Experience,Customer Insight,Event Detection,Account Maturity Dates & Repricing Schedules,Agreement,AGREEMENT; AGREEMENT_TERM; AGREEMENT_REPRICING_SCHEDULE
Marketing and Customer Experience,Customer Insight,Event Detection,Customer Illustrations,Agreement,DOCUMENT; PARTY_DOCUMENT
Marketing and Customer Experience,Customer Insight,Event Detection,Customer Quotes,Agreement,APPLICATION; QUOTE; DOCUMENT
Marketing and Customer Experience,Customer Insight,Event Detection,Profitability Results,Agreement,AGREEMENT_SUMMARY; AGREEMENT_PROFITABILITY; PRODUCT_PROFITABILITY
Marketing and Customer Experience,Customer Insight,Event Detection,Account Limits,Cross Subject  -  Limits,AGREEMENT_LIMIT; LIMIT; PARTY_LIMIT
Marketing and Customer Experience,Customer Insight,Event Detection,Predictive Models - propensity to buy,Party or Agreement,ANALYTICAL_MODEL; MODEL_RUN; MODEL_SCORE; PARTY_MODEL_SCORE
Marketing and Customer Experience,Customer Insight,Event Detection,Predictive Models - attrition,Party or Agreement,ANALYTICAL_MODEL; MODEL_RUN; MODEL_SCORE; PARTY_MODEL_SCORE
Marketing and Customer Experience,Customer Insight,Event Detection,Predictive Models - price elasticity,Party or Agreement,ANALYTICAL_MODEL; MODEL_RUN; MODEL_SCORE
Marketing and Customer Experience,Customer Insight,Event Detection,"Provisions, Losses & Writeoffs",Party or Agreement,AGREEMENT_RISK_METRIC; PROVISION; WRITE_OFF; LOSS_EVENT
Marketing and Customer Experience,Customer Insight,Event Detection,Financial Transactions,Event,MONETARY_TRANSACTION; TRANSACTION_TYPE; FINANCIAL_TRANSACTION; PAYMENT
Marketing and Customer Experience,Customer Insight,Event Detection,"Account Fees, Commissions & Charges",Event,MONETARY_TRANSACTION; FEE_TRANSACTION; COMMISSION_TRANSACTION; AGREEMENT_FEE
Marketing and Customer Experience,Customer Insight,Event Detection,Non-Financial Transactions,Event,EVENT; NON_MONETARY_EVENT; DIRECT_CONTACT_EVENT
Marketing and Customer Experience,Customer Insight,Event Detection,Service Usage,Event,CHANNEL_USAGE_METRIC; SERVICE_USAGE_EVENT; CHANNEL_INSTANCE
Marketing and Customer Experience,Customer Insight,Event Detection,Complaint Data,Event,COMPLAINT; COMPLAINT_STATUS; COMPLAINT_RESOLUTION
Marketing and Customer Experience,Customer Insight,Event Detection,Offline Customer Interactions - Branch,Event,DIRECT_CONTACT_EVENT; BRANCH_VISIT_EVENT; CHANNEL_INSTANCE
Marketing and Customer Experience,Customer Insight,Event Detection,Offline Customer Interactions - Call Centre,Event,DIRECT_CONTACT_EVENT; CALL_EVENT; CHANNEL_INSTANCE
Marketing and Customer Experience,Customer Insight,Event Detection,Offline Customer Interactions - letters,Event,DIRECT_CONTACT_EVENT; CORRESPONDENCE_EVENT; DOCUMENT
Marketing and Customer Experience,Customer Insight,Event Detection,Offline Customer Interactions - sms text,Event,DIRECT_CONTACT_EVENT; SMS_EVENT; ELECTRONIC_ADDRESS
Marketing and Customer Experience,Customer Insight,Event Detection,Online Interactions -  webchat (internal & external),Event,WEB_VISIT; WEB_PAGE_VIEW; ONLINE_INTERACTION_EVENT
Marketing and Customer Experience,Customer Insight,Event Detection,Online Interactions colleague intranet,Event,WEB_VISIT; WEB_PAGE_VIEW
Marketing and Customer Experience,Customer Insight,Event Detection,Online Interactions customer digital banking site (web log),Event,WEB_VISIT; WEB_PAGE_VIEW; EXTENDED_SESSION_INFORMATION; ONLINE_APPLICATION_ACCESS
Marketing and Customer Experience,Customer Insight,Event Detection,Online Interactions customer general banking site,Event,WEB_VISIT; WEB_PAGE_VIEW; ONLINE_INTERACTION_EVENT
Marketing and Customer Experience,Customer Insight,Event Detection,Online Interactions email - customer & employee,Event,DIRECT_CONTACT_EVENT; EMAIL_EVENT; ELECTRONIC_ADDRESS
Marketing and Customer Experience,Customer Insight,Event Detection,Online Interactions mobile app,Event,WEB_VISIT; WEB_PAGE_VIEW; MOBILE_APP_EVENT; CHANNEL_INSTANCE
Marketing and Customer Experience,Customer Insight,Event Detection,Online Interactions off-site - ad server,Event,AD; AD_PLACEMENT; AD_IMPRESSION; AD_CAMPAIGN_OBJECTIVE
Marketing and Customer Experience,Customer Insight,Event Detection,Online Interactions prospect / unidentified customer (web log),Event,WEB_VISIT; WEB_PAGE_VIEW; VISITOR_INTERACTION_EVENT
Marketing and Customer Experience,Customer Insight,Event Detection,"Case History (Fraud, Money Laundering, Complaint)",Event,CASE; CASE_EVENT; CASE_PARTY_ROLE; FRAUD_CASE
Marketing and Customer Experience,Customer Insight,Event Detection,Claims,Event,CLAIM; CLAIM_STATUS; CLAIM_PARTY_ROLE; CLAIM_PAYMENT
Marketing and Customer Experience,Customer Insight,Event Detection,Defaults & Limit Breaches,Event,AGREEMENT_STATUS; DEFAULT_EVENT; LIMIT_BREACH_EVENT; AGREEMENT_RISK_METRIC
Marketing and Customer Experience,Customer Insight,Event Detection,Closed Loop Outcomes / Channel Responses,Event,CAMPAIGN_RESPONSE; CAMPAIGN_OFFER_RESPONSE; DIRECT_CONTACT_EVENT
Marketing and Customer Experience,Customer Insight,Event Detection,Internal Process Activity Data,Event,EVENT; PROCESS_EVENT; OPERATIONAL_EVENT
Marketing and Customer Experience,Customer Insight,Event Detection,Customer interview / fact find,Event or Cross Subject - Document,DOCUMENT; SURVEY; SURVEY_QUESTION_RESPONSE; PARTY_DOCUMENT
Marketing and Customer Experience,Customer Insight,Event Detection,Campaign History Data,Campaign,CAMPAIGN; CAMPAIGN_RESPONSE; CAMPAIGN_OFFER_RESPONSE; CAMPAIGN_WAVE
Marketing and Customer Experience,Customer Insight,Event Detection,Text Data,Cross Subject - Document,DOCUMENT; TEXT_CONTENT; DIGITAL_CONTENT
Marketing and Customer Experience,Customer Insight,Event Detection,External Data - News / Industry Feeds E.g. Reuters,Cross Subject - Document,DOCUMENT; NEWS_FEED; MARKET_INDEX
Marketing and Customer Experience,Customer Insight,Event Detection,Rich Media from all sources,Cross Subject - Multi-media object,DIGITAL_CONTENT; MEDIA_ASSET; DOCUMENT
Marketing and Customer Experience,Customer Insight,Event Detection,Voice Recording,Cross Subject - Multi-media object,DIGITAL_CONTENT; CALL_RECORDING; DIRECT_CONTACT_EVENT
Marketing and Customer Experience,Customer Insight,Customer Value,Single Customer View (Master Record),Party,PARTY; INDIVIDUAL; ORGANIZATION; HOUSEHOLD; PARTY_RELATIONSHIP; PARTY_IDENTIFICATION
Marketing and Customer Experience,Customer Insight,Customer Value,Customer Segments,Party,PARTY_CLASSIFICATION; PARTY_SEGMENT; PARTY_CLASSIFICATION_VALUE
Marketing and Customer Experience,Customer Insight,Customer Value,Master & Reference Data - product,Product,Not mapped
Marketing and Customer Experience,Customer Insight,Customer Value,"Product Revenue, Cost & Margin",Product,PRODUCT; PRODUCT_PRICING; PRODUCT_COST; AGREEMENT_SUMMARY
Marketing and Customer Experience,Customer Insight,Customer Value,Account / Policy / Service Detail,Agreement,AGREEMENT; LOAN_TERM_AGREEMENT; DEPOSIT_AGREEMENT; INSURANCE_AGREEMENT; CREDIT_CARD_AGREEMENT
Marketing and Customer Experience,Customer Insight,Customer Value,Account Status (open closed active / domant /inactive / closure reason ),Agreement,AGREEMENT; AGREEMENT_STATUS; AGREEMENT_STATUS_HISTORY
Marketing and Customer Experience,Customer Insight,Customer Value,Account Balances,Agreement,AGREEMENT_SUMMARY; BALANCE_SUMMARY; AGREEMENT_BALANCE
Marketing and Customer Experience,Customer Insight,Customer Value,Investment Value,Agreement,INVESTMENT_ACCOUNT; INVESTMENT_HOLDING; INVESTMENT_PRODUCT_PRICE
Marketing and Customer Experience,Customer Insight,Customer Value,Account Maturity Dates & Repricing Schedules,Agreement,AGREEMENT; AGREEMENT_TERM; AGREEMENT_REPRICING_SCHEDULE
Marketing and Customer Experience,Customer Insight,Customer Value,Account Repayment Schedules,Agreement,AGREEMENT_REPAYMENT_SCHEDULE; LOAN_TERM_AGREEMENT
Marketing and Customer Experience,Customer Insight,Customer Value,Predictive Models - propensity to buy,Party or Agreement,ANALYTICAL_MODEL; MODEL_RUN; MODEL_SCORE; PARTY_MODEL_SCORE
Marketing and Customer Experience,Customer Insight,Customer Value,Predictive Models - attrition,Party or Agreement,ANALYTICAL_MODEL; MODEL_RUN; MODEL_SCORE; PARTY_MODEL_SCORE
Marketing and Customer Experience,Customer Insight,Customer Value,Predictive Models - price elasticity,Party or Agreement,ANALYTICAL_MODEL; MODEL_RUN; MODEL_SCORE
Marketing and Customer Experience,Customer Insight,Customer Value,Predictive Models - risk,Party or Agreement,ANALYTICAL_MODEL; MODEL_RUN; MODEL_SCORE; PARTY_LIABILITY_CREDIT_RATING
Marketing and Customer Experience,Customer Insight,Customer Value,"Provisions, Losses & Writeoffs",Party or Agreement,AGREEMENT_RISK_METRIC; PROVISION; WRITE_OFF; LOSS_EVENT
Marketing and Customer Experience,Customer Insight,Customer Value,Financial Transactions,Event,MONETARY_TRANSACTION; TRANSACTION_TYPE; FINANCIAL_TRANSACTION; PAYMENT
Marketing and Customer Experience,Customer Insight,Customer Value,"Account Fees, Commissions & Charges",Event,MONETARY_TRANSACTION; FEE_TRANSACTION; COMMISSION_TRANSACTION; AGREEMENT_FEE
Marketing and Customer Experience,Customer Insight,Customer Value,Non-Financial Transactions,Event,EVENT; NON_MONETARY_EVENT; DIRECT_CONTACT_EVENT
Marketing and Customer Experience,Customer Insight,Customer Value,Service Usage,Event,CHANNEL_USAGE_METRIC; SERVICE_USAGE_EVENT; CHANNEL_INSTANCE
Marketing and Customer Experience,Customer Insight,Customer Value,"Case History (Fraud, Money Laundering, Complaint)",Event,CASE; CASE_EVENT; CASE_PARTY_ROLE; FRAUD_CASE
Marketing and Customer Experience,Customer Insight,Customer Value,Claims,Event,CLAIM; CLAIM_STATUS; CLAIM_PARTY_ROLE; CLAIM_PAYMENT
Marketing and Customer Experience,Customer Insight,Customer Value,Defaults & Limit Breaches,Event,AGREEMENT_STATUS; DEFAULT_EVENT; LIMIT_BREACH_EVENT; AGREEMENT_RISK_METRIC
Marketing and Customer Experience,Customer Insight,Customer Value,Internal Process Activity Data,Event,EVENT; PROCESS_EVENT; OPERATIONAL_EVENT
Marketing and Customer Experience,Customer Insight,Customer Value,Master & Reference Data - organisation hierarchy,Internal Organisation,ORGANIZATION; INTERNAL_ORGANIZATION_UNIT; ORGANIZATION_UNIT_RELATIONSHIP; ORGANIZATION_BUSINESS_TYPE
Marketing and Customer Experience,Customer Insight,Customer Value,Finance Systems - ERP,Finance,GL_ACCOUNT; GL_MAIN_ACCOUNT; VENDOR; VENDOR_INVOICE
Marketing and Customer Experience,Customer Insight,Customer Value,"Finance Systems - Budgets, Plans & Forecasts",Finance,GL_ACCOUNT; BUDGET; FORECAST; FINANCIAL_PLAN
Marketing and Customer Experience,Customer Insight,"Customer, Product & Channel  insight",Single Customer View (Master Record),Party,PARTY; INDIVIDUAL; ORGANIZATION; HOUSEHOLD; PARTY_RELATIONSHIP; PARTY_IDENTIFICATION
Marketing and Customer Experience,Customer Insight,"Customer, Product & Channel  insight",KYC Data,Party,PARTY_IDENTIFICATION; PARTY_CLASSIFICATION; PARTY_IDENTITY_DOCUMENT; PARTY_COMPLIANCE_VERIFICATION
Marketing and Customer Experience,Customer Insight,"Customer, Product & Channel  insight",Customer Demographics,Party,INDIVIDUAL; PARTY_DEMOGRAPHIC; PARTY_CLASSIFICATION; PARTY_PREFERENCE
Marketing and Customer Experience,Customer Insight,"Customer, Product & Channel  insight",Customer Attitudinal Data,Party,PARTY_PREFERENCE; PARTY_CLASSIFICATION; PARTY_SURVEY_RESPONSE
Marketing and Customer Experience,Customer Insight,"Customer, Product & Channel  insight",Customer Segments,Party,PARTY_CLASSIFICATION; PARTY_SEGMENT; PARTY_CLASSIFICATION_VALUE
Marketing and Customer Experience,Customer Insight,"Customer, Product & Channel  insight",Customer Contact Preferences,Party,PARTY_PREFERENCE; PARTY_CONTACT_POINT; ELECTRONIC_ADDRESS; POSTAL_ADDRESS
Marketing and Customer Experience,Customer Insight,"Customer, Product & Channel  insight",Customer Marketing Preferences,Party,PARTY_PREFERENCE; PARTY_MARKETING_PREFERENCE; PARTY_CONSENT
Marketing and Customer Experience,Customer Insight,"Customer, Product & Channel  insight",Customer Satisfaction Measurement (E.g. NPS),Party,PARTY_SURVEY_RESPONSE; SURVEY; SURVEY_QUESTION_RESPONSE
Marketing and Customer Experience,Customer Insight,"Customer, Product & Channel  insight",External Prospect Data / Lists,Party,PARTY; PROSPECT; PARTY_LIST; PARTY_LIST_MEMBERSHIP
Marketing and Customer Experience,Customer Insight,"Customer, Product & Channel  insight",External Data - Social Media Data,Party,SOCIAL_MEDIA_ACCOUNT; SOCIAL_MEDIA_TRANSFER; SOCIAL_MEDIA_POST
Marketing and Customer Experience,Customer Insight,"Customer, Product & Channel  insight",External Data - Bureau data,Party,PARTY_CREDIT_BUREAU_REPORT; CREDIT_BUREAU_SCORE; PARTY_EXTERNAL_RATING
Marketing and Customer Experience,Customer Insight,"Customer, Product & Channel  insight","Sales and Performance Forecasts, Targets & KPIs",Party,PERFORMANCE_METRIC; PERFORMANCE_TARGET; ORGANIZATION_PERFORMANCE
Marketing and Customer Experience,Customer Insight,"Customer, Product & Channel  insight",Customer Core Contact Details,Location,PARTY_CONTACT_POINT; ELECTRONIC_ADDRESS; POSTAL_ADDRESS; TELEPHONE_NUMBER
Marketing and Customer Experience,Customer Insight,"Customer, Product & Channel  insight",Master & Reference Data - geography / location,Location,GEOGRAPHICAL_AREA; GEOGRAPHICAL_UNIT; SITE; POSTAL_ADDRESS
Marketing and Customer Experience,Customer Insight,"Customer, Product & Channel  insight",Master & Reference Data - product,Product,Not mapped
Marketing and Customer Experience,Customer Insight,"Customer, Product & Channel  insight","Product Revenue, Cost & Margin",Product,PRODUCT; PRODUCT_PRICING; PRODUCT_COST; AGREEMENT_SUMMARY
Marketing and Customer Experience,Customer Insight,"Customer, Product & Channel  insight",Product NPV's,Product,PRODUCT; PRODUCT_VALUATION; AGREEMENT_SUMMARY
Marketing and Customer Experience,Customer Insight,"Customer, Product & Channel  insight",External Data - Competitor Product & Pricing,Party & Product,PRODUCT; MARKET_INDEX
Marketing and Customer Experience,Customer Insight,"Customer, Product & Channel  insight",Account / Policy / Service Holdings,Agreement,AGREEMENT; PARTY_AGREEMENT_ROLE; AGREEMENT_PARTY_ROLE; AGREEMENT_RELATIONSHIP
Marketing and Customer Experience,Customer Insight,"Customer, Product & Channel  insight",Account / Policy / Service Detail,Agreement,AGREEMENT; LOAN_TERM_AGREEMENT; DEPOSIT_AGREEMENT; INSURANCE_AGREEMENT; CREDIT_CARD_AGREEMENT
Marketing and Customer Experience,Customer Insight,"Customer, Product & Channel  insight",Account Status (open closed active / domant /inactive / closure reason ),Agreement,AGREEMENT; AGREEMENT_STATUS; AGREEMENT_STATUS_HISTORY
Marketing and Customer Experience,Customer Insight,"Customer, Product & Channel  insight",Account Terms & Conditions,Agreement,AGREEMENT; AGREEMENT_CONDITION; AGREEMENT_TERM
Marketing and Customer Experience,Customer Insight,"Customer, Product & Channel  insight",Account Feature Usage,Agreement,AGREEMENT_FEATURE; FEATURE; DESCRIPTIVE_FEATURE
Marketing and Customer Experience,Customer Insight,"Customer, Product & Channel  insight","Application Data (New Customer, New Product)",Agreement,APPLICATION; APPLICATION_STATUS; APPLICATION_PARTY_ROLE
Marketing and Customer Experience,Customer Insight,"Customer, Product & Channel  insight",Account Balances,Agreement,AGREEMENT_SUMMARY; BALANCE_SUMMARY; AGREEMENT_BALANCE
Marketing and Customer Experience,Customer Insight,"Customer, Product & Channel  insight",Investment Value,Agreement,INVESTMENT_ACCOUNT; INVESTMENT_HOLDING; INVESTMENT_PRODUCT_PRICE
Marketing and Customer Experience,Customer Insight,"Customer, Product & Channel  insight",Account Maturity Dates & Repricing Schedules,Agreement,AGREEMENT; AGREEMENT_TERM; AGREEMENT_REPRICING_SCHEDULE
Marketing and Customer Experience,Customer Insight,"Customer, Product & Channel  insight",Customer Illustrations,Agreement,DOCUMENT; PARTY_DOCUMENT
Marketing and Customer Experience,Customer Insight,"Customer, Product & Channel  insight",Customer Quotes,Agreement,APPLICATION; QUOTE; DOCUMENT
Marketing and Customer Experience,Customer Insight,"Customer, Product & Channel  insight",Risk Exposures,Agreement,AGREEMENT_RISK_METRIC; RISK_EXPOSURE; CREDIT_RISK_SUMMARY
Marketing and Customer Experience,Customer Insight,"Customer, Product & Channel  insight",Profitability Results,Agreement,AGREEMENT_SUMMARY; AGREEMENT_PROFITABILITY; PRODUCT_PROFITABILITY
Marketing and Customer Experience,Customer Insight,"Customer, Product & Channel  insight",Account Limits,Cross Subject  -  Limits,AGREEMENT_LIMIT; LIMIT; PARTY_LIMIT
Marketing and Customer Experience,Customer Insight,"Customer, Product & Channel  insight",Predictive Models - propensity to buy,Party or Agreement,ANALYTICAL_MODEL; MODEL_RUN; MODEL_SCORE; PARTY_MODEL_SCORE
Marketing and Customer Experience,Customer Insight,"Customer, Product & Channel  insight",Predictive Models - attrition,Party or Agreement,ANALYTICAL_MODEL; MODEL_RUN; MODEL_SCORE; PARTY_MODEL_SCORE
Marketing and Customer Experience,Customer Insight,"Customer, Product & Channel  insight",Predictive Models - price elasticity,Party or Agreement,ANALYTICAL_MODEL; MODEL_RUN; MODEL_SCORE
Marketing and Customer Experience,Customer Insight,"Customer, Product & Channel  insight",Predictive Models - risk,Party or Agreement,ANALYTICAL_MODEL; MODEL_RUN; MODEL_SCORE; PARTY_LIABILITY_CREDIT_RATING
Marketing and Customer Experience,Customer Insight,"Customer, Product & Channel  insight",Financial Transactions,Event,MONETARY_TRANSACTION; TRANSACTION_TYPE; FINANCIAL_TRANSACTION; PAYMENT
Marketing and Customer Experience,Customer Insight,"Customer, Product & Channel  insight","Account Fees, Commissions & Charges",Event,MONETARY_TRANSACTION; FEE_TRANSACTION; COMMISSION_TRANSACTION; AGREEMENT_FEE
Marketing and Customer Experience,Customer Insight,"Customer, Product & Channel  insight",Non-Financial Transactions,Event,EVENT; NON_MONETARY_EVENT; DIRECT_CONTACT_EVENT
Marketing and Customer Experience,Customer Insight,"Customer, Product & Channel  insight",Offline Customer Interactions - Branch,Event,DIRECT_CONTACT_EVENT; BRANCH_VISIT_EVENT; CHANNEL_INSTANCE
Marketing and Customer Experience,Customer Insight,"Customer, Product & Channel  insight",Offline Customer Interactions - Call Centre,Event,DIRECT_CONTACT_EVENT; CALL_EVENT; CHANNEL_INSTANCE
Marketing and Customer Experience,Customer Insight,"Customer, Product & Channel  insight","Case History (Fraud, Money Laundering, Complaint)",Event,CASE; CASE_EVENT; CASE_PARTY_ROLE; FRAUD_CASE
Marketing and Customer Experience,Customer Insight,"Customer, Product & Channel  insight",Claims,Event,CLAIM; CLAIM_STATUS; CLAIM_PARTY_ROLE; CLAIM_PAYMENT
Marketing and Customer Experience,Customer Insight,"Customer, Product & Channel  insight",Defaults & Limit Breaches,Event,AGREEMENT_STATUS; DEFAULT_EVENT; LIMIT_BREACH_EVENT; AGREEMENT_RISK_METRIC
Marketing and Customer Experience,Customer Insight,"Customer, Product & Channel  insight",External Data - Corporate Actions,Event,CORPORATE_ACTION; INVESTMENT_PRODUCT
Marketing and Customer Experience,Customer Insight,"Customer, Product & Channel  insight",Master & Reference Data - organisation hierarchy,Internal Organisation,ORGANIZATION; INTERNAL_ORGANIZATION_UNIT; ORGANIZATION_UNIT_RELATIONSHIP; ORGANIZATION_BUSINESS_TYPE
Marketing and Customer Experience,Customer Insight,"Customer, Product & Channel  insight","Operational metrics (E.g. Wait times, queue length)",Internal Organisation,CHANNEL_USAGE_METRIC; OPERATIONAL_EVENT; SERVICE_LEVEL_METRIC
Marketing and Customer Experience,Customer Insight,"Customer, Product & Channel  insight",Master & Reference Data - Channel,Channel,CHANNEL_TYPE; CHANNEL_INSTANCE; CHANNEL_CLASSIFICATION
Marketing and Customer Experience,Customer Insight,"Customer, Product & Channel  insight","Documents - Structured Data Capture (Survey, Application Forms)",Cross Subject - Document,DOCUMENT; DOCUMENT_TYPE; SURVEY; APPLICATION
Marketing and Customer Experience,Customer Insight,"Customer, Product & Channel  insight",Text Data,Cross Subject - Document,DOCUMENT; TEXT_CONTENT; DIGITAL_CONTENT
Marketing and Customer Experience,Customer Insight,"Customer, Product & Channel  insight",Master & Reference Data - Risk Policy Rules,Cross Subject - Document,RISK_GRADE_SCHEME; RISK_GRADE_VALUE; RISK_POLICY; BUSINESS_RULE
Marketing and Customer Experience,Customer Insight,"Customer, Product & Channel  insight",Customer Research - Primary & Secondary,Cross Subject - Survey,SURVEY; SURVEY_QUESTION_RESPONSE; PARTY_SURVEY_RESPONSE
Marketing and Customer Experience,Customer Insight,"Customer, Product & Channel  insight",Rich Media from all sources,Cross Subject - Multi-media object,DIGITAL_CONTENT; MEDIA_ASSET; DOCUMENT
Marketing and Customer Experience,Customer Insight,"Customer, Product & Channel  insight",Voice Recording,Cross Subject - Multi-media object,DIGITAL_CONTENT; CALL_RECORDING; DIRECT_CONTACT_EVENT
Marketing and Customer Experience,Customer Insight,"Customer, Product & Channel  insight",External Data - Fraud Watch Lists,Cross Subject - Watch List,WATCH_LIST; WATCH_LIST_ENTRY; PARTY_WATCH_LIST_CHECK
Marketing and Customer Experience,Customer Insight,Conduct  Risk Monitoring,Single Customer View (Master Record),Party,PARTY; INDIVIDUAL; ORGANIZATION; HOUSEHOLD; PARTY_RELATIONSHIP; PARTY_IDENTIFICATION
Marketing and Customer Experience,Customer Insight,Conduct  Risk Monitoring,KYC Data,Party,PARTY_IDENTIFICATION; PARTY_CLASSIFICATION; PARTY_IDENTITY_DOCUMENT; PARTY_COMPLIANCE_VERIFICATION
Marketing and Customer Experience,Customer Insight,Conduct  Risk Monitoring,Customer Segments,Party,PARTY_CLASSIFICATION; PARTY_SEGMENT; PARTY_CLASSIFICATION_VALUE
Marketing and Customer Experience,Customer Insight,Conduct  Risk Monitoring,Customer Marketing Preferences,Party,PARTY_PREFERENCE; PARTY_MARKETING_PREFERENCE; PARTY_CONSENT
Marketing and Customer Experience,Customer Insight,Conduct  Risk Monitoring,Customer Satisfaction Measurement (E.g. NPS),Party,PARTY_SURVEY_RESPONSE; SURVEY; SURVEY_QUESTION_RESPONSE
Marketing and Customer Experience,Customer Insight,Conduct  Risk Monitoring,Legal Actions,Party,PARTY_LEGAL_ACTION; LEGAL_ACTION; PARTY_LITIGATION
Marketing and Customer Experience,Customer Insight,Conduct  Risk Monitoring,External Data - Credit Rating,Party,PARTY_EXTERNAL_RATING; PARTY_LIABILITY_CREDIT_RATING; CREDIT_BUREAU_SCORE
Marketing and Customer Experience,Customer Insight,Conduct  Risk Monitoring,Master & Reference Data - staff / colleague,Party,INDIVIDUAL; ASSOCIATE; ASSOCIATE_ASSIGNMENT; INTERNAL_ORGANIZATION_UNIT
Marketing and Customer Experience,Customer Insight,Conduct  Risk Monitoring,"Sales and Performance Forecasts, Targets & KPIs",Party,PERFORMANCE_METRIC; PERFORMANCE_TARGET; ORGANIZATION_PERFORMANCE
Marketing and Customer Experience,Customer Insight,Conduct  Risk Monitoring,HR Performance Data,Party,ASSOCIATE; ASSOCIATE_PERFORMANCE_REVIEW; ASSOCIATE_ASSIGNMENT
Marketing and Customer Experience,Customer Insight,Conduct  Risk Monitoring,Account / Policy / Service Holdings,Agreement,AGREEMENT; PARTY_AGREEMENT_ROLE; AGREEMENT_PARTY_ROLE; AGREEMENT_RELATIONSHIP
Marketing and Customer Experience,Customer Insight,Conduct  Risk Monitoring,Account Status (open closed active / domant /inactive / closure reason ),Agreement,AGREEMENT; AGREEMENT_STATUS; AGREEMENT_STATUS_HISTORY
Marketing and Customer Experience,Customer Insight,Conduct  Risk Monitoring,Account Terms & Conditions,Agreement,AGREEMENT; AGREEMENT_CONDITION; AGREEMENT_TERM
Marketing and Customer Experience,Customer Insight,Conduct  Risk Monitoring,"Application Data (New Customer, New Product)",Agreement,APPLICATION; APPLICATION_STATUS; APPLICATION_PARTY_ROLE
Marketing and Customer Experience,Customer Insight,Conduct  Risk Monitoring,Customer Illustrations,Agreement,DOCUMENT; PARTY_DOCUMENT
Marketing and Customer Experience,Customer Insight,Conduct  Risk Monitoring,Customer Quotes,Agreement,APPLICATION; QUOTE; DOCUMENT
Marketing and Customer Experience,Customer Insight,Conduct  Risk Monitoring,"Risk Segments, Cohorts & Groupings",Party or Agreement,PARTY_CLASSIFICATION; RISK_GRADE_VALUE; RISK_GRADE_SCHEME
Marketing and Customer Experience,Customer Insight,Conduct  Risk Monitoring,"Provisions, Losses & Writeoffs",Party or Agreement,AGREEMENT_RISK_METRIC; PROVISION; WRITE_OFF; LOSS_EVENT
Marketing and Customer Experience,Customer Insight,Conduct  Risk Monitoring,Financial Transactions,Event,MONETARY_TRANSACTION; TRANSACTION_TYPE; FINANCIAL_TRANSACTION; PAYMENT
Marketing and Customer Experience,Customer Insight,Conduct  Risk Monitoring,"Account Fees, Commissions & Charges",Event,MONETARY_TRANSACTION; FEE_TRANSACTION; COMMISSION_TRANSACTION; AGREEMENT_FEE
Marketing and Customer Experience,Customer Insight,Conduct  Risk Monitoring,Non-Financial Transactions,Event,EVENT; NON_MONETARY_EVENT; DIRECT_CONTACT_EVENT
Marketing and Customer Experience,Customer Insight,Conduct  Risk Monitoring,Complaint Data,Event,COMPLAINT; COMPLAINT_STATUS; COMPLAINT_RESOLUTION
Marketing and Customer Experience,Customer Insight,Conduct  Risk Monitoring,Offline Customer Interactions - Branch,Event,DIRECT_CONTACT_EVENT; BRANCH_VISIT_EVENT; CHANNEL_INSTANCE
Marketing and Customer Experience,Customer Insight,Conduct  Risk Monitoring,Offline Customer Interactions - Call Centre,Event,DIRECT_CONTACT_EVENT; CALL_EVENT; CHANNEL_INSTANCE
Marketing and Customer Experience,Customer Insight,Conduct  Risk Monitoring,Offline Customer Interactions - letters,Event,DIRECT_CONTACT_EVENT; CORRESPONDENCE_EVENT; DOCUMENT
Marketing and Customer Experience,Customer Insight,Conduct  Risk Monitoring,Online Interactions -  webchat (internal & external),Event,WEB_VISIT; WEB_PAGE_VIEW; ONLINE_INTERACTION_EVENT
Marketing and Customer Experience,Customer Insight,Conduct  Risk Monitoring,Online Interactions colleague intranet,Event,WEB_VISIT; WEB_PAGE_VIEW
Marketing and Customer Experience,Customer Insight,Conduct  Risk Monitoring,Online Interactions customer digital banking site (web log),Event,WEB_VISIT; WEB_PAGE_VIEW; EXTENDED_SESSION_INFORMATION; ONLINE_APPLICATION_ACCESS
Marketing and Customer Experience,Customer Insight,Conduct  Risk Monitoring,Online Interactions customer general banking site,Event,WEB_VISIT; WEB_PAGE_VIEW; ONLINE_INTERACTION_EVENT
Marketing and Customer Experience,Customer Insight,Conduct  Risk Monitoring,Online Interactions email - customer & employee,Event,DIRECT_CONTACT_EVENT; EMAIL_EVENT; ELECTRONIC_ADDRESS
Marketing and Customer Experience,Customer Insight,Conduct  Risk Monitoring,"Case History (Fraud, Money Laundering, Complaint)",Event,CASE; CASE_EVENT; CASE_PARTY_ROLE; FRAUD_CASE
Marketing and Customer Experience,Customer Insight,Conduct  Risk Monitoring,Defaults & Limit Breaches,Event,AGREEMENT_STATUS; DEFAULT_EVENT; LIMIT_BREACH_EVENT; AGREEMENT_RISK_METRIC
Marketing and Customer Experience,Customer Insight,Conduct  Risk Monitoring,External Data - Corporate Actions,Event,CORPORATE_ACTION; INVESTMENT_PRODUCT
Marketing and Customer Experience,Customer Insight,Conduct  Risk Monitoring,Internal Process Activity Data,Event,EVENT; PROCESS_EVENT; OPERATIONAL_EVENT
Marketing and Customer Experience,Customer Insight,Conduct  Risk Monitoring,Customer interview / fact find,Event or Cross Subject - Document,DOCUMENT; SURVEY; SURVEY_QUESTION_RESPONSE; PARTY_DOCUMENT
Marketing and Customer Experience,Customer Insight,Conduct  Risk Monitoring,Risk Scenario & Stress Testing Results,Analytical Model,RISK_CALCULATION_SCENARIO; RISK_SCENARIO_RESULT; STRESS_TEST_RESULT
Marketing and Customer Experience,Customer Insight,Conduct  Risk Monitoring,Document Image,Cross Subject - Document,Not mapped
Marketing and Customer Experience,Customer Insight,Conduct  Risk Monitoring,Text Data,Cross Subject - Document,DOCUMENT; TEXT_CONTENT; DIGITAL_CONTENT
Marketing and Customer Experience,Customer Insight,Conduct  Risk Monitoring,Master & Reference Data - Risk Policy Rules,Cross Subject - Document,RISK_GRADE_SCHEME; RISK_GRADE_VALUE; RISK_POLICY; BUSINESS_RULE
Marketing and Customer Experience,Customer Insight,Conduct  Risk Monitoring,Voice Recording,Cross Subject - Multi-media object,DIGITAL_CONTENT; CALL_RECORDING; DIRECT_CONTACT_EVENT
Marketing and Customer Experience,Customer Insight,Conduct  Risk Monitoring,External Data - Fraud Watch Lists,Cross Subject - Watch List,WATCH_LIST; WATCH_LIST_ENTRY; PARTY_WATCH_LIST_CHECK
Marketing and Customer Experience,Customer Insight,Conduct  Risk Monitoring,Compliance Approvals,Cross Subject,COMPLIANCE_EVENT; APPROVAL; PARTY_COMPLIANCE_VERIFICATION
Marketing and Customer Experience,Customer Insight,Conduct  Risk Monitoring,External Data - External Loss Data,Not Covered,LOSS_EVENT; OPERATIONAL_LOSS_EVENT
Marketing and Customer Experience,Customer Insight,Conduct  Risk Monitoring,"System Log Files (E.g. Firewall, Webserver)",Not Covered,WEB_VISIT; SYSTEM_EVENT
Marketing and Customer Experience,Customer Insight,Insight Led Customer Strategy,Single Customer View (Master Record),Party,PARTY; INDIVIDUAL; ORGANIZATION; HOUSEHOLD; PARTY_RELATIONSHIP; PARTY_IDENTIFICATION
Marketing and Customer Experience,Customer Insight,Insight Led Customer Strategy,Customer Demographics,Party,INDIVIDUAL; PARTY_DEMOGRAPHIC; PARTY_CLASSIFICATION; PARTY_PREFERENCE
Marketing and Customer Experience,Customer Insight,Insight Led Customer Strategy,Customer Attitudinal Data,Party,PARTY_PREFERENCE; PARTY_CLASSIFICATION; PARTY_SURVEY_RESPONSE
Marketing and Customer Experience,Customer Insight,Insight Led Customer Strategy,Customer Segments,Party,PARTY_CLASSIFICATION; PARTY_SEGMENT; PARTY_CLASSIFICATION_VALUE
Marketing and Customer Experience,Customer Insight,Insight Led Customer Strategy,Customer Contact Preferences,Party,PARTY_PREFERENCE; PARTY_CONTACT_POINT; ELECTRONIC_ADDRESS; POSTAL_ADDRESS
Marketing and Customer Experience,Customer Insight,Insight Led Customer Strategy,Customer Marketing Preferences,Party,PARTY_PREFERENCE; PARTY_MARKETING_PREFERENCE; PARTY_CONSENT
Marketing and Customer Experience,Customer Insight,Insight Led Customer Strategy,Economic Forecast Data,Party,ECONOMIC_INDEX; ECONOMIC_INDEX_VALUE; MARKET_INDEX
Marketing and Customer Experience,Customer Insight,Insight Led Customer Strategy,External Prospect Data / Lists,Party,PARTY; PROSPECT; PARTY_LIST; PARTY_LIST_MEMBERSHIP
Marketing and Customer Experience,Customer Insight,Insight Led Customer Strategy,External Data - Social Media Data,Party,SOCIAL_MEDIA_ACCOUNT; SOCIAL_MEDIA_TRANSFER; SOCIAL_MEDIA_POST
Marketing and Customer Experience,Customer Insight,Insight Led Customer Strategy,"External Economic Data (E.g. Property Prices, Salary)",Party,ECONOMIC_INDEX; ECONOMIC_INDEX_VALUE; MARKET_INDEX; MARKET_INDEX_VALUE
Marketing and Customer Experience,Customer Insight,Insight Led Customer Strategy,"Sales and Performance Forecasts, Targets & KPIs",Party,PERFORMANCE_METRIC; PERFORMANCE_TARGET; ORGANIZATION_PERFORMANCE
Marketing and Customer Experience,Customer Insight,Insight Led Customer Strategy,Master & Reference Data - product,Product,Not mapped
Marketing and Customer Experience,Customer Insight,Insight Led Customer Strategy,"Product Revenue, Cost & Margin",Product,PRODUCT; PRODUCT_PRICING; PRODUCT_COST; AGREEMENT_SUMMARY
Marketing and Customer Experience,Customer Insight,Insight Led Customer Strategy,Product NPV's,Product,PRODUCT; PRODUCT_VALUATION; AGREEMENT_SUMMARY
Marketing and Customer Experience,Customer Insight,Insight Led Customer Strategy,External Data - Competitor Product & Pricing,Party & Product,PRODUCT; MARKET_INDEX
Marketing and Customer Experience,Customer Insight,Insight Led Customer Strategy,Account / Policy / Service Holdings,Agreement,AGREEMENT; PARTY_AGREEMENT_ROLE; AGREEMENT_PARTY_ROLE; AGREEMENT_RELATIONSHIP
Marketing and Customer Experience,Customer Insight,Insight Led Customer Strategy,Account / Policy / Service Detail,Agreement,AGREEMENT; LOAN_TERM_AGREEMENT; DEPOSIT_AGREEMENT; INSURANCE_AGREEMENT; CREDIT_CARD_AGREEMENT
Marketing and Customer Experience,Customer Insight,Insight Led Customer Strategy,Account Status (open closed active / domant /inactive / closure reason ),Agreement,AGREEMENT; AGREEMENT_STATUS; AGREEMENT_STATUS_HISTORY
Marketing and Customer Experience,Customer Insight,Insight Led Customer Strategy,Account Feature Usage,Agreement,AGREEMENT_FEATURE; FEATURE; DESCRIPTIVE_FEATURE
Marketing and Customer Experience,Customer Insight,Insight Led Customer Strategy,"Application Data (New Customer, New Product)",Agreement,APPLICATION; APPLICATION_STATUS; APPLICATION_PARTY_ROLE
Marketing and Customer Experience,Customer Insight,Insight Led Customer Strategy,Account Balances,Agreement,AGREEMENT_SUMMARY; BALANCE_SUMMARY; AGREEMENT_BALANCE
Marketing and Customer Experience,Customer Insight,Insight Led Customer Strategy,Cashflow Projections,Agreement,AGREEMENT_CASHFLOW; CASHFLOW_SCHEDULE; AGREEMENT_SUMMARY
Marketing and Customer Experience,Customer Insight,Insight Led Customer Strategy,Account Maturity Dates & Repricing Schedules,Agreement,AGREEMENT; AGREEMENT_TERM; AGREEMENT_REPRICING_SCHEDULE
Marketing and Customer Experience,Customer Insight,Insight Led Customer Strategy,Account Repayment Schedules,Agreement,AGREEMENT_REPAYMENT_SCHEDULE; LOAN_TERM_AGREEMENT
Marketing and Customer Experience,Customer Insight,Insight Led Customer Strategy,Profitability Results,Agreement,AGREEMENT_SUMMARY; AGREEMENT_PROFITABILITY; PRODUCT_PROFITABILITY
Marketing and Customer Experience,Customer Insight,Insight Led Customer Strategy,Predictive Models - propensity to buy,Party or Agreement,ANALYTICAL_MODEL; MODEL_RUN; MODEL_SCORE; PARTY_MODEL_SCORE
Marketing and Customer Experience,Customer Insight,Insight Led Customer Strategy,Predictive Models - attrition,Party or Agreement,ANALYTICAL_MODEL; MODEL_RUN; MODEL_SCORE; PARTY_MODEL_SCORE
Marketing and Customer Experience,Customer Insight,Insight Led Customer Strategy,Predictive Models - price elasticity,Party or Agreement,ANALYTICAL_MODEL; MODEL_RUN; MODEL_SCORE
Marketing and Customer Experience,Customer Insight,Insight Led Customer Strategy,Predictive Models - risk,Party or Agreement,ANALYTICAL_MODEL; MODEL_RUN; MODEL_SCORE; PARTY_LIABILITY_CREDIT_RATING
Marketing and Customer Experience,Customer Insight,Insight Led Customer Strategy,Service Usage,Event,CHANNEL_USAGE_METRIC; SERVICE_USAGE_EVENT; CHANNEL_INSTANCE
Marketing and Customer Experience,Customer Insight,Insight Led Customer Strategy,Offline Customer Interactions - Branch,Event,DIRECT_CONTACT_EVENT; BRANCH_VISIT_EVENT; CHANNEL_INSTANCE
Marketing and Customer Experience,Customer Insight,Insight Led Customer Strategy,Offline Customer Interactions - Call Centre,Event,DIRECT_CONTACT_EVENT; CALL_EVENT; CHANNEL_INSTANCE
Marketing and Customer Experience,Customer Insight,Insight Led Customer Strategy,Offline Customer Interactions - letters,Event,DIRECT_CONTACT_EVENT; CORRESPONDENCE_EVENT; DOCUMENT
Marketing and Customer Experience,Customer Insight,Insight Led Customer Strategy,Offline Customer Interactions - sms text,Event,DIRECT_CONTACT_EVENT; SMS_EVENT; ELECTRONIC_ADDRESS
Marketing and Customer Experience,Customer Insight,Insight Led Customer Strategy,Online Interactions -  webchat (internal & external),Event,WEB_VISIT; WEB_PAGE_VIEW; ONLINE_INTERACTION_EVENT
Marketing and Customer Experience,Customer Insight,Insight Led Customer Strategy,Online Interactions colleague intranet,Event,WEB_VISIT; WEB_PAGE_VIEW
Marketing and Customer Experience,Customer Insight,Insight Led Customer Strategy,Online Interactions customer digital banking site (web log),Event,WEB_VISIT; WEB_PAGE_VIEW; EXTENDED_SESSION_INFORMATION; ONLINE_APPLICATION_ACCESS
Marketing and Customer Experience,Customer Insight,Insight Led Customer Strategy,Online Interactions customer general banking site,Event,WEB_VISIT; WEB_PAGE_VIEW; ONLINE_INTERACTION_EVENT
Marketing and Customer Experience,Customer Insight,Insight Led Customer Strategy,Online Interactions email - customer & employee,Event,DIRECT_CONTACT_EVENT; EMAIL_EVENT; ELECTRONIC_ADDRESS
Marketing and Customer Experience,Customer Insight,Insight Led Customer Strategy,Online Interactions mobile app,Event,WEB_VISIT; WEB_PAGE_VIEW; MOBILE_APP_EVENT; CHANNEL_INSTANCE
Marketing and Customer Experience,Customer Insight,Insight Led Customer Strategy,Online Interactions off-site - ad server,Event,AD; AD_PLACEMENT; AD_IMPRESSION; AD_CAMPAIGN_OBJECTIVE
Marketing and Customer Experience,Customer Insight,Insight Led Customer Strategy,Online Interactions prospect / unidentified customer (web log),Event,WEB_VISIT; WEB_PAGE_VIEW; VISITOR_INTERACTION_EVENT
Marketing and Customer Experience,Customer Insight,Insight Led Customer Strategy,Internal Process Activity Data,Event,EVENT; PROCESS_EVENT; OPERATIONAL_EVENT
Marketing and Customer Experience,Customer Insight,Insight Led Customer Strategy,Offer Catalogue,Campaign,OFFER; OFFER_TYPE; CAMPAIGN_OFFER; PRODUCT
Marketing and Customer Experience,Customer Insight,Insight Led Customer Strategy,Campaign History Data,Campaign,CAMPAIGN; CAMPAIGN_RESPONSE; CAMPAIGN_OFFER_RESPONSE; CAMPAIGN_WAVE
Marketing and Customer Experience,Customer Insight,Insight Led Customer Strategy,Campaign Promotional Calendar,Campaign,CAMPAIGN; CAMPAIGN_WAVE; CAMPAIGN_SCHEDULE
Marketing and Customer Experience,Customer Insight,Insight Led Customer Strategy,External Data - News / Industry Feeds E.g. Reuters,Cross Subject - Document,DOCUMENT; NEWS_FEED; MARKET_INDEX
Marketing and Customer Experience,Customer Insight,Insight Led Customer Strategy,Master & Reference Data - Risk Policy Rules,Cross Subject - Document,RISK_GRADE_SCHEME; RISK_GRADE_VALUE; RISK_POLICY; BUSINESS_RULE
Marketing and Customer Experience,Customer Insight,Insight Led Customer Strategy,Customer Research - Primary & Secondary,Cross Subject - Survey,SURVEY; SURVEY_QUESTION_RESPONSE; PARTY_SURVEY_RESPONSE
Marketing and Customer Experience,Customer Insight,Customer Segmentation,Single Customer View (Master Record),Party,PARTY; INDIVIDUAL; ORGANIZATION; HOUSEHOLD; PARTY_RELATIONSHIP; PARTY_IDENTIFICATION
Marketing and Customer Experience,Customer Insight,Customer Segmentation,Customer Contact Preferences,Party,PARTY_PREFERENCE; PARTY_CONTACT_POINT; ELECTRONIC_ADDRESS; POSTAL_ADDRESS
Marketing and Customer Experience,Customer Insight,Customer Segmentation,External Data - Social Media Data,Party,SOCIAL_MEDIA_ACCOUNT; SOCIAL_MEDIA_TRANSFER; SOCIAL_MEDIA_POST
Marketing and Customer Experience,Customer Insight,Customer Segmentation,Master & Reference Data - product,Product,Not mapped
Marketing and Customer Experience,Customer Insight,Customer Segmentation,Account / Policy / Service Holdings,Agreement,AGREEMENT; PARTY_AGREEMENT_ROLE; AGREEMENT_PARTY_ROLE; AGREEMENT_RELATIONSHIP
Marketing and Customer Experience,Customer Insight,Customer Segmentation,Account / Policy / Service Detail,Agreement,AGREEMENT; LOAN_TERM_AGREEMENT; DEPOSIT_AGREEMENT; INSURANCE_AGREEMENT; CREDIT_CARD_AGREEMENT
Marketing and Customer Experience,Customer Insight,Customer Segmentation,Account Status (open closed active / domant /inactive / closure reason ),Agreement,AGREEMENT; AGREEMENT_STATUS; AGREEMENT_STATUS_HISTORY
Marketing and Customer Experience,Customer Insight,Customer Segmentation,Account Feature Usage,Agreement,AGREEMENT_FEATURE; FEATURE; DESCRIPTIVE_FEATURE
Marketing and Customer Experience,Customer Insight,Customer Segmentation,Account Balances,Agreement,AGREEMENT_SUMMARY; BALANCE_SUMMARY; AGREEMENT_BALANCE
Marketing and Customer Experience,Customer Insight,Customer Segmentation,Account Maturity Dates & Repricing Schedules,Agreement,AGREEMENT; AGREEMENT_TERM; AGREEMENT_REPRICING_SCHEDULE
Marketing and Customer Experience,Customer Insight,Customer Segmentation,Profitability Results,Agreement,AGREEMENT_SUMMARY; AGREEMENT_PROFITABILITY; PRODUCT_PROFITABILITY
Marketing and Customer Experience,Customer Insight,Customer Segmentation,"Account Fees, Commissions & Charges",Event,MONETARY_TRANSACTION; FEE_TRANSACTION; COMMISSION_TRANSACTION; AGREEMENT_FEE
Marketing and Customer Experience,Customer Insight,Customer Segmentation,Non-Financial Transactions,Event,EVENT; NON_MONETARY_EVENT; DIRECT_CONTACT_EVENT
Marketing and Customer Experience,Customer Insight,Customer Segmentation,Service Usage,Event,CHANNEL_USAGE_METRIC; SERVICE_USAGE_EVENT; CHANNEL_INSTANCE
Marketing and Customer Experience,Customer Insight,Customer Segmentation,Complaint Data,Event,COMPLAINT; COMPLAINT_STATUS; COMPLAINT_RESOLUTION
Marketing and Customer Experience,Customer Insight,Customer Segmentation,Offline Customer Interactions - Branch,Event,DIRECT_CONTACT_EVENT; BRANCH_VISIT_EVENT; CHANNEL_INSTANCE
Marketing and Customer Experience,Customer Insight,Customer Segmentation,Offline Customer Interactions - Call Centre,Event,DIRECT_CONTACT_EVENT; CALL_EVENT; CHANNEL_INSTANCE
Marketing and Customer Experience,Customer Insight,Customer Segmentation,Offline Customer Interactions - letters,Event,DIRECT_CONTACT_EVENT; CORRESPONDENCE_EVENT; DOCUMENT
Marketing and Customer Experience,Customer Insight,Customer Segmentation,Offline Customer Interactions - sms text,Event,DIRECT_CONTACT_EVENT; SMS_EVENT; ELECTRONIC_ADDRESS
Marketing and Customer Experience,Customer Insight,Customer Segmentation,Online Interactions -  webchat (internal & external),Event,WEB_VISIT; WEB_PAGE_VIEW; ONLINE_INTERACTION_EVENT
Marketing and Customer Experience,Customer Insight,Customer Segmentation,Online Interactions colleague intranet,Event,WEB_VISIT; WEB_PAGE_VIEW
Marketing and Customer Experience,Customer Insight,Customer Segmentation,Online Interactions customer digital banking site (web log),Event,WEB_VISIT; WEB_PAGE_VIEW; EXTENDED_SESSION_INFORMATION; ONLINE_APPLICATION_ACCESS
Marketing and Customer Experience,Customer Insight,Customer Segmentation,Online Interactions customer general banking site,Event,WEB_VISIT; WEB_PAGE_VIEW; ONLINE_INTERACTION_EVENT
Marketing and Customer Experience,Customer Insight,Customer Segmentation,Online Interactions email - customer & employee,Event,DIRECT_CONTACT_EVENT; EMAIL_EVENT; ELECTRONIC_ADDRESS
Marketing and Customer Experience,Customer Insight,Customer Segmentation,Online Interactions prospect / unidentified customer (web log),Event,WEB_VISIT; WEB_PAGE_VIEW; VISITOR_INTERACTION_EVENT
Marketing and Customer Experience,Customer Insight,Customer Segmentation,Claims,Event,CLAIM; CLAIM_STATUS; CLAIM_PARTY_ROLE; CLAIM_PAYMENT
Marketing and Customer Experience,Customer Insight,Customer Segmentation,Defaults & Limit Breaches,Event,AGREEMENT_STATUS; DEFAULT_EVENT; LIMIT_BREACH_EVENT; AGREEMENT_RISK_METRIC
Marketing and Customer Experience,Customer Insight,Customer Segmentation,Customer interview / fact find,Event or Cross Subject - Document,DOCUMENT; SURVEY; SURVEY_QUESTION_RESPONSE; PARTY_DOCUMENT
Marketing and Customer Experience,Customer Insight,Customer Segmentation,Campaign History Data,Campaign,CAMPAIGN; CAMPAIGN_RESPONSE; CAMPAIGN_OFFER_RESPONSE; CAMPAIGN_WAVE
Marketing and Customer Experience,Customer Insight,Big Data Analytics,Single Customer View (Master Record),Party,PARTY; INDIVIDUAL; ORGANIZATION; HOUSEHOLD; PARTY_RELATIONSHIP; PARTY_IDENTIFICATION
Marketing and Customer Experience,Customer Insight,Big Data Analytics,KYC Data,Party,PARTY_IDENTIFICATION; PARTY_CLASSIFICATION; PARTY_IDENTITY_DOCUMENT; PARTY_COMPLIANCE_VERIFICATION
Marketing and Customer Experience,Customer Insight,Big Data Analytics,Customer Demographics,Party,INDIVIDUAL; PARTY_DEMOGRAPHIC; PARTY_CLASSIFICATION; PARTY_PREFERENCE
Marketing and Customer Experience,Customer Insight,Big Data Analytics,Customer Attitudinal Data,Party,PARTY_PREFERENCE; PARTY_CLASSIFICATION; PARTY_SURVEY_RESPONSE
Marketing and Customer Experience,Customer Insight,Big Data Analytics,Customer Segments,Party,PARTY_CLASSIFICATION; PARTY_SEGMENT; PARTY_CLASSIFICATION_VALUE
Marketing and Customer Experience,Customer Insight,Big Data Analytics,Customer Contact Preferences,Party,PARTY_PREFERENCE; PARTY_CONTACT_POINT; ELECTRONIC_ADDRESS; POSTAL_ADDRESS
Marketing and Customer Experience,Customer Insight,Big Data Analytics,Customer Marketing Preferences,Party,PARTY_PREFERENCE; PARTY_MARKETING_PREFERENCE; PARTY_CONSENT
Marketing and Customer Experience,Customer Insight,Big Data Analytics,Customer Satisfaction Measurement (E.g. NPS),Party,PARTY_SURVEY_RESPONSE; SURVEY; SURVEY_QUESTION_RESPONSE
Marketing and Customer Experience,Customer Insight,Big Data Analytics,Economic Forecast Data,Party,ECONOMIC_INDEX; ECONOMIC_INDEX_VALUE; MARKET_INDEX
Marketing and Customer Experience,Customer Insight,Big Data Analytics,Legal Actions,Party,PARTY_LEGAL_ACTION; LEGAL_ACTION; PARTY_LITIGATION
Marketing and Customer Experience,Customer Insight,Big Data Analytics,External Prospect Data / Lists,Party,PARTY; PROSPECT; PARTY_LIST; PARTY_LIST_MEMBERSHIP
Marketing and Customer Experience,Customer Insight,Big Data Analytics,External Data - Social Media Data,Party,SOCIAL_MEDIA_ACCOUNT; SOCIAL_MEDIA_TRANSFER; SOCIAL_MEDIA_POST
Marketing and Customer Experience,Customer Insight,Big Data Analytics,External Data - Bureau data,Party,PARTY_CREDIT_BUREAU_REPORT; CREDIT_BUREAU_SCORE; PARTY_EXTERNAL_RATING
Marketing and Customer Experience,Customer Insight,Big Data Analytics,External Data - Credit Rating,Party,PARTY_EXTERNAL_RATING; PARTY_LIABILITY_CREDIT_RATING; CREDIT_BUREAU_SCORE
Marketing and Customer Experience,Customer Insight,Big Data Analytics,"External Economic Data (E.g. Property Prices, Salary)",Party,ECONOMIC_INDEX; ECONOMIC_INDEX_VALUE; MARKET_INDEX; MARKET_INDEX_VALUE
Marketing and Customer Experience,Customer Insight,Big Data Analytics,Master & Reference Data - staff / colleague,Party,INDIVIDUAL; ASSOCIATE; ASSOCIATE_ASSIGNMENT; INTERNAL_ORGANIZATION_UNIT
Marketing and Customer Experience,Customer Insight,Big Data Analytics,"Sales and Performance Forecasts, Targets & KPIs",Party,PERFORMANCE_METRIC; PERFORMANCE_TARGET; ORGANIZATION_PERFORMANCE
Marketing and Customer Experience,Customer Insight,Big Data Analytics,HR Performance Data,Party,ASSOCIATE; ASSOCIATE_PERFORMANCE_REVIEW; ASSOCIATE_ASSIGNMENT
Marketing and Customer Experience,Customer Insight,Big Data Analytics,Customer Core Contact Details,Location,PARTY_CONTACT_POINT; ELECTRONIC_ADDRESS; POSTAL_ADDRESS; TELEPHONE_NUMBER
Marketing and Customer Experience,Customer Insight,Big Data Analytics,Master & Reference Data - geography / location,Location,GEOGRAPHICAL_AREA; GEOGRAPHICAL_UNIT; SITE; POSTAL_ADDRESS
Marketing and Customer Experience,Customer Insight,Big Data Analytics,Master & Reference Data - product,Product,Not mapped
Marketing and Customer Experience,Customer Insight,Big Data Analytics,Master & Reference Data - FTP rates,Product,INTEREST_RATE; INTEREST_RATE_INDEX; PRODUCT_INTEREST_RATE
Marketing and Customer Experience,Customer Insight,Big Data Analytics,Master & Reference Data - exchange rates,Product,CURRENCY; CURRENCY_EXCHANGE_RATE; CURRENCY_PAIR
Marketing and Customer Experience,Customer Insight,Big Data Analytics,"Product Revenue, Cost & Margin",Product,PRODUCT; PRODUCT_PRICING; PRODUCT_COST; AGREEMENT_SUMMARY
Marketing and Customer Experience,Customer Insight,Big Data Analytics,Product NPV's,Product,PRODUCT; PRODUCT_VALUATION; AGREEMENT_SUMMARY
Marketing and Customer Experience,Customer Insight,Big Data Analytics,External Data - market interest rates,Product,INTEREST_RATE_INDEX; INTEREST_RATE; MARKET_INDEX; MARKET_INDEX_VALUE
Marketing and Customer Experience,Customer Insight,Big Data Analytics,"External Data - market prices (E.g. equities, bonds, commodities)",Product,MARKET_INDEX; MARKET_INDEX_VALUE; INVESTMENT_PRODUCT; INVESTMENT_PRODUCT_PRICE
Marketing and Customer Experience,Customer Insight,Big Data Analytics,External Data - Competitor Product & Pricing,Party & Product,PRODUCT; MARKET_INDEX
Marketing and Customer Experience,Customer Insight,Big Data Analytics,Account / Policy / Service Holdings,Agreement,AGREEMENT; PARTY_AGREEMENT_ROLE; AGREEMENT_PARTY_ROLE; AGREEMENT_RELATIONSHIP
Marketing and Customer Experience,Customer Insight,Big Data Analytics,Account / Policy / Service Detail,Agreement,AGREEMENT; LOAN_TERM_AGREEMENT; DEPOSIT_AGREEMENT; INSURANCE_AGREEMENT; CREDIT_CARD_AGREEMENT
Marketing and Customer Experience,Customer Insight,Big Data Analytics,Account Status (open closed active / domant /inactive / closure reason ),Agreement,AGREEMENT; AGREEMENT_STATUS; AGREEMENT_STATUS_HISTORY
Marketing and Customer Experience,Customer Insight,Big Data Analytics,Account Terms & Conditions,Agreement,AGREEMENT; AGREEMENT_CONDITION; AGREEMENT_TERM
Marketing and Customer Experience,Customer Insight,Big Data Analytics,Account Feature Usage,Agreement,AGREEMENT_FEATURE; FEATURE; DESCRIPTIVE_FEATURE
Marketing and Customer Experience,Customer Insight,Big Data Analytics,"Application Data (New Customer, New Product)",Agreement,APPLICATION; APPLICATION_STATUS; APPLICATION_PARTY_ROLE
Marketing and Customer Experience,Customer Insight,Big Data Analytics,Coverage (insurance),Agreement,INSURANCE_COVERAGE; INSURANCE_AGREEMENT; COVERAGE_TYPE
Marketing and Customer Experience,Customer Insight,Big Data Analytics,Account Balances,Agreement,AGREEMENT_SUMMARY; BALANCE_SUMMARY; AGREEMENT_BALANCE
Marketing and Customer Experience,Customer Insight,Big Data Analytics,Investment Value,Agreement,INVESTMENT_ACCOUNT; INVESTMENT_HOLDING; INVESTMENT_PRODUCT_PRICE
Marketing and Customer Experience,Customer Insight,Big Data Analytics,Market / Trading Book Positions,Agreement,TRADE_ORDER; TRADE_EXECUTION; TRADING_POSITION
Marketing and Customer Experience,Customer Insight,Big Data Analytics,Mark to market valuations,Agreement,INVESTMENT_PRODUCT_PRICE; MARKET_INDEX_VALUE; AGREEMENT_VALUATION
Marketing and Customer Experience,Customer Insight,Big Data Analytics,Cashflow Projections,Agreement,AGREEMENT_CASHFLOW; CASHFLOW_SCHEDULE; AGREEMENT_SUMMARY
Marketing and Customer Experience,Customer Insight,Big Data Analytics,Account Maturity Dates & Repricing Schedules,Agreement,AGREEMENT; AGREEMENT_TERM; AGREEMENT_REPRICING_SCHEDULE
Marketing and Customer Experience,Customer Insight,Big Data Analytics,Account Repayment Schedules,Agreement,AGREEMENT_REPAYMENT_SCHEDULE; LOAN_TERM_AGREEMENT
Marketing and Customer Experience,Customer Insight,Big Data Analytics,Amortisation Schedules,Agreement,AGREEMENT_AMORTIZATION_SCHEDULE; LOAN_TERM_AGREEMENT
Marketing and Customer Experience,Customer Insight,Big Data Analytics,Customer Illustrations,Agreement,DOCUMENT; PARTY_DOCUMENT
Marketing and Customer Experience,Customer Insight,Big Data Analytics,Customer Quotes,Agreement,APPLICATION; QUOTE; DOCUMENT
Marketing and Customer Experience,Customer Insight,Big Data Analytics,Collateral Agreements,Agreement,COLLATERAL_AGREEMENT; COLLATERAL; COLLATERAL_VALUATION; PARTY_ASSET
Marketing and Customer Experience,Customer Insight,Big Data Analytics,Risk Exposures,Agreement,AGREEMENT_RISK_METRIC; RISK_EXPOSURE; CREDIT_RISK_SUMMARY
Marketing and Customer Experience,Customer Insight,Big Data Analytics,Risk Weighted Assets & Capital Results,Agreement,AGREEMENT_RISK_METRIC; BANK_CAPITAL_SUMMARY; CAPITAL_REQUIREMENTS_SUMMARY
Marketing and Customer Experience,Customer Insight,Big Data Analytics,Profitability Results,Agreement,AGREEMENT_SUMMARY; AGREEMENT_PROFITABILITY; PRODUCT_PROFITABILITY
Marketing and Customer Experience,Customer Insight,Big Data Analytics,Account Limits,Cross Subject  -  Limits,AGREEMENT_LIMIT; LIMIT; PARTY_LIMIT
Marketing and Customer Experience,Customer Insight,Big Data Analytics,Predictive Models - propensity to buy,Party or Agreement,ANALYTICAL_MODEL; MODEL_RUN; MODEL_SCORE; PARTY_MODEL_SCORE
Marketing and Customer Experience,Customer Insight,Big Data Analytics,Predictive Models - attrition,Party or Agreement,ANALYTICAL_MODEL; MODEL_RUN; MODEL_SCORE; PARTY_MODEL_SCORE
Marketing and Customer Experience,Customer Insight,Big Data Analytics,Predictive Models - price elasticity,Party or Agreement,ANALYTICAL_MODEL; MODEL_RUN; MODEL_SCORE
Marketing and Customer Experience,Customer Insight,Big Data Analytics,Attribution Models - response,Party or Agreement,ANALYTICAL_MODEL; MODEL_RUN; CAMPAIGN_RESPONSE
Marketing and Customer Experience,Customer Insight,Big Data Analytics,Lead Foodchain data,Party or Agreement,OPPORTUNITY; OPPORTUNITY_STATUS; OPPORTUNITY_PARTY_ROLE
Marketing and Customer Experience,Customer Insight,Big Data Analytics,Predictive Models - risk,Party or Agreement,ANALYTICAL_MODEL; MODEL_RUN; MODEL_SCORE; PARTY_LIABILITY_CREDIT_RATING
Marketing and Customer Experience,Customer Insight,Big Data Analytics,"Risk Segments, Cohorts & Groupings",Party or Agreement,PARTY_CLASSIFICATION; RISK_GRADE_VALUE; RISK_GRADE_SCHEME
Marketing and Customer Experience,Customer Insight,Big Data Analytics,"Provisions, Losses & Writeoffs",Party or Agreement,AGREEMENT_RISK_METRIC; PROVISION; WRITE_OFF; LOSS_EVENT
Marketing and Customer Experience,Customer Insight,Big Data Analytics,Financial Transactions,Event,MONETARY_TRANSACTION; TRANSACTION_TYPE; FINANCIAL_TRANSACTION; PAYMENT
Marketing and Customer Experience,Customer Insight,Big Data Analytics,"Account Fees, Commissions & Charges",Event,MONETARY_TRANSACTION; FEE_TRANSACTION; COMMISSION_TRANSACTION; AGREEMENT_FEE
Marketing and Customer Experience,Customer Insight,Big Data Analytics,Financial Interbank Payments,Event,PAYMENT; INTERBANK_PAYMENT; FINANCIAL_TRANSACTION
Marketing and Customer Experience,Customer Insight,Big Data Analytics,Non-Financial Transactions,Event,EVENT; NON_MONETARY_EVENT; DIRECT_CONTACT_EVENT
Marketing and Customer Experience,Customer Insight,Big Data Analytics,Service Usage,Event,CHANNEL_USAGE_METRIC; SERVICE_USAGE_EVENT; CHANNEL_INSTANCE
Marketing and Customer Experience,Customer Insight,Big Data Analytics,Complaint Data,Event,COMPLAINT; COMPLAINT_STATUS; COMPLAINT_RESOLUTION
Marketing and Customer Experience,Customer Insight,Big Data Analytics,Offline Customer Interactions - Branch,Event,DIRECT_CONTACT_EVENT; BRANCH_VISIT_EVENT; CHANNEL_INSTANCE
Marketing and Customer Experience,Customer Insight,Big Data Analytics,Offline Customer Interactions - Call Centre,Event,DIRECT_CONTACT_EVENT; CALL_EVENT; CHANNEL_INSTANCE
Marketing and Customer Experience,Customer Insight,Big Data Analytics,Offline Customer Interactions - letters,Event,DIRECT_CONTACT_EVENT; CORRESPONDENCE_EVENT; DOCUMENT
Marketing and Customer Experience,Customer Insight,Big Data Analytics,Offline Customer Interactions - sms text,Event,DIRECT_CONTACT_EVENT; SMS_EVENT; ELECTRONIC_ADDRESS
Marketing and Customer Experience,Customer Insight,Big Data Analytics,Online Interactions -  webchat (internal & external),Event,WEB_VISIT; WEB_PAGE_VIEW; ONLINE_INTERACTION_EVENT
Marketing and Customer Experience,Customer Insight,Big Data Analytics,Online Interactions colleague intranet,Event,WEB_VISIT; WEB_PAGE_VIEW
Marketing and Customer Experience,Customer Insight,Big Data Analytics,Online Interactions customer digital banking site (web log),Event,WEB_VISIT; WEB_PAGE_VIEW; EXTENDED_SESSION_INFORMATION; ONLINE_APPLICATION_ACCESS
Marketing and Customer Experience,Customer Insight,Big Data Analytics,Online Interactions customer general banking site,Event,WEB_VISIT; WEB_PAGE_VIEW; ONLINE_INTERACTION_EVENT
Marketing and Customer Experience,Customer Insight,Big Data Analytics,Online Interactions email - customer & employee,Event,DIRECT_CONTACT_EVENT; EMAIL_EVENT; ELECTRONIC_ADDRESS
Marketing and Customer Experience,Customer Insight,Big Data Analytics,Online Interactions mobile app,Event,WEB_VISIT; WEB_PAGE_VIEW; MOBILE_APP_EVENT; CHANNEL_INSTANCE
Marketing and Customer Experience,Customer Insight,Big Data Analytics,Online Interactions off-site - ad server,Event,AD; AD_PLACEMENT; AD_IMPRESSION; AD_CAMPAIGN_OBJECTIVE
Marketing and Customer Experience,Customer Insight,Big Data Analytics,Online Interactions prospect / unidentified customer (web log),Event,WEB_VISIT; WEB_PAGE_VIEW; VISITOR_INTERACTION_EVENT
Marketing and Customer Experience,Customer Insight,Big Data Analytics,"Case History (Fraud, Money Laundering, Complaint)",Event,CASE; CASE_EVENT; CASE_PARTY_ROLE; FRAUD_CASE
Marketing and Customer Experience,Customer Insight,Big Data Analytics,Claims,Event,CLAIM; CLAIM_STATUS; CLAIM_PARTY_ROLE; CLAIM_PAYMENT
Marketing and Customer Experience,Customer Insight,Big Data Analytics,Defaults & Limit Breaches,Event,AGREEMENT_STATUS; DEFAULT_EVENT; LIMIT_BREACH_EVENT; AGREEMENT_RISK_METRIC
Marketing and Customer Experience,Customer Insight,Big Data Analytics,Closed Loop Outcomes / Channel Responses,Event,CAMPAIGN_RESPONSE; CAMPAIGN_OFFER_RESPONSE; DIRECT_CONTACT_EVENT
Marketing and Customer Experience,Customer Insight,Big Data Analytics,External Data - Corporate Actions,Event,CORPORATE_ACTION; INVESTMENT_PRODUCT
Marketing and Customer Experience,Customer Insight,Big Data Analytics,Internal Process Activity Data,Event,EVENT; PROCESS_EVENT; OPERATIONAL_EVENT
Marketing and Customer Experience,Customer Insight,Big Data Analytics,Master & Reference Data - merchant / transaction,Event,MERCHANT; MERCHANT_CATEGORY; TRANSACTION_TYPE
Marketing and Customer Experience,Customer Insight,Big Data Analytics,Customer interview / fact find,Event or Cross Subject - Document,DOCUMENT; SURVEY; SURVEY_QUESTION_RESPONSE; PARTY_DOCUMENT
Marketing and Customer Experience,Customer Insight,Big Data Analytics,Physical Assets,Party Asset,PARTY_ASSET; FIXED_ASSET; REAL_PROPERTY
Marketing and Customer Experience,Customer Insight,Big Data Analytics,Physical Asset Valuations,Party Asset,PARTY_ASSET_VALUATION; COLLATERAL_VALUATION; REAL_PROPERTY_VALUATION
Marketing and Customer Experience,Customer Insight,Big Data Analytics,Master & Reference Data - organisation hierarchy,Internal Organisation,ORGANIZATION; INTERNAL_ORGANIZATION_UNIT; ORGANIZATION_UNIT_RELATIONSHIP; ORGANIZATION_BUSINESS_TYPE
Marketing and Customer Experience,Customer Insight,Big Data Analytics,"Operational metrics (E.g. Wait times, queue length)",Internal Organisation,CHANNEL_USAGE_METRIC; OPERATIONAL_EVENT; SERVICE_LEVEL_METRIC
Marketing and Customer Experience,Customer Insight,Big Data Analytics,Offer Catalogue,Campaign,OFFER; OFFER_TYPE; CAMPAIGN_OFFER; PRODUCT
Marketing and Customer Experience,Customer Insight,Big Data Analytics,Master & Reference Data - Campaign,Campaign,CAMPAIGN; CAMPAIGN_TYPE; CAMPAIGN_STATUS; CAMPAIGN_WAVE
Marketing and Customer Experience,Customer Insight,Big Data Analytics,Campaign Production Costs,Campaign,CAMPAIGN; CAMPAIGN_COST; CAMPAIGN_BUDGET
Marketing and Customer Experience,Customer Insight,Big Data Analytics,Campaign History Data,Campaign,CAMPAIGN; CAMPAIGN_RESPONSE; CAMPAIGN_OFFER_RESPONSE; CAMPAIGN_WAVE
Marketing and Customer Experience,Customer Insight,Big Data Analytics,Media Asset Details,Campaign,MEDIA_ASSET; DOCUMENT; DIGITAL_CONTENT
Marketing and Customer Experience,Customer Insight,Big Data Analytics,Campaign Promotional Calendar,Campaign,CAMPAIGN; CAMPAIGN_WAVE; CAMPAIGN_SCHEDULE
Marketing and Customer Experience,Customer Insight,Big Data Analytics,Master & Reference Data - Channel,Channel,CHANNEL_TYPE; CHANNEL_INSTANCE; CHANNEL_CLASSIFICATION
Marketing and Customer Experience,Customer Insight,Big Data Analytics,Finance Systems - General Ledger,Finance,Not mapped
Marketing and Customer Experience,Customer Insight,Big Data Analytics,Finance Systems - ERP,Finance,GL_ACCOUNT; GL_MAIN_ACCOUNT; VENDOR; VENDOR_INVOICE
Marketing and Customer Experience,Customer Insight,Big Data Analytics,"Finance Systems - Budgets, Plans & Forecasts",Finance,GL_ACCOUNT; BUDGET; FORECAST; FINANCIAL_PLAN
Marketing and Customer Experience,Customer Insight,Big Data Analytics,"Model Metadata (E.g. defintion, assumptions, metrics)",Analytical Model,ANALYTICAL_MODEL; MODEL_RUN; MODEL_PARAMETER
Marketing and Customer Experience,Customer Insight,Big Data Analytics,Risk Scenario & Stress Testing Results,Analytical Model,RISK_CALCULATION_SCENARIO; RISK_SCENARIO_RESULT; STRESS_TEST_RESULT
Marketing and Customer Experience,Customer Insight,Big Data Analytics,"Documents - Structured Data Capture (Survey, Application Forms)",Cross Subject - Document,DOCUMENT; DOCUMENT_TYPE; SURVEY; APPLICATION
Marketing and Customer Experience,Customer Insight,Big Data Analytics,Document Image,Cross Subject - Document,Not mapped
Marketing and Customer Experience,Customer Insight,Big Data Analytics,Text Data,Cross Subject - Document,DOCUMENT; TEXT_CONTENT; DIGITAL_CONTENT
Marketing and Customer Experience,Customer Insight,Big Data Analytics,External Data - News / Industry Feeds E.g. Reuters,Cross Subject - Document,DOCUMENT; NEWS_FEED; MARKET_INDEX
Marketing and Customer Experience,Customer Insight,Big Data Analytics,Master & Reference Data - Risk Policy Rules,Cross Subject - Document,RISK_GRADE_SCHEME; RISK_GRADE_VALUE; RISK_POLICY; BUSINESS_RULE
Marketing and Customer Experience,Customer Insight,Big Data Analytics,Customer Research - Primary & Secondary,Cross Subject - Survey,SURVEY; SURVEY_QUESTION_RESPONSE; PARTY_SURVEY_RESPONSE
Marketing and Customer Experience,Customer Insight,Big Data Analytics,Rich Media from all sources,Cross Subject - Multi-media object,DIGITAL_CONTENT; MEDIA_ASSET; DOCUMENT
Marketing and Customer Experience,Customer Insight,Big Data Analytics,Voice Recording,Cross Subject - Multi-media object,DIGITAL_CONTENT; CALL_RECORDING; DIRECT_CONTACT_EVENT
Marketing and Customer Experience,Customer Insight,Big Data Analytics,External Data - Fraud Watch Lists,Cross Subject - Watch List,WATCH_LIST; WATCH_LIST_ENTRY; PARTY_WATCH_LIST_CHECK
Marketing and Customer Experience,Customer Insight,Big Data Analytics,Compliance Approvals,Cross Subject,COMPLIANCE_EVENT; APPROVAL; PARTY_COMPLIANCE_VERIFICATION
Marketing and Customer Experience,Customer Insight,Big Data Analytics,Business Process Definition,Not Covered,EVENT; PROCESS_EVENT
Marketing and Customer Experience,Customer Insight,Big Data Analytics,External Data - External Loss Data,Not Covered,LOSS_EVENT; OPERATIONAL_LOSS_EVENT
Marketing and Customer Experience,Customer Insight,Big Data Analytics,"System Log Files (E.g. Firewall, Webserver)",Not Covered,WEB_VISIT; SYSTEM_EVENT
Marketing and Customer Experience,Customer Insight,Customer Managed Relationships,Single Customer View (Master Record),Party,PARTY; INDIVIDUAL; ORGANIZATION; HOUSEHOLD; PARTY_RELATIONSHIP; PARTY_IDENTIFICATION
Marketing and Customer Experience,Customer Insight,Customer Managed Relationships,KYC Data,Party,PARTY_IDENTIFICATION; PARTY_CLASSIFICATION; PARTY_IDENTITY_DOCUMENT; PARTY_COMPLIANCE_VERIFICATION
Marketing and Customer Experience,Customer Insight,Customer Managed Relationships,Customer Demographics,Party,INDIVIDUAL; PARTY_DEMOGRAPHIC; PARTY_CLASSIFICATION; PARTY_PREFERENCE
Marketing and Customer Experience,Customer Insight,Customer Managed Relationships,Customer Segments,Party,PARTY_CLASSIFICATION; PARTY_SEGMENT; PARTY_CLASSIFICATION_VALUE
Marketing and Customer Experience,Customer Insight,Customer Managed Relationships,Customer Satisfaction Measurement (E.g. NPS),Party,PARTY_SURVEY_RESPONSE; SURVEY; SURVEY_QUESTION_RESPONSE
Marketing and Customer Experience,Customer Insight,Customer Managed Relationships,External Data - Social Media Data,Party,SOCIAL_MEDIA_ACCOUNT; SOCIAL_MEDIA_TRANSFER; SOCIAL_MEDIA_POST
Marketing and Customer Experience,Customer Insight,Customer Managed Relationships,Account Terms & Conditions,Agreement,AGREEMENT; AGREEMENT_CONDITION; AGREEMENT_TERM
Marketing and Customer Experience,Customer Insight,Customer Managed Relationships,Customer interview / fact find,Event or Cross Subject - Document,DOCUMENT; SURVEY; SURVEY_QUESTION_RESPONSE; PARTY_DOCUMENT
Marketing and Customer Experience,Customer Insight,Customer Managed Relationships,"Documents - Structured Data Capture (Survey, Application Forms)",Cross Subject - Document,DOCUMENT; DOCUMENT_TYPE; SURVEY; APPLICATION
Marketing and Customer Experience,Customer Insight,Customer Managed Relationships,Customer Research - Primary & Secondary,Cross Subject - Survey,SURVEY; SURVEY_QUESTION_RESPONSE; PARTY_SURVEY_RESPONSE
Marketing and Customer Experience,Define & Deploy Business Rules,Scope of Contact,Single Customer View (Master Record),Party,PARTY; INDIVIDUAL; ORGANIZATION; HOUSEHOLD; PARTY_RELATIONSHIP; PARTY_IDENTIFICATION
Marketing and Customer Experience,Define & Deploy Business Rules,Scope of Contact,Customer Demographics,Party,INDIVIDUAL; PARTY_DEMOGRAPHIC; PARTY_CLASSIFICATION; PARTY_PREFERENCE
Marketing and Customer Experience,Define & Deploy Business Rules,Scope of Contact,Customer Attitudinal Data,Party,PARTY_PREFERENCE; PARTY_CLASSIFICATION; PARTY_SURVEY_RESPONSE
Marketing and Customer Experience,Define & Deploy Business Rules,Scope of Contact,Customer Segments,Party,PARTY_CLASSIFICATION; PARTY_SEGMENT; PARTY_CLASSIFICATION_VALUE
Marketing and Customer Experience,Define & Deploy Business Rules,Scope of Contact,Customer Contact Preferences,Party,PARTY_PREFERENCE; PARTY_CONTACT_POINT; ELECTRONIC_ADDRESS; POSTAL_ADDRESS
Marketing and Customer Experience,Define & Deploy Business Rules,Scope of Contact,Customer Marketing Preferences,Party,PARTY_PREFERENCE; PARTY_MARKETING_PREFERENCE; PARTY_CONSENT
Marketing and Customer Experience,Define & Deploy Business Rules,Scope of Contact,Customer Satisfaction Measurement (E.g. NPS),Party,PARTY_SURVEY_RESPONSE; SURVEY; SURVEY_QUESTION_RESPONSE
Marketing and Customer Experience,Define & Deploy Business Rules,Scope of Contact,External Prospect Data / Lists,Party,PARTY; PROSPECT; PARTY_LIST; PARTY_LIST_MEMBERSHIP
Marketing and Customer Experience,Define & Deploy Business Rules,Scope of Contact,External Data - Credit Rating,Party,PARTY_EXTERNAL_RATING; PARTY_LIABILITY_CREDIT_RATING; CREDIT_BUREAU_SCORE
Marketing and Customer Experience,Define & Deploy Business Rules,Scope of Contact,"Sales and Performance Forecasts, Targets & KPIs",Party,PERFORMANCE_METRIC; PERFORMANCE_TARGET; ORGANIZATION_PERFORMANCE
Marketing and Customer Experience,Define & Deploy Business Rules,Scope of Contact,Customer Core Contact Details,Location,PARTY_CONTACT_POINT; ELECTRONIC_ADDRESS; POSTAL_ADDRESS; TELEPHONE_NUMBER
Marketing and Customer Experience,Define & Deploy Business Rules,Scope of Contact,Account / Policy / Service Holdings,Agreement,AGREEMENT; PARTY_AGREEMENT_ROLE; AGREEMENT_PARTY_ROLE; AGREEMENT_RELATIONSHIP
Marketing and Customer Experience,Define & Deploy Business Rules,Scope of Contact,Account / Policy / Service Detail,Agreement,AGREEMENT; LOAN_TERM_AGREEMENT; DEPOSIT_AGREEMENT; INSURANCE_AGREEMENT; CREDIT_CARD_AGREEMENT
Marketing and Customer Experience,Define & Deploy Business Rules,Scope of Contact,Account Status (open closed active / domant /inactive / closure reason ),Agreement,AGREEMENT; AGREEMENT_STATUS; AGREEMENT_STATUS_HISTORY
Marketing and Customer Experience,Define & Deploy Business Rules,Scope of Contact,Profitability Results,Agreement,AGREEMENT_SUMMARY; AGREEMENT_PROFITABILITY; PRODUCT_PROFITABILITY
Marketing and Customer Experience,Define & Deploy Business Rules,Scope of Contact,Predictive Models - propensity to buy,Party or Agreement,ANALYTICAL_MODEL; MODEL_RUN; MODEL_SCORE; PARTY_MODEL_SCORE
Marketing and Customer Experience,Define & Deploy Business Rules,Scope of Contact,Predictive Models - attrition,Party or Agreement,ANALYTICAL_MODEL; MODEL_RUN; MODEL_SCORE; PARTY_MODEL_SCORE
Marketing and Customer Experience,Define & Deploy Business Rules,Scope of Contact,Predictive Models - price elasticity,Party or Agreement,ANALYTICAL_MODEL; MODEL_RUN; MODEL_SCORE
Marketing and Customer Experience,Define & Deploy Business Rules,Scope of Contact,Predictive Models - risk,Party or Agreement,ANALYTICAL_MODEL; MODEL_RUN; MODEL_SCORE; PARTY_LIABILITY_CREDIT_RATING
Marketing and Customer Experience,Define & Deploy Business Rules,Scope of Contact,Offer Catalogue,Campaign,OFFER; OFFER_TYPE; CAMPAIGN_OFFER; PRODUCT
Marketing and Customer Experience,Define & Deploy Business Rules,Customer Contact Policy,Customer Demographics,Party,INDIVIDUAL; PARTY_DEMOGRAPHIC; PARTY_CLASSIFICATION; PARTY_PREFERENCE
Marketing and Customer Experience,Define & Deploy Business Rules,Customer Contact Policy,Customer Attitudinal Data,Party,PARTY_PREFERENCE; PARTY_CLASSIFICATION; PARTY_SURVEY_RESPONSE
Marketing and Customer Experience,Define & Deploy Business Rules,Customer Contact Policy,Customer Segments,Party,PARTY_CLASSIFICATION; PARTY_SEGMENT; PARTY_CLASSIFICATION_VALUE
Marketing and Customer Experience,Define & Deploy Business Rules,Customer Contact Policy,Customer Contact Preferences,Party,PARTY_PREFERENCE; PARTY_CONTACT_POINT; ELECTRONIC_ADDRESS; POSTAL_ADDRESS
Marketing and Customer Experience,Define & Deploy Business Rules,Customer Contact Policy,Customer Marketing Preferences,Party,PARTY_PREFERENCE; PARTY_MARKETING_PREFERENCE; PARTY_CONSENT
Marketing and Customer Experience,Define & Deploy Business Rules,Customer Contact Policy,Customer Satisfaction Measurement (E.g. NPS),Party,PARTY_SURVEY_RESPONSE; SURVEY; SURVEY_QUESTION_RESPONSE
Marketing and Customer Experience,Define & Deploy Business Rules,Customer Contact Policy,Account / Policy / Service Holdings,Agreement,AGREEMENT; PARTY_AGREEMENT_ROLE; AGREEMENT_PARTY_ROLE; AGREEMENT_RELATIONSHIP
Marketing and Customer Experience,Define & Deploy Business Rules,Customer Contact Policy,Attribution Models - response,Party or Agreement,ANALYTICAL_MODEL; MODEL_RUN; CAMPAIGN_RESPONSE
Marketing and Customer Experience,Define & Deploy Business Rules,Customer Contact Policy,Lead Foodchain data,Party or Agreement,OPPORTUNITY; OPPORTUNITY_STATUS; OPPORTUNITY_PARTY_ROLE
Marketing and Customer Experience,Define & Deploy Business Rules,Customer Contact Policy,Financial Transactions,Event,MONETARY_TRANSACTION; TRANSACTION_TYPE; FINANCIAL_TRANSACTION; PAYMENT
Marketing and Customer Experience,Define & Deploy Business Rules,Customer Contact Policy,Non-Financial Transactions,Event,EVENT; NON_MONETARY_EVENT; DIRECT_CONTACT_EVENT
Marketing and Customer Experience,Define & Deploy Business Rules,Customer Contact Policy,Service Usage,Event,CHANNEL_USAGE_METRIC; SERVICE_USAGE_EVENT; CHANNEL_INSTANCE
Marketing and Customer Experience,Define & Deploy Business Rules,Customer Contact Policy,Complaint Data,Event,COMPLAINT; COMPLAINT_STATUS; COMPLAINT_RESOLUTION
Marketing and Customer Experience,Define & Deploy Business Rules,Customer Contact Policy,Offline Customer Interactions - Branch,Event,DIRECT_CONTACT_EVENT; BRANCH_VISIT_EVENT; CHANNEL_INSTANCE
Marketing and Customer Experience,Define & Deploy Business Rules,Customer Contact Policy,Offline Customer Interactions - Call Centre,Event,DIRECT_CONTACT_EVENT; CALL_EVENT; CHANNEL_INSTANCE
Marketing and Customer Experience,Define & Deploy Business Rules,Customer Contact Policy,Offline Customer Interactions - letters,Event,DIRECT_CONTACT_EVENT; CORRESPONDENCE_EVENT; DOCUMENT
Marketing and Customer Experience,Define & Deploy Business Rules,Customer Contact Policy,Offline Customer Interactions - sms text,Event,DIRECT_CONTACT_EVENT; SMS_EVENT; ELECTRONIC_ADDRESS
Marketing and Customer Experience,Define & Deploy Business Rules,Customer Contact Policy,Online Interactions -  webchat (internal & external),Event,WEB_VISIT; WEB_PAGE_VIEW; ONLINE_INTERACTION_EVENT
Marketing and Customer Experience,Define & Deploy Business Rules,Customer Contact Policy,Online Interactions colleague intranet,Event,WEB_VISIT; WEB_PAGE_VIEW
Marketing and Customer Experience,Define & Deploy Business Rules,Customer Contact Policy,Online Interactions customer digital banking site (web log),Event,WEB_VISIT; WEB_PAGE_VIEW; EXTENDED_SESSION_INFORMATION; ONLINE_APPLICATION_ACCESS
Marketing and Customer Experience,Define & Deploy Business Rules,Customer Contact Policy,Online Interactions customer general banking site,Event,WEB_VISIT; WEB_PAGE_VIEW; ONLINE_INTERACTION_EVENT
Marketing and Customer Experience,Define & Deploy Business Rules,Customer Contact Policy,Online Interactions email - customer & employee,Event,DIRECT_CONTACT_EVENT; EMAIL_EVENT; ELECTRONIC_ADDRESS
Marketing and Customer Experience,Define & Deploy Business Rules,Customer Contact Policy,Online Interactions mobile app,Event,WEB_VISIT; WEB_PAGE_VIEW; MOBILE_APP_EVENT; CHANNEL_INSTANCE
Marketing and Customer Experience,Define & Deploy Business Rules,Customer Contact Policy,Online Interactions off-site - ad server,Event,AD; AD_PLACEMENT; AD_IMPRESSION; AD_CAMPAIGN_OBJECTIVE
Marketing and Customer Experience,Define & Deploy Business Rules,Customer Contact Policy,Online Interactions prospect / unidentified customer (web log),Event,WEB_VISIT; WEB_PAGE_VIEW; VISITOR_INTERACTION_EVENT
Marketing and Customer Experience,Define & Deploy Business Rules,Customer Contact Policy,Closed Loop Outcomes / Channel Responses,Event,CAMPAIGN_RESPONSE; CAMPAIGN_OFFER_RESPONSE; DIRECT_CONTACT_EVENT
Marketing and Customer Experience,Define & Deploy Business Rules,Customer Contact Policy,Customer interview / fact find,Event or Cross Subject - Document,DOCUMENT; SURVEY; SURVEY_QUESTION_RESPONSE; PARTY_DOCUMENT
Marketing and Customer Experience,Define & Deploy Business Rules,Customer Contact Policy,Offer Catalogue,Campaign,OFFER; OFFER_TYPE; CAMPAIGN_OFFER; PRODUCT
Marketing and Customer Experience,Define & Deploy Business Rules,Customer Contact Policy,Master & Reference Data - Campaign,Campaign,CAMPAIGN; CAMPAIGN_TYPE; CAMPAIGN_STATUS; CAMPAIGN_WAVE
Marketing and Customer Experience,Define & Deploy Business Rules,Customer Contact Policy,Campaign History Data,Campaign,CAMPAIGN; CAMPAIGN_RESPONSE; CAMPAIGN_OFFER_RESPONSE; CAMPAIGN_WAVE
Marketing and Customer Experience,Define & Deploy Business Rules,Customer Contact Policy,Campaign Promotional Calendar,Campaign,CAMPAIGN; CAMPAIGN_WAVE; CAMPAIGN_SCHEDULE
Marketing and Customer Experience,Define & Deploy Business Rules,Customer Contact Policy,"Model Metadata (E.g. defintion, assumptions, metrics)",Analytical Model,ANALYTICAL_MODEL; MODEL_RUN; MODEL_PARAMETER
Marketing and Customer Experience,Define & Deploy Business Rules,Campaign Business Cases,Customer Segments,Party,PARTY_CLASSIFICATION; PARTY_SEGMENT; PARTY_CLASSIFICATION_VALUE
Marketing and Customer Experience,Define & Deploy Business Rules,Campaign Business Cases,Customer Contact Preferences,Party,PARTY_PREFERENCE; PARTY_CONTACT_POINT; ELECTRONIC_ADDRESS; POSTAL_ADDRESS
Marketing and Customer Experience,Define & Deploy Business Rules,Campaign Business Cases,Customer Marketing Preferences,Party,PARTY_PREFERENCE; PARTY_MARKETING_PREFERENCE; PARTY_CONSENT
Marketing and Customer Experience,Define & Deploy Business Rules,Campaign Business Cases,"Sales and Performance Forecasts, Targets & KPIs",Party,PERFORMANCE_METRIC; PERFORMANCE_TARGET; ORGANIZATION_PERFORMANCE
Marketing and Customer Experience,Define & Deploy Business Rules,Campaign Business Cases,Product NPV's,Product,PRODUCT; PRODUCT_VALUATION; AGREEMENT_SUMMARY
Marketing and Customer Experience,Define & Deploy Business Rules,Campaign Business Cases,External Data - Competitor Product & Pricing,Party & Product,PRODUCT; MARKET_INDEX
Marketing and Customer Experience,Define & Deploy Business Rules,Campaign Business Cases,Account / Policy / Service Holdings,Agreement,AGREEMENT; PARTY_AGREEMENT_ROLE; AGREEMENT_PARTY_ROLE; AGREEMENT_RELATIONSHIP
Marketing and Customer Experience,Define & Deploy Business Rules,Campaign Business Cases,Profitability Results,Agreement,AGREEMENT_SUMMARY; AGREEMENT_PROFITABILITY; PRODUCT_PROFITABILITY
Marketing and Customer Experience,Define & Deploy Business Rules,Campaign Business Cases,Predictive Models - propensity to buy,Party or Agreement,ANALYTICAL_MODEL; MODEL_RUN; MODEL_SCORE; PARTY_MODEL_SCORE
Marketing and Customer Experience,Define & Deploy Business Rules,Campaign Business Cases,Predictive Models - attrition,Party or Agreement,ANALYTICAL_MODEL; MODEL_RUN; MODEL_SCORE; PARTY_MODEL_SCORE
Marketing and Customer Experience,Define & Deploy Business Rules,Campaign Business Cases,Predictive Models - price elasticity,Party or Agreement,ANALYTICAL_MODEL; MODEL_RUN; MODEL_SCORE
Marketing and Customer Experience,Define & Deploy Business Rules,Campaign Business Cases,Attribution Models - response,Party or Agreement,ANALYTICAL_MODEL; MODEL_RUN; CAMPAIGN_RESPONSE
Marketing and Customer Experience,Define & Deploy Business Rules,Campaign Business Cases,Lead Foodchain data,Party or Agreement,OPPORTUNITY; OPPORTUNITY_STATUS; OPPORTUNITY_PARTY_ROLE
Marketing and Customer Experience,Define & Deploy Business Rules,Campaign Business Cases,Predictive Models - risk,Party or Agreement,ANALYTICAL_MODEL; MODEL_RUN; MODEL_SCORE; PARTY_LIABILITY_CREDIT_RATING
Marketing and Customer Experience,Define & Deploy Business Rules,Campaign Business Cases,Master & Reference Data - Campaign,Campaign,CAMPAIGN; CAMPAIGN_TYPE; CAMPAIGN_STATUS; CAMPAIGN_WAVE
Marketing and Customer Experience,Define & Deploy Business Rules,Campaign Business Cases,Campaign Production Costs,Campaign,CAMPAIGN; CAMPAIGN_COST; CAMPAIGN_BUDGET
Marketing and Customer Experience,Define & Deploy Business Rules,Campaign Business Cases,Campaign History Data,Campaign,CAMPAIGN; CAMPAIGN_RESPONSE; CAMPAIGN_OFFER_RESPONSE; CAMPAIGN_WAVE
Marketing and Customer Experience,Define & Deploy Business Rules,Campaign Business Cases,Campaign Promotional Calendar,Campaign,CAMPAIGN; CAMPAIGN_WAVE; CAMPAIGN_SCHEDULE
Marketing and Customer Experience,Define & Deploy Business Rules,Campaign Business Cases,External Data - News / Industry Feeds E.g. Reuters,Cross Subject - Document,DOCUMENT; NEWS_FEED; MARKET_INDEX
Marketing and Customer Experience,Define & Deploy Business Rules,Campaign Business Cases,Customer Research - Primary & Secondary,Cross Subject - Survey,SURVEY; SURVEY_QUESTION_RESPONSE; PARTY_SURVEY_RESPONSE
Marketing and Customer Experience,Define & Deploy Business Rules,Campaign Business Cases,Compliance Approvals,Cross Subject,COMPLIANCE_EVENT; APPROVAL; PARTY_COMPLIANCE_VERIFICATION
Marketing and Customer Experience,Define & Deploy Business Rules,Omni Channel Campaign Management,Single Customer View (Master Record),Party,PARTY; INDIVIDUAL; ORGANIZATION; HOUSEHOLD; PARTY_RELATIONSHIP; PARTY_IDENTIFICATION
Marketing and Customer Experience,Define & Deploy Business Rules,Omni Channel Campaign Management,Customer Demographics,Party,INDIVIDUAL; PARTY_DEMOGRAPHIC; PARTY_CLASSIFICATION; PARTY_PREFERENCE
Marketing and Customer Experience,Define & Deploy Business Rules,Omni Channel Campaign Management,Customer Attitudinal Data,Party,PARTY_PREFERENCE; PARTY_CLASSIFICATION; PARTY_SURVEY_RESPONSE
Marketing and Customer Experience,Define & Deploy Business Rules,Omni Channel Campaign Management,Customer Segments,Party,PARTY_CLASSIFICATION; PARTY_SEGMENT; PARTY_CLASSIFICATION_VALUE
Marketing and Customer Experience,Define & Deploy Business Rules,Omni Channel Campaign Management,Customer Contact Preferences,Party,PARTY_PREFERENCE; PARTY_CONTACT_POINT; ELECTRONIC_ADDRESS; POSTAL_ADDRESS
Marketing and Customer Experience,Define & Deploy Business Rules,Omni Channel Campaign Management,Customer Marketing Preferences,Party,PARTY_PREFERENCE; PARTY_MARKETING_PREFERENCE; PARTY_CONSENT
Marketing and Customer Experience,Define & Deploy Business Rules,Omni Channel Campaign Management,Customer Satisfaction Measurement (E.g. NPS),Party,PARTY_SURVEY_RESPONSE; SURVEY; SURVEY_QUESTION_RESPONSE
Marketing and Customer Experience,Define & Deploy Business Rules,Omni Channel Campaign Management,External Prospect Data / Lists,Party,PARTY; PROSPECT; PARTY_LIST; PARTY_LIST_MEMBERSHIP
Marketing and Customer Experience,Define & Deploy Business Rules,Omni Channel Campaign Management,Customer Core Contact Details,Location,PARTY_CONTACT_POINT; ELECTRONIC_ADDRESS; POSTAL_ADDRESS; TELEPHONE_NUMBER
Marketing and Customer Experience,Define & Deploy Business Rules,Omni Channel Campaign Management,Account Status (open closed active / domant /inactive / closure reason ),Agreement,AGREEMENT; AGREEMENT_STATUS; AGREEMENT_STATUS_HISTORY
Marketing and Customer Experience,Define & Deploy Business Rules,Omni Channel Campaign Management,Amortisation Schedules,Agreement,AGREEMENT_AMORTIZATION_SCHEDULE; LOAN_TERM_AGREEMENT
Marketing and Customer Experience,Define & Deploy Business Rules,Omni Channel Campaign Management,Profitability Results,Agreement,AGREEMENT_SUMMARY; AGREEMENT_PROFITABILITY; PRODUCT_PROFITABILITY
Marketing and Customer Experience,Define & Deploy Business Rules,Omni Channel Campaign Management,Predictive Models - propensity to buy,Party or Agreement,ANALYTICAL_MODEL; MODEL_RUN; MODEL_SCORE; PARTY_MODEL_SCORE
Marketing and Customer Experience,Define & Deploy Business Rules,Omni Channel Campaign Management,Predictive Models - attrition,Party or Agreement,ANALYTICAL_MODEL; MODEL_RUN; MODEL_SCORE; PARTY_MODEL_SCORE
Marketing and Customer Experience,Define & Deploy Business Rules,Omni Channel Campaign Management,Predictive Models - price elasticity,Party or Agreement,ANALYTICAL_MODEL; MODEL_RUN; MODEL_SCORE
Marketing and Customer Experience,Define & Deploy Business Rules,Omni Channel Campaign Management,Attribution Models - response,Party or Agreement,ANALYTICAL_MODEL; MODEL_RUN; CAMPAIGN_RESPONSE
Marketing and Customer Experience,Define & Deploy Business Rules,Omni Channel Campaign Management,Lead Foodchain data,Party or Agreement,OPPORTUNITY; OPPORTUNITY_STATUS; OPPORTUNITY_PARTY_ROLE
Marketing and Customer Experience,Define & Deploy Business Rules,Omni Channel Campaign Management,Service Usage,Event,CHANNEL_USAGE_METRIC; SERVICE_USAGE_EVENT; CHANNEL_INSTANCE
Marketing and Customer Experience,Define & Deploy Business Rules,Omni Channel Campaign Management,Complaint Data,Event,COMPLAINT; COMPLAINT_STATUS; COMPLAINT_RESOLUTION
Marketing and Customer Experience,Define & Deploy Business Rules,Omni Channel Campaign Management,Offline Customer Interactions - Branch,Event,DIRECT_CONTACT_EVENT; BRANCH_VISIT_EVENT; CHANNEL_INSTANCE
Marketing and Customer Experience,Define & Deploy Business Rules,Omni Channel Campaign Management,Offline Customer Interactions - Call Centre,Event,DIRECT_CONTACT_EVENT; CALL_EVENT; CHANNEL_INSTANCE
Marketing and Customer Experience,Define & Deploy Business Rules,Omni Channel Campaign Management,Offline Customer Interactions - letters,Event,DIRECT_CONTACT_EVENT; CORRESPONDENCE_EVENT; DOCUMENT
Marketing and Customer Experience,Define & Deploy Business Rules,Omni Channel Campaign Management,Offline Customer Interactions - sms text,Event,DIRECT_CONTACT_EVENT; SMS_EVENT; ELECTRONIC_ADDRESS
Marketing and Customer Experience,Define & Deploy Business Rules,Omni Channel Campaign Management,Online Interactions -  webchat (internal & external),Event,WEB_VISIT; WEB_PAGE_VIEW; ONLINE_INTERACTION_EVENT
Marketing and Customer Experience,Define & Deploy Business Rules,Omni Channel Campaign Management,Online Interactions colleague intranet,Event,WEB_VISIT; WEB_PAGE_VIEW
Marketing and Customer Experience,Define & Deploy Business Rules,Omni Channel Campaign Management,Online Interactions customer digital banking site (web log),Event,WEB_VISIT; WEB_PAGE_VIEW; EXTENDED_SESSION_INFORMATION; ONLINE_APPLICATION_ACCESS
Marketing and Customer Experience,Define & Deploy Business Rules,Omni Channel Campaign Management,Online Interactions customer general banking site,Event,WEB_VISIT; WEB_PAGE_VIEW; ONLINE_INTERACTION_EVENT
Marketing and Customer Experience,Define & Deploy Business Rules,Omni Channel Campaign Management,Online Interactions email - customer & employee,Event,DIRECT_CONTACT_EVENT; EMAIL_EVENT; ELECTRONIC_ADDRESS
Marketing and Customer Experience,Define & Deploy Business Rules,Omni Channel Campaign Management,Online Interactions mobile app,Event,WEB_VISIT; WEB_PAGE_VIEW; MOBILE_APP_EVENT; CHANNEL_INSTANCE
Marketing and Customer Experience,Define & Deploy Business Rules,Omni Channel Campaign Management,Online Interactions off-site - ad server,Event,AD; AD_PLACEMENT; AD_IMPRESSION; AD_CAMPAIGN_OBJECTIVE
Marketing and Customer Experience,Define & Deploy Business Rules,Omni Channel Campaign Management,Online Interactions prospect / unidentified customer (web log),Event,WEB_VISIT; WEB_PAGE_VIEW; VISITOR_INTERACTION_EVENT
Marketing and Customer Experience,Define & Deploy Business Rules,Omni Channel Campaign Management,"Case History (Fraud, Money Laundering, Complaint)",Event,CASE; CASE_EVENT; CASE_PARTY_ROLE; FRAUD_CASE
Marketing and Customer Experience,Define & Deploy Business Rules,Omni Channel Campaign Management,Closed Loop Outcomes / Channel Responses,Event,CAMPAIGN_RESPONSE; CAMPAIGN_OFFER_RESPONSE; DIRECT_CONTACT_EVENT
Marketing and Customer Experience,Define & Deploy Business Rules,Omni Channel Campaign Management,Internal Process Activity Data,Event,EVENT; PROCESS_EVENT; OPERATIONAL_EVENT
Marketing and Customer Experience,Define & Deploy Business Rules,Omni Channel Campaign Management,Master & Reference Data - Campaign,Campaign,CAMPAIGN; CAMPAIGN_TYPE; CAMPAIGN_STATUS; CAMPAIGN_WAVE
Marketing and Customer Experience,Define & Deploy Business Rules,Omni Channel Campaign Management,Campaign Production Costs,Campaign,CAMPAIGN; CAMPAIGN_COST; CAMPAIGN_BUDGET
Marketing and Customer Experience,Define & Deploy Business Rules,Omni Channel Campaign Management,Campaign History Data,Campaign,CAMPAIGN; CAMPAIGN_RESPONSE; CAMPAIGN_OFFER_RESPONSE; CAMPAIGN_WAVE
Marketing and Customer Experience,Define & Deploy Business Rules,Omni Channel Campaign Management,Campaign Promotional Calendar,Campaign,CAMPAIGN; CAMPAIGN_WAVE; CAMPAIGN_SCHEDULE
Marketing and Customer Experience,Define & Deploy Business Rules,Omni Channel Campaign Management,Master & Reference Data - Channel,Channel,CHANNEL_TYPE; CHANNEL_INSTANCE; CHANNEL_CLASSIFICATION
Marketing and Customer Experience,Define & Deploy Business Rules,Creation & Management of Offers and Content,Single Customer View (Master Record),Party,PARTY; INDIVIDUAL; ORGANIZATION; HOUSEHOLD; PARTY_RELATIONSHIP; PARTY_IDENTIFICATION
Marketing and Customer Experience,Define & Deploy Business Rules,Creation & Management of Offers and Content,Customer Contact Preferences,Party,PARTY_PREFERENCE; PARTY_CONTACT_POINT; ELECTRONIC_ADDRESS; POSTAL_ADDRESS
Marketing and Customer Experience,Define & Deploy Business Rules,Creation & Management of Offers and Content,Customer Marketing Preferences,Party,PARTY_PREFERENCE; PARTY_MARKETING_PREFERENCE; PARTY_CONSENT
Marketing and Customer Experience,Define & Deploy Business Rules,Creation & Management of Offers and Content,Predictive Models - propensity to buy,Party or Agreement,ANALYTICAL_MODEL; MODEL_RUN; MODEL_SCORE; PARTY_MODEL_SCORE
Marketing and Customer Experience,Define & Deploy Business Rules,Creation & Management of Offers and Content,Predictive Models - attrition,Party or Agreement,ANALYTICAL_MODEL; MODEL_RUN; MODEL_SCORE; PARTY_MODEL_SCORE
Marketing and Customer Experience,Define & Deploy Business Rules,Creation & Management of Offers and Content,Predictive Models - price elasticity,Party or Agreement,ANALYTICAL_MODEL; MODEL_RUN; MODEL_SCORE
Marketing and Customer Experience,Define & Deploy Business Rules,Creation & Management of Offers and Content,Attribution Models - response,Party or Agreement,ANALYTICAL_MODEL; MODEL_RUN; CAMPAIGN_RESPONSE
Marketing and Customer Experience,Define & Deploy Business Rules,Creation & Management of Offers and Content,Lead Foodchain data,Party or Agreement,OPPORTUNITY; OPPORTUNITY_STATUS; OPPORTUNITY_PARTY_ROLE
Marketing and Customer Experience,Define & Deploy Business Rules,Creation & Management of Offers and Content,Predictive Models - risk,Party or Agreement,ANALYTICAL_MODEL; MODEL_RUN; MODEL_SCORE; PARTY_LIABILITY_CREDIT_RATING
Marketing and Customer Experience,Define & Deploy Business Rules,Creation & Management of Offers and Content,Closed Loop Outcomes / Channel Responses,Event,CAMPAIGN_RESPONSE; CAMPAIGN_OFFER_RESPONSE; DIRECT_CONTACT_EVENT
Marketing and Customer Experience,Define & Deploy Business Rules,Creation & Management of Offers and Content,Internal Process Activity Data,Event,EVENT; PROCESS_EVENT; OPERATIONAL_EVENT
Marketing and Customer Experience,Define & Deploy Business Rules,Creation & Management of Offers and Content,Master & Reference Data - Campaign,Campaign,CAMPAIGN; CAMPAIGN_TYPE; CAMPAIGN_STATUS; CAMPAIGN_WAVE
Marketing and Customer Experience,Define & Deploy Business Rules,Creation & Management of Offers and Content,Campaign History Data,Campaign,CAMPAIGN; CAMPAIGN_RESPONSE; CAMPAIGN_OFFER_RESPONSE; CAMPAIGN_WAVE
Marketing and Customer Experience,Define & Deploy Business Rules,Creation & Management of Offers and Content,Rich Media from all sources,Cross Subject - Multi-media object,DIGITAL_CONTENT; MEDIA_ASSET; DOCUMENT
Marketing and Customer Experience,Define & Deploy Business Rules,Multi-Step Dialogue,Single Customer View (Master Record),Party,PARTY; INDIVIDUAL; ORGANIZATION; HOUSEHOLD; PARTY_RELATIONSHIP; PARTY_IDENTIFICATION
Marketing and Customer Experience,Define & Deploy Business Rules,Multi-Step Dialogue,Customer Demographics,Party,INDIVIDUAL; PARTY_DEMOGRAPHIC; PARTY_CLASSIFICATION; PARTY_PREFERENCE
Marketing and Customer Experience,Define & Deploy Business Rules,Multi-Step Dialogue,Customer Segments,Party,PARTY_CLASSIFICATION; PARTY_SEGMENT; PARTY_CLASSIFICATION_VALUE
Marketing and Customer Experience,Define & Deploy Business Rules,Multi-Step Dialogue,Customer Contact Preferences,Party,PARTY_PREFERENCE; PARTY_CONTACT_POINT; ELECTRONIC_ADDRESS; POSTAL_ADDRESS
Marketing and Customer Experience,Define & Deploy Business Rules,Multi-Step Dialogue,Customer Marketing Preferences,Party,PARTY_PREFERENCE; PARTY_MARKETING_PREFERENCE; PARTY_CONSENT
Marketing and Customer Experience,Define & Deploy Business Rules,Multi-Step Dialogue,Customer Core Contact Details,Location,PARTY_CONTACT_POINT; ELECTRONIC_ADDRESS; POSTAL_ADDRESS; TELEPHONE_NUMBER
Marketing and Customer Experience,Define & Deploy Business Rules,Multi-Step Dialogue,Attribution Models - response,Party or Agreement,ANALYTICAL_MODEL; MODEL_RUN; CAMPAIGN_RESPONSE
Marketing and Customer Experience,Define & Deploy Business Rules,Multi-Step Dialogue,Lead Foodchain data,Party or Agreement,OPPORTUNITY; OPPORTUNITY_STATUS; OPPORTUNITY_PARTY_ROLE
Marketing and Customer Experience,Define & Deploy Business Rules,Multi-Step Dialogue,Closed Loop Outcomes / Channel Responses,Event,CAMPAIGN_RESPONSE; CAMPAIGN_OFFER_RESPONSE; DIRECT_CONTACT_EVENT
Marketing and Customer Experience,Define & Deploy Business Rules,Multi-Step Dialogue,Offer Catalogue,Campaign,OFFER; OFFER_TYPE; CAMPAIGN_OFFER; PRODUCT
Marketing and Customer Experience,Define & Deploy Business Rules,Multi-Step Dialogue,Master & Reference Data - Campaign,Campaign,CAMPAIGN; CAMPAIGN_TYPE; CAMPAIGN_STATUS; CAMPAIGN_WAVE
Marketing and Customer Experience,Define & Deploy Business Rules,Multi-Step Dialogue,Campaign History Data,Campaign,CAMPAIGN; CAMPAIGN_RESPONSE; CAMPAIGN_OFFER_RESPONSE; CAMPAIGN_WAVE
Marketing and Customer Experience,Define & Deploy Business Rules,Multi-Step Dialogue,Campaign Promotional Calendar,Campaign,CAMPAIGN; CAMPAIGN_WAVE; CAMPAIGN_SCHEDULE
Marketing and Customer Experience,Define & Deploy Business Rules,Multi-Step Dialogue,Master & Reference Data - Channel,Channel,CHANNEL_TYPE; CHANNEL_INSTANCE; CHANNEL_CLASSIFICATION
Marketing and Customer Experience,Define & Deploy Business Rules,Personalisation,Single Customer View (Master Record),Party,PARTY; INDIVIDUAL; ORGANIZATION; HOUSEHOLD; PARTY_RELATIONSHIP; PARTY_IDENTIFICATION
Marketing and Customer Experience,Define & Deploy Business Rules,Personalisation,Customer Demographics,Party,INDIVIDUAL; PARTY_DEMOGRAPHIC; PARTY_CLASSIFICATION; PARTY_PREFERENCE
Marketing and Customer Experience,Define & Deploy Business Rules,Personalisation,Customer Attitudinal Data,Party,PARTY_PREFERENCE; PARTY_CLASSIFICATION; PARTY_SURVEY_RESPONSE
Marketing and Customer Experience,Define & Deploy Business Rules,Personalisation,Customer Segments,Party,PARTY_CLASSIFICATION; PARTY_SEGMENT; PARTY_CLASSIFICATION_VALUE
Marketing and Customer Experience,Define & Deploy Business Rules,Personalisation,Customer Contact Preferences,Party,PARTY_PREFERENCE; PARTY_CONTACT_POINT; ELECTRONIC_ADDRESS; POSTAL_ADDRESS
Marketing and Customer Experience,Define & Deploy Business Rules,Personalisation,Customer Marketing Preferences,Party,PARTY_PREFERENCE; PARTY_MARKETING_PREFERENCE; PARTY_CONSENT
Marketing and Customer Experience,Define & Deploy Business Rules,Personalisation,Customer Satisfaction Measurement (E.g. NPS),Party,PARTY_SURVEY_RESPONSE; SURVEY; SURVEY_QUESTION_RESPONSE
Marketing and Customer Experience,Define & Deploy Business Rules,Personalisation,External Prospect Data / Lists,Party,PARTY; PROSPECT; PARTY_LIST; PARTY_LIST_MEMBERSHIP
Marketing and Customer Experience,Define & Deploy Business Rules,Personalisation,External Data - Social Media Data,Party,SOCIAL_MEDIA_ACCOUNT; SOCIAL_MEDIA_TRANSFER; SOCIAL_MEDIA_POST
Marketing and Customer Experience,Define & Deploy Business Rules,Personalisation,Master & Reference Data - staff / colleague,Party,INDIVIDUAL; ASSOCIATE; ASSOCIATE_ASSIGNMENT; INTERNAL_ORGANIZATION_UNIT
Marketing and Customer Experience,Define & Deploy Business Rules,Personalisation,External Data - Competitor Product & Pricing,Party & Product,PRODUCT; MARKET_INDEX
Marketing and Customer Experience,Define & Deploy Business Rules,Personalisation,Account / Policy / Service Holdings,Agreement,AGREEMENT; PARTY_AGREEMENT_ROLE; AGREEMENT_PARTY_ROLE; AGREEMENT_RELATIONSHIP
Marketing and Customer Experience,Define & Deploy Business Rules,Personalisation,Account Status (open closed active / domant /inactive / closure reason ),Agreement,AGREEMENT; AGREEMENT_STATUS; AGREEMENT_STATUS_HISTORY
Marketing and Customer Experience,Define & Deploy Business Rules,Personalisation,Account Feature Usage,Agreement,AGREEMENT_FEATURE; FEATURE; DESCRIPTIVE_FEATURE
Marketing and Customer Experience,Define & Deploy Business Rules,Personalisation,Account Maturity Dates & Repricing Schedules,Agreement,AGREEMENT; AGREEMENT_TERM; AGREEMENT_REPRICING_SCHEDULE
Marketing and Customer Experience,Define & Deploy Business Rules,Personalisation,Account Repayment Schedules,Agreement,AGREEMENT_REPAYMENT_SCHEDULE; LOAN_TERM_AGREEMENT
Marketing and Customer Experience,Define & Deploy Business Rules,Personalisation,Profitability Results,Agreement,AGREEMENT_SUMMARY; AGREEMENT_PROFITABILITY; PRODUCT_PROFITABILITY
Marketing and Customer Experience,Define & Deploy Business Rules,Personalisation,Predictive Models - propensity to buy,Party or Agreement,ANALYTICAL_MODEL; MODEL_RUN; MODEL_SCORE; PARTY_MODEL_SCORE
Marketing and Customer Experience,Define & Deploy Business Rules,Personalisation,Predictive Models - attrition,Party or Agreement,ANALYTICAL_MODEL; MODEL_RUN; MODEL_SCORE; PARTY_MODEL_SCORE
Marketing and Customer Experience,Define & Deploy Business Rules,Personalisation,Predictive Models - price elasticity,Party or Agreement,ANALYTICAL_MODEL; MODEL_RUN; MODEL_SCORE
Marketing and Customer Experience,Define & Deploy Business Rules,Personalisation,Predictive Models - risk,Party or Agreement,ANALYTICAL_MODEL; MODEL_RUN; MODEL_SCORE; PARTY_LIABILITY_CREDIT_RATING
Marketing and Customer Experience,Define & Deploy Business Rules,Personalisation,"Provisions, Losses & Writeoffs",Party or Agreement,AGREEMENT_RISK_METRIC; PROVISION; WRITE_OFF; LOSS_EVENT
Marketing and Customer Experience,Define & Deploy Business Rules,Personalisation,Financial Transactions,Event,MONETARY_TRANSACTION; TRANSACTION_TYPE; FINANCIAL_TRANSACTION; PAYMENT
Marketing and Customer Experience,Define & Deploy Business Rules,Personalisation,"Account Fees, Commissions & Charges",Event,MONETARY_TRANSACTION; FEE_TRANSACTION; COMMISSION_TRANSACTION; AGREEMENT_FEE
Marketing and Customer Experience,Define & Deploy Business Rules,Personalisation,Non-Financial Transactions,Event,EVENT; NON_MONETARY_EVENT; DIRECT_CONTACT_EVENT
Marketing and Customer Experience,Define & Deploy Business Rules,Personalisation,Complaint Data,Event,COMPLAINT; COMPLAINT_STATUS; COMPLAINT_RESOLUTION
Marketing and Customer Experience,Define & Deploy Business Rules,Personalisation,Closed Loop Outcomes / Channel Responses,Event,CAMPAIGN_RESPONSE; CAMPAIGN_OFFER_RESPONSE; DIRECT_CONTACT_EVENT
Marketing and Customer Experience,Define & Deploy Business Rules,Personalisation,Internal Process Activity Data,Event,EVENT; PROCESS_EVENT; OPERATIONAL_EVENT
Marketing and Customer Experience,Define & Deploy Business Rules,Personalisation,Offer Catalogue,Campaign,OFFER; OFFER_TYPE; CAMPAIGN_OFFER; PRODUCT
Marketing and Customer Experience,Define & Deploy Business Rules,Personalisation,Master & Reference Data - Campaign,Campaign,CAMPAIGN; CAMPAIGN_TYPE; CAMPAIGN_STATUS; CAMPAIGN_WAVE
Marketing and Customer Experience,Define & Deploy Business Rules,Personalisation,Media Asset Details,Campaign,MEDIA_ASSET; DOCUMENT; DIGITAL_CONTENT
Marketing and Customer Experience,Define & Deploy Business Rules,Rapid Prototyping supports Test & Learn,Single Customer View (Master Record),Party,PARTY; INDIVIDUAL; ORGANIZATION; HOUSEHOLD; PARTY_RELATIONSHIP; PARTY_IDENTIFICATION
Marketing and Customer Experience,Define & Deploy Business Rules,Rapid Prototyping supports Test & Learn,Customer Demographics,Party,INDIVIDUAL; PARTY_DEMOGRAPHIC; PARTY_CLASSIFICATION; PARTY_PREFERENCE
Marketing and Customer Experience,Define & Deploy Business Rules,Rapid Prototyping supports Test & Learn,Customer Attitudinal Data,Party,PARTY_PREFERENCE; PARTY_CLASSIFICATION; PARTY_SURVEY_RESPONSE
Marketing and Customer Experience,Define & Deploy Business Rules,Rapid Prototyping supports Test & Learn,Customer Segments,Party,PARTY_CLASSIFICATION; PARTY_SEGMENT; PARTY_CLASSIFICATION_VALUE
Marketing and Customer Experience,Define & Deploy Business Rules,Rapid Prototyping supports Test & Learn,Customer Contact Preferences,Party,PARTY_PREFERENCE; PARTY_CONTACT_POINT; ELECTRONIC_ADDRESS; POSTAL_ADDRESS
Marketing and Customer Experience,Define & Deploy Business Rules,Rapid Prototyping supports Test & Learn,Customer Marketing Preferences,Party,PARTY_PREFERENCE; PARTY_MARKETING_PREFERENCE; PARTY_CONSENT
Marketing and Customer Experience,Define & Deploy Business Rules,Rapid Prototyping supports Test & Learn,Customer Satisfaction Measurement (E.g. NPS),Party,PARTY_SURVEY_RESPONSE; SURVEY; SURVEY_QUESTION_RESPONSE
Marketing and Customer Experience,Define & Deploy Business Rules,Rapid Prototyping supports Test & Learn,External Prospect Data / Lists,Party,PARTY; PROSPECT; PARTY_LIST; PARTY_LIST_MEMBERSHIP
Marketing and Customer Experience,Define & Deploy Business Rules,Rapid Prototyping supports Test & Learn,Master & Reference Data - geography / location,Location,GEOGRAPHICAL_AREA; GEOGRAPHICAL_UNIT; SITE; POSTAL_ADDRESS
Marketing and Customer Experience,Define & Deploy Business Rules,Rapid Prototyping supports Test & Learn,Master & Reference Data - product,Product,Not mapped
Marketing and Customer Experience,Define & Deploy Business Rules,Rapid Prototyping supports Test & Learn,Product NPV's,Product,PRODUCT; PRODUCT_VALUATION; AGREEMENT_SUMMARY
Marketing and Customer Experience,Define & Deploy Business Rules,Rapid Prototyping supports Test & Learn,Profitability Results,Agreement,AGREEMENT_SUMMARY; AGREEMENT_PROFITABILITY; PRODUCT_PROFITABILITY
Marketing and Customer Experience,Define & Deploy Business Rules,Rapid Prototyping supports Test & Learn,Master & Reference Data - organisation hierarchy,Internal Organisation,ORGANIZATION; INTERNAL_ORGANIZATION_UNIT; ORGANIZATION_UNIT_RELATIONSHIP; ORGANIZATION_BUSINESS_TYPE
Marketing and Customer Experience,Define & Deploy Business Rules,Rapid Prototyping supports Test & Learn,Offer Catalogue,Campaign,OFFER; OFFER_TYPE; CAMPAIGN_OFFER; PRODUCT
Marketing and Customer Experience,Define & Deploy Business Rules,Rapid Prototyping supports Test & Learn,Master & Reference Data - Campaign,Campaign,CAMPAIGN; CAMPAIGN_TYPE; CAMPAIGN_STATUS; CAMPAIGN_WAVE
Marketing and Customer Experience,Define & Deploy Business Rules,Rapid Prototyping supports Test & Learn,Campaign Production Costs,Campaign,CAMPAIGN; CAMPAIGN_COST; CAMPAIGN_BUDGET
Marketing and Customer Experience,Define & Deploy Business Rules,Rapid Prototyping supports Test & Learn,Campaign History Data,Campaign,CAMPAIGN; CAMPAIGN_RESPONSE; CAMPAIGN_OFFER_RESPONSE; CAMPAIGN_WAVE
Marketing and Customer Experience,Define & Deploy Business Rules,Rapid Prototyping supports Test & Learn,Media Asset Details,Campaign,MEDIA_ASSET; DOCUMENT; DIGITAL_CONTENT
Marketing and Customer Experience,Define & Deploy Business Rules,Rapid Prototyping supports Test & Learn,Campaign Promotional Calendar,Campaign,CAMPAIGN; CAMPAIGN_WAVE; CAMPAIGN_SCHEDULE
Marketing and Customer Experience,Define & Deploy Business Rules,Rapid Prototyping supports Test & Learn,Master & Reference Data - Channel,Channel,CHANNEL_TYPE; CHANNEL_INSTANCE; CHANNEL_CLASSIFICATION
Marketing and Customer Experience,Define & Deploy Business Rules,Rapid Prototyping supports Test & Learn,Customer Research - Primary & Secondary,Cross Subject - Survey,SURVEY; SURVEY_QUESTION_RESPONSE; PARTY_SURVEY_RESPONSE
Marketing and Customer Experience,Define & Deploy Business Rules,Regulatory & Audit Compliance,KYC Data,Party,PARTY_IDENTIFICATION; PARTY_CLASSIFICATION; PARTY_IDENTITY_DOCUMENT; PARTY_COMPLIANCE_VERIFICATION
Marketing and Customer Experience,Define & Deploy Business Rules,Regulatory & Audit Compliance,Customer Demographics,Party,INDIVIDUAL; PARTY_DEMOGRAPHIC; PARTY_CLASSIFICATION; PARTY_PREFERENCE
Marketing and Customer Experience,Define & Deploy Business Rules,Regulatory & Audit Compliance,Customer Segments,Party,PARTY_CLASSIFICATION; PARTY_SEGMENT; PARTY_CLASSIFICATION_VALUE
Marketing and Customer Experience,Define & Deploy Business Rules,Regulatory & Audit Compliance,Customer Marketing Preferences,Party,PARTY_PREFERENCE; PARTY_MARKETING_PREFERENCE; PARTY_CONSENT
Marketing and Customer Experience,Define & Deploy Business Rules,Regulatory & Audit Compliance,Customer Satisfaction Measurement (E.g. NPS),Party,PARTY_SURVEY_RESPONSE; SURVEY; SURVEY_QUESTION_RESPONSE
Marketing and Customer Experience,Define & Deploy Business Rules,Regulatory & Audit Compliance,Master & Reference Data - staff / colleague,Party,INDIVIDUAL; ASSOCIATE; ASSOCIATE_ASSIGNMENT; INTERNAL_ORGANIZATION_UNIT
Marketing and Customer Experience,Define & Deploy Business Rules,Regulatory & Audit Compliance,"Sales and Performance Forecasts, Targets & KPIs",Party,PERFORMANCE_METRIC; PERFORMANCE_TARGET; ORGANIZATION_PERFORMANCE
Marketing and Customer Experience,Define & Deploy Business Rules,Regulatory & Audit Compliance,HR Performance Data,Party,ASSOCIATE; ASSOCIATE_PERFORMANCE_REVIEW; ASSOCIATE_ASSIGNMENT
Marketing and Customer Experience,Define & Deploy Business Rules,Regulatory & Audit Compliance,Account / Policy / Service Holdings,Agreement,AGREEMENT; PARTY_AGREEMENT_ROLE; AGREEMENT_PARTY_ROLE; AGREEMENT_RELATIONSHIP
Marketing and Customer Experience,Define & Deploy Business Rules,Regulatory & Audit Compliance,Account / Policy / Service Detail,Agreement,AGREEMENT; LOAN_TERM_AGREEMENT; DEPOSIT_AGREEMENT; INSURANCE_AGREEMENT; CREDIT_CARD_AGREEMENT
Marketing and Customer Experience,Define & Deploy Business Rules,Regulatory & Audit Compliance,"Application Data (New Customer, New Product)",Agreement,APPLICATION; APPLICATION_STATUS; APPLICATION_PARTY_ROLE
Marketing and Customer Experience,Define & Deploy Business Rules,Regulatory & Audit Compliance,Customer Illustrations,Agreement,DOCUMENT; PARTY_DOCUMENT
Marketing and Customer Experience,Define & Deploy Business Rules,Regulatory & Audit Compliance,Customer Quotes,Agreement,APPLICATION; QUOTE; DOCUMENT
Marketing and Customer Experience,Define & Deploy Business Rules,Regulatory & Audit Compliance,"Account Fees, Commissions & Charges",Event,MONETARY_TRANSACTION; FEE_TRANSACTION; COMMISSION_TRANSACTION; AGREEMENT_FEE
Marketing and Customer Experience,Define & Deploy Business Rules,Regulatory & Audit Compliance,"Case History (Fraud, Money Laundering, Complaint)",Event,CASE; CASE_EVENT; CASE_PARTY_ROLE; FRAUD_CASE
Marketing and Customer Experience,Define & Deploy Business Rules,Regulatory & Audit Compliance,Claims,Event,CLAIM; CLAIM_STATUS; CLAIM_PARTY_ROLE; CLAIM_PAYMENT
Marketing and Customer Experience,Define & Deploy Business Rules,Regulatory & Audit Compliance,Defaults & Limit Breaches,Event,AGREEMENT_STATUS; DEFAULT_EVENT; LIMIT_BREACH_EVENT; AGREEMENT_RISK_METRIC
Marketing and Customer Experience,Define & Deploy Business Rules,Regulatory & Audit Compliance,Closed Loop Outcomes / Channel Responses,Event,CAMPAIGN_RESPONSE; CAMPAIGN_OFFER_RESPONSE; DIRECT_CONTACT_EVENT
Marketing and Customer Experience,Define & Deploy Business Rules,Regulatory & Audit Compliance,External Data - Corporate Actions,Event,CORPORATE_ACTION; INVESTMENT_PRODUCT
Marketing and Customer Experience,Define & Deploy Business Rules,Regulatory & Audit Compliance,Master & Reference Data - organisation hierarchy,Internal Organisation,ORGANIZATION; INTERNAL_ORGANIZATION_UNIT; ORGANIZATION_UNIT_RELATIONSHIP; ORGANIZATION_BUSINESS_TYPE
Marketing and Customer Experience,Define & Deploy Business Rules,Regulatory & Audit Compliance,Risk Scenario & Stress Testing Results,Analytical Model,RISK_CALCULATION_SCENARIO; RISK_SCENARIO_RESULT; STRESS_TEST_RESULT
Marketing and Customer Experience,Define & Deploy Business Rules,Regulatory & Audit Compliance,Master & Reference Data - Risk Policy Rules,Cross Subject - Document,RISK_GRADE_SCHEME; RISK_GRADE_VALUE; RISK_POLICY; BUSINESS_RULE
Marketing and Customer Experience,Define & Deploy Business Rules,Regulatory & Audit Compliance,External Data - Fraud Watch Lists,Cross Subject - Watch List,WATCH_LIST; WATCH_LIST_ENTRY; PARTY_WATCH_LIST_CHECK
Marketing and Customer Experience,Define & Deploy Business Rules,Regulatory & Audit Compliance,Compliance Approvals,Cross Subject,COMPLIANCE_EVENT; APPROVAL; PARTY_COMPLIANCE_VERIFICATION
Marketing and Customer Experience,Define & Deploy Business Rules,Regulatory & Audit Compliance,Business Process Definition,Not Covered,EVENT; PROCESS_EVENT
Marketing and Customer Experience,Define & Deploy Business Rules,Regulatory & Audit Compliance,External Data - External Loss Data,Not Covered,LOSS_EVENT; OPERATIONAL_LOSS_EVENT
Marketing and Customer Experience,Define & Deploy Business Rules,Regulatory & Audit Compliance,"System Log Files (E.g. Firewall, Webserver)",Not Covered,WEB_VISIT; SYSTEM_EVENT
Marketing and Customer Experience,Delivery of Insight to Channels,Channel Coverage,Customer Demographics,Party,INDIVIDUAL; PARTY_DEMOGRAPHIC; PARTY_CLASSIFICATION; PARTY_PREFERENCE
Marketing and Customer Experience,Delivery of Insight to Channels,Channel Coverage,Customer Segments,Party,PARTY_CLASSIFICATION; PARTY_SEGMENT; PARTY_CLASSIFICATION_VALUE
Marketing and Customer Experience,Delivery of Insight to Channels,Channel Coverage,Customer Contact Preferences,Party,PARTY_PREFERENCE; PARTY_CONTACT_POINT; ELECTRONIC_ADDRESS; POSTAL_ADDRESS
Marketing and Customer Experience,Delivery of Insight to Channels,Channel Coverage,Customer Marketing Preferences,Party,PARTY_PREFERENCE; PARTY_MARKETING_PREFERENCE; PARTY_CONSENT
Marketing and Customer Experience,Delivery of Insight to Channels,Channel Coverage,"Sales and Performance Forecasts, Targets & KPIs",Party,PERFORMANCE_METRIC; PERFORMANCE_TARGET; ORGANIZATION_PERFORMANCE
Marketing and Customer Experience,Delivery of Insight to Channels,Channel Coverage,"Application Data (New Customer, New Product)",Agreement,APPLICATION; APPLICATION_STATUS; APPLICATION_PARTY_ROLE
Marketing and Customer Experience,Delivery of Insight to Channels,Channel Coverage,Profitability Results,Agreement,AGREEMENT_SUMMARY; AGREEMENT_PROFITABILITY; PRODUCT_PROFITABILITY
Marketing and Customer Experience,Delivery of Insight to Channels,Channel Coverage,Lead Foodchain data,Party or Agreement,OPPORTUNITY; OPPORTUNITY_STATUS; OPPORTUNITY_PARTY_ROLE
Marketing and Customer Experience,Delivery of Insight to Channels,Channel Coverage,Financial Transactions,Event,MONETARY_TRANSACTION; TRANSACTION_TYPE; FINANCIAL_TRANSACTION; PAYMENT
Marketing and Customer Experience,Delivery of Insight to Channels,Channel Coverage,Non-Financial Transactions,Event,EVENT; NON_MONETARY_EVENT; DIRECT_CONTACT_EVENT
Marketing and Customer Experience,Delivery of Insight to Channels,Channel Coverage,Service Usage,Event,CHANNEL_USAGE_METRIC; SERVICE_USAGE_EVENT; CHANNEL_INSTANCE
Marketing and Customer Experience,Delivery of Insight to Channels,Channel Coverage,Offline Customer Interactions - Branch,Event,DIRECT_CONTACT_EVENT; BRANCH_VISIT_EVENT; CHANNEL_INSTANCE
Marketing and Customer Experience,Delivery of Insight to Channels,Channel Coverage,Offline Customer Interactions - Call Centre,Event,DIRECT_CONTACT_EVENT; CALL_EVENT; CHANNEL_INSTANCE
Marketing and Customer Experience,Delivery of Insight to Channels,Channel Coverage,Offline Customer Interactions - letters,Event,DIRECT_CONTACT_EVENT; CORRESPONDENCE_EVENT; DOCUMENT
Marketing and Customer Experience,Delivery of Insight to Channels,Channel Coverage,Offline Customer Interactions - sms text,Event,DIRECT_CONTACT_EVENT; SMS_EVENT; ELECTRONIC_ADDRESS
Marketing and Customer Experience,Delivery of Insight to Channels,Channel Coverage,Online Interactions -  webchat (internal & external),Event,WEB_VISIT; WEB_PAGE_VIEW; ONLINE_INTERACTION_EVENT
Marketing and Customer Experience,Delivery of Insight to Channels,Channel Coverage,Online Interactions colleague intranet,Event,WEB_VISIT; WEB_PAGE_VIEW
Marketing and Customer Experience,Delivery of Insight to Channels,Channel Coverage,Online Interactions customer digital banking site (web log),Event,WEB_VISIT; WEB_PAGE_VIEW; EXTENDED_SESSION_INFORMATION; ONLINE_APPLICATION_ACCESS
Marketing and Customer Experience,Delivery of Insight to Channels,Channel Coverage,Online Interactions customer general banking site,Event,WEB_VISIT; WEB_PAGE_VIEW; ONLINE_INTERACTION_EVENT
Marketing and Customer Experience,Delivery of Insight to Channels,Channel Coverage,Online Interactions email - customer & employee,Event,DIRECT_CONTACT_EVENT; EMAIL_EVENT; ELECTRONIC_ADDRESS
Marketing and Customer Experience,Delivery of Insight to Channels,Channel Coverage,Online Interactions mobile app,Event,WEB_VISIT; WEB_PAGE_VIEW; MOBILE_APP_EVENT; CHANNEL_INSTANCE
Marketing and Customer Experience,Delivery of Insight to Channels,Channel Coverage,Online Interactions off-site - ad server,Event,AD; AD_PLACEMENT; AD_IMPRESSION; AD_CAMPAIGN_OBJECTIVE
Marketing and Customer Experience,Delivery of Insight to Channels,Channel Coverage,Online Interactions prospect / unidentified customer (web log),Event,WEB_VISIT; WEB_PAGE_VIEW; VISITOR_INTERACTION_EVENT
Marketing and Customer Experience,Delivery of Insight to Channels,Channel Coverage,Closed Loop Outcomes / Channel Responses,Event,CAMPAIGN_RESPONSE; CAMPAIGN_OFFER_RESPONSE; DIRECT_CONTACT_EVENT
Marketing and Customer Experience,Delivery of Insight to Channels,Channel Coverage,Internal Process Activity Data,Event,EVENT; PROCESS_EVENT; OPERATIONAL_EVENT
Marketing and Customer Experience,Delivery of Insight to Channels,Channel Coverage,Master & Reference Data - merchant / transaction,Event,MERCHANT; MERCHANT_CATEGORY; TRANSACTION_TYPE
Marketing and Customer Experience,Delivery of Insight to Channels,Channel Coverage,Customer interview / fact find,Event or Cross Subject - Document,DOCUMENT; SURVEY; SURVEY_QUESTION_RESPONSE; PARTY_DOCUMENT
Marketing and Customer Experience,Delivery of Insight to Channels,Channel Coverage,Master & Reference Data - Campaign,Campaign,CAMPAIGN; CAMPAIGN_TYPE; CAMPAIGN_STATUS; CAMPAIGN_WAVE
Marketing and Customer Experience,Delivery of Insight to Channels,Channel Coverage,Campaign History Data,Campaign,CAMPAIGN; CAMPAIGN_RESPONSE; CAMPAIGN_OFFER_RESPONSE; CAMPAIGN_WAVE
Marketing and Customer Experience,Delivery of Insight to Channels,Channel Coverage,Campaign Promotional Calendar,Campaign,CAMPAIGN; CAMPAIGN_WAVE; CAMPAIGN_SCHEDULE
Marketing and Customer Experience,Delivery of Insight to Channels,Real Time Omni-Channel  Integration,Customer Demographics,Party,INDIVIDUAL; PARTY_DEMOGRAPHIC; PARTY_CLASSIFICATION; PARTY_PREFERENCE
Marketing and Customer Experience,Delivery of Insight to Channels,Real Time Omni-Channel  Integration,Customer Segments,Party,PARTY_CLASSIFICATION; PARTY_SEGMENT; PARTY_CLASSIFICATION_VALUE
Marketing and Customer Experience,Delivery of Insight to Channels,Real Time Omni-Channel  Integration,Customer Contact Preferences,Party,PARTY_PREFERENCE; PARTY_CONTACT_POINT; ELECTRONIC_ADDRESS; POSTAL_ADDRESS
Marketing and Customer Experience,Delivery of Insight to Channels,Real Time Omni-Channel  Integration,Customer Marketing Preferences,Party,PARTY_PREFERENCE; PARTY_MARKETING_PREFERENCE; PARTY_CONSENT
Marketing and Customer Experience,Delivery of Insight to Channels,Real Time Omni-Channel  Integration,Customer Satisfaction Measurement (E.g. NPS),Party,PARTY_SURVEY_RESPONSE; SURVEY; SURVEY_QUESTION_RESPONSE
Marketing and Customer Experience,Delivery of Insight to Channels,Real Time Omni-Channel  Integration,Master & Reference Data - staff / colleague,Party,INDIVIDUAL; ASSOCIATE; ASSOCIATE_ASSIGNMENT; INTERNAL_ORGANIZATION_UNIT
Marketing and Customer Experience,Delivery of Insight to Channels,Real Time Omni-Channel  Integration,Account / Policy / Service Holdings,Agreement,AGREEMENT; PARTY_AGREEMENT_ROLE; AGREEMENT_PARTY_ROLE; AGREEMENT_RELATIONSHIP
Marketing and Customer Experience,Delivery of Insight to Channels,Real Time Omni-Channel  Integration,Account / Policy / Service Detail,Agreement,AGREEMENT; LOAN_TERM_AGREEMENT; DEPOSIT_AGREEMENT; INSURANCE_AGREEMENT; CREDIT_CARD_AGREEMENT
Marketing and Customer Experience,Delivery of Insight to Channels,Real Time Omni-Channel  Integration,Account Status (open closed active / domant /inactive / closure reason ),Agreement,AGREEMENT; AGREEMENT_STATUS; AGREEMENT_STATUS_HISTORY
Marketing and Customer Experience,Delivery of Insight to Channels,Real Time Omni-Channel  Integration,"Application Data (New Customer, New Product)",Agreement,APPLICATION; APPLICATION_STATUS; APPLICATION_PARTY_ROLE
Marketing and Customer Experience,Delivery of Insight to Channels,Real Time Omni-Channel  Integration,Predictive Models - propensity to buy,Party or Agreement,ANALYTICAL_MODEL; MODEL_RUN; MODEL_SCORE; PARTY_MODEL_SCORE
Marketing and Customer Experience,Delivery of Insight to Channels,Real Time Omni-Channel  Integration,Predictive Models - attrition,Party or Agreement,ANALYTICAL_MODEL; MODEL_RUN; MODEL_SCORE; PARTY_MODEL_SCORE
Marketing and Customer Experience,Delivery of Insight to Channels,Real Time Omni-Channel  Integration,Predictive Models - price elasticity,Party or Agreement,ANALYTICAL_MODEL; MODEL_RUN; MODEL_SCORE
Marketing and Customer Experience,Delivery of Insight to Channels,Real Time Omni-Channel  Integration,Predictive Models - risk,Party or Agreement,ANALYTICAL_MODEL; MODEL_RUN; MODEL_SCORE; PARTY_LIABILITY_CREDIT_RATING
Marketing and Customer Experience,Delivery of Insight to Channels,Real Time Omni-Channel  Integration,Offline Customer Interactions - Branch,Event,DIRECT_CONTACT_EVENT; BRANCH_VISIT_EVENT; CHANNEL_INSTANCE
Marketing and Customer Experience,Delivery of Insight to Channels,Real Time Omni-Channel  Integration,Offline Customer Interactions - Call Centre,Event,DIRECT_CONTACT_EVENT; CALL_EVENT; CHANNEL_INSTANCE
Marketing and Customer Experience,Delivery of Insight to Channels,Real Time Omni-Channel  Integration,Offline Customer Interactions - sms text,Event,DIRECT_CONTACT_EVENT; SMS_EVENT; ELECTRONIC_ADDRESS
Marketing and Customer Experience,Delivery of Insight to Channels,Real Time Omni-Channel  Integration,Online Interactions -  webchat (internal & external),Event,WEB_VISIT; WEB_PAGE_VIEW; ONLINE_INTERACTION_EVENT
Marketing and Customer Experience,Delivery of Insight to Channels,Real Time Omni-Channel  Integration,Online Interactions customer digital banking site (web log),Event,WEB_VISIT; WEB_PAGE_VIEW; EXTENDED_SESSION_INFORMATION; ONLINE_APPLICATION_ACCESS
Marketing and Customer Experience,Delivery of Insight to Channels,Real Time Omni-Channel  Integration,Online Interactions customer general banking site,Event,WEB_VISIT; WEB_PAGE_VIEW; ONLINE_INTERACTION_EVENT
Marketing and Customer Experience,Delivery of Insight to Channels,Real Time Omni-Channel  Integration,Online Interactions mobile app,Event,WEB_VISIT; WEB_PAGE_VIEW; MOBILE_APP_EVENT; CHANNEL_INSTANCE
Marketing and Customer Experience,Delivery of Insight to Channels,Real Time Omni-Channel  Integration,Online Interactions off-site - ad server,Event,AD; AD_PLACEMENT; AD_IMPRESSION; AD_CAMPAIGN_OBJECTIVE
Marketing and Customer Experience,Delivery of Insight to Channels,Real Time Omni-Channel  Integration,Online Interactions prospect / unidentified customer (web log),Event,WEB_VISIT; WEB_PAGE_VIEW; VISITOR_INTERACTION_EVENT
Marketing and Customer Experience,Delivery of Insight to Channels,Real Time Omni-Channel  Integration,Closed Loop Outcomes / Channel Responses,Event,CAMPAIGN_RESPONSE; CAMPAIGN_OFFER_RESPONSE; DIRECT_CONTACT_EVENT
Marketing and Customer Experience,Delivery of Insight to Channels,Next Best Action Arbitration,Single Customer View (Master Record),Party,PARTY; INDIVIDUAL; ORGANIZATION; HOUSEHOLD; PARTY_RELATIONSHIP; PARTY_IDENTIFICATION
Marketing and Customer Experience,Delivery of Insight to Channels,Next Best Action Arbitration,KYC Data,Party,PARTY_IDENTIFICATION; PARTY_CLASSIFICATION; PARTY_IDENTITY_DOCUMENT; PARTY_COMPLIANCE_VERIFICATION
Marketing and Customer Experience,Delivery of Insight to Channels,Next Best Action Arbitration,Customer Demographics,Party,INDIVIDUAL; PARTY_DEMOGRAPHIC; PARTY_CLASSIFICATION; PARTY_PREFERENCE
Marketing and Customer Experience,Delivery of Insight to Channels,Next Best Action Arbitration,Customer Segments,Party,PARTY_CLASSIFICATION; PARTY_SEGMENT; PARTY_CLASSIFICATION_VALUE
Marketing and Customer Experience,Delivery of Insight to Channels,Next Best Action Arbitration,Customer Contact Preferences,Party,PARTY_PREFERENCE; PARTY_CONTACT_POINT; ELECTRONIC_ADDRESS; POSTAL_ADDRESS
Marketing and Customer Experience,Delivery of Insight to Channels,Next Best Action Arbitration,Customer Marketing Preferences,Party,PARTY_PREFERENCE; PARTY_MARKETING_PREFERENCE; PARTY_CONSENT
Marketing and Customer Experience,Delivery of Insight to Channels,Next Best Action Arbitration,Customer Satisfaction Measurement (E.g. NPS),Party,PARTY_SURVEY_RESPONSE; SURVEY; SURVEY_QUESTION_RESPONSE
Marketing and Customer Experience,Delivery of Insight to Channels,Next Best Action Arbitration,External Prospect Data / Lists,Party,PARTY; PROSPECT; PARTY_LIST; PARTY_LIST_MEMBERSHIP
Marketing and Customer Experience,Delivery of Insight to Channels,Next Best Action Arbitration,"Sales and Performance Forecasts, Targets & KPIs",Party,PERFORMANCE_METRIC; PERFORMANCE_TARGET; ORGANIZATION_PERFORMANCE
Marketing and Customer Experience,Delivery of Insight to Channels,Next Best Action Arbitration,Customer Core Contact Details,Location,PARTY_CONTACT_POINT; ELECTRONIC_ADDRESS; POSTAL_ADDRESS; TELEPHONE_NUMBER
Marketing and Customer Experience,Delivery of Insight to Channels,Next Best Action Arbitration,Product NPV's,Product,PRODUCT; PRODUCT_VALUATION; AGREEMENT_SUMMARY
Marketing and Customer Experience,Delivery of Insight to Channels,Next Best Action Arbitration,Account / Policy / Service Detail,Agreement,AGREEMENT; LOAN_TERM_AGREEMENT; DEPOSIT_AGREEMENT; INSURANCE_AGREEMENT; CREDIT_CARD_AGREEMENT
Marketing and Customer Experience,Delivery of Insight to Channels,Next Best Action Arbitration,Account Status (open closed active / domant /inactive / closure reason ),Agreement,AGREEMENT; AGREEMENT_STATUS; AGREEMENT_STATUS_HISTORY
Marketing and Customer Experience,Delivery of Insight to Channels,Next Best Action Arbitration,Account Feature Usage,Agreement,AGREEMENT_FEATURE; FEATURE; DESCRIPTIVE_FEATURE
Marketing and Customer Experience,Delivery of Insight to Channels,Next Best Action Arbitration,"Application Data (New Customer, New Product)",Agreement,APPLICATION; APPLICATION_STATUS; APPLICATION_PARTY_ROLE
Marketing and Customer Experience,Delivery of Insight to Channels,Next Best Action Arbitration,Account Balances,Agreement,AGREEMENT_SUMMARY; BALANCE_SUMMARY; AGREEMENT_BALANCE
Marketing and Customer Experience,Delivery of Insight to Channels,Next Best Action Arbitration,Account Maturity Dates & Repricing Schedules,Agreement,AGREEMENT; AGREEMENT_TERM; AGREEMENT_REPRICING_SCHEDULE
Marketing and Customer Experience,Delivery of Insight to Channels,Next Best Action Arbitration,Account Repayment Schedules,Agreement,AGREEMENT_REPAYMENT_SCHEDULE; LOAN_TERM_AGREEMENT
Marketing and Customer Experience,Delivery of Insight to Channels,Next Best Action Arbitration,Customer Illustrations,Agreement,DOCUMENT; PARTY_DOCUMENT
Marketing and Customer Experience,Delivery of Insight to Channels,Next Best Action Arbitration,Customer Quotes,Agreement,APPLICATION; QUOTE; DOCUMENT
Marketing and Customer Experience,Delivery of Insight to Channels,Next Best Action Arbitration,Risk Exposures,Agreement,AGREEMENT_RISK_METRIC; RISK_EXPOSURE; CREDIT_RISK_SUMMARY
Marketing and Customer Experience,Delivery of Insight to Channels,Next Best Action Arbitration,Profitability Results,Agreement,AGREEMENT_SUMMARY; AGREEMENT_PROFITABILITY; PRODUCT_PROFITABILITY
Marketing and Customer Experience,Delivery of Insight to Channels,Next Best Action Arbitration,Predictive Models - propensity to buy,Party or Agreement,ANALYTICAL_MODEL; MODEL_RUN; MODEL_SCORE; PARTY_MODEL_SCORE
Marketing and Customer Experience,Delivery of Insight to Channels,Next Best Action Arbitration,Predictive Models - attrition,Party or Agreement,ANALYTICAL_MODEL; MODEL_RUN; MODEL_SCORE; PARTY_MODEL_SCORE
Marketing and Customer Experience,Delivery of Insight to Channels,Next Best Action Arbitration,Predictive Models - price elasticity,Party or Agreement,ANALYTICAL_MODEL; MODEL_RUN; MODEL_SCORE
Marketing and Customer Experience,Delivery of Insight to Channels,Next Best Action Arbitration,Lead Foodchain data,Party or Agreement,OPPORTUNITY; OPPORTUNITY_STATUS; OPPORTUNITY_PARTY_ROLE
Marketing and Customer Experience,Delivery of Insight to Channels,Next Best Action Arbitration,Predictive Models - risk,Party or Agreement,ANALYTICAL_MODEL; MODEL_RUN; MODEL_SCORE; PARTY_LIABILITY_CREDIT_RATING
Marketing and Customer Experience,Delivery of Insight to Channels,Next Best Action Arbitration,Financial Transactions,Event,MONETARY_TRANSACTION; TRANSACTION_TYPE; FINANCIAL_TRANSACTION; PAYMENT
Marketing and Customer Experience,Delivery of Insight to Channels,Next Best Action Arbitration,"Account Fees, Commissions & Charges",Event,MONETARY_TRANSACTION; FEE_TRANSACTION; COMMISSION_TRANSACTION; AGREEMENT_FEE
Marketing and Customer Experience,Delivery of Insight to Channels,Next Best Action Arbitration,Non-Financial Transactions,Event,EVENT; NON_MONETARY_EVENT; DIRECT_CONTACT_EVENT
Marketing and Customer Experience,Delivery of Insight to Channels,Next Best Action Arbitration,Complaint Data,Event,COMPLAINT; COMPLAINT_STATUS; COMPLAINT_RESOLUTION
Marketing and Customer Experience,Delivery of Insight to Channels,Next Best Action Arbitration,Offline Customer Interactions - Branch,Event,DIRECT_CONTACT_EVENT; BRANCH_VISIT_EVENT; CHANNEL_INSTANCE
Marketing and Customer Experience,Delivery of Insight to Channels,Next Best Action Arbitration,Offline Customer Interactions - Call Centre,Event,DIRECT_CONTACT_EVENT; CALL_EVENT; CHANNEL_INSTANCE
Marketing and Customer Experience,Delivery of Insight to Channels,Next Best Action Arbitration,Offline Customer Interactions - letters,Event,DIRECT_CONTACT_EVENT; CORRESPONDENCE_EVENT; DOCUMENT
Marketing and Customer Experience,Delivery of Insight to Channels,Next Best Action Arbitration,Offline Customer Interactions - sms text,Event,DIRECT_CONTACT_EVENT; SMS_EVENT; ELECTRONIC_ADDRESS
Marketing and Customer Experience,Delivery of Insight to Channels,Next Best Action Arbitration,Online Interactions -  webchat (internal & external),Event,WEB_VISIT; WEB_PAGE_VIEW; ONLINE_INTERACTION_EVENT
Marketing and Customer Experience,Delivery of Insight to Channels,Next Best Action Arbitration,Online Interactions colleague intranet,Event,WEB_VISIT; WEB_PAGE_VIEW
Marketing and Customer Experience,Delivery of Insight to Channels,Next Best Action Arbitration,Online Interactions customer digital banking site (web log),Event,WEB_VISIT; WEB_PAGE_VIEW; EXTENDED_SESSION_INFORMATION; ONLINE_APPLICATION_ACCESS
Marketing and Customer Experience,Delivery of Insight to Channels,Next Best Action Arbitration,Online Interactions customer general banking site,Event,WEB_VISIT; WEB_PAGE_VIEW; ONLINE_INTERACTION_EVENT
Marketing and Customer Experience,Delivery of Insight to Channels,Next Best Action Arbitration,Online Interactions email - customer & employee,Event,DIRECT_CONTACT_EVENT; EMAIL_EVENT; ELECTRONIC_ADDRESS
Marketing and Customer Experience,Delivery of Insight to Channels,Next Best Action Arbitration,Online Interactions mobile app,Event,WEB_VISIT; WEB_PAGE_VIEW; MOBILE_APP_EVENT; CHANNEL_INSTANCE
Marketing and Customer Experience,Delivery of Insight to Channels,Next Best Action Arbitration,Online Interactions off-site - ad server,Event,AD; AD_PLACEMENT; AD_IMPRESSION; AD_CAMPAIGN_OBJECTIVE
Marketing and Customer Experience,Delivery of Insight to Channels,Next Best Action Arbitration,Online Interactions prospect / unidentified customer (web log),Event,WEB_VISIT; WEB_PAGE_VIEW; VISITOR_INTERACTION_EVENT
Marketing and Customer Experience,Delivery of Insight to Channels,Next Best Action Arbitration,Defaults & Limit Breaches,Event,AGREEMENT_STATUS; DEFAULT_EVENT; LIMIT_BREACH_EVENT; AGREEMENT_RISK_METRIC
Marketing and Customer Experience,Delivery of Insight to Channels,Next Best Action Arbitration,Closed Loop Outcomes / Channel Responses,Event,CAMPAIGN_RESPONSE; CAMPAIGN_OFFER_RESPONSE; DIRECT_CONTACT_EVENT
Marketing and Customer Experience,Delivery of Insight to Channels,Next Best Action Arbitration,Customer interview / fact find,Event or Cross Subject - Document,DOCUMENT; SURVEY; SURVEY_QUESTION_RESPONSE; PARTY_DOCUMENT
Marketing and Customer Experience,Delivery of Insight to Channels,Next Best Action Arbitration,Offer Catalogue,Campaign,OFFER; OFFER_TYPE; CAMPAIGN_OFFER; PRODUCT
Marketing and Customer Experience,Delivery of Insight to Channels,Next Best Action Arbitration,Campaign History Data,Campaign,CAMPAIGN; CAMPAIGN_RESPONSE; CAMPAIGN_OFFER_RESPONSE; CAMPAIGN_WAVE
Marketing and Customer Experience,Delivery of Insight to Channels,Contextual Decisioning,Single Customer View (Master Record),Party,PARTY; INDIVIDUAL; ORGANIZATION; HOUSEHOLD; PARTY_RELATIONSHIP; PARTY_IDENTIFICATION
Marketing and Customer Experience,Delivery of Insight to Channels,Contextual Decisioning,Customer Demographics,Party,INDIVIDUAL; PARTY_DEMOGRAPHIC; PARTY_CLASSIFICATION; PARTY_PREFERENCE
Marketing and Customer Experience,Delivery of Insight to Channels,Contextual Decisioning,Customer Attitudinal Data,Party,PARTY_PREFERENCE; PARTY_CLASSIFICATION; PARTY_SURVEY_RESPONSE
Marketing and Customer Experience,Delivery of Insight to Channels,Contextual Decisioning,Customer Segments,Party,PARTY_CLASSIFICATION; PARTY_SEGMENT; PARTY_CLASSIFICATION_VALUE
Marketing and Customer Experience,Delivery of Insight to Channels,Contextual Decisioning,Customer Contact Preferences,Party,PARTY_PREFERENCE; PARTY_CONTACT_POINT; ELECTRONIC_ADDRESS; POSTAL_ADDRESS
Marketing and Customer Experience,Delivery of Insight to Channels,Contextual Decisioning,Customer Marketing Preferences,Party,PARTY_PREFERENCE; PARTY_MARKETING_PREFERENCE; PARTY_CONSENT
Marketing and Customer Experience,Delivery of Insight to Channels,Contextual Decisioning,Customer Satisfaction Measurement (E.g. NPS),Party,PARTY_SURVEY_RESPONSE; SURVEY; SURVEY_QUESTION_RESPONSE
Marketing and Customer Experience,Delivery of Insight to Channels,Contextual Decisioning,Customer Illustrations,Agreement,DOCUMENT; PARTY_DOCUMENT
Marketing and Customer Experience,Delivery of Insight to Channels,Contextual Decisioning,Customer Quotes,Agreement,APPLICATION; QUOTE; DOCUMENT
Marketing and Customer Experience,Delivery of Insight to Channels,Contextual Decisioning,Offline Customer Interactions - Branch,Event,DIRECT_CONTACT_EVENT; BRANCH_VISIT_EVENT; CHANNEL_INSTANCE
Marketing and Customer Experience,Delivery of Insight to Channels,Contextual Decisioning,Offline Customer Interactions - Call Centre,Event,DIRECT_CONTACT_EVENT; CALL_EVENT; CHANNEL_INSTANCE
Marketing and Customer Experience,Delivery of Insight to Channels,Contextual Decisioning,Online Interactions -  webchat (internal & external),Event,WEB_VISIT; WEB_PAGE_VIEW; ONLINE_INTERACTION_EVENT
Marketing and Customer Experience,Delivery of Insight to Channels,Contextual Decisioning,Online Interactions customer digital banking site (web log),Event,WEB_VISIT; WEB_PAGE_VIEW; EXTENDED_SESSION_INFORMATION; ONLINE_APPLICATION_ACCESS
Marketing and Customer Experience,Delivery of Insight to Channels,Contextual Decisioning,Online Interactions mobile app,Event,WEB_VISIT; WEB_PAGE_VIEW; MOBILE_APP_EVENT; CHANNEL_INSTANCE
Marketing and Customer Experience,Delivery of Insight to Channels,Contextual Decisioning,Online Interactions off-site - ad server,Event,AD; AD_PLACEMENT; AD_IMPRESSION; AD_CAMPAIGN_OBJECTIVE
Marketing and Customer Experience,Delivery of Insight to Channels,Contextual Decisioning,Online Interactions prospect / unidentified customer (web log),Event,WEB_VISIT; WEB_PAGE_VIEW; VISITOR_INTERACTION_EVENT
Marketing and Customer Experience,Delivery of Insight to Channels,Contextual Decisioning,Closed Loop Outcomes / Channel Responses,Event,CAMPAIGN_RESPONSE; CAMPAIGN_OFFER_RESPONSE; DIRECT_CONTACT_EVENT
Marketing and Customer Experience,Delivery of Insight to Channels,Contextual Decisioning,Internal Process Activity Data,Event,EVENT; PROCESS_EVENT; OPERATIONAL_EVENT
Marketing and Customer Experience,Delivery of Insight to Channels,Recycle Unused Leads into alternative channels,Customer Demographics,Party,INDIVIDUAL; PARTY_DEMOGRAPHIC; PARTY_CLASSIFICATION; PARTY_PREFERENCE
Marketing and Customer Experience,Delivery of Insight to Channels,Recycle Unused Leads into alternative channels,Customer Segments,Party,PARTY_CLASSIFICATION; PARTY_SEGMENT; PARTY_CLASSIFICATION_VALUE
Marketing and Customer Experience,Delivery of Insight to Channels,Recycle Unused Leads into alternative channels,Customer Contact Preferences,Party,PARTY_PREFERENCE; PARTY_CONTACT_POINT; ELECTRONIC_ADDRESS; POSTAL_ADDRESS
Marketing and Customer Experience,Delivery of Insight to Channels,Recycle Unused Leads into alternative channels,Customer Marketing Preferences,Party,PARTY_PREFERENCE; PARTY_MARKETING_PREFERENCE; PARTY_CONSENT
Marketing and Customer Experience,Delivery of Insight to Channels,Recycle Unused Leads into alternative channels,Master & Reference Data - staff / colleague,Party,INDIVIDUAL; ASSOCIATE; ASSOCIATE_ASSIGNMENT; INTERNAL_ORGANIZATION_UNIT
Marketing and Customer Experience,Delivery of Insight to Channels,Recycle Unused Leads into alternative channels,"Sales and Performance Forecasts, Targets & KPIs",Party,PERFORMANCE_METRIC; PERFORMANCE_TARGET; ORGANIZATION_PERFORMANCE
Marketing and Customer Experience,Delivery of Insight to Channels,Recycle Unused Leads into alternative channels,Customer Core Contact Details,Location,PARTY_CONTACT_POINT; ELECTRONIC_ADDRESS; POSTAL_ADDRESS; TELEPHONE_NUMBER
Marketing and Customer Experience,Delivery of Insight to Channels,Recycle Unused Leads into alternative channels,Lead Foodchain data,Party or Agreement,OPPORTUNITY; OPPORTUNITY_STATUS; OPPORTUNITY_PARTY_ROLE
Marketing and Customer Experience,Delivery of Insight to Channels,Recycle Unused Leads into alternative channels,Closed Loop Outcomes / Channel Responses,Event,CAMPAIGN_RESPONSE; CAMPAIGN_OFFER_RESPONSE; DIRECT_CONTACT_EVENT
Marketing and Customer Experience,Delivery of Insight to Channels,Recycle Unused Leads into alternative channels,Master & Reference Data - organisation hierarchy,Internal Organisation,ORGANIZATION; INTERNAL_ORGANIZATION_UNIT; ORGANIZATION_UNIT_RELATIONSHIP; ORGANIZATION_BUSINESS_TYPE
Marketing and Customer Experience,Delivery of Insight to Channels,Lead & Contact Management,Customer Demographics,Party,INDIVIDUAL; PARTY_DEMOGRAPHIC; PARTY_CLASSIFICATION; PARTY_PREFERENCE
Marketing and Customer Experience,Delivery of Insight to Channels,Lead & Contact Management,Customer Segments,Party,PARTY_CLASSIFICATION; PARTY_SEGMENT; PARTY_CLASSIFICATION_VALUE
Marketing and Customer Experience,Delivery of Insight to Channels,Lead & Contact Management,Customer Contact Preferences,Party,PARTY_PREFERENCE; PARTY_CONTACT_POINT; ELECTRONIC_ADDRESS; POSTAL_ADDRESS
Marketing and Customer Experience,Delivery of Insight to Channels,Lead & Contact Management,Customer Marketing Preferences,Party,PARTY_PREFERENCE; PARTY_MARKETING_PREFERENCE; PARTY_CONSENT
Marketing and Customer Experience,Delivery of Insight to Channels,Lead & Contact Management,Master & Reference Data - staff / colleague,Party,INDIVIDUAL; ASSOCIATE; ASSOCIATE_ASSIGNMENT; INTERNAL_ORGANIZATION_UNIT
Marketing and Customer Experience,Delivery of Insight to Channels,Lead & Contact Management,HR Performance Data,Party,ASSOCIATE; ASSOCIATE_PERFORMANCE_REVIEW; ASSOCIATE_ASSIGNMENT
Marketing and Customer Experience,Delivery of Insight to Channels,Lead & Contact Management,"Application Data (New Customer, New Product)",Agreement,APPLICATION; APPLICATION_STATUS; APPLICATION_PARTY_ROLE
Marketing and Customer Experience,Delivery of Insight to Channels,Lead & Contact Management,Customer Illustrations,Agreement,DOCUMENT; PARTY_DOCUMENT
Marketing and Customer Experience,Delivery of Insight to Channels,Lead & Contact Management,Customer Quotes,Agreement,APPLICATION; QUOTE; DOCUMENT
Marketing and Customer Experience,Delivery of Insight to Channels,Lead & Contact Management,Attribution Models - response,Party or Agreement,ANALYTICAL_MODEL; MODEL_RUN; CAMPAIGN_RESPONSE
Marketing and Customer Experience,Delivery of Insight to Channels,Lead & Contact Management,Lead Foodchain data,Party or Agreement,OPPORTUNITY; OPPORTUNITY_STATUS; OPPORTUNITY_PARTY_ROLE
Marketing and Customer Experience,Delivery of Insight to Channels,Lead & Contact Management,Closed Loop Outcomes / Channel Responses,Event,CAMPAIGN_RESPONSE; CAMPAIGN_OFFER_RESPONSE; DIRECT_CONTACT_EVENT
Marketing and Customer Experience,Delivery of Insight to Channels,Lead & Contact Management,Customer interview / fact find,Event or Cross Subject - Document,DOCUMENT; SURVEY; SURVEY_QUESTION_RESPONSE; PARTY_DOCUMENT
Marketing and Customer Experience,Delivery of Insight to Channels,Lead & Contact Management,Offer Catalogue,Campaign,OFFER; OFFER_TYPE; CAMPAIGN_OFFER; PRODUCT
Marketing and Customer Experience,Delivery of Insight to Channels,Lead & Contact Management,Master & Reference Data - Campaign,Campaign,CAMPAIGN; CAMPAIGN_TYPE; CAMPAIGN_STATUS; CAMPAIGN_WAVE
Marketing and Customer Experience,Delivery of Insight to Channels,Lead & Contact Management,Campaign History Data,Campaign,CAMPAIGN; CAMPAIGN_RESPONSE; CAMPAIGN_OFFER_RESPONSE; CAMPAIGN_WAVE
Marketing and Customer Experience,Delivery of Insight to Channels,Single Interaction View of Customer,Single Customer View (Master Record),Party,PARTY; INDIVIDUAL; ORGANIZATION; HOUSEHOLD; PARTY_RELATIONSHIP; PARTY_IDENTIFICATION
Marketing and Customer Experience,Delivery of Insight to Channels,Single Interaction View of Customer,"Application Data (New Customer, New Product)",Agreement,APPLICATION; APPLICATION_STATUS; APPLICATION_PARTY_ROLE
Marketing and Customer Experience,Delivery of Insight to Channels,Single Interaction View of Customer,Customer Illustrations,Agreement,DOCUMENT; PARTY_DOCUMENT
Marketing and Customer Experience,Delivery of Insight to Channels,Single Interaction View of Customer,Customer Quotes,Agreement,APPLICATION; QUOTE; DOCUMENT
Marketing and Customer Experience,Delivery of Insight to Channels,Single Interaction View of Customer,Financial Transactions,Event,MONETARY_TRANSACTION; TRANSACTION_TYPE; FINANCIAL_TRANSACTION; PAYMENT
Marketing and Customer Experience,Delivery of Insight to Channels,Single Interaction View of Customer,Non-Financial Transactions,Event,EVENT; NON_MONETARY_EVENT; DIRECT_CONTACT_EVENT
Marketing and Customer Experience,Delivery of Insight to Channels,Single Interaction View of Customer,Complaint Data,Event,COMPLAINT; COMPLAINT_STATUS; COMPLAINT_RESOLUTION
Marketing and Customer Experience,Delivery of Insight to Channels,Single Interaction View of Customer,Offline Customer Interactions - Branch,Event,DIRECT_CONTACT_EVENT; BRANCH_VISIT_EVENT; CHANNEL_INSTANCE
Marketing and Customer Experience,Delivery of Insight to Channels,Single Interaction View of Customer,Offline Customer Interactions - Call Centre,Event,DIRECT_CONTACT_EVENT; CALL_EVENT; CHANNEL_INSTANCE
Marketing and Customer Experience,Delivery of Insight to Channels,Single Interaction View of Customer,Offline Customer Interactions - letters,Event,DIRECT_CONTACT_EVENT; CORRESPONDENCE_EVENT; DOCUMENT
Marketing and Customer Experience,Delivery of Insight to Channels,Single Interaction View of Customer,Offline Customer Interactions - sms text,Event,DIRECT_CONTACT_EVENT; SMS_EVENT; ELECTRONIC_ADDRESS
Marketing and Customer Experience,Delivery of Insight to Channels,Single Interaction View of Customer,Online Interactions -  webchat (internal & external),Event,WEB_VISIT; WEB_PAGE_VIEW; ONLINE_INTERACTION_EVENT
Marketing and Customer Experience,Delivery of Insight to Channels,Single Interaction View of Customer,Online Interactions customer digital banking site (web log),Event,WEB_VISIT; WEB_PAGE_VIEW; EXTENDED_SESSION_INFORMATION; ONLINE_APPLICATION_ACCESS
Marketing and Customer Experience,Delivery of Insight to Channels,Single Interaction View of Customer,Online Interactions customer general banking site,Event,WEB_VISIT; WEB_PAGE_VIEW; ONLINE_INTERACTION_EVENT
Marketing and Customer Experience,Delivery of Insight to Channels,Single Interaction View of Customer,Online Interactions email - customer & employee,Event,DIRECT_CONTACT_EVENT; EMAIL_EVENT; ELECTRONIC_ADDRESS
Marketing and Customer Experience,Delivery of Insight to Channels,Single Interaction View of Customer,Online Interactions mobile app,Event,WEB_VISIT; WEB_PAGE_VIEW; MOBILE_APP_EVENT; CHANNEL_INSTANCE
Marketing and Customer Experience,Delivery of Insight to Channels,Single Interaction View of Customer,Online Interactions off-site - ad server,Event,AD; AD_PLACEMENT; AD_IMPRESSION; AD_CAMPAIGN_OBJECTIVE
Marketing and Customer Experience,Delivery of Insight to Channels,Single Interaction View of Customer,"Case History (Fraud, Money Laundering, Complaint)",Event,CASE; CASE_EVENT; CASE_PARTY_ROLE; FRAUD_CASE
Marketing and Customer Experience,Delivery of Insight to Channels,Single Interaction View of Customer,Claims,Event,CLAIM; CLAIM_STATUS; CLAIM_PARTY_ROLE; CLAIM_PAYMENT
Marketing and Customer Experience,Delivery of Insight to Channels,Single Interaction View of Customer,Closed Loop Outcomes / Channel Responses,Event,CAMPAIGN_RESPONSE; CAMPAIGN_OFFER_RESPONSE; DIRECT_CONTACT_EVENT
Marketing and Customer Experience,Delivery of Insight to Channels,Single Interaction View of Customer,Internal Process Activity Data,Event,EVENT; PROCESS_EVENT; OPERATIONAL_EVENT
Marketing and Customer Experience,Delivery of Insight to Channels,Single Interaction View of Customer,Customer interview / fact find,Event or Cross Subject - Document,DOCUMENT; SURVEY; SURVEY_QUESTION_RESPONSE; PARTY_DOCUMENT
Marketing and Customer Experience,Delivery of Insight to Channels,Single Interaction View of Customer,Campaign History Data,Campaign,CAMPAIGN; CAMPAIGN_RESPONSE; CAMPAIGN_OFFER_RESPONSE; CAMPAIGN_WAVE
Marketing and Customer Experience,Delivery of Insight to Channels,Channel Support & Engagement,Customer Demographics,Party,INDIVIDUAL; PARTY_DEMOGRAPHIC; PARTY_CLASSIFICATION; PARTY_PREFERENCE
Marketing and Customer Experience,Delivery of Insight to Channels,Channel Support & Engagement,Customer Contact Preferences,Party,PARTY_PREFERENCE; PARTY_CONTACT_POINT; ELECTRONIC_ADDRESS; POSTAL_ADDRESS
Marketing and Customer Experience,Delivery of Insight to Channels,Channel Support & Engagement,Customer Marketing Preferences,Party,PARTY_PREFERENCE; PARTY_MARKETING_PREFERENCE; PARTY_CONSENT
Marketing and Customer Experience,Delivery of Insight to Channels,Channel Support & Engagement,Master & Reference Data - staff / colleague,Party,INDIVIDUAL; ASSOCIATE; ASSOCIATE_ASSIGNMENT; INTERNAL_ORGANIZATION_UNIT
Marketing and Customer Experience,Delivery of Insight to Channels,Channel Support & Engagement,"Sales and Performance Forecasts, Targets & KPIs",Party,PERFORMANCE_METRIC; PERFORMANCE_TARGET; ORGANIZATION_PERFORMANCE
Marketing and Customer Experience,Delivery of Insight to Channels,Channel Support & Engagement,HR Performance Data,Party,ASSOCIATE; ASSOCIATE_PERFORMANCE_REVIEW; ASSOCIATE_ASSIGNMENT
Marketing and Customer Experience,Delivery of Insight to Channels,Channel Support & Engagement,Master & Reference Data - geography / location,Location,GEOGRAPHICAL_AREA; GEOGRAPHICAL_UNIT; SITE; POSTAL_ADDRESS
Marketing and Customer Experience,Delivery of Insight to Channels,Channel Support & Engagement,Product NPV's,Product,PRODUCT; PRODUCT_VALUATION; AGREEMENT_SUMMARY
Marketing and Customer Experience,Delivery of Insight to Channels,Channel Support & Engagement,Account Status (open closed active / domant /inactive / closure reason ),Agreement,AGREEMENT; AGREEMENT_STATUS; AGREEMENT_STATUS_HISTORY
Marketing and Customer Experience,Delivery of Insight to Channels,Channel Support & Engagement,"Application Data (New Customer, New Product)",Agreement,APPLICATION; APPLICATION_STATUS; APPLICATION_PARTY_ROLE
Marketing and Customer Experience,Delivery of Insight to Channels,Channel Support & Engagement,Risk Exposures,Agreement,AGREEMENT_RISK_METRIC; RISK_EXPOSURE; CREDIT_RISK_SUMMARY
Marketing and Customer Experience,Delivery of Insight to Channels,Channel Support & Engagement,Profitability Results,Agreement,AGREEMENT_SUMMARY; AGREEMENT_PROFITABILITY; PRODUCT_PROFITABILITY
Marketing and Customer Experience,Delivery of Insight to Channels,Channel Support & Engagement,Attribution Models - response,Party or Agreement,ANALYTICAL_MODEL; MODEL_RUN; CAMPAIGN_RESPONSE
Marketing and Customer Experience,Delivery of Insight to Channels,Channel Support & Engagement,Lead Foodchain data,Party or Agreement,OPPORTUNITY; OPPORTUNITY_STATUS; OPPORTUNITY_PARTY_ROLE
Marketing and Customer Experience,Delivery of Insight to Channels,Channel Support & Engagement,Complaint Data,Event,COMPLAINT; COMPLAINT_STATUS; COMPLAINT_RESOLUTION
Marketing and Customer Experience,Delivery of Insight to Channels,Channel Support & Engagement,Closed Loop Outcomes / Channel Responses,Event,CAMPAIGN_RESPONSE; CAMPAIGN_OFFER_RESPONSE; DIRECT_CONTACT_EVENT
Marketing and Customer Experience,Delivery of Insight to Channels,Channel Support & Engagement,Master & Reference Data - organisation hierarchy,Internal Organisation,ORGANIZATION; INTERNAL_ORGANIZATION_UNIT; ORGANIZATION_UNIT_RELATIONSHIP; ORGANIZATION_BUSINESS_TYPE
Marketing and Customer Experience,Delivery of Insight to Channels,Channel Support & Engagement,Campaign History Data,Campaign,CAMPAIGN; CAMPAIGN_RESPONSE; CAMPAIGN_OFFER_RESPONSE; CAMPAIGN_WAVE
Marketing and Customer Experience,Delivery of Insight to Channels,Channel Support & Engagement,Master & Reference Data - Channel,Channel,CHANNEL_TYPE; CHANNEL_INSTANCE; CHANNEL_CLASSIFICATION
Marketing and Customer Experience,Delivery of Insight to Channels,Direct Customer Access to Information Products,External Data - Credit Rating,Party,PARTY_EXTERNAL_RATING; PARTY_LIABILITY_CREDIT_RATING; CREDIT_BUREAU_SCORE
Marketing and Customer Experience,Delivery of Insight to Channels,Direct Customer Access to Information Products,Customer Core Contact Details,Location,PARTY_CONTACT_POINT; ELECTRONIC_ADDRESS; POSTAL_ADDRESS; TELEPHONE_NUMBER
Marketing and Customer Experience,Delivery of Insight to Channels,Direct Customer Access to Information Products,Master & Reference Data - geography / location,Location,GEOGRAPHICAL_AREA; GEOGRAPHICAL_UNIT; SITE; POSTAL_ADDRESS
Marketing and Customer Experience,Delivery of Insight to Channels,Direct Customer Access to Information Products,Account / Policy / Service Holdings,Agreement,AGREEMENT; PARTY_AGREEMENT_ROLE; AGREEMENT_PARTY_ROLE; AGREEMENT_RELATIONSHIP
Marketing and Customer Experience,Delivery of Insight to Channels,Direct Customer Access to Information Products,Account / Policy / Service Detail,Agreement,AGREEMENT; LOAN_TERM_AGREEMENT; DEPOSIT_AGREEMENT; INSURANCE_AGREEMENT; CREDIT_CARD_AGREEMENT
Marketing and Customer Experience,Delivery of Insight to Channels,Direct Customer Access to Information Products,Account Status (open closed active / domant /inactive / closure reason ),Agreement,AGREEMENT; AGREEMENT_STATUS; AGREEMENT_STATUS_HISTORY
Marketing and Customer Experience,Delivery of Insight to Channels,Direct Customer Access to Information Products,Account Feature Usage,Agreement,AGREEMENT_FEATURE; FEATURE; DESCRIPTIVE_FEATURE
Marketing and Customer Experience,Delivery of Insight to Channels,Direct Customer Access to Information Products,Account Balances,Agreement,AGREEMENT_SUMMARY; BALANCE_SUMMARY; AGREEMENT_BALANCE
Marketing and Customer Experience,Delivery of Insight to Channels,Direct Customer Access to Information Products,Investment Value,Agreement,INVESTMENT_ACCOUNT; INVESTMENT_HOLDING; INVESTMENT_PRODUCT_PRICE
Marketing and Customer Experience,Delivery of Insight to Channels,Direct Customer Access to Information Products,Account Maturity Dates & Repricing Schedules,Agreement,AGREEMENT; AGREEMENT_TERM; AGREEMENT_REPRICING_SCHEDULE
Marketing and Customer Experience,Delivery of Insight to Channels,Direct Customer Access to Information Products,Account Repayment Schedules,Agreement,AGREEMENT_REPAYMENT_SCHEDULE; LOAN_TERM_AGREEMENT
Marketing and Customer Experience,Delivery of Insight to Channels,Direct Customer Access to Information Products,Financial Transactions,Event,MONETARY_TRANSACTION; TRANSACTION_TYPE; FINANCIAL_TRANSACTION; PAYMENT
Marketing and Customer Experience,Delivery of Insight to Channels,Direct Customer Access to Information Products,"Account Fees, Commissions & Charges",Event,MONETARY_TRANSACTION; FEE_TRANSACTION; COMMISSION_TRANSACTION; AGREEMENT_FEE
Marketing and Customer Experience,Delivery of Insight to Channels,Direct Customer Access to Information Products,Master & Reference Data - merchant / transaction,Event,MERCHANT; MERCHANT_CATEGORY; TRANSACTION_TYPE
Marketing and Customer Experience,Delivery of Insight to Channels,Direct Customer Access to Information Products,Customer interview / fact find,Event or Cross Subject - Document,DOCUMENT; SURVEY; SURVEY_QUESTION_RESPONSE; PARTY_DOCUMENT
Marketing and Customer Experience,Delivery of Insight to Channels,Auto processing of  Channel Feedback,Attribution Models - response,Party or Agreement,ANALYTICAL_MODEL; MODEL_RUN; CAMPAIGN_RESPONSE
Marketing and Customer Experience,Delivery of Insight to Channels,Auto processing of  Channel Feedback,Closed Loop Outcomes / Channel Responses,Event,CAMPAIGN_RESPONSE; CAMPAIGN_OFFER_RESPONSE; DIRECT_CONTACT_EVENT
Marketing and Customer Experience,Delivery of Insight to Channels,Auto processing of  Channel Feedback,Master & Reference Data - organisation hierarchy,Internal Organisation,ORGANIZATION; INTERNAL_ORGANIZATION_UNIT; ORGANIZATION_UNIT_RELATIONSHIP; ORGANIZATION_BUSINESS_TYPE
Marketing and Customer Experience,Delivery of Insight to Channels,Auto processing of  Channel Feedback,Master & Reference Data - Channel,Channel,CHANNEL_TYPE; CHANNEL_INSTANCE; CHANNEL_CLASSIFICATION
Marketing and Customer Experience,Reporting & Continuous Improvement,Campaign ROI Reporting by Channel,Single Customer View (Master Record),Party,PARTY; INDIVIDUAL; ORGANIZATION; HOUSEHOLD; PARTY_RELATIONSHIP; PARTY_IDENTIFICATION
Marketing and Customer Experience,Reporting & Continuous Improvement,Campaign ROI Reporting by Channel,"Sales and Performance Forecasts, Targets & KPIs",Party,PERFORMANCE_METRIC; PERFORMANCE_TARGET; ORGANIZATION_PERFORMANCE
Marketing and Customer Experience,Reporting & Continuous Improvement,Campaign ROI Reporting by Channel,"Product Revenue, Cost & Margin",Product,PRODUCT; PRODUCT_PRICING; PRODUCT_COST; AGREEMENT_SUMMARY
Marketing and Customer Experience,Reporting & Continuous Improvement,Campaign ROI Reporting by Channel,Product NPV's,Product,PRODUCT; PRODUCT_VALUATION; AGREEMENT_SUMMARY
Marketing and Customer Experience,Reporting & Continuous Improvement,Campaign ROI Reporting by Channel,Lead Foodchain data,Party or Agreement,OPPORTUNITY; OPPORTUNITY_STATUS; OPPORTUNITY_PARTY_ROLE
Marketing and Customer Experience,Reporting & Continuous Improvement,Campaign ROI Reporting by Channel,Closed Loop Outcomes / Channel Responses,Event,CAMPAIGN_RESPONSE; CAMPAIGN_OFFER_RESPONSE; DIRECT_CONTACT_EVENT
Marketing and Customer Experience,Reporting & Continuous Improvement,Campaign ROI Reporting by Channel,Offer Catalogue,Campaign,OFFER; OFFER_TYPE; CAMPAIGN_OFFER; PRODUCT
Marketing and Customer Experience,Reporting & Continuous Improvement,Campaign ROI Reporting by Channel,Master & Reference Data - Campaign,Campaign,CAMPAIGN; CAMPAIGN_TYPE; CAMPAIGN_STATUS; CAMPAIGN_WAVE
Marketing and Customer Experience,Reporting & Continuous Improvement,Campaign ROI Reporting by Channel,Campaign Production Costs,Campaign,CAMPAIGN; CAMPAIGN_COST; CAMPAIGN_BUDGET
Marketing and Customer Experience,Reporting & Continuous Improvement,Campaign ROI Reporting by Channel,Campaign History Data,Campaign,CAMPAIGN; CAMPAIGN_RESPONSE; CAMPAIGN_OFFER_RESPONSE; CAMPAIGN_WAVE
Marketing and Customer Experience,Reporting & Continuous Improvement,Campaign ROI Reporting by Channel,Campaign Promotional Calendar,Campaign,CAMPAIGN; CAMPAIGN_WAVE; CAMPAIGN_SCHEDULE
Marketing and Customer Experience,Reporting & Continuous Improvement,Campaign ROI Reporting by Channel,Finance Systems - General Ledger,Finance,Not mapped
Marketing and Customer Experience,Reporting & Continuous Improvement,Lead/Sales Funnel Analytics  & Reporting,Attribution Models - response,Party or Agreement,ANALYTICAL_MODEL; MODEL_RUN; CAMPAIGN_RESPONSE
Marketing and Customer Experience,Reporting & Continuous Improvement,Lead/Sales Funnel Analytics  & Reporting,Data Subject Areas required,Unknown,Not mapped
Marketing and Customer Experience,Reporting & Continuous Improvement,Marketing Attribution MI across all channels,Single Customer View (Master Record),Party,PARTY; INDIVIDUAL; ORGANIZATION; HOUSEHOLD; PARTY_RELATIONSHIP; PARTY_IDENTIFICATION
Marketing and Customer Experience,Reporting & Continuous Improvement,Marketing Attribution MI across all channels,Master & Reference Data - product,Product,Not mapped
Marketing and Customer Experience,Reporting & Continuous Improvement,Marketing Attribution MI across all channels,Account Status (open closed active / domant /inactive / closure reason ),Agreement,AGREEMENT; AGREEMENT_STATUS; AGREEMENT_STATUS_HISTORY
Marketing and Customer Experience,Reporting & Continuous Improvement,Marketing Attribution MI across all channels,Account Feature Usage,Agreement,AGREEMENT_FEATURE; FEATURE; DESCRIPTIVE_FEATURE
Marketing and Customer Experience,Reporting & Continuous Improvement,Marketing Attribution MI across all channels,"Application Data (New Customer, New Product)",Agreement,APPLICATION; APPLICATION_STATUS; APPLICATION_PARTY_ROLE
Marketing and Customer Experience,Reporting & Continuous Improvement,Marketing Attribution MI across all channels,Coverage (insurance),Agreement,INSURANCE_COVERAGE; INSURANCE_AGREEMENT; COVERAGE_TYPE
Marketing and Customer Experience,Reporting & Continuous Improvement,Marketing Attribution MI across all channels,Account Balances,Agreement,AGREEMENT_SUMMARY; BALANCE_SUMMARY; AGREEMENT_BALANCE
Marketing and Customer Experience,Reporting & Continuous Improvement,Marketing Attribution MI across all channels,Non-Financial Transactions,Event,EVENT; NON_MONETARY_EVENT; DIRECT_CONTACT_EVENT
Marketing and Customer Experience,Reporting & Continuous Improvement,Marketing Attribution MI across all channels,Service Usage,Event,CHANNEL_USAGE_METRIC; SERVICE_USAGE_EVENT; CHANNEL_INSTANCE
Marketing and Customer Experience,Reporting & Continuous Improvement,Marketing Attribution MI across all channels,Offline Customer Interactions - Branch,Event,DIRECT_CONTACT_EVENT; BRANCH_VISIT_EVENT; CHANNEL_INSTANCE
Marketing and Customer Experience,Reporting & Continuous Improvement,Marketing Attribution MI across all channels,Offline Customer Interactions - Call Centre,Event,DIRECT_CONTACT_EVENT; CALL_EVENT; CHANNEL_INSTANCE
Marketing and Customer Experience,Reporting & Continuous Improvement,Marketing Attribution MI across all channels,Offline Customer Interactions - letters,Event,DIRECT_CONTACT_EVENT; CORRESPONDENCE_EVENT; DOCUMENT
Marketing and Customer Experience,Reporting & Continuous Improvement,Marketing Attribution MI across all channels,Offline Customer Interactions - sms text,Event,DIRECT_CONTACT_EVENT; SMS_EVENT; ELECTRONIC_ADDRESS
Marketing and Customer Experience,Reporting & Continuous Improvement,Marketing Attribution MI across all channels,Online Interactions -  webchat (internal & external),Event,WEB_VISIT; WEB_PAGE_VIEW; ONLINE_INTERACTION_EVENT
Marketing and Customer Experience,Reporting & Continuous Improvement,Marketing Attribution MI across all channels,Online Interactions colleague intranet,Event,WEB_VISIT; WEB_PAGE_VIEW
Marketing and Customer Experience,Reporting & Continuous Improvement,Marketing Attribution MI across all channels,Online Interactions customer digital banking site (web log),Event,WEB_VISIT; WEB_PAGE_VIEW; EXTENDED_SESSION_INFORMATION; ONLINE_APPLICATION_ACCESS
Marketing and Customer Experience,Reporting & Continuous Improvement,Marketing Attribution MI across all channels,Online Interactions customer general banking site,Event,WEB_VISIT; WEB_PAGE_VIEW; ONLINE_INTERACTION_EVENT
Marketing and Customer Experience,Reporting & Continuous Improvement,Marketing Attribution MI across all channels,Online Interactions email - customer & employee,Event,DIRECT_CONTACT_EVENT; EMAIL_EVENT; ELECTRONIC_ADDRESS
Marketing and Customer Experience,Reporting & Continuous Improvement,Marketing Attribution MI across all channels,Online Interactions mobile app,Event,WEB_VISIT; WEB_PAGE_VIEW; MOBILE_APP_EVENT; CHANNEL_INSTANCE
Marketing and Customer Experience,Reporting & Continuous Improvement,Marketing Attribution MI across all channels,Online Interactions off-site - ad server,Event,AD; AD_PLACEMENT; AD_IMPRESSION; AD_CAMPAIGN_OBJECTIVE
Marketing and Customer Experience,Reporting & Continuous Improvement,Marketing Attribution MI across all channels,Online Interactions prospect / unidentified customer (web log),Event,WEB_VISIT; WEB_PAGE_VIEW; VISITOR_INTERACTION_EVENT
Marketing and Customer Experience,Reporting & Continuous Improvement,Marketing Attribution MI across all channels,Closed Loop Outcomes / Channel Responses,Event,CAMPAIGN_RESPONSE; CAMPAIGN_OFFER_RESPONSE; DIRECT_CONTACT_EVENT
Marketing and Customer Experience,Reporting & Continuous Improvement,Marketing Attribution MI across all channels,Internal Process Activity Data,Event,EVENT; PROCESS_EVENT; OPERATIONAL_EVENT
Marketing and Customer Experience,Reporting & Continuous Improvement,Marketing Attribution MI across all channels,Customer interview / fact find,Event or Cross Subject - Document,DOCUMENT; SURVEY; SURVEY_QUESTION_RESPONSE; PARTY_DOCUMENT
Marketing and Customer Experience,Reporting & Continuous Improvement,Marketing Attribution MI across all channels,Campaign History Data,Campaign,CAMPAIGN; CAMPAIGN_RESPONSE; CAMPAIGN_OFFER_RESPONSE; CAMPAIGN_WAVE
Marketing and Customer Experience,Reporting & Continuous Improvement,Marketing Attribution MI across all channels,Campaign Promotional Calendar,Campaign,CAMPAIGN; CAMPAIGN_WAVE; CAMPAIGN_SCHEDULE
Marketing and Customer Experience,Reporting & Continuous Improvement,Marketing Asset Evaluation,Attribution Models - response,Party or Agreement,ANALYTICAL_MODEL; MODEL_RUN; CAMPAIGN_RESPONSE
Marketing and Customer Experience,Reporting & Continuous Improvement,Marketing Asset Evaluation,Lead Foodchain data,Party or Agreement,OPPORTUNITY; OPPORTUNITY_STATUS; OPPORTUNITY_PARTY_ROLE
Marketing and Customer Experience,Reporting & Continuous Improvement,Marketing Asset Evaluation,Closed Loop Outcomes / Channel Responses,Event,CAMPAIGN_RESPONSE; CAMPAIGN_OFFER_RESPONSE; DIRECT_CONTACT_EVENT
Marketing and Customer Experience,Reporting & Continuous Improvement,Marketing Asset Evaluation,Internal Process Activity Data,Event,EVENT; PROCESS_EVENT; OPERATIONAL_EVENT
Marketing and Customer Experience,Reporting & Continuous Improvement,Marketing Asset Evaluation,Offer Catalogue,Campaign,OFFER; OFFER_TYPE; CAMPAIGN_OFFER; PRODUCT
Marketing and Customer Experience,Reporting & Continuous Improvement,Marketing Asset Evaluation,Master & Reference Data - Campaign,Campaign,CAMPAIGN; CAMPAIGN_TYPE; CAMPAIGN_STATUS; CAMPAIGN_WAVE
Marketing and Customer Experience,Reporting & Continuous Improvement,Marketing Asset Evaluation,Campaign Production Costs,Campaign,CAMPAIGN; CAMPAIGN_COST; CAMPAIGN_BUDGET
Marketing and Customer Experience,Reporting & Continuous Improvement,Marketing Asset Evaluation,Campaign History Data,Campaign,CAMPAIGN; CAMPAIGN_RESPONSE; CAMPAIGN_OFFER_RESPONSE; CAMPAIGN_WAVE
Marketing and Customer Experience,Reporting & Continuous Improvement,Marketing Asset Evaluation,Media Asset Details,Campaign,MEDIA_ASSET; DOCUMENT; DIGITAL_CONTENT
Marketing and Customer Experience,Reporting & Continuous Improvement,Marketing Asset Evaluation,Campaign Promotional Calendar,Campaign,CAMPAIGN; CAMPAIGN_WAVE; CAMPAIGN_SCHEDULE
Marketing and Customer Experience,Reporting & Continuous Improvement,Marketing Asset Evaluation,"Documents - Structured Data Capture (Survey, Application Forms)",Cross Subject - Document,DOCUMENT; DOCUMENT_TYPE; SURVEY; APPLICATION
Marketing and Customer Experience,Reporting & Continuous Improvement,Marketing Asset Evaluation,Document Image,Cross Subject - Document,Not mapped
Marketing and Customer Experience,Reporting & Continuous Improvement,Marketing Asset Evaluation,Rich Media from all sources,Cross Subject - Multi-media object,DIGITAL_CONTENT; MEDIA_ASSET; DOCUMENT
Marketing and Customer Experience,Reporting & Continuous Improvement,Marketing Asset Evaluation,Compliance Approvals,Cross Subject,COMPLIANCE_EVENT; APPROVAL; PARTY_COMPLIANCE_VERIFICATION
Marketing and Customer Experience,Reporting & Continuous Improvement,Marketing Asset Evaluation,Business Process Definition,Not Covered,EVENT; PROCESS_EVENT
Marketing and Customer Experience,Reporting & Continuous Improvement,"Earned, Paid & Owned media analysis",External Prospect Data / Lists,Party,PARTY; PROSPECT; PARTY_LIST; PARTY_LIST_MEMBERSHIP
Marketing and Customer Experience,Reporting & Continuous Improvement,"Earned, Paid & Owned media analysis",Attribution Models - response,Party or Agreement,ANALYTICAL_MODEL; MODEL_RUN; CAMPAIGN_RESPONSE
Marketing and Customer Experience,Reporting & Continuous Improvement,"Earned, Paid & Owned media analysis",Lead Foodchain data,Party or Agreement,OPPORTUNITY; OPPORTUNITY_STATUS; OPPORTUNITY_PARTY_ROLE
Marketing and Customer Experience,Reporting & Continuous Improvement,"Earned, Paid & Owned media analysis",Online Interactions customer digital banking site (web log),Event,WEB_VISIT; WEB_PAGE_VIEW; EXTENDED_SESSION_INFORMATION; ONLINE_APPLICATION_ACCESS
Marketing and Customer Experience,Reporting & Continuous Improvement,"Earned, Paid & Owned media analysis",Online Interactions customer general banking site,Event,WEB_VISIT; WEB_PAGE_VIEW; ONLINE_INTERACTION_EVENT
Marketing and Customer Experience,Reporting & Continuous Improvement,"Earned, Paid & Owned media analysis",Online Interactions mobile app,Event,WEB_VISIT; WEB_PAGE_VIEW; MOBILE_APP_EVENT; CHANNEL_INSTANCE
Marketing and Customer Experience,Reporting & Continuous Improvement,"Earned, Paid & Owned media analysis",Online Interactions off-site - ad server,Event,AD; AD_PLACEMENT; AD_IMPRESSION; AD_CAMPAIGN_OBJECTIVE
Marketing and Customer Experience,Reporting & Continuous Improvement,"Earned, Paid & Owned media analysis",Online Interactions prospect / unidentified customer (web log),Event,WEB_VISIT; WEB_PAGE_VIEW; VISITOR_INTERACTION_EVENT
Marketing and Customer Experience,Reporting & Continuous Improvement,"Earned, Paid & Owned media analysis",Master & Reference Data - Campaign,Campaign,CAMPAIGN; CAMPAIGN_TYPE; CAMPAIGN_STATUS; CAMPAIGN_WAVE
Marketing and Customer Experience,Reporting & Continuous Improvement,"Earned, Paid & Owned media analysis",Campaign Production Costs,Campaign,CAMPAIGN; CAMPAIGN_COST; CAMPAIGN_BUDGET
Marketing and Customer Experience,Reporting & Continuous Improvement,"Earned, Paid & Owned media analysis",Campaign History Data,Campaign,CAMPAIGN; CAMPAIGN_RESPONSE; CAMPAIGN_OFFER_RESPONSE; CAMPAIGN_WAVE
Marketing and Customer Experience,Reporting & Continuous Improvement,NPS MI & Drill Down,Customer Demographics,Party,INDIVIDUAL; PARTY_DEMOGRAPHIC; PARTY_CLASSIFICATION; PARTY_PREFERENCE
Marketing and Customer Experience,Reporting & Continuous Improvement,NPS MI & Drill Down,Customer Attitudinal Data,Party,PARTY_PREFERENCE; PARTY_CLASSIFICATION; PARTY_SURVEY_RESPONSE
Marketing and Customer Experience,Reporting & Continuous Improvement,NPS MI & Drill Down,Customer Segments,Party,PARTY_CLASSIFICATION; PARTY_SEGMENT; PARTY_CLASSIFICATION_VALUE
Marketing and Customer Experience,Reporting & Continuous Improvement,NPS MI & Drill Down,Customer Satisfaction Measurement (E.g. NPS),Party,PARTY_SURVEY_RESPONSE; SURVEY; SURVEY_QUESTION_RESPONSE
Marketing and Customer Experience,Reporting & Continuous Improvement,NPS MI & Drill Down,Master & Reference Data - geography / location,Location,GEOGRAPHICAL_AREA; GEOGRAPHICAL_UNIT; SITE; POSTAL_ADDRESS
Marketing and Customer Experience,Reporting & Continuous Improvement,NPS MI & Drill Down,"Product Revenue, Cost & Margin",Product,PRODUCT; PRODUCT_PRICING; PRODUCT_COST; AGREEMENT_SUMMARY
Marketing and Customer Experience,Reporting & Continuous Improvement,NPS MI & Drill Down,Profitability Results,Agreement,AGREEMENT_SUMMARY; AGREEMENT_PROFITABILITY; PRODUCT_PROFITABILITY
Marketing and Customer Experience,Reporting & Continuous Improvement,NPS MI & Drill Down,Financial Transactions,Event,MONETARY_TRANSACTION; TRANSACTION_TYPE; FINANCIAL_TRANSACTION; PAYMENT
Marketing and Customer Experience,Reporting & Continuous Improvement,NPS MI & Drill Down,Non-Financial Transactions,Event,EVENT; NON_MONETARY_EVENT; DIRECT_CONTACT_EVENT
Marketing and Customer Experience,Reporting & Continuous Improvement,NPS MI & Drill Down,Service Usage,Event,CHANNEL_USAGE_METRIC; SERVICE_USAGE_EVENT; CHANNEL_INSTANCE
Marketing and Customer Experience,Reporting & Continuous Improvement,NPS MI & Drill Down,Offline Customer Interactions - Branch,Event,DIRECT_CONTACT_EVENT; BRANCH_VISIT_EVENT; CHANNEL_INSTANCE
Marketing and Customer Experience,Reporting & Continuous Improvement,NPS MI & Drill Down,Offline Customer Interactions - Call Centre,Event,DIRECT_CONTACT_EVENT; CALL_EVENT; CHANNEL_INSTANCE
Marketing and Customer Experience,Reporting & Continuous Improvement,NPS MI & Drill Down,Offline Customer Interactions - letters,Event,DIRECT_CONTACT_EVENT; CORRESPONDENCE_EVENT; DOCUMENT
Marketing and Customer Experience,Reporting & Continuous Improvement,NPS MI & Drill Down,Offline Customer Interactions - sms text,Event,DIRECT_CONTACT_EVENT; SMS_EVENT; ELECTRONIC_ADDRESS
Marketing and Customer Experience,Reporting & Continuous Improvement,NPS MI & Drill Down,Online Interactions -  webchat (internal & external),Event,WEB_VISIT; WEB_PAGE_VIEW; ONLINE_INTERACTION_EVENT
Marketing and Customer Experience,Reporting & Continuous Improvement,NPS MI & Drill Down,Online Interactions colleague intranet,Event,WEB_VISIT; WEB_PAGE_VIEW
Marketing and Customer Experience,Reporting & Continuous Improvement,NPS MI & Drill Down,Online Interactions customer digital banking site (web log),Event,WEB_VISIT; WEB_PAGE_VIEW; EXTENDED_SESSION_INFORMATION; ONLINE_APPLICATION_ACCESS
Marketing and Customer Experience,Reporting & Continuous Improvement,NPS MI & Drill Down,Online Interactions customer general banking site,Event,WEB_VISIT; WEB_PAGE_VIEW; ONLINE_INTERACTION_EVENT
Marketing and Customer Experience,Reporting & Continuous Improvement,NPS MI & Drill Down,Online Interactions email - customer & employee,Event,DIRECT_CONTACT_EVENT; EMAIL_EVENT; ELECTRONIC_ADDRESS
Marketing and Customer Experience,Reporting & Continuous Improvement,NPS MI & Drill Down,Online Interactions mobile app,Event,WEB_VISIT; WEB_PAGE_VIEW; MOBILE_APP_EVENT; CHANNEL_INSTANCE
Marketing and Customer Experience,Reporting & Continuous Improvement,NPS MI & Drill Down,Online Interactions off-site - ad server,Event,AD; AD_PLACEMENT; AD_IMPRESSION; AD_CAMPAIGN_OBJECTIVE
Marketing and Customer Experience,Reporting & Continuous Improvement,NPS MI & Drill Down,Online Interactions prospect / unidentified customer (web log),Event,WEB_VISIT; WEB_PAGE_VIEW; VISITOR_INTERACTION_EVENT
Marketing and Customer Experience,Reporting & Continuous Improvement,NPS MI & Drill Down,"Case History (Fraud, Money Laundering, Complaint)",Event,CASE; CASE_EVENT; CASE_PARTY_ROLE; FRAUD_CASE
Marketing and Customer Experience,Reporting & Continuous Improvement,NPS MI & Drill Down,Claims,Event,CLAIM; CLAIM_STATUS; CLAIM_PARTY_ROLE; CLAIM_PAYMENT
Marketing and Customer Experience,Reporting & Continuous Improvement,NPS MI & Drill Down,Internal Process Activity Data,Event,EVENT; PROCESS_EVENT; OPERATIONAL_EVENT
Marketing and Customer Experience,Reporting & Continuous Improvement,NPS MI & Drill Down,Customer interview / fact find,Event or Cross Subject - Document,DOCUMENT; SURVEY; SURVEY_QUESTION_RESPONSE; PARTY_DOCUMENT
Marketing and Customer Experience,Reporting & Continuous Improvement,NPS MI & Drill Down,"Operational metrics (E.g. Wait times, queue length)",Internal Organisation,CHANNEL_USAGE_METRIC; OPERATIONAL_EVENT; SERVICE_LEVEL_METRIC
Marketing and Customer Experience,Reporting & Continuous Improvement,NPS MI & Drill Down,Campaign History Data,Campaign,CAMPAIGN; CAMPAIGN_RESPONSE; CAMPAIGN_OFFER_RESPONSE; CAMPAIGN_WAVE
Marketing and Customer Experience,Reporting & Continuous Improvement,NPS MI & Drill Down,Master & Reference Data - Channel,Channel,CHANNEL_TYPE; CHANNEL_INSTANCE; CHANNEL_CLASSIFICATION
Marketing and Customer Experience,Reporting & Continuous Improvement,NPS MI & Drill Down,Finance Systems - ERP,Finance,GL_ACCOUNT; GL_MAIN_ACCOUNT; VENDOR; VENDOR_INVOICE
Marketing and Customer Experience,Reporting & Continuous Improvement,NPS MI & Drill Down,"Documents - Structured Data Capture (Survey, Application Forms)",Cross Subject - Document,DOCUMENT; DOCUMENT_TYPE; SURVEY; APPLICATION
Marketing and Customer Experience,Reporting & Continuous Improvement,NPS MI & Drill Down,Text Data,Cross Subject - Document,DOCUMENT; TEXT_CONTENT; DIGITAL_CONTENT
Marketing and Customer Experience,Reporting & Continuous Improvement,NPS MI & Drill Down,Customer Research - Primary & Secondary,Cross Subject - Survey,SURVEY; SURVEY_QUESTION_RESPONSE; PARTY_SURVEY_RESPONSE
Marketing and Customer Experience,Reporting & Continuous Improvement,NPS MI & Drill Down,Voice Recording,Cross Subject - Multi-media object,DIGITAL_CONTENT; CALL_RECORDING; DIRECT_CONTACT_EVENT
Marketing and Customer Experience,Reporting & Continuous Improvement,NPS MI & Drill Down,Business Process Definition,Not Covered,EVENT; PROCESS_EVENT
Marketing and Customer Experience,Reporting & Continuous Improvement,NPS MI & Drill Down,"System Log Files (E.g. Firewall, Webserver)",Not Covered,WEB_VISIT; SYSTEM_EVENT
Marketing and Customer Experience,Reporting & Continuous Improvement,Strategy Monitoring,Single Customer View (Master Record),Party,PARTY; INDIVIDUAL; ORGANIZATION; HOUSEHOLD; PARTY_RELATIONSHIP; PARTY_IDENTIFICATION
Marketing and Customer Experience,Reporting & Continuous Improvement,Strategy Monitoring,Customer Demographics,Party,INDIVIDUAL; PARTY_DEMOGRAPHIC; PARTY_CLASSIFICATION; PARTY_PREFERENCE
Marketing and Customer Experience,Reporting & Continuous Improvement,Strategy Monitoring,Customer Segments,Party,PARTY_CLASSIFICATION; PARTY_SEGMENT; PARTY_CLASSIFICATION_VALUE
Marketing and Customer Experience,Reporting & Continuous Improvement,Strategy Monitoring,Customer Contact Preferences,Party,PARTY_PREFERENCE; PARTY_CONTACT_POINT; ELECTRONIC_ADDRESS; POSTAL_ADDRESS
Marketing and Customer Experience,Reporting & Continuous Improvement,Strategy Monitoring,Customer Marketing Preferences,Party,PARTY_PREFERENCE; PARTY_MARKETING_PREFERENCE; PARTY_CONSENT
Marketing and Customer Experience,Reporting & Continuous Improvement,Strategy Monitoring,Customer Satisfaction Measurement (E.g. NPS),Party,PARTY_SURVEY_RESPONSE; SURVEY; SURVEY_QUESTION_RESPONSE
Marketing and Customer Experience,Reporting & Continuous Improvement,Strategy Monitoring,Economic Forecast Data,Party,ECONOMIC_INDEX; ECONOMIC_INDEX_VALUE; MARKET_INDEX
Marketing and Customer Experience,Reporting & Continuous Improvement,Strategy Monitoring,"External Economic Data (E.g. Property Prices, Salary)",Party,ECONOMIC_INDEX; ECONOMIC_INDEX_VALUE; MARKET_INDEX; MARKET_INDEX_VALUE
Marketing and Customer Experience,Reporting & Continuous Improvement,Strategy Monitoring,"Sales and Performance Forecasts, Targets & KPIs",Party,PERFORMANCE_METRIC; PERFORMANCE_TARGET; ORGANIZATION_PERFORMANCE
Marketing and Customer Experience,Reporting & Continuous Improvement,Strategy Monitoring,HR Performance Data,Party,ASSOCIATE; ASSOCIATE_PERFORMANCE_REVIEW; ASSOCIATE_ASSIGNMENT
Marketing and Customer Experience,Reporting & Continuous Improvement,Strategy Monitoring,Customer Core Contact Details,Location,PARTY_CONTACT_POINT; ELECTRONIC_ADDRESS; POSTAL_ADDRESS; TELEPHONE_NUMBER
Marketing and Customer Experience,Reporting & Continuous Improvement,Strategy Monitoring,Master & Reference Data - product,Product,Not mapped
Marketing and Customer Experience,Reporting & Continuous Improvement,Strategy Monitoring,"Product Revenue, Cost & Margin",Product,PRODUCT; PRODUCT_PRICING; PRODUCT_COST; AGREEMENT_SUMMARY
Marketing and Customer Experience,Reporting & Continuous Improvement,Strategy Monitoring,Product NPV's,Product,PRODUCT; PRODUCT_VALUATION; AGREEMENT_SUMMARY
Marketing and Customer Experience,Reporting & Continuous Improvement,Strategy Monitoring,Account / Policy / Service Holdings,Agreement,AGREEMENT; PARTY_AGREEMENT_ROLE; AGREEMENT_PARTY_ROLE; AGREEMENT_RELATIONSHIP
Marketing and Customer Experience,Reporting & Continuous Improvement,Strategy Monitoring,Account Status (open closed active / domant /inactive / closure reason ),Agreement,AGREEMENT; AGREEMENT_STATUS; AGREEMENT_STATUS_HISTORY
Marketing and Customer Experience,Reporting & Continuous Improvement,Strategy Monitoring,Account Terms & Conditions,Agreement,AGREEMENT; AGREEMENT_CONDITION; AGREEMENT_TERM
Marketing and Customer Experience,Reporting & Continuous Improvement,Strategy Monitoring,Account Feature Usage,Agreement,AGREEMENT_FEATURE; FEATURE; DESCRIPTIVE_FEATURE
Marketing and Customer Experience,Reporting & Continuous Improvement,Strategy Monitoring,"Application Data (New Customer, New Product)",Agreement,APPLICATION; APPLICATION_STATUS; APPLICATION_PARTY_ROLE
Marketing and Customer Experience,Reporting & Continuous Improvement,Strategy Monitoring,Account Balances,Agreement,AGREEMENT_SUMMARY; BALANCE_SUMMARY; AGREEMENT_BALANCE
Marketing and Customer Experience,Reporting & Continuous Improvement,Strategy Monitoring,Account Maturity Dates & Repricing Schedules,Agreement,AGREEMENT; AGREEMENT_TERM; AGREEMENT_REPRICING_SCHEDULE
Marketing and Customer Experience,Reporting & Continuous Improvement,Strategy Monitoring,Account Repayment Schedules,Agreement,AGREEMENT_REPAYMENT_SCHEDULE; LOAN_TERM_AGREEMENT
Marketing and Customer Experience,Reporting & Continuous Improvement,Strategy Monitoring,Profitability Results,Agreement,AGREEMENT_SUMMARY; AGREEMENT_PROFITABILITY; PRODUCT_PROFITABILITY
Marketing and Customer Experience,Reporting & Continuous Improvement,Strategy Monitoring,Predictive Models - propensity to buy,Party or Agreement,ANALYTICAL_MODEL; MODEL_RUN; MODEL_SCORE; PARTY_MODEL_SCORE
Marketing and Customer Experience,Reporting & Continuous Improvement,Strategy Monitoring,Predictive Models - attrition,Party or Agreement,ANALYTICAL_MODEL; MODEL_RUN; MODEL_SCORE; PARTY_MODEL_SCORE
Marketing and Customer Experience,Reporting & Continuous Improvement,Strategy Monitoring,Predictive Models - price elasticity,Party or Agreement,ANALYTICAL_MODEL; MODEL_RUN; MODEL_SCORE
Marketing and Customer Experience,Reporting & Continuous Improvement,Strategy Monitoring,Predictive Models - risk,Party or Agreement,ANALYTICAL_MODEL; MODEL_RUN; MODEL_SCORE; PARTY_LIABILITY_CREDIT_RATING
Marketing and Customer Experience,Reporting & Continuous Improvement,Strategy Monitoring,"Risk Segments, Cohorts & Groupings",Party or Agreement,PARTY_CLASSIFICATION; RISK_GRADE_VALUE; RISK_GRADE_SCHEME
Marketing and Customer Experience,Reporting & Continuous Improvement,Strategy Monitoring,"Provisions, Losses & Writeoffs",Party or Agreement,AGREEMENT_RISK_METRIC; PROVISION; WRITE_OFF; LOSS_EVENT
Marketing and Customer Experience,Reporting & Continuous Improvement,Strategy Monitoring,Service Usage,Event,CHANNEL_USAGE_METRIC; SERVICE_USAGE_EVENT; CHANNEL_INSTANCE
Marketing and Customer Experience,Reporting & Continuous Improvement,Strategy Monitoring,Complaint Data,Event,COMPLAINT; COMPLAINT_STATUS; COMPLAINT_RESOLUTION
Marketing and Customer Experience,Reporting & Continuous Improvement,Strategy Monitoring,Closed Loop Outcomes / Channel Responses,Event,CAMPAIGN_RESPONSE; CAMPAIGN_OFFER_RESPONSE; DIRECT_CONTACT_EVENT
Marketing and Customer Experience,Reporting & Continuous Improvement,Strategy Monitoring,Master & Reference Data - organisation hierarchy,Internal Organisation,ORGANIZATION; INTERNAL_ORGANIZATION_UNIT; ORGANIZATION_UNIT_RELATIONSHIP; ORGANIZATION_BUSINESS_TYPE
Marketing and Customer Experience,Reporting & Continuous Improvement,Strategy Monitoring,"Operational metrics (E.g. Wait times, queue length)",Internal Organisation,CHANNEL_USAGE_METRIC; OPERATIONAL_EVENT; SERVICE_LEVEL_METRIC
Marketing and Customer Experience,Reporting & Continuous Improvement,Strategy Monitoring,"Finance Systems - Budgets, Plans & Forecasts",Finance,GL_ACCOUNT; BUDGET; FORECAST; FINANCIAL_PLAN
Marketing and Customer Experience,Reporting & Continuous Improvement,Strategy Monitoring,Risk Scenario & Stress Testing Results,Analytical Model,RISK_CALCULATION_SCENARIO; RISK_SCENARIO_RESULT; STRESS_TEST_RESULT
Marketing and Customer Experience,Reporting & Continuous Improvement,Strategy Monitoring,External Data - News / Industry Feeds E.g. Reuters,Cross Subject - Document,DOCUMENT; NEWS_FEED; MARKET_INDEX
Marketing and Customer Experience,Reporting & Continuous Improvement,Strategy Monitoring,Master & Reference Data - Risk Policy Rules,Cross Subject - Document,RISK_GRADE_SCHEME; RISK_GRADE_VALUE; RISK_POLICY; BUSINESS_RULE
Marketing and Customer Experience,Reporting & Continuous Improvement,Strategy Monitoring,Customer Research - Primary & Secondary,Cross Subject - Survey,SURVEY; SURVEY_QUESTION_RESPONSE; PARTY_SURVEY_RESPONSE
Marketing and Customer Experience,Reporting & Continuous Improvement,Contact Frequency Monitoring,Customer Segments,Party,PARTY_CLASSIFICATION; PARTY_SEGMENT; PARTY_CLASSIFICATION_VALUE
Marketing and Customer Experience,Reporting & Continuous Improvement,Contact Frequency Monitoring,Customer Contact Preferences,Party,PARTY_PREFERENCE; PARTY_CONTACT_POINT; ELECTRONIC_ADDRESS; POSTAL_ADDRESS
Marketing and Customer Experience,Reporting & Continuous Improvement,Contact Frequency Monitoring,Customer Marketing Preferences,Party,PARTY_PREFERENCE; PARTY_MARKETING_PREFERENCE; PARTY_CONSENT
Marketing and Customer Experience,Reporting & Continuous Improvement,Contact Frequency Monitoring,Customer Satisfaction Measurement (E.g. NPS),Party,PARTY_SURVEY_RESPONSE; SURVEY; SURVEY_QUESTION_RESPONSE
Marketing and Customer Experience,Reporting & Continuous Improvement,Contact Frequency Monitoring,Complaint Data,Event,COMPLAINT; COMPLAINT_STATUS; COMPLAINT_RESOLUTION
Marketing and Customer Experience,Reporting & Continuous Improvement,Contact Frequency Monitoring,Closed Loop Outcomes / Channel Responses,Event,CAMPAIGN_RESPONSE; CAMPAIGN_OFFER_RESPONSE; DIRECT_CONTACT_EVENT
Marketing and Customer Experience,Reporting & Continuous Improvement,Contact Frequency Monitoring,Master & Reference Data - Campaign,Campaign,CAMPAIGN; CAMPAIGN_TYPE; CAMPAIGN_STATUS; CAMPAIGN_WAVE
Marketing and Customer Experience,Reporting & Continuous Improvement,Contact Frequency Monitoring,Campaign History Data,Campaign,CAMPAIGN; CAMPAIGN_RESPONSE; CAMPAIGN_OFFER_RESPONSE; CAMPAIGN_WAVE
Marketing and Customer Experience,Reporting & Continuous Improvement,Contact Frequency Monitoring,Campaign Promotional Calendar,Campaign,CAMPAIGN; CAMPAIGN_WAVE; CAMPAIGN_SCHEDULE
Marketing and Customer Experience,Reporting & Continuous Improvement,Complaints Root Cause Analysis MI,Single Customer View (Master Record),Party,PARTY; INDIVIDUAL; ORGANIZATION; HOUSEHOLD; PARTY_RELATIONSHIP; PARTY_IDENTIFICATION
Marketing and Customer Experience,Reporting & Continuous Improvement,Complaints Root Cause Analysis MI,Customer Demographics,Party,INDIVIDUAL; PARTY_DEMOGRAPHIC; PARTY_CLASSIFICATION; PARTY_PREFERENCE
Marketing and Customer Experience,Reporting & Continuous Improvement,Complaints Root Cause Analysis MI,Customer Segments,Party,PARTY_CLASSIFICATION; PARTY_SEGMENT; PARTY_CLASSIFICATION_VALUE
Marketing and Customer Experience,Reporting & Continuous Improvement,Complaints Root Cause Analysis MI,Customer Contact Preferences,Party,PARTY_PREFERENCE; PARTY_CONTACT_POINT; ELECTRONIC_ADDRESS; POSTAL_ADDRESS
Marketing and Customer Experience,Reporting & Continuous Improvement,Complaints Root Cause Analysis MI,Customer Marketing Preferences,Party,PARTY_PREFERENCE; PARTY_MARKETING_PREFERENCE; PARTY_CONSENT
Marketing and Customer Experience,Reporting & Continuous Improvement,Complaints Root Cause Analysis MI,Customer Satisfaction Measurement (E.g. NPS),Party,PARTY_SURVEY_RESPONSE; SURVEY; SURVEY_QUESTION_RESPONSE
Marketing and Customer Experience,Reporting & Continuous Improvement,Complaints Root Cause Analysis MI,Economic Forecast Data,Party,ECONOMIC_INDEX; ECONOMIC_INDEX_VALUE; MARKET_INDEX
Marketing and Customer Experience,Reporting & Continuous Improvement,Complaints Root Cause Analysis MI,"Sales and Performance Forecasts, Targets & KPIs",Party,PERFORMANCE_METRIC; PERFORMANCE_TARGET; ORGANIZATION_PERFORMANCE
Marketing and Customer Experience,Reporting & Continuous Improvement,Complaints Root Cause Analysis MI,Complaint Data,Event,COMPLAINT; COMPLAINT_STATUS; COMPLAINT_RESOLUTION
Marketing and Customer Experience,Reporting & Continuous Improvement,Complaints Root Cause Analysis MI,"Case History (Fraud, Money Laundering, Complaint)",Event,CASE; CASE_EVENT; CASE_PARTY_ROLE; FRAUD_CASE
Marketing and Customer Experience,Reporting & Continuous Improvement,Complaints Root Cause Analysis MI,Internal Process Activity Data,Event,EVENT; PROCESS_EVENT; OPERATIONAL_EVENT
Marketing and Customer Experience,Reporting & Continuous Improvement,Complaints Root Cause Analysis MI,Text Data,Cross Subject - Document,DOCUMENT; TEXT_CONTENT; DIGITAL_CONTENT
Marketing and Customer Experience,Reporting & Continuous Improvement,Complaints Root Cause Analysis MI,Voice Recording,Cross Subject - Multi-media object,DIGITAL_CONTENT; CALL_RECORDING; DIRECT_CONTACT_EVENT
Marketing and Customer Experience,Reporting & Continuous Improvement,Complaints Root Cause Analysis MI,Business Process Definition,Not Covered,EVENT; PROCESS_EVENT
Marketing and Customer Experience,Reporting & Continuous Improvement,Attrition Root Cause Analysis MI,Customer Demographics,Party,INDIVIDUAL; PARTY_DEMOGRAPHIC; PARTY_CLASSIFICATION; PARTY_PREFERENCE
Marketing and Customer Experience,Reporting & Continuous Improvement,Attrition Root Cause Analysis MI,Customer Segments,Party,PARTY_CLASSIFICATION; PARTY_SEGMENT; PARTY_CLASSIFICATION_VALUE
Marketing and Customer Experience,Reporting & Continuous Improvement,Attrition Root Cause Analysis MI,Customer Satisfaction Measurement (E.g. NPS),Party,PARTY_SURVEY_RESPONSE; SURVEY; SURVEY_QUESTION_RESPONSE
Marketing and Customer Experience,Reporting & Continuous Improvement,Attrition Root Cause Analysis MI,Master & Reference Data - staff / colleague,Party,INDIVIDUAL; ASSOCIATE; ASSOCIATE_ASSIGNMENT; INTERNAL_ORGANIZATION_UNIT
Marketing and Customer Experience,Reporting & Continuous Improvement,Attrition Root Cause Analysis MI,"Sales and Performance Forecasts, Targets & KPIs",Party,PERFORMANCE_METRIC; PERFORMANCE_TARGET; ORGANIZATION_PERFORMANCE
Marketing and Customer Experience,Reporting & Continuous Improvement,Attrition Root Cause Analysis MI,HR Performance Data,Party,ASSOCIATE; ASSOCIATE_PERFORMANCE_REVIEW; ASSOCIATE_ASSIGNMENT
Marketing and Customer Experience,Reporting & Continuous Improvement,Attrition Root Cause Analysis MI,Master & Reference Data - product,Product,Not mapped
Marketing and Customer Experience,Reporting & Continuous Improvement,Attrition Root Cause Analysis MI,"Product Revenue, Cost & Margin",Product,PRODUCT; PRODUCT_PRICING; PRODUCT_COST; AGREEMENT_SUMMARY
Marketing and Customer Experience,Reporting & Continuous Improvement,Attrition Root Cause Analysis MI,Product NPV's,Product,PRODUCT; PRODUCT_VALUATION; AGREEMENT_SUMMARY
Marketing and Customer Experience,Reporting & Continuous Improvement,Attrition Root Cause Analysis MI,Account / Policy / Service Holdings,Agreement,AGREEMENT; PARTY_AGREEMENT_ROLE; AGREEMENT_PARTY_ROLE; AGREEMENT_RELATIONSHIP
Marketing and Customer Experience,Reporting & Continuous Improvement,Attrition Root Cause Analysis MI,Account / Policy / Service Detail,Agreement,AGREEMENT; LOAN_TERM_AGREEMENT; DEPOSIT_AGREEMENT; INSURANCE_AGREEMENT; CREDIT_CARD_AGREEMENT
Marketing and Customer Experience,Reporting & Continuous Improvement,Attrition Root Cause Analysis MI,Account Status (open closed active / domant /inactive / closure reason ),Agreement,AGREEMENT; AGREEMENT_STATUS; AGREEMENT_STATUS_HISTORY
Marketing and Customer Experience,Reporting & Continuous Improvement,Attrition Root Cause Analysis MI,Profitability Results,Agreement,AGREEMENT_SUMMARY; AGREEMENT_PROFITABILITY; PRODUCT_PROFITABILITY
Marketing and Customer Experience,Reporting & Continuous Improvement,Attrition Root Cause Analysis MI,Predictive Models - attrition,Party or Agreement,ANALYTICAL_MODEL; MODEL_RUN; MODEL_SCORE; PARTY_MODEL_SCORE
Marketing and Customer Experience,Reporting & Continuous Improvement,Attrition Root Cause Analysis MI,"Risk Segments, Cohorts & Groupings",Party or Agreement,PARTY_CLASSIFICATION; RISK_GRADE_VALUE; RISK_GRADE_SCHEME
Marketing and Customer Experience,Reporting & Continuous Improvement,Attrition Root Cause Analysis MI,"Documents - Structured Data Capture (Survey, Application Forms)",Cross Subject - Document,DOCUMENT; DOCUMENT_TYPE; SURVEY; APPLICATION
Marketing and Customer Experience,Reporting & Continuous Improvement,Attrition Root Cause Analysis MI,Text Data,Cross Subject - Document,DOCUMENT; TEXT_CONTENT; DIGITAL_CONTENT
Marketing and Customer Experience,Reporting & Continuous Improvement,Attrition Root Cause Analysis MI,Customer Research - Primary & Secondary,Cross Subject - Survey,SURVEY; SURVEY_QUESTION_RESPONSE; PARTY_SURVEY_RESPONSE
Marketing and Customer Experience,Reporting & Continuous Improvement,Attrition Root Cause Analysis MI,Voice Recording,Cross Subject - Multi-media object,DIGITAL_CONTENT; CALL_RECORDING; DIRECT_CONTACT_EVENT
Marketing and Customer Experience,Reporting & Continuous Improvement,Attrition Root Cause Analysis MI,Business Process Definition,Not Covered,EVENT; PROCESS_EVENT
Risk Management & Regulation,Risk Insight,Application and New Business Written,Single Customer View (Master Record),Party,PARTY; INDIVIDUAL; ORGANIZATION; HOUSEHOLD; PARTY_RELATIONSHIP; PARTY_IDENTIFICATION
Risk Management & Regulation,Risk Insight,Application and New Business Written,KYC Data,Party,PARTY_IDENTIFICATION; PARTY_CLASSIFICATION; PARTY_IDENTITY_DOCUMENT; PARTY_COMPLIANCE_VERIFICATION
Risk Management & Regulation,Risk Insight,Application and New Business Written,Customer Demographics,Party,INDIVIDUAL; PARTY_DEMOGRAPHIC; PARTY_CLASSIFICATION; PARTY_PREFERENCE
Risk Management & Regulation,Risk Insight,Application and New Business Written,Customer Attitudinal Data,Party,PARTY_PREFERENCE; PARTY_CLASSIFICATION; PARTY_SURVEY_RESPONSE
Risk Management & Regulation,Risk Insight,Application and New Business Written,Customer Segments,Party,PARTY_CLASSIFICATION; PARTY_SEGMENT; PARTY_CLASSIFICATION_VALUE
Risk Management & Regulation,Risk Insight,Application and New Business Written,Customer Contact Preferences,Party,PARTY_PREFERENCE; PARTY_CONTACT_POINT; ELECTRONIC_ADDRESS; POSTAL_ADDRESS
Risk Management & Regulation,Risk Insight,Application and New Business Written,Customer Marketing Preferences,Party,PARTY_PREFERENCE; PARTY_MARKETING_PREFERENCE; PARTY_CONSENT
Risk Management & Regulation,Risk Insight,Application and New Business Written,Customer Satisfaction Measurement (E.g. NPS),Party,PARTY_SURVEY_RESPONSE; SURVEY; SURVEY_QUESTION_RESPONSE
Risk Management & Regulation,Risk Insight,Application and New Business Written,External Prospect Data / Lists,Party,PARTY; PROSPECT; PARTY_LIST; PARTY_LIST_MEMBERSHIP
Risk Management & Regulation,Risk Insight,Application and New Business Written,External Data - Bureau data,Party,PARTY_CREDIT_BUREAU_REPORT; CREDIT_BUREAU_SCORE; PARTY_EXTERNAL_RATING
Risk Management & Regulation,Risk Insight,Application and New Business Written,External Data - Credit Rating,Party,PARTY_EXTERNAL_RATING; PARTY_LIABILITY_CREDIT_RATING; CREDIT_BUREAU_SCORE
Risk Management & Regulation,Risk Insight,Application and New Business Written,Master & Reference Data - staff / colleague,Party,INDIVIDUAL; ASSOCIATE; ASSOCIATE_ASSIGNMENT; INTERNAL_ORGANIZATION_UNIT
Risk Management & Regulation,Risk Insight,Application and New Business Written,"Sales and Performance Forecasts, Targets & KPIs",Party,PERFORMANCE_METRIC; PERFORMANCE_TARGET; ORGANIZATION_PERFORMANCE
Risk Management & Regulation,Risk Insight,Application and New Business Written,Customer Core Contact Details,Location,PARTY_CONTACT_POINT; ELECTRONIC_ADDRESS; POSTAL_ADDRESS; TELEPHONE_NUMBER
Risk Management & Regulation,Risk Insight,Application and New Business Written,Master & Reference Data - geography / location,Location,GEOGRAPHICAL_AREA; GEOGRAPHICAL_UNIT; SITE; POSTAL_ADDRESS
Risk Management & Regulation,Risk Insight,Application and New Business Written,Master & Reference Data - product,Product,Not mapped
Risk Management & Regulation,Risk Insight,Application and New Business Written,Master & Reference Data - FTP rates,Product,INTEREST_RATE; INTEREST_RATE_INDEX; PRODUCT_INTEREST_RATE
Risk Management & Regulation,Risk Insight,Application and New Business Written,Master & Reference Data - exchange rates,Product,CURRENCY; CURRENCY_EXCHANGE_RATE; CURRENCY_PAIR
Risk Management & Regulation,Risk Insight,Application and New Business Written,"Product Revenue, Cost & Margin",Product,PRODUCT; PRODUCT_PRICING; PRODUCT_COST; AGREEMENT_SUMMARY
Risk Management & Regulation,Risk Insight,Application and New Business Written,Product NPV's,Product,PRODUCT; PRODUCT_VALUATION; AGREEMENT_SUMMARY
Risk Management & Regulation,Risk Insight,Application and New Business Written,External Data - market interest rates,Product,INTEREST_RATE_INDEX; INTEREST_RATE; MARKET_INDEX; MARKET_INDEX_VALUE
Risk Management & Regulation,Risk Insight,Application and New Business Written,"External Data - market prices (E.g. equities, bonds, commodities)",Product,MARKET_INDEX; MARKET_INDEX_VALUE; INVESTMENT_PRODUCT; INVESTMENT_PRODUCT_PRICE
Risk Management & Regulation,Risk Insight,Application and New Business Written,External Data - Competitor Product & Pricing,Party & Product,PRODUCT; MARKET_INDEX
Risk Management & Regulation,Risk Insight,Application and New Business Written,Account / Policy / Service Holdings,Agreement,AGREEMENT; PARTY_AGREEMENT_ROLE; AGREEMENT_PARTY_ROLE; AGREEMENT_RELATIONSHIP
Risk Management & Regulation,Risk Insight,Application and New Business Written,Account / Policy / Service Detail,Agreement,AGREEMENT; LOAN_TERM_AGREEMENT; DEPOSIT_AGREEMENT; INSURANCE_AGREEMENT; CREDIT_CARD_AGREEMENT
Risk Management & Regulation,Risk Insight,Application and New Business Written,Account Status (open closed active / domant /inactive / closure reason ),Agreement,AGREEMENT; AGREEMENT_STATUS; AGREEMENT_STATUS_HISTORY
Risk Management & Regulation,Risk Insight,Application and New Business Written,Account Terms & Conditions,Agreement,AGREEMENT; AGREEMENT_CONDITION; AGREEMENT_TERM
Risk Management & Regulation,Risk Insight,Application and New Business Written,"Application Data (New Customer, New Product)",Agreement,APPLICATION; APPLICATION_STATUS; APPLICATION_PARTY_ROLE
Risk Management & Regulation,Risk Insight,Application and New Business Written,Coverage (insurance),Agreement,INSURANCE_COVERAGE; INSURANCE_AGREEMENT; COVERAGE_TYPE
Risk Management & Regulation,Risk Insight,Application and New Business Written,Account Balances,Agreement,AGREEMENT_SUMMARY; BALANCE_SUMMARY; AGREEMENT_BALANCE
Risk Management & Regulation,Risk Insight,Application and New Business Written,Mark to market valuations,Agreement,INVESTMENT_PRODUCT_PRICE; MARKET_INDEX_VALUE; AGREEMENT_VALUATION
Risk Management & Regulation,Risk Insight,Application and New Business Written,Account Maturity Dates & Repricing Schedules,Agreement,AGREEMENT; AGREEMENT_TERM; AGREEMENT_REPRICING_SCHEDULE
Risk Management & Regulation,Risk Insight,Application and New Business Written,Customer Illustrations,Agreement,DOCUMENT; PARTY_DOCUMENT
Risk Management & Regulation,Risk Insight,Application and New Business Written,Customer Quotes,Agreement,APPLICATION; QUOTE; DOCUMENT
Risk Management & Regulation,Risk Insight,Application and New Business Written,Collateral Agreements,Agreement,COLLATERAL_AGREEMENT; COLLATERAL; COLLATERAL_VALUATION; PARTY_ASSET
Risk Management & Regulation,Risk Insight,Application and New Business Written,Risk Exposures,Agreement,AGREEMENT_RISK_METRIC; RISK_EXPOSURE; CREDIT_RISK_SUMMARY
Risk Management & Regulation,Risk Insight,Application and New Business Written,Account Limits,Cross Subject  -  Limits,AGREEMENT_LIMIT; LIMIT; PARTY_LIMIT
Risk Management & Regulation,Risk Insight,Application and New Business Written,Predictive Models - propensity to buy,Party or Agreement,ANALYTICAL_MODEL; MODEL_RUN; MODEL_SCORE; PARTY_MODEL_SCORE
Risk Management & Regulation,Risk Insight,Application and New Business Written,Predictive Models - price elasticity,Party or Agreement,ANALYTICAL_MODEL; MODEL_RUN; MODEL_SCORE
Risk Management & Regulation,Risk Insight,Application and New Business Written,Attribution Models - response,Party or Agreement,ANALYTICAL_MODEL; MODEL_RUN; CAMPAIGN_RESPONSE
Risk Management & Regulation,Risk Insight,Application and New Business Written,Lead Foodchain data,Party or Agreement,OPPORTUNITY; OPPORTUNITY_STATUS; OPPORTUNITY_PARTY_ROLE
Risk Management & Regulation,Risk Insight,Application and New Business Written,Predictive Models - risk,Party or Agreement,ANALYTICAL_MODEL; MODEL_RUN; MODEL_SCORE; PARTY_LIABILITY_CREDIT_RATING
Risk Management & Regulation,Risk Insight,Application and New Business Written,"Risk Segments, Cohorts & Groupings",Party or Agreement,PARTY_CLASSIFICATION; RISK_GRADE_VALUE; RISK_GRADE_SCHEME
Risk Management & Regulation,Risk Insight,Application and New Business Written,"Provisions, Losses & Writeoffs",Party or Agreement,AGREEMENT_RISK_METRIC; PROVISION; WRITE_OFF; LOSS_EVENT
Risk Management & Regulation,Risk Insight,Application and New Business Written,Offline Customer Interactions - Branch,Event,DIRECT_CONTACT_EVENT; BRANCH_VISIT_EVENT; CHANNEL_INSTANCE
Risk Management & Regulation,Risk Insight,Application and New Business Written,Offline Customer Interactions - Call Centre,Event,DIRECT_CONTACT_EVENT; CALL_EVENT; CHANNEL_INSTANCE
Risk Management & Regulation,Risk Insight,Application and New Business Written,Offline Customer Interactions - letters,Event,DIRECT_CONTACT_EVENT; CORRESPONDENCE_EVENT; DOCUMENT
Risk Management & Regulation,Risk Insight,Application and New Business Written,Offline Customer Interactions - sms text,Event,DIRECT_CONTACT_EVENT; SMS_EVENT; ELECTRONIC_ADDRESS
Risk Management & Regulation,Risk Insight,Application and New Business Written,Online Interactions -  webchat (internal & external),Event,WEB_VISIT; WEB_PAGE_VIEW; ONLINE_INTERACTION_EVENT
Risk Management & Regulation,Risk Insight,Application and New Business Written,Online Interactions customer digital banking site (web log),Event,WEB_VISIT; WEB_PAGE_VIEW; EXTENDED_SESSION_INFORMATION; ONLINE_APPLICATION_ACCESS
Risk Management & Regulation,Risk Insight,Application and New Business Written,Online Interactions customer general banking site,Event,WEB_VISIT; WEB_PAGE_VIEW; ONLINE_INTERACTION_EVENT
Risk Management & Regulation,Risk Insight,Application and New Business Written,Online Interactions email - customer & employee,Event,DIRECT_CONTACT_EVENT; EMAIL_EVENT; ELECTRONIC_ADDRESS
Risk Management & Regulation,Risk Insight,Application and New Business Written,Online Interactions mobile app,Event,WEB_VISIT; WEB_PAGE_VIEW; MOBILE_APP_EVENT; CHANNEL_INSTANCE
Risk Management & Regulation,Risk Insight,Application and New Business Written,Online Interactions off-site - ad server,Event,AD; AD_PLACEMENT; AD_IMPRESSION; AD_CAMPAIGN_OBJECTIVE
Risk Management & Regulation,Risk Insight,Application and New Business Written,"Case History (Fraud, Money Laundering, Complaint)",Event,CASE; CASE_EVENT; CASE_PARTY_ROLE; FRAUD_CASE
Risk Management & Regulation,Risk Insight,Application and New Business Written,Defaults & Limit Breaches,Event,AGREEMENT_STATUS; DEFAULT_EVENT; LIMIT_BREACH_EVENT; AGREEMENT_RISK_METRIC
Risk Management & Regulation,Risk Insight,Application and New Business Written,Closed Loop Outcomes / Channel Responses,Event,CAMPAIGN_RESPONSE; CAMPAIGN_OFFER_RESPONSE; DIRECT_CONTACT_EVENT
Risk Management & Regulation,Risk Insight,Application and New Business Written,Internal Process Activity Data,Event,EVENT; PROCESS_EVENT; OPERATIONAL_EVENT
Risk Management & Regulation,Risk Insight,Application and New Business Written,Physical Assets,Party Asset,PARTY_ASSET; FIXED_ASSET; REAL_PROPERTY
Risk Management & Regulation,Risk Insight,Application and New Business Written,Physical Asset Valuations,Party Asset,PARTY_ASSET_VALUATION; COLLATERAL_VALUATION; REAL_PROPERTY_VALUATION
Risk Management & Regulation,Risk Insight,Application and New Business Written,Master & Reference Data - organisation hierarchy,Internal Organisation,ORGANIZATION; INTERNAL_ORGANIZATION_UNIT; ORGANIZATION_UNIT_RELATIONSHIP; ORGANIZATION_BUSINESS_TYPE
Risk Management & Regulation,Risk Insight,Application and New Business Written,Master & Reference Data - Campaign,Campaign,CAMPAIGN; CAMPAIGN_TYPE; CAMPAIGN_STATUS; CAMPAIGN_WAVE
Risk Management & Regulation,Risk Insight,Application and New Business Written,"Model Metadata (E.g. defintion, assumptions, metrics)",Analytical Model,ANALYTICAL_MODEL; MODEL_RUN; MODEL_PARAMETER
Risk Management & Regulation,Risk Insight,Application and New Business Written,Risk Scenario & Stress Testing Results,Analytical Model,RISK_CALCULATION_SCENARIO; RISK_SCENARIO_RESULT; STRESS_TEST_RESULT
Risk Management & Regulation,Risk Insight,Application and New Business Written,Master & Reference Data - Risk Policy Rules,Cross Subject - Document,RISK_GRADE_SCHEME; RISK_GRADE_VALUE; RISK_POLICY; BUSINESS_RULE
Risk Management & Regulation,Risk Insight,Single Customer View from a Risk Perspective,Single Customer View (Master Record),Party,PARTY; INDIVIDUAL; ORGANIZATION; HOUSEHOLD; PARTY_RELATIONSHIP; PARTY_IDENTIFICATION
Risk Management & Regulation,Risk Insight,Single Customer View from a Risk Perspective,KYC Data,Party,PARTY_IDENTIFICATION; PARTY_CLASSIFICATION; PARTY_IDENTITY_DOCUMENT; PARTY_COMPLIANCE_VERIFICATION
Risk Management & Regulation,Risk Insight,Single Customer View from a Risk Perspective,Customer Demographics,Party,INDIVIDUAL; PARTY_DEMOGRAPHIC; PARTY_CLASSIFICATION; PARTY_PREFERENCE
Risk Management & Regulation,Risk Insight,Single Customer View from a Risk Perspective,Customer Segments,Party,PARTY_CLASSIFICATION; PARTY_SEGMENT; PARTY_CLASSIFICATION_VALUE
Risk Management & Regulation,Risk Insight,Single Customer View from a Risk Perspective,External Data - Bureau data,Party,PARTY_CREDIT_BUREAU_REPORT; CREDIT_BUREAU_SCORE; PARTY_EXTERNAL_RATING
Risk Management & Regulation,Risk Insight,Single Customer View from a Risk Perspective,External Data - Credit Rating,Party,PARTY_EXTERNAL_RATING; PARTY_LIABILITY_CREDIT_RATING; CREDIT_BUREAU_SCORE
Risk Management & Regulation,Risk Insight,Single Customer View from a Risk Perspective,Customer Core Contact Details,Location,PARTY_CONTACT_POINT; ELECTRONIC_ADDRESS; POSTAL_ADDRESS; TELEPHONE_NUMBER
Risk Management & Regulation,Risk Insight,Single Customer View from a Risk Perspective,Master & Reference Data - geography / location,Location,GEOGRAPHICAL_AREA; GEOGRAPHICAL_UNIT; SITE; POSTAL_ADDRESS
Risk Management & Regulation,Risk Insight,Single Customer View from a Risk Perspective,Master & Reference Data - product,Product,Not mapped
Risk Management & Regulation,Risk Insight,Single Customer View from a Risk Perspective,Master & Reference Data - exchange rates,Product,CURRENCY; CURRENCY_EXCHANGE_RATE; CURRENCY_PAIR
Risk Management & Regulation,Risk Insight,Single Customer View from a Risk Perspective,"External Data - market prices (E.g. equities, bonds, commodities)",Product,MARKET_INDEX; MARKET_INDEX_VALUE; INVESTMENT_PRODUCT; INVESTMENT_PRODUCT_PRICE
Risk Management & Regulation,Risk Insight,Single Customer View from a Risk Perspective,Account / Policy / Service Holdings,Agreement,AGREEMENT; PARTY_AGREEMENT_ROLE; AGREEMENT_PARTY_ROLE; AGREEMENT_RELATIONSHIP
Risk Management & Regulation,Risk Insight,Single Customer View from a Risk Perspective,Account / Policy / Service Detail,Agreement,AGREEMENT; LOAN_TERM_AGREEMENT; DEPOSIT_AGREEMENT; INSURANCE_AGREEMENT; CREDIT_CARD_AGREEMENT
Risk Management & Regulation,Risk Insight,Single Customer View from a Risk Perspective,Account Status (open closed active / domant /inactive / closure reason ),Agreement,AGREEMENT; AGREEMENT_STATUS; AGREEMENT_STATUS_HISTORY
Risk Management & Regulation,Risk Insight,Single Customer View from a Risk Perspective,Account Terms & Conditions,Agreement,AGREEMENT; AGREEMENT_CONDITION; AGREEMENT_TERM
Risk Management & Regulation,Risk Insight,Single Customer View from a Risk Perspective,Coverage (insurance),Agreement,INSURANCE_COVERAGE; INSURANCE_AGREEMENT; COVERAGE_TYPE
Risk Management & Regulation,Risk Insight,Single Customer View from a Risk Perspective,Account Balances,Agreement,AGREEMENT_SUMMARY; BALANCE_SUMMARY; AGREEMENT_BALANCE
Risk Management & Regulation,Risk Insight,Single Customer View from a Risk Perspective,Investment Value,Agreement,INVESTMENT_ACCOUNT; INVESTMENT_HOLDING; INVESTMENT_PRODUCT_PRICE
Risk Management & Regulation,Risk Insight,Single Customer View from a Risk Perspective,Market / Trading Book Positions,Agreement,TRADE_ORDER; TRADE_EXECUTION; TRADING_POSITION
Risk Management & Regulation,Risk Insight,Single Customer View from a Risk Perspective,Mark to market valuations,Agreement,INVESTMENT_PRODUCT_PRICE; MARKET_INDEX_VALUE; AGREEMENT_VALUATION
Risk Management & Regulation,Risk Insight,Single Customer View from a Risk Perspective,Account Maturity Dates & Repricing Schedules,Agreement,AGREEMENT; AGREEMENT_TERM; AGREEMENT_REPRICING_SCHEDULE
Risk Management & Regulation,Risk Insight,Single Customer View from a Risk Perspective,Collateral Agreements,Agreement,COLLATERAL_AGREEMENT; COLLATERAL; COLLATERAL_VALUATION; PARTY_ASSET
Risk Management & Regulation,Risk Insight,Single Customer View from a Risk Perspective,Risk Exposures,Agreement,AGREEMENT_RISK_METRIC; RISK_EXPOSURE; CREDIT_RISK_SUMMARY
Risk Management & Regulation,Risk Insight,Single Customer View from a Risk Perspective,Account Limits,Cross Subject  -  Limits,AGREEMENT_LIMIT; LIMIT; PARTY_LIMIT
Risk Management & Regulation,Risk Insight,Single Customer View from a Risk Perspective,"Risk Segments, Cohorts & Groupings",Party or Agreement,PARTY_CLASSIFICATION; RISK_GRADE_VALUE; RISK_GRADE_SCHEME
Risk Management & Regulation,Risk Insight,Single Customer View from a Risk Perspective,"Provisions, Losses & Writeoffs",Party or Agreement,AGREEMENT_RISK_METRIC; PROVISION; WRITE_OFF; LOSS_EVENT
Risk Management & Regulation,Risk Insight,Single Customer View from a Risk Perspective,"Case History (Fraud, Money Laundering, Complaint)",Event,CASE; CASE_EVENT; CASE_PARTY_ROLE; FRAUD_CASE
Risk Management & Regulation,Risk Insight,Single Customer View from a Risk Perspective,Claims,Event,CLAIM; CLAIM_STATUS; CLAIM_PARTY_ROLE; CLAIM_PAYMENT
Risk Management & Regulation,Risk Insight,Single Customer View from a Risk Perspective,Defaults & Limit Breaches,Event,AGREEMENT_STATUS; DEFAULT_EVENT; LIMIT_BREACH_EVENT; AGREEMENT_RISK_METRIC
Risk Management & Regulation,Risk Insight,Single Customer View from a Risk Perspective,Physical Assets,Party Asset,PARTY_ASSET; FIXED_ASSET; REAL_PROPERTY
Risk Management & Regulation,Risk Insight,Single Customer View from a Risk Perspective,Physical Asset Valuations,Party Asset,PARTY_ASSET_VALUATION; COLLATERAL_VALUATION; REAL_PROPERTY_VALUATION
Risk Management & Regulation,Risk Insight,Single Customer View from a Risk Perspective,Master & Reference Data - organisation hierarchy,Internal Organisation,ORGANIZATION; INTERNAL_ORGANIZATION_UNIT; ORGANIZATION_UNIT_RELATIONSHIP; ORGANIZATION_BUSINESS_TYPE
Risk Management & Regulation,Risk Insight,Single Customer View from a Risk Perspective,Master & Reference Data - Risk Policy Rules,Cross Subject - Document,RISK_GRADE_SCHEME; RISK_GRADE_VALUE; RISK_POLICY; BUSINESS_RULE
Risk Management & Regulation,Risk Insight,"Policy, Forensics and Underwriter Rules",Single Customer View (Master Record),Party,PARTY; INDIVIDUAL; ORGANIZATION; HOUSEHOLD; PARTY_RELATIONSHIP; PARTY_IDENTIFICATION
Risk Management & Regulation,Risk Insight,"Policy, Forensics and Underwriter Rules",KYC Data,Party,PARTY_IDENTIFICATION; PARTY_CLASSIFICATION; PARTY_IDENTITY_DOCUMENT; PARTY_COMPLIANCE_VERIFICATION
Risk Management & Regulation,Risk Insight,"Policy, Forensics and Underwriter Rules",Customer Demographics,Party,INDIVIDUAL; PARTY_DEMOGRAPHIC; PARTY_CLASSIFICATION; PARTY_PREFERENCE
Risk Management & Regulation,Risk Insight,"Policy, Forensics and Underwriter Rules",Customer Attitudinal Data,Party,PARTY_PREFERENCE; PARTY_CLASSIFICATION; PARTY_SURVEY_RESPONSE
Risk Management & Regulation,Risk Insight,"Policy, Forensics and Underwriter Rules",Customer Segments,Party,PARTY_CLASSIFICATION; PARTY_SEGMENT; PARTY_CLASSIFICATION_VALUE
Risk Management & Regulation,Risk Insight,"Policy, Forensics and Underwriter Rules",Legal Actions,Party,PARTY_LEGAL_ACTION; LEGAL_ACTION; PARTY_LITIGATION
Risk Management & Regulation,Risk Insight,"Policy, Forensics and Underwriter Rules",External Prospect Data / Lists,Party,PARTY; PROSPECT; PARTY_LIST; PARTY_LIST_MEMBERSHIP
Risk Management & Regulation,Risk Insight,"Policy, Forensics and Underwriter Rules",External Data - Social Media Data,Party,SOCIAL_MEDIA_ACCOUNT; SOCIAL_MEDIA_TRANSFER; SOCIAL_MEDIA_POST
Risk Management & Regulation,Risk Insight,"Policy, Forensics and Underwriter Rules",External Data - Bureau data,Party,PARTY_CREDIT_BUREAU_REPORT; CREDIT_BUREAU_SCORE; PARTY_EXTERNAL_RATING
Risk Management & Regulation,Risk Insight,"Policy, Forensics and Underwriter Rules",External Data - Credit Rating,Party,PARTY_EXTERNAL_RATING; PARTY_LIABILITY_CREDIT_RATING; CREDIT_BUREAU_SCORE
Risk Management & Regulation,Risk Insight,"Policy, Forensics and Underwriter Rules",Master & Reference Data - staff / colleague,Party,INDIVIDUAL; ASSOCIATE; ASSOCIATE_ASSIGNMENT; INTERNAL_ORGANIZATION_UNIT
Risk Management & Regulation,Risk Insight,"Policy, Forensics and Underwriter Rules",Customer Core Contact Details,Location,PARTY_CONTACT_POINT; ELECTRONIC_ADDRESS; POSTAL_ADDRESS; TELEPHONE_NUMBER
Risk Management & Regulation,Risk Insight,"Policy, Forensics and Underwriter Rules",Master & Reference Data - geography / location,Location,GEOGRAPHICAL_AREA; GEOGRAPHICAL_UNIT; SITE; POSTAL_ADDRESS
Risk Management & Regulation,Risk Insight,"Policy, Forensics and Underwriter Rules",Master & Reference Data - product,Product,Not mapped
Risk Management & Regulation,Risk Insight,"Policy, Forensics and Underwriter Rules",Master & Reference Data - exchange rates,Product,CURRENCY; CURRENCY_EXCHANGE_RATE; CURRENCY_PAIR
Risk Management & Regulation,Risk Insight,"Policy, Forensics and Underwriter Rules","External Data - market prices (E.g. equities, bonds, commodities)",Product,MARKET_INDEX; MARKET_INDEX_VALUE; INVESTMENT_PRODUCT; INVESTMENT_PRODUCT_PRICE
Risk Management & Regulation,Risk Insight,"Policy, Forensics and Underwriter Rules",Account / Policy / Service Holdings,Agreement,AGREEMENT; PARTY_AGREEMENT_ROLE; AGREEMENT_PARTY_ROLE; AGREEMENT_RELATIONSHIP
Risk Management & Regulation,Risk Insight,"Policy, Forensics and Underwriter Rules",Account / Policy / Service Detail,Agreement,AGREEMENT; LOAN_TERM_AGREEMENT; DEPOSIT_AGREEMENT; INSURANCE_AGREEMENT; CREDIT_CARD_AGREEMENT
Risk Management & Regulation,Risk Insight,"Policy, Forensics and Underwriter Rules",Account Status (open closed active / domant /inactive / closure reason ),Agreement,AGREEMENT; AGREEMENT_STATUS; AGREEMENT_STATUS_HISTORY
Risk Management & Regulation,Risk Insight,"Policy, Forensics and Underwriter Rules",Account Terms & Conditions,Agreement,AGREEMENT; AGREEMENT_CONDITION; AGREEMENT_TERM
Risk Management & Regulation,Risk Insight,"Policy, Forensics and Underwriter Rules",Account Feature Usage,Agreement,AGREEMENT_FEATURE; FEATURE; DESCRIPTIVE_FEATURE
Risk Management & Regulation,Risk Insight,"Policy, Forensics and Underwriter Rules","Application Data (New Customer, New Product)",Agreement,APPLICATION; APPLICATION_STATUS; APPLICATION_PARTY_ROLE
Risk Management & Regulation,Risk Insight,"Policy, Forensics and Underwriter Rules",Coverage (insurance),Agreement,INSURANCE_COVERAGE; INSURANCE_AGREEMENT; COVERAGE_TYPE
Risk Management & Regulation,Risk Insight,"Policy, Forensics and Underwriter Rules",Account Balances,Agreement,AGREEMENT_SUMMARY; BALANCE_SUMMARY; AGREEMENT_BALANCE
Risk Management & Regulation,Risk Insight,"Policy, Forensics and Underwriter Rules",Investment Value,Agreement,INVESTMENT_ACCOUNT; INVESTMENT_HOLDING; INVESTMENT_PRODUCT_PRICE
Risk Management & Regulation,Risk Insight,"Policy, Forensics and Underwriter Rules",Market / Trading Book Positions,Agreement,TRADE_ORDER; TRADE_EXECUTION; TRADING_POSITION
Risk Management & Regulation,Risk Insight,"Policy, Forensics and Underwriter Rules",Mark to market valuations,Agreement,INVESTMENT_PRODUCT_PRICE; MARKET_INDEX_VALUE; AGREEMENT_VALUATION
Risk Management & Regulation,Risk Insight,"Policy, Forensics and Underwriter Rules",Account Maturity Dates & Repricing Schedules,Agreement,AGREEMENT; AGREEMENT_TERM; AGREEMENT_REPRICING_SCHEDULE
Risk Management & Regulation,Risk Insight,"Policy, Forensics and Underwriter Rules",Account Repayment Schedules,Agreement,AGREEMENT_REPAYMENT_SCHEDULE; LOAN_TERM_AGREEMENT
Risk Management & Regulation,Risk Insight,"Policy, Forensics and Underwriter Rules",Risk Exposures,Agreement,AGREEMENT_RISK_METRIC; RISK_EXPOSURE; CREDIT_RISK_SUMMARY
Risk Management & Regulation,Risk Insight,"Policy, Forensics and Underwriter Rules",Account Limits,Cross Subject  -  Limits,AGREEMENT_LIMIT; LIMIT; PARTY_LIMIT
Risk Management & Regulation,Risk Insight,"Policy, Forensics and Underwriter Rules",Predictive Models - risk,Party or Agreement,ANALYTICAL_MODEL; MODEL_RUN; MODEL_SCORE; PARTY_LIABILITY_CREDIT_RATING
Risk Management & Regulation,Risk Insight,"Policy, Forensics and Underwriter Rules","Risk Segments, Cohorts & Groupings",Party or Agreement,PARTY_CLASSIFICATION; RISK_GRADE_VALUE; RISK_GRADE_SCHEME
Risk Management & Regulation,Risk Insight,"Policy, Forensics and Underwriter Rules","Provisions, Losses & Writeoffs",Party or Agreement,AGREEMENT_RISK_METRIC; PROVISION; WRITE_OFF; LOSS_EVENT
Risk Management & Regulation,Risk Insight,"Policy, Forensics and Underwriter Rules",Financial Transactions,Event,MONETARY_TRANSACTION; TRANSACTION_TYPE; FINANCIAL_TRANSACTION; PAYMENT
Risk Management & Regulation,Risk Insight,"Policy, Forensics and Underwriter Rules",Offline Customer Interactions - Branch,Event,DIRECT_CONTACT_EVENT; BRANCH_VISIT_EVENT; CHANNEL_INSTANCE
Risk Management & Regulation,Risk Insight,"Policy, Forensics and Underwriter Rules",Offline Customer Interactions - Call Centre,Event,DIRECT_CONTACT_EVENT; CALL_EVENT; CHANNEL_INSTANCE
Risk Management & Regulation,Risk Insight,"Policy, Forensics and Underwriter Rules",Offline Customer Interactions - letters,Event,DIRECT_CONTACT_EVENT; CORRESPONDENCE_EVENT; DOCUMENT
Risk Management & Regulation,Risk Insight,"Policy, Forensics and Underwriter Rules",Offline Customer Interactions - sms text,Event,DIRECT_CONTACT_EVENT; SMS_EVENT; ELECTRONIC_ADDRESS
Risk Management & Regulation,Risk Insight,"Policy, Forensics and Underwriter Rules",Online Interactions -  webchat (internal & external),Event,WEB_VISIT; WEB_PAGE_VIEW; ONLINE_INTERACTION_EVENT
Risk Management & Regulation,Risk Insight,"Policy, Forensics and Underwriter Rules",Online Interactions colleague intranet,Event,WEB_VISIT; WEB_PAGE_VIEW
Risk Management & Regulation,Risk Insight,"Policy, Forensics and Underwriter Rules",Online Interactions customer digital banking site (web log),Event,WEB_VISIT; WEB_PAGE_VIEW; EXTENDED_SESSION_INFORMATION; ONLINE_APPLICATION_ACCESS
Risk Management & Regulation,Risk Insight,"Policy, Forensics and Underwriter Rules",Online Interactions customer general banking site,Event,WEB_VISIT; WEB_PAGE_VIEW; ONLINE_INTERACTION_EVENT
Risk Management & Regulation,Risk Insight,"Policy, Forensics and Underwriter Rules",Online Interactions email - customer & employee,Event,DIRECT_CONTACT_EVENT; EMAIL_EVENT; ELECTRONIC_ADDRESS
Risk Management & Regulation,Risk Insight,"Policy, Forensics and Underwriter Rules",Online Interactions mobile app,Event,WEB_VISIT; WEB_PAGE_VIEW; MOBILE_APP_EVENT; CHANNEL_INSTANCE
Risk Management & Regulation,Risk Insight,"Policy, Forensics and Underwriter Rules",Online Interactions off-site - ad server,Event,AD; AD_PLACEMENT; AD_IMPRESSION; AD_CAMPAIGN_OBJECTIVE
Risk Management & Regulation,Risk Insight,"Policy, Forensics and Underwriter Rules",Online Interactions prospect / unidentified customer (web log),Event,WEB_VISIT; WEB_PAGE_VIEW; VISITOR_INTERACTION_EVENT
Risk Management & Regulation,Risk Insight,"Policy, Forensics and Underwriter Rules","Case History (Fraud, Money Laundering, Complaint)",Event,CASE; CASE_EVENT; CASE_PARTY_ROLE; FRAUD_CASE
Risk Management & Regulation,Risk Insight,"Policy, Forensics and Underwriter Rules",Claims,Event,CLAIM; CLAIM_STATUS; CLAIM_PARTY_ROLE; CLAIM_PAYMENT
Risk Management & Regulation,Risk Insight,"Policy, Forensics and Underwriter Rules",Defaults & Limit Breaches,Event,AGREEMENT_STATUS; DEFAULT_EVENT; LIMIT_BREACH_EVENT; AGREEMENT_RISK_METRIC
Risk Management & Regulation,Risk Insight,"Policy, Forensics and Underwriter Rules",Closed Loop Outcomes / Channel Responses,Event,CAMPAIGN_RESPONSE; CAMPAIGN_OFFER_RESPONSE; DIRECT_CONTACT_EVENT
Risk Management & Regulation,Risk Insight,"Policy, Forensics and Underwriter Rules",Internal Process Activity Data,Event,EVENT; PROCESS_EVENT; OPERATIONAL_EVENT
Risk Management & Regulation,Risk Insight,"Policy, Forensics and Underwriter Rules",Customer interview / fact find,Event or Cross Subject - Document,DOCUMENT; SURVEY; SURVEY_QUESTION_RESPONSE; PARTY_DOCUMENT
Risk Management & Regulation,Risk Insight,"Policy, Forensics and Underwriter Rules",Physical Assets,Party Asset,PARTY_ASSET; FIXED_ASSET; REAL_PROPERTY
Risk Management & Regulation,Risk Insight,"Policy, Forensics and Underwriter Rules",Physical Asset Valuations,Party Asset,PARTY_ASSET_VALUATION; COLLATERAL_VALUATION; REAL_PROPERTY_VALUATION
Risk Management & Regulation,Risk Insight,"Policy, Forensics and Underwriter Rules",Master & Reference Data - organisation hierarchy,Internal Organisation,ORGANIZATION; INTERNAL_ORGANIZATION_UNIT; ORGANIZATION_UNIT_RELATIONSHIP; ORGANIZATION_BUSINESS_TYPE
Risk Management & Regulation,Risk Insight,"Policy, Forensics and Underwriter Rules",Master & Reference Data - Campaign,Campaign,CAMPAIGN; CAMPAIGN_TYPE; CAMPAIGN_STATUS; CAMPAIGN_WAVE
Risk Management & Regulation,Risk Insight,"Policy, Forensics and Underwriter Rules","Model Metadata (E.g. defintion, assumptions, metrics)",Analytical Model,ANALYTICAL_MODEL; MODEL_RUN; MODEL_PARAMETER
Risk Management & Regulation,Risk Insight,"Policy, Forensics and Underwriter Rules",Risk Scenario & Stress Testing Results,Analytical Model,RISK_CALCULATION_SCENARIO; RISK_SCENARIO_RESULT; STRESS_TEST_RESULT
Risk Management & Regulation,Risk Insight,"Policy, Forensics and Underwriter Rules","Documents - Structured Data Capture (Survey, Application Forms)",Cross Subject - Document,DOCUMENT; DOCUMENT_TYPE; SURVEY; APPLICATION
Risk Management & Regulation,Risk Insight,"Policy, Forensics and Underwriter Rules",Text Data,Cross Subject - Document,DOCUMENT; TEXT_CONTENT; DIGITAL_CONTENT
Risk Management & Regulation,Risk Insight,"Policy, Forensics and Underwriter Rules",Master & Reference Data - Risk Policy Rules,Cross Subject - Document,RISK_GRADE_SCHEME; RISK_GRADE_VALUE; RISK_POLICY; BUSINESS_RULE
Risk Management & Regulation,Risk Insight,"Policy, Forensics and Underwriter Rules",External Data - Fraud Watch Lists,Cross Subject - Watch List,WATCH_LIST; WATCH_LIST_ENTRY; PARTY_WATCH_LIST_CHECK
Risk Management & Regulation,Risk Insight,"Policy, Forensics and Underwriter Rules",Compliance Approvals,Cross Subject,COMPLIANCE_EVENT; APPROVAL; PARTY_COMPLIANCE_VERIFICATION
Risk Management & Regulation,Risk Insight,"Policy, Forensics and Underwriter Rules",Business Process Definition,Not Covered,EVENT; PROCESS_EVENT
Risk Management & Regulation,Risk Insight,"Can’t Pay, Won’t Pay and Collusion",Single Customer View (Master Record),Party,PARTY; INDIVIDUAL; ORGANIZATION; HOUSEHOLD; PARTY_RELATIONSHIP; PARTY_IDENTIFICATION
Risk Management & Regulation,Risk Insight,"Can’t Pay, Won’t Pay and Collusion",KYC Data,Party,PARTY_IDENTIFICATION; PARTY_CLASSIFICATION; PARTY_IDENTITY_DOCUMENT; PARTY_COMPLIANCE_VERIFICATION
Risk Management & Regulation,Risk Insight,"Can’t Pay, Won’t Pay and Collusion",Customer Demographics,Party,INDIVIDUAL; PARTY_DEMOGRAPHIC; PARTY_CLASSIFICATION; PARTY_PREFERENCE
Risk Management & Regulation,Risk Insight,"Can’t Pay, Won’t Pay and Collusion",Customer Attitudinal Data,Party,PARTY_PREFERENCE; PARTY_CLASSIFICATION; PARTY_SURVEY_RESPONSE
Risk Management & Regulation,Risk Insight,"Can’t Pay, Won’t Pay and Collusion",Customer Segments,Party,PARTY_CLASSIFICATION; PARTY_SEGMENT; PARTY_CLASSIFICATION_VALUE
Risk Management & Regulation,Risk Insight,"Can’t Pay, Won’t Pay and Collusion",Legal Actions,Party,PARTY_LEGAL_ACTION; LEGAL_ACTION; PARTY_LITIGATION
Risk Management & Regulation,Risk Insight,"Can’t Pay, Won’t Pay and Collusion",External Prospect Data / Lists,Party,PARTY; PROSPECT; PARTY_LIST; PARTY_LIST_MEMBERSHIP
Risk Management & Regulation,Risk Insight,"Can’t Pay, Won’t Pay and Collusion",External Data - Social Media Data,Party,SOCIAL_MEDIA_ACCOUNT; SOCIAL_MEDIA_TRANSFER; SOCIAL_MEDIA_POST
Risk Management & Regulation,Risk Insight,"Can’t Pay, Won’t Pay and Collusion",External Data - Bureau data,Party,PARTY_CREDIT_BUREAU_REPORT; CREDIT_BUREAU_SCORE; PARTY_EXTERNAL_RATING
Risk Management & Regulation,Risk Insight,"Can’t Pay, Won’t Pay and Collusion",External Data - Credit Rating,Party,PARTY_EXTERNAL_RATING; PARTY_LIABILITY_CREDIT_RATING; CREDIT_BUREAU_SCORE
Risk Management & Regulation,Risk Insight,"Can’t Pay, Won’t Pay and Collusion",Master & Reference Data - staff / colleague,Party,INDIVIDUAL; ASSOCIATE; ASSOCIATE_ASSIGNMENT; INTERNAL_ORGANIZATION_UNIT
Risk Management & Regulation,Risk Insight,"Can’t Pay, Won’t Pay and Collusion",Customer Core Contact Details,Location,PARTY_CONTACT_POINT; ELECTRONIC_ADDRESS; POSTAL_ADDRESS; TELEPHONE_NUMBER
Risk Management & Regulation,Risk Insight,"Can’t Pay, Won’t Pay and Collusion",Master & Reference Data - geography / location,Location,GEOGRAPHICAL_AREA; GEOGRAPHICAL_UNIT; SITE; POSTAL_ADDRESS
Risk Management & Regulation,Risk Insight,"Can’t Pay, Won’t Pay and Collusion",Master & Reference Data - product,Product,Not mapped
Risk Management & Regulation,Risk Insight,"Can’t Pay, Won’t Pay and Collusion",Master & Reference Data - exchange rates,Product,CURRENCY; CURRENCY_EXCHANGE_RATE; CURRENCY_PAIR
Risk Management & Regulation,Risk Insight,"Can’t Pay, Won’t Pay and Collusion","External Data - market prices (E.g. equities, bonds, commodities)",Product,MARKET_INDEX; MARKET_INDEX_VALUE; INVESTMENT_PRODUCT; INVESTMENT_PRODUCT_PRICE
Risk Management & Regulation,Risk Insight,"Can’t Pay, Won’t Pay and Collusion",Account / Policy / Service Holdings,Agreement,AGREEMENT; PARTY_AGREEMENT_ROLE; AGREEMENT_PARTY_ROLE; AGREEMENT_RELATIONSHIP
Risk Management & Regulation,Risk Insight,"Can’t Pay, Won’t Pay and Collusion",Account / Policy / Service Detail,Agreement,AGREEMENT; LOAN_TERM_AGREEMENT; DEPOSIT_AGREEMENT; INSURANCE_AGREEMENT; CREDIT_CARD_AGREEMENT
Risk Management & Regulation,Risk Insight,"Can’t Pay, Won’t Pay and Collusion",Account Status (open closed active / domant /inactive / closure reason ),Agreement,AGREEMENT; AGREEMENT_STATUS; AGREEMENT_STATUS_HISTORY
Risk Management & Regulation,Risk Insight,"Can’t Pay, Won’t Pay and Collusion",Account Terms & Conditions,Agreement,AGREEMENT; AGREEMENT_CONDITION; AGREEMENT_TERM
Risk Management & Regulation,Risk Insight,"Can’t Pay, Won’t Pay and Collusion",Account Feature Usage,Agreement,AGREEMENT_FEATURE; FEATURE; DESCRIPTIVE_FEATURE
Risk Management & Regulation,Risk Insight,"Can’t Pay, Won’t Pay and Collusion","Application Data (New Customer, New Product)",Agreement,APPLICATION; APPLICATION_STATUS; APPLICATION_PARTY_ROLE
Risk Management & Regulation,Risk Insight,"Can’t Pay, Won’t Pay and Collusion",Coverage (insurance),Agreement,INSURANCE_COVERAGE; INSURANCE_AGREEMENT; COVERAGE_TYPE
Risk Management & Regulation,Risk Insight,"Can’t Pay, Won’t Pay and Collusion",Account Balances,Agreement,AGREEMENT_SUMMARY; BALANCE_SUMMARY; AGREEMENT_BALANCE
Risk Management & Regulation,Risk Insight,"Can’t Pay, Won’t Pay and Collusion",Investment Value,Agreement,INVESTMENT_ACCOUNT; INVESTMENT_HOLDING; INVESTMENT_PRODUCT_PRICE
Risk Management & Regulation,Risk Insight,"Can’t Pay, Won’t Pay and Collusion",Market / Trading Book Positions,Agreement,TRADE_ORDER; TRADE_EXECUTION; TRADING_POSITION
Risk Management & Regulation,Risk Insight,"Can’t Pay, Won’t Pay and Collusion",Mark to market valuations,Agreement,INVESTMENT_PRODUCT_PRICE; MARKET_INDEX_VALUE; AGREEMENT_VALUATION
Risk Management & Regulation,Risk Insight,"Can’t Pay, Won’t Pay and Collusion",Account Maturity Dates & Repricing Schedules,Agreement,AGREEMENT; AGREEMENT_TERM; AGREEMENT_REPRICING_SCHEDULE
Risk Management & Regulation,Risk Insight,"Can’t Pay, Won’t Pay and Collusion",Account Repayment Schedules,Agreement,AGREEMENT_REPAYMENT_SCHEDULE; LOAN_TERM_AGREEMENT
Risk Management & Regulation,Risk Insight,"Can’t Pay, Won’t Pay and Collusion",Risk Exposures,Agreement,AGREEMENT_RISK_METRIC; RISK_EXPOSURE; CREDIT_RISK_SUMMARY
Risk Management & Regulation,Risk Insight,"Can’t Pay, Won’t Pay and Collusion",Account Limits,Cross Subject  -  Limits,AGREEMENT_LIMIT; LIMIT; PARTY_LIMIT
Risk Management & Regulation,Risk Insight,"Can’t Pay, Won’t Pay and Collusion",Predictive Models - risk,Party or Agreement,ANALYTICAL_MODEL; MODEL_RUN; MODEL_SCORE; PARTY_LIABILITY_CREDIT_RATING
Risk Management & Regulation,Risk Insight,"Can’t Pay, Won’t Pay and Collusion","Risk Segments, Cohorts & Groupings",Party or Agreement,PARTY_CLASSIFICATION; RISK_GRADE_VALUE; RISK_GRADE_SCHEME
Risk Management & Regulation,Risk Insight,"Can’t Pay, Won’t Pay and Collusion","Provisions, Losses & Writeoffs",Party or Agreement,AGREEMENT_RISK_METRIC; PROVISION; WRITE_OFF; LOSS_EVENT
Risk Management & Regulation,Risk Insight,"Can’t Pay, Won’t Pay and Collusion",Financial Transactions,Event,MONETARY_TRANSACTION; TRANSACTION_TYPE; FINANCIAL_TRANSACTION; PAYMENT
Risk Management & Regulation,Risk Insight,"Can’t Pay, Won’t Pay and Collusion",Offline Customer Interactions - Branch,Event,DIRECT_CONTACT_EVENT; BRANCH_VISIT_EVENT; CHANNEL_INSTANCE
Risk Management & Regulation,Risk Insight,"Can’t Pay, Won’t Pay and Collusion",Offline Customer Interactions - Call Centre,Event,DIRECT_CONTACT_EVENT; CALL_EVENT; CHANNEL_INSTANCE
Risk Management & Regulation,Risk Insight,"Can’t Pay, Won’t Pay and Collusion",Offline Customer Interactions - letters,Event,DIRECT_CONTACT_EVENT; CORRESPONDENCE_EVENT; DOCUMENT
Risk Management & Regulation,Risk Insight,"Can’t Pay, Won’t Pay and Collusion",Offline Customer Interactions - sms text,Event,DIRECT_CONTACT_EVENT; SMS_EVENT; ELECTRONIC_ADDRESS
Risk Management & Regulation,Risk Insight,"Can’t Pay, Won’t Pay and Collusion",Online Interactions -  webchat (internal & external),Event,WEB_VISIT; WEB_PAGE_VIEW; ONLINE_INTERACTION_EVENT
Risk Management & Regulation,Risk Insight,"Can’t Pay, Won’t Pay and Collusion",Online Interactions colleague intranet,Event,WEB_VISIT; WEB_PAGE_VIEW
Risk Management & Regulation,Risk Insight,"Can’t Pay, Won’t Pay and Collusion",Online Interactions customer digital banking site (web log),Event,WEB_VISIT; WEB_PAGE_VIEW; EXTENDED_SESSION_INFORMATION; ONLINE_APPLICATION_ACCESS
Risk Management & Regulation,Risk Insight,"Can’t Pay, Won’t Pay and Collusion",Online Interactions customer general banking site,Event,WEB_VISIT; WEB_PAGE_VIEW; ONLINE_INTERACTION_EVENT
Risk Management & Regulation,Risk Insight,"Can’t Pay, Won’t Pay and Collusion",Online Interactions email - customer & employee,Event,DIRECT_CONTACT_EVENT; EMAIL_EVENT; ELECTRONIC_ADDRESS
Risk Management & Regulation,Risk Insight,"Can’t Pay, Won’t Pay and Collusion",Online Interactions mobile app,Event,WEB_VISIT; WEB_PAGE_VIEW; MOBILE_APP_EVENT; CHANNEL_INSTANCE
Risk Management & Regulation,Risk Insight,"Can’t Pay, Won’t Pay and Collusion",Online Interactions off-site - ad server,Event,AD; AD_PLACEMENT; AD_IMPRESSION; AD_CAMPAIGN_OBJECTIVE
Risk Management & Regulation,Risk Insight,"Can’t Pay, Won’t Pay and Collusion",Online Interactions prospect / unidentified customer (web log),Event,WEB_VISIT; WEB_PAGE_VIEW; VISITOR_INTERACTION_EVENT
Risk Management & Regulation,Risk Insight,"Can’t Pay, Won’t Pay and Collusion","Case History (Fraud, Money Laundering, Complaint)",Event,CASE; CASE_EVENT; CASE_PARTY_ROLE; FRAUD_CASE
Risk Management & Regulation,Risk Insight,"Can’t Pay, Won’t Pay and Collusion",Claims,Event,CLAIM; CLAIM_STATUS; CLAIM_PARTY_ROLE; CLAIM_PAYMENT
Risk Management & Regulation,Risk Insight,"Can’t Pay, Won’t Pay and Collusion",Defaults & Limit Breaches,Event,AGREEMENT_STATUS; DEFAULT_EVENT; LIMIT_BREACH_EVENT; AGREEMENT_RISK_METRIC
Risk Management & Regulation,Risk Insight,"Can’t Pay, Won’t Pay and Collusion",Closed Loop Outcomes / Channel Responses,Event,CAMPAIGN_RESPONSE; CAMPAIGN_OFFER_RESPONSE; DIRECT_CONTACT_EVENT
Risk Management & Regulation,Risk Insight,"Can’t Pay, Won’t Pay and Collusion",Internal Process Activity Data,Event,EVENT; PROCESS_EVENT; OPERATIONAL_EVENT
Risk Management & Regulation,Risk Insight,"Can’t Pay, Won’t Pay and Collusion",Customer interview / fact find,Event or Cross Subject - Document,DOCUMENT; SURVEY; SURVEY_QUESTION_RESPONSE; PARTY_DOCUMENT
Risk Management & Regulation,Risk Insight,"Can’t Pay, Won’t Pay and Collusion",Physical Assets,Party Asset,PARTY_ASSET; FIXED_ASSET; REAL_PROPERTY
Risk Management & Regulation,Risk Insight,"Can’t Pay, Won’t Pay and Collusion",Physical Asset Valuations,Party Asset,PARTY_ASSET_VALUATION; COLLATERAL_VALUATION; REAL_PROPERTY_VALUATION
Risk Management & Regulation,Risk Insight,"Can’t Pay, Won’t Pay and Collusion",Master & Reference Data - organisation hierarchy,Internal Organisation,ORGANIZATION; INTERNAL_ORGANIZATION_UNIT; ORGANIZATION_UNIT_RELATIONSHIP; ORGANIZATION_BUSINESS_TYPE
Risk Management & Regulation,Risk Insight,"Can’t Pay, Won’t Pay and Collusion",Master & Reference Data - Campaign,Campaign,CAMPAIGN; CAMPAIGN_TYPE; CAMPAIGN_STATUS; CAMPAIGN_WAVE
Risk Management & Regulation,Risk Insight,"Can’t Pay, Won’t Pay and Collusion","Model Metadata (E.g. defintion, assumptions, metrics)",Analytical Model,ANALYTICAL_MODEL; MODEL_RUN; MODEL_PARAMETER
Risk Management & Regulation,Risk Insight,"Can’t Pay, Won’t Pay and Collusion",Risk Scenario & Stress Testing Results,Analytical Model,RISK_CALCULATION_SCENARIO; RISK_SCENARIO_RESULT; STRESS_TEST_RESULT
Risk Management & Regulation,Risk Insight,"Can’t Pay, Won’t Pay and Collusion","Documents - Structured Data Capture (Survey, Application Forms)",Cross Subject - Document,DOCUMENT; DOCUMENT_TYPE; SURVEY; APPLICATION
Risk Management & Regulation,Risk Insight,"Can’t Pay, Won’t Pay and Collusion",Text Data,Cross Subject - Document,DOCUMENT; TEXT_CONTENT; DIGITAL_CONTENT
Risk Management & Regulation,Risk Insight,"Can’t Pay, Won’t Pay and Collusion",Master & Reference Data - Risk Policy Rules,Cross Subject - Document,RISK_GRADE_SCHEME; RISK_GRADE_VALUE; RISK_POLICY; BUSINESS_RULE
Risk Management & Regulation,Risk Insight,"Can’t Pay, Won’t Pay and Collusion",External Data - Fraud Watch Lists,Cross Subject - Watch List,WATCH_LIST; WATCH_LIST_ENTRY; PARTY_WATCH_LIST_CHECK
Risk Management & Regulation,Risk Insight,"Can’t Pay, Won’t Pay and Collusion",Compliance Approvals,Cross Subject,COMPLIANCE_EVENT; APPROVAL; PARTY_COMPLIANCE_VERIFICATION
Risk Management & Regulation,Risk Insight,"Can’t Pay, Won’t Pay and Collusion",Business Process Definition,Not Covered,EVENT; PROCESS_EVENT
Risk Management & Regulation,Risk Insight,Roll and Rehabilitation Rates,Single Customer View (Master Record),Party,PARTY; INDIVIDUAL; ORGANIZATION; HOUSEHOLD; PARTY_RELATIONSHIP; PARTY_IDENTIFICATION
Risk Management & Regulation,Risk Insight,Roll and Rehabilitation Rates,Customer Demographics,Party,INDIVIDUAL; PARTY_DEMOGRAPHIC; PARTY_CLASSIFICATION; PARTY_PREFERENCE
Risk Management & Regulation,Risk Insight,Roll and Rehabilitation Rates,Customer Segments,Party,PARTY_CLASSIFICATION; PARTY_SEGMENT; PARTY_CLASSIFICATION_VALUE
Risk Management & Regulation,Risk Insight,Roll and Rehabilitation Rates,External Data - Bureau data,Party,PARTY_CREDIT_BUREAU_REPORT; CREDIT_BUREAU_SCORE; PARTY_EXTERNAL_RATING
Risk Management & Regulation,Risk Insight,Roll and Rehabilitation Rates,External Data - Credit Rating,Party,PARTY_EXTERNAL_RATING; PARTY_LIABILITY_CREDIT_RATING; CREDIT_BUREAU_SCORE
Risk Management & Regulation,Risk Insight,Roll and Rehabilitation Rates,Master & Reference Data - geography / location,Location,GEOGRAPHICAL_AREA; GEOGRAPHICAL_UNIT; SITE; POSTAL_ADDRESS
Risk Management & Regulation,Risk Insight,Roll and Rehabilitation Rates,Master & Reference Data - product,Product,Not mapped
Risk Management & Regulation,Risk Insight,Roll and Rehabilitation Rates,Master & Reference Data - exchange rates,Product,CURRENCY; CURRENCY_EXCHANGE_RATE; CURRENCY_PAIR
Risk Management & Regulation,Risk Insight,Roll and Rehabilitation Rates,"External Data - market prices (E.g. equities, bonds, commodities)",Product,MARKET_INDEX; MARKET_INDEX_VALUE; INVESTMENT_PRODUCT; INVESTMENT_PRODUCT_PRICE
Risk Management & Regulation,Risk Insight,Roll and Rehabilitation Rates,Account / Policy / Service Holdings,Agreement,AGREEMENT; PARTY_AGREEMENT_ROLE; AGREEMENT_PARTY_ROLE; AGREEMENT_RELATIONSHIP
Risk Management & Regulation,Risk Insight,Roll and Rehabilitation Rates,Account / Policy / Service Detail,Agreement,AGREEMENT; LOAN_TERM_AGREEMENT; DEPOSIT_AGREEMENT; INSURANCE_AGREEMENT; CREDIT_CARD_AGREEMENT
Risk Management & Regulation,Risk Insight,Roll and Rehabilitation Rates,Account Status (open closed active / domant /inactive / closure reason ),Agreement,AGREEMENT; AGREEMENT_STATUS; AGREEMENT_STATUS_HISTORY
Risk Management & Regulation,Risk Insight,Roll and Rehabilitation Rates,Account Terms & Conditions,Agreement,AGREEMENT; AGREEMENT_CONDITION; AGREEMENT_TERM
Risk Management & Regulation,Risk Insight,Roll and Rehabilitation Rates,Account Balances,Agreement,AGREEMENT_SUMMARY; BALANCE_SUMMARY; AGREEMENT_BALANCE
Risk Management & Regulation,Risk Insight,Roll and Rehabilitation Rates,Account Maturity Dates & Repricing Schedules,Agreement,AGREEMENT; AGREEMENT_TERM; AGREEMENT_REPRICING_SCHEDULE
Risk Management & Regulation,Risk Insight,Roll and Rehabilitation Rates,Account Repayment Schedules,Agreement,AGREEMENT_REPAYMENT_SCHEDULE; LOAN_TERM_AGREEMENT
Risk Management & Regulation,Risk Insight,Roll and Rehabilitation Rates,Risk Exposures,Agreement,AGREEMENT_RISK_METRIC; RISK_EXPOSURE; CREDIT_RISK_SUMMARY
Risk Management & Regulation,Risk Insight,Roll and Rehabilitation Rates,Account Limits,Cross Subject  -  Limits,AGREEMENT_LIMIT; LIMIT; PARTY_LIMIT
Risk Management & Regulation,Risk Insight,Roll and Rehabilitation Rates,Predictive Models - risk,Party or Agreement,ANALYTICAL_MODEL; MODEL_RUN; MODEL_SCORE; PARTY_LIABILITY_CREDIT_RATING
Risk Management & Regulation,Risk Insight,Roll and Rehabilitation Rates,"Risk Segments, Cohorts & Groupings",Party or Agreement,PARTY_CLASSIFICATION; RISK_GRADE_VALUE; RISK_GRADE_SCHEME
Risk Management & Regulation,Risk Insight,Roll and Rehabilitation Rates,"Provisions, Losses & Writeoffs",Party or Agreement,AGREEMENT_RISK_METRIC; PROVISION; WRITE_OFF; LOSS_EVENT
Risk Management & Regulation,Risk Insight,Roll and Rehabilitation Rates,Defaults & Limit Breaches,Event,AGREEMENT_STATUS; DEFAULT_EVENT; LIMIT_BREACH_EVENT; AGREEMENT_RISK_METRIC
Risk Management & Regulation,Risk Insight,Roll and Rehabilitation Rates,"Model Metadata (E.g. defintion, assumptions, metrics)",Analytical Model,ANALYTICAL_MODEL; MODEL_RUN; MODEL_PARAMETER
Risk Management & Regulation,Risk Insight,Roll and Rehabilitation Rates,Risk Scenario & Stress Testing Results,Analytical Model,RISK_CALCULATION_SCENARIO; RISK_SCENARIO_RESULT; STRESS_TEST_RESULT
Risk Management & Regulation,Risk Insight,Roll and Rehabilitation Rates,Master & Reference Data - Risk Policy Rules,Cross Subject - Document,RISK_GRADE_SCHEME; RISK_GRADE_VALUE; RISK_POLICY; BUSINESS_RULE
Risk Management & Regulation,Risk Insight,Capital Management (Planning and Allocation),Single Customer View (Master Record),Party,PARTY; INDIVIDUAL; ORGANIZATION; HOUSEHOLD; PARTY_RELATIONSHIP; PARTY_IDENTIFICATION
Risk Management & Regulation,Risk Insight,Capital Management (Planning and Allocation),Customer Demographics,Party,INDIVIDUAL; PARTY_DEMOGRAPHIC; PARTY_CLASSIFICATION; PARTY_PREFERENCE
Risk Management & Regulation,Risk Insight,Capital Management (Planning and Allocation),Customer Segments,Party,PARTY_CLASSIFICATION; PARTY_SEGMENT; PARTY_CLASSIFICATION_VALUE
Risk Management & Regulation,Risk Insight,Capital Management (Planning and Allocation),Legal Actions,Party,PARTY_LEGAL_ACTION; LEGAL_ACTION; PARTY_LITIGATION
Risk Management & Regulation,Risk Insight,Capital Management (Planning and Allocation),External Data - Bureau data,Party,PARTY_CREDIT_BUREAU_REPORT; CREDIT_BUREAU_SCORE; PARTY_EXTERNAL_RATING
Risk Management & Regulation,Risk Insight,Capital Management (Planning and Allocation),External Data - Credit Rating,Party,PARTY_EXTERNAL_RATING; PARTY_LIABILITY_CREDIT_RATING; CREDIT_BUREAU_SCORE
Risk Management & Regulation,Risk Insight,Capital Management (Planning and Allocation),Master & Reference Data - geography / location,Location,GEOGRAPHICAL_AREA; GEOGRAPHICAL_UNIT; SITE; POSTAL_ADDRESS
Risk Management & Regulation,Risk Insight,Capital Management (Planning and Allocation),Master & Reference Data - product,Product,Not mapped
Risk Management & Regulation,Risk Insight,Capital Management (Planning and Allocation),Master & Reference Data - exchange rates,Product,CURRENCY; CURRENCY_EXCHANGE_RATE; CURRENCY_PAIR
Risk Management & Regulation,Risk Insight,Capital Management (Planning and Allocation),"External Data - market prices (E.g. equities, bonds, commodities)",Product,MARKET_INDEX; MARKET_INDEX_VALUE; INVESTMENT_PRODUCT; INVESTMENT_PRODUCT_PRICE
Risk Management & Regulation,Risk Insight,Capital Management (Planning and Allocation),Account / Policy / Service Holdings,Agreement,AGREEMENT; PARTY_AGREEMENT_ROLE; AGREEMENT_PARTY_ROLE; AGREEMENT_RELATIONSHIP
Risk Management & Regulation,Risk Insight,Capital Management (Planning and Allocation),Account / Policy / Service Detail,Agreement,AGREEMENT; LOAN_TERM_AGREEMENT; DEPOSIT_AGREEMENT; INSURANCE_AGREEMENT; CREDIT_CARD_AGREEMENT
Risk Management & Regulation,Risk Insight,Capital Management (Planning and Allocation),Account Status (open closed active / domant /inactive / closure reason ),Agreement,AGREEMENT; AGREEMENT_STATUS; AGREEMENT_STATUS_HISTORY
Risk Management & Regulation,Risk Insight,Capital Management (Planning and Allocation),Account Terms & Conditions,Agreement,AGREEMENT; AGREEMENT_CONDITION; AGREEMENT_TERM
Risk Management & Regulation,Risk Insight,Capital Management (Planning and Allocation),Coverage (insurance),Agreement,INSURANCE_COVERAGE; INSURANCE_AGREEMENT; COVERAGE_TYPE
Risk Management & Regulation,Risk Insight,Capital Management (Planning and Allocation),Account Balances,Agreement,AGREEMENT_SUMMARY; BALANCE_SUMMARY; AGREEMENT_BALANCE
Risk Management & Regulation,Risk Insight,Capital Management (Planning and Allocation),Investment Value,Agreement,INVESTMENT_ACCOUNT; INVESTMENT_HOLDING; INVESTMENT_PRODUCT_PRICE
Risk Management & Regulation,Risk Insight,Capital Management (Planning and Allocation),Market / Trading Book Positions,Agreement,TRADE_ORDER; TRADE_EXECUTION; TRADING_POSITION
Risk Management & Regulation,Risk Insight,Capital Management (Planning and Allocation),Mark to market valuations,Agreement,INVESTMENT_PRODUCT_PRICE; MARKET_INDEX_VALUE; AGREEMENT_VALUATION
Risk Management & Regulation,Risk Insight,Capital Management (Planning and Allocation),Cashflow Projections,Agreement,AGREEMENT_CASHFLOW; CASHFLOW_SCHEDULE; AGREEMENT_SUMMARY
Risk Management & Regulation,Risk Insight,Capital Management (Planning and Allocation),Account Maturity Dates & Repricing Schedules,Agreement,AGREEMENT; AGREEMENT_TERM; AGREEMENT_REPRICING_SCHEDULE
Risk Management & Regulation,Risk Insight,Capital Management (Planning and Allocation),Account Repayment Schedules,Agreement,AGREEMENT_REPAYMENT_SCHEDULE; LOAN_TERM_AGREEMENT
Risk Management & Regulation,Risk Insight,Capital Management (Planning and Allocation),Collateral Agreements,Agreement,COLLATERAL_AGREEMENT; COLLATERAL; COLLATERAL_VALUATION; PARTY_ASSET
Risk Management & Regulation,Risk Insight,Capital Management (Planning and Allocation),Risk Exposures,Agreement,AGREEMENT_RISK_METRIC; RISK_EXPOSURE; CREDIT_RISK_SUMMARY
Risk Management & Regulation,Risk Insight,Capital Management (Planning and Allocation),Account Limits,Cross Subject  -  Limits,AGREEMENT_LIMIT; LIMIT; PARTY_LIMIT
Risk Management & Regulation,Risk Insight,Capital Management (Planning and Allocation),Predictive Models - risk,Party or Agreement,ANALYTICAL_MODEL; MODEL_RUN; MODEL_SCORE; PARTY_LIABILITY_CREDIT_RATING
Risk Management & Regulation,Risk Insight,Capital Management (Planning and Allocation),"Risk Segments, Cohorts & Groupings",Party or Agreement,PARTY_CLASSIFICATION; RISK_GRADE_VALUE; RISK_GRADE_SCHEME
Risk Management & Regulation,Risk Insight,Capital Management (Planning and Allocation),"Provisions, Losses & Writeoffs",Party or Agreement,AGREEMENT_RISK_METRIC; PROVISION; WRITE_OFF; LOSS_EVENT
Risk Management & Regulation,Risk Insight,Capital Management (Planning and Allocation),Claims,Event,CLAIM; CLAIM_STATUS; CLAIM_PARTY_ROLE; CLAIM_PAYMENT
Risk Management & Regulation,Risk Insight,Capital Management (Planning and Allocation),Defaults & Limit Breaches,Event,AGREEMENT_STATUS; DEFAULT_EVENT; LIMIT_BREACH_EVENT; AGREEMENT_RISK_METRIC
Risk Management & Regulation,Risk Insight,Capital Management (Planning and Allocation),Physical Assets,Party Asset,PARTY_ASSET; FIXED_ASSET; REAL_PROPERTY
Risk Management & Regulation,Risk Insight,Capital Management (Planning and Allocation),Physical Asset Valuations,Party Asset,PARTY_ASSET_VALUATION; COLLATERAL_VALUATION; REAL_PROPERTY_VALUATION
Risk Management & Regulation,Risk Insight,Capital Management (Planning and Allocation),Master & Reference Data - organisation hierarchy,Internal Organisation,ORGANIZATION; INTERNAL_ORGANIZATION_UNIT; ORGANIZATION_UNIT_RELATIONSHIP; ORGANIZATION_BUSINESS_TYPE
Risk Management & Regulation,Risk Insight,Capital Management (Planning and Allocation),"Model Metadata (E.g. defintion, assumptions, metrics)",Analytical Model,ANALYTICAL_MODEL; MODEL_RUN; MODEL_PARAMETER
Risk Management & Regulation,Risk Insight,Capital Management (Planning and Allocation),Risk Scenario & Stress Testing Results,Analytical Model,RISK_CALCULATION_SCENARIO; RISK_SCENARIO_RESULT; STRESS_TEST_RESULT
Risk Management & Regulation,Risk Insight,Capital Management (Planning and Allocation),Master & Reference Data - Risk Policy Rules,Cross Subject - Document,RISK_GRADE_SCHEME; RISK_GRADE_VALUE; RISK_POLICY; BUSINESS_RULE
Risk Management & Regulation,Risk Insight,Capital Consumption,Single Customer View (Master Record),Party,PARTY; INDIVIDUAL; ORGANIZATION; HOUSEHOLD; PARTY_RELATIONSHIP; PARTY_IDENTIFICATION
Risk Management & Regulation,Risk Insight,Capital Consumption,Customer Demographics,Party,INDIVIDUAL; PARTY_DEMOGRAPHIC; PARTY_CLASSIFICATION; PARTY_PREFERENCE
Risk Management & Regulation,Risk Insight,Capital Consumption,Customer Segments,Party,PARTY_CLASSIFICATION; PARTY_SEGMENT; PARTY_CLASSIFICATION_VALUE
Risk Management & Regulation,Risk Insight,Capital Consumption,External Data - Bureau data,Party,PARTY_CREDIT_BUREAU_REPORT; CREDIT_BUREAU_SCORE; PARTY_EXTERNAL_RATING
Risk Management & Regulation,Risk Insight,Capital Consumption,External Data - Credit Rating,Party,PARTY_EXTERNAL_RATING; PARTY_LIABILITY_CREDIT_RATING; CREDIT_BUREAU_SCORE
Risk Management & Regulation,Risk Insight,Capital Consumption,Master & Reference Data - geography / location,Location,GEOGRAPHICAL_AREA; GEOGRAPHICAL_UNIT; SITE; POSTAL_ADDRESS
Risk Management & Regulation,Risk Insight,Capital Consumption,Master & Reference Data - product,Product,Not mapped
Risk Management & Regulation,Risk Insight,Capital Consumption,Master & Reference Data - FTP rates,Product,INTEREST_RATE; INTEREST_RATE_INDEX; PRODUCT_INTEREST_RATE
Risk Management & Regulation,Risk Insight,Capital Consumption,Master & Reference Data - exchange rates,Product,CURRENCY; CURRENCY_EXCHANGE_RATE; CURRENCY_PAIR
Risk Management & Regulation,Risk Insight,Capital Consumption,External Data - market interest rates,Product,INTEREST_RATE_INDEX; INTEREST_RATE; MARKET_INDEX; MARKET_INDEX_VALUE
Risk Management & Regulation,Risk Insight,Capital Consumption,"External Data - market prices (E.g. equities, bonds, commodities)",Product,MARKET_INDEX; MARKET_INDEX_VALUE; INVESTMENT_PRODUCT; INVESTMENT_PRODUCT_PRICE
Risk Management & Regulation,Risk Insight,Capital Consumption,Account / Policy / Service Holdings,Agreement,AGREEMENT; PARTY_AGREEMENT_ROLE; AGREEMENT_PARTY_ROLE; AGREEMENT_RELATIONSHIP
Risk Management & Regulation,Risk Insight,Capital Consumption,Account / Policy / Service Detail,Agreement,AGREEMENT; LOAN_TERM_AGREEMENT; DEPOSIT_AGREEMENT; INSURANCE_AGREEMENT; CREDIT_CARD_AGREEMENT
Risk Management & Regulation,Risk Insight,Capital Consumption,Account Status (open closed active / domant /inactive / closure reason ),Agreement,AGREEMENT; AGREEMENT_STATUS; AGREEMENT_STATUS_HISTORY
Risk Management & Regulation,Risk Insight,Capital Consumption,Coverage (insurance),Agreement,INSURANCE_COVERAGE; INSURANCE_AGREEMENT; COVERAGE_TYPE
Risk Management & Regulation,Risk Insight,Capital Consumption,Account Balances,Agreement,AGREEMENT_SUMMARY; BALANCE_SUMMARY; AGREEMENT_BALANCE
Risk Management & Regulation,Risk Insight,Capital Consumption,Investment Value,Agreement,INVESTMENT_ACCOUNT; INVESTMENT_HOLDING; INVESTMENT_PRODUCT_PRICE
Risk Management & Regulation,Risk Insight,Capital Consumption,Market / Trading Book Positions,Agreement,TRADE_ORDER; TRADE_EXECUTION; TRADING_POSITION
Risk Management & Regulation,Risk Insight,Capital Consumption,Mark to market valuations,Agreement,INVESTMENT_PRODUCT_PRICE; MARKET_INDEX_VALUE; AGREEMENT_VALUATION
Risk Management & Regulation,Risk Insight,Capital Consumption,Account Maturity Dates & Repricing Schedules,Agreement,AGREEMENT; AGREEMENT_TERM; AGREEMENT_REPRICING_SCHEDULE
Risk Management & Regulation,Risk Insight,Capital Consumption,Account Repayment Schedules,Agreement,AGREEMENT_REPAYMENT_SCHEDULE; LOAN_TERM_AGREEMENT
Risk Management & Regulation,Risk Insight,Capital Consumption,Collateral Agreements,Agreement,COLLATERAL_AGREEMENT; COLLATERAL; COLLATERAL_VALUATION; PARTY_ASSET
Risk Management & Regulation,Risk Insight,Capital Consumption,Risk Exposures,Agreement,AGREEMENT_RISK_METRIC; RISK_EXPOSURE; CREDIT_RISK_SUMMARY
Risk Management & Regulation,Risk Insight,Capital Consumption,Risk Weighted Assets & Capital Results,Agreement,AGREEMENT_RISK_METRIC; BANK_CAPITAL_SUMMARY; CAPITAL_REQUIREMENTS_SUMMARY
Risk Management & Regulation,Risk Insight,Capital Consumption,Account Limits,Cross Subject  -  Limits,AGREEMENT_LIMIT; LIMIT; PARTY_LIMIT
Risk Management & Regulation,Risk Insight,Capital Consumption,Predictive Models - risk,Party or Agreement,ANALYTICAL_MODEL; MODEL_RUN; MODEL_SCORE; PARTY_LIABILITY_CREDIT_RATING
Risk Management & Regulation,Risk Insight,Capital Consumption,"Risk Segments, Cohorts & Groupings",Party or Agreement,PARTY_CLASSIFICATION; RISK_GRADE_VALUE; RISK_GRADE_SCHEME
Risk Management & Regulation,Risk Insight,Capital Consumption,"Provisions, Losses & Writeoffs",Party or Agreement,AGREEMENT_RISK_METRIC; PROVISION; WRITE_OFF; LOSS_EVENT
Risk Management & Regulation,Risk Insight,Capital Consumption,Claims,Event,CLAIM; CLAIM_STATUS; CLAIM_PARTY_ROLE; CLAIM_PAYMENT
Risk Management & Regulation,Risk Insight,Capital Consumption,Defaults & Limit Breaches,Event,AGREEMENT_STATUS; DEFAULT_EVENT; LIMIT_BREACH_EVENT; AGREEMENT_RISK_METRIC
Risk Management & Regulation,Risk Insight,Capital Consumption,Physical Assets,Party Asset,PARTY_ASSET; FIXED_ASSET; REAL_PROPERTY
Risk Management & Regulation,Risk Insight,Capital Consumption,Physical Asset Valuations,Party Asset,PARTY_ASSET_VALUATION; COLLATERAL_VALUATION; REAL_PROPERTY_VALUATION
Risk Management & Regulation,Risk Insight,Capital Consumption,Master & Reference Data - organisation hierarchy,Internal Organisation,ORGANIZATION; INTERNAL_ORGANIZATION_UNIT; ORGANIZATION_UNIT_RELATIONSHIP; ORGANIZATION_BUSINESS_TYPE
Risk Management & Regulation,Risk Insight,Capital Consumption,"Model Metadata (E.g. defintion, assumptions, metrics)",Analytical Model,ANALYTICAL_MODEL; MODEL_RUN; MODEL_PARAMETER
Risk Management & Regulation,Risk Insight,Capital Consumption,Risk Scenario & Stress Testing Results,Analytical Model,RISK_CALCULATION_SCENARIO; RISK_SCENARIO_RESULT; STRESS_TEST_RESULT
Risk Management & Regulation,Risk Insight,Capital Consumption,Master & Reference Data - Risk Policy Rules,Cross Subject - Document,RISK_GRADE_SCHEME; RISK_GRADE_VALUE; RISK_POLICY; BUSINESS_RULE
Risk Management & Regulation,Risk Insight,Risk Appetite,Single Customer View (Master Record),Party,PARTY; INDIVIDUAL; ORGANIZATION; HOUSEHOLD; PARTY_RELATIONSHIP; PARTY_IDENTIFICATION
Risk Management & Regulation,Risk Insight,Risk Appetite,Customer Demographics,Party,INDIVIDUAL; PARTY_DEMOGRAPHIC; PARTY_CLASSIFICATION; PARTY_PREFERENCE
Risk Management & Regulation,Risk Insight,Risk Appetite,Customer Segments,Party,PARTY_CLASSIFICATION; PARTY_SEGMENT; PARTY_CLASSIFICATION_VALUE
Risk Management & Regulation,Risk Insight,Risk Appetite,External Data - Bureau data,Party,PARTY_CREDIT_BUREAU_REPORT; CREDIT_BUREAU_SCORE; PARTY_EXTERNAL_RATING
Risk Management & Regulation,Risk Insight,Risk Appetite,External Data - Credit Rating,Party,PARTY_EXTERNAL_RATING; PARTY_LIABILITY_CREDIT_RATING; CREDIT_BUREAU_SCORE
Risk Management & Regulation,Risk Insight,Risk Appetite,Master & Reference Data - geography / location,Location,GEOGRAPHICAL_AREA; GEOGRAPHICAL_UNIT; SITE; POSTAL_ADDRESS
Risk Management & Regulation,Risk Insight,Risk Appetite,Master & Reference Data - product,Product,Not mapped
Risk Management & Regulation,Risk Insight,Risk Appetite,Master & Reference Data - exchange rates,Product,CURRENCY; CURRENCY_EXCHANGE_RATE; CURRENCY_PAIR
Risk Management & Regulation,Risk Insight,Risk Appetite,"External Data - market prices (E.g. equities, bonds, commodities)",Product,MARKET_INDEX; MARKET_INDEX_VALUE; INVESTMENT_PRODUCT; INVESTMENT_PRODUCT_PRICE
Risk Management & Regulation,Risk Insight,Risk Appetite,Account / Policy / Service Holdings,Agreement,AGREEMENT; PARTY_AGREEMENT_ROLE; AGREEMENT_PARTY_ROLE; AGREEMENT_RELATIONSHIP
Risk Management & Regulation,Risk Insight,Risk Appetite,Account / Policy / Service Detail,Agreement,AGREEMENT; LOAN_TERM_AGREEMENT; DEPOSIT_AGREEMENT; INSURANCE_AGREEMENT; CREDIT_CARD_AGREEMENT
Risk Management & Regulation,Risk Insight,Risk Appetite,Account Status (open closed active / domant /inactive / closure reason ),Agreement,AGREEMENT; AGREEMENT_STATUS; AGREEMENT_STATUS_HISTORY
Risk Management & Regulation,Risk Insight,Risk Appetite,Account Terms & Conditions,Agreement,AGREEMENT; AGREEMENT_CONDITION; AGREEMENT_TERM
Risk Management & Regulation,Risk Insight,Risk Appetite,Account Feature Usage,Agreement,AGREEMENT_FEATURE; FEATURE; DESCRIPTIVE_FEATURE
Risk Management & Regulation,Risk Insight,Risk Appetite,Coverage (insurance),Agreement,INSURANCE_COVERAGE; INSURANCE_AGREEMENT; COVERAGE_TYPE
Risk Management & Regulation,Risk Insight,Risk Appetite,Account Balances,Agreement,AGREEMENT_SUMMARY; BALANCE_SUMMARY; AGREEMENT_BALANCE
Risk Management & Regulation,Risk Insight,Risk Appetite,Investment Value,Agreement,INVESTMENT_ACCOUNT; INVESTMENT_HOLDING; INVESTMENT_PRODUCT_PRICE
Risk Management & Regulation,Risk Insight,Risk Appetite,Market / Trading Book Positions,Agreement,TRADE_ORDER; TRADE_EXECUTION; TRADING_POSITION
Risk Management & Regulation,Risk Insight,Risk Appetite,Mark to market valuations,Agreement,INVESTMENT_PRODUCT_PRICE; MARKET_INDEX_VALUE; AGREEMENT_VALUATION
Risk Management & Regulation,Risk Insight,Risk Appetite,Account Maturity Dates & Repricing Schedules,Agreement,AGREEMENT; AGREEMENT_TERM; AGREEMENT_REPRICING_SCHEDULE
Risk Management & Regulation,Risk Insight,Risk Appetite,Account Repayment Schedules,Agreement,AGREEMENT_REPAYMENT_SCHEDULE; LOAN_TERM_AGREEMENT
Risk Management & Regulation,Risk Insight,Risk Appetite,Collateral Agreements,Agreement,COLLATERAL_AGREEMENT; COLLATERAL; COLLATERAL_VALUATION; PARTY_ASSET
Risk Management & Regulation,Risk Insight,Risk Appetite,Risk Exposures,Agreement,AGREEMENT_RISK_METRIC; RISK_EXPOSURE; CREDIT_RISK_SUMMARY
Risk Management & Regulation,Risk Insight,Risk Appetite,Risk Weighted Assets & Capital Results,Agreement,AGREEMENT_RISK_METRIC; BANK_CAPITAL_SUMMARY; CAPITAL_REQUIREMENTS_SUMMARY
Risk Management & Regulation,Risk Insight,Risk Appetite,Profitability Results,Agreement,AGREEMENT_SUMMARY; AGREEMENT_PROFITABILITY; PRODUCT_PROFITABILITY
Risk Management & Regulation,Risk Insight,Risk Appetite,Account Limits,Cross Subject  -  Limits,AGREEMENT_LIMIT; LIMIT; PARTY_LIMIT
Risk Management & Regulation,Risk Insight,Risk Appetite,Predictive Models - risk,Party or Agreement,ANALYTICAL_MODEL; MODEL_RUN; MODEL_SCORE; PARTY_LIABILITY_CREDIT_RATING
Risk Management & Regulation,Risk Insight,Risk Appetite,"Risk Segments, Cohorts & Groupings",Party or Agreement,PARTY_CLASSIFICATION; RISK_GRADE_VALUE; RISK_GRADE_SCHEME
Risk Management & Regulation,Risk Insight,Risk Appetite,"Provisions, Losses & Writeoffs",Party or Agreement,AGREEMENT_RISK_METRIC; PROVISION; WRITE_OFF; LOSS_EVENT
Risk Management & Regulation,Risk Insight,Risk Appetite,Claims,Event,CLAIM; CLAIM_STATUS; CLAIM_PARTY_ROLE; CLAIM_PAYMENT
Risk Management & Regulation,Risk Insight,Risk Appetite,Defaults & Limit Breaches,Event,AGREEMENT_STATUS; DEFAULT_EVENT; LIMIT_BREACH_EVENT; AGREEMENT_RISK_METRIC
Risk Management & Regulation,Risk Insight,Risk Appetite,Physical Assets,Party Asset,PARTY_ASSET; FIXED_ASSET; REAL_PROPERTY
Risk Management & Regulation,Risk Insight,Risk Appetite,Physical Asset Valuations,Party Asset,PARTY_ASSET_VALUATION; COLLATERAL_VALUATION; REAL_PROPERTY_VALUATION
Risk Management & Regulation,Risk Insight,Risk Appetite,Master & Reference Data - organisation hierarchy,Internal Organisation,ORGANIZATION; INTERNAL_ORGANIZATION_UNIT; ORGANIZATION_UNIT_RELATIONSHIP; ORGANIZATION_BUSINESS_TYPE
Risk Management & Regulation,Risk Insight,Risk Appetite,"Model Metadata (E.g. defintion, assumptions, metrics)",Analytical Model,ANALYTICAL_MODEL; MODEL_RUN; MODEL_PARAMETER
Risk Management & Regulation,Risk Insight,Risk Appetite,Risk Scenario & Stress Testing Results,Analytical Model,RISK_CALCULATION_SCENARIO; RISK_SCENARIO_RESULT; STRESS_TEST_RESULT
Risk Management & Regulation,Risk Insight,Risk Appetite,Master & Reference Data - Risk Policy Rules,Cross Subject - Document,RISK_GRADE_SCHEME; RISK_GRADE_VALUE; RISK_POLICY; BUSINESS_RULE
Risk Management & Regulation,Risk Insight,Pre-Default Transaction Analytics,Single Customer View (Master Record),Party,PARTY; INDIVIDUAL; ORGANIZATION; HOUSEHOLD; PARTY_RELATIONSHIP; PARTY_IDENTIFICATION
Risk Management & Regulation,Risk Insight,Pre-Default Transaction Analytics,KYC Data,Party,PARTY_IDENTIFICATION; PARTY_CLASSIFICATION; PARTY_IDENTITY_DOCUMENT; PARTY_COMPLIANCE_VERIFICATION
Risk Management & Regulation,Risk Insight,Pre-Default Transaction Analytics,Customer Demographics,Party,INDIVIDUAL; PARTY_DEMOGRAPHIC; PARTY_CLASSIFICATION; PARTY_PREFERENCE
Risk Management & Regulation,Risk Insight,Pre-Default Transaction Analytics,Customer Attitudinal Data,Party,PARTY_PREFERENCE; PARTY_CLASSIFICATION; PARTY_SURVEY_RESPONSE
Risk Management & Regulation,Risk Insight,Pre-Default Transaction Analytics,Customer Segments,Party,PARTY_CLASSIFICATION; PARTY_SEGMENT; PARTY_CLASSIFICATION_VALUE
Risk Management & Regulation,Risk Insight,Pre-Default Transaction Analytics,External Data - Bureau data,Party,PARTY_CREDIT_BUREAU_REPORT; CREDIT_BUREAU_SCORE; PARTY_EXTERNAL_RATING
Risk Management & Regulation,Risk Insight,Pre-Default Transaction Analytics,External Data - Credit Rating,Party,PARTY_EXTERNAL_RATING; PARTY_LIABILITY_CREDIT_RATING; CREDIT_BUREAU_SCORE
Risk Management & Regulation,Risk Insight,Pre-Default Transaction Analytics,Master & Reference Data - staff / colleague,Party,INDIVIDUAL; ASSOCIATE; ASSOCIATE_ASSIGNMENT; INTERNAL_ORGANIZATION_UNIT
Risk Management & Regulation,Risk Insight,Pre-Default Transaction Analytics,Master & Reference Data - geography / location,Location,GEOGRAPHICAL_AREA; GEOGRAPHICAL_UNIT; SITE; POSTAL_ADDRESS
Risk Management & Regulation,Risk Insight,Pre-Default Transaction Analytics,Master & Reference Data - product,Product,Not mapped
Risk Management & Regulation,Risk Insight,Pre-Default Transaction Analytics,Master & Reference Data - exchange rates,Product,CURRENCY; CURRENCY_EXCHANGE_RATE; CURRENCY_PAIR
Risk Management & Regulation,Risk Insight,Pre-Default Transaction Analytics,"External Data - market prices (E.g. equities, bonds, commodities)",Product,MARKET_INDEX; MARKET_INDEX_VALUE; INVESTMENT_PRODUCT; INVESTMENT_PRODUCT_PRICE
Risk Management & Regulation,Risk Insight,Pre-Default Transaction Analytics,Account / Policy / Service Holdings,Agreement,AGREEMENT; PARTY_AGREEMENT_ROLE; AGREEMENT_PARTY_ROLE; AGREEMENT_RELATIONSHIP
Risk Management & Regulation,Risk Insight,Pre-Default Transaction Analytics,Account / Policy / Service Detail,Agreement,AGREEMENT; LOAN_TERM_AGREEMENT; DEPOSIT_AGREEMENT; INSURANCE_AGREEMENT; CREDIT_CARD_AGREEMENT
Risk Management & Regulation,Risk Insight,Pre-Default Transaction Analytics,Account Status (open closed active / domant /inactive / closure reason ),Agreement,AGREEMENT; AGREEMENT_STATUS; AGREEMENT_STATUS_HISTORY
Risk Management & Regulation,Risk Insight,Pre-Default Transaction Analytics,Account Terms & Conditions,Agreement,AGREEMENT; AGREEMENT_CONDITION; AGREEMENT_TERM
Risk Management & Regulation,Risk Insight,Pre-Default Transaction Analytics,Account Feature Usage,Agreement,AGREEMENT_FEATURE; FEATURE; DESCRIPTIVE_FEATURE
Risk Management & Regulation,Risk Insight,Pre-Default Transaction Analytics,Account Balances,Agreement,AGREEMENT_SUMMARY; BALANCE_SUMMARY; AGREEMENT_BALANCE
Risk Management & Regulation,Risk Insight,Pre-Default Transaction Analytics,Investment Value,Agreement,INVESTMENT_ACCOUNT; INVESTMENT_HOLDING; INVESTMENT_PRODUCT_PRICE
Risk Management & Regulation,Risk Insight,Pre-Default Transaction Analytics,Market / Trading Book Positions,Agreement,TRADE_ORDER; TRADE_EXECUTION; TRADING_POSITION
Risk Management & Regulation,Risk Insight,Pre-Default Transaction Analytics,Mark to market valuations,Agreement,INVESTMENT_PRODUCT_PRICE; MARKET_INDEX_VALUE; AGREEMENT_VALUATION
Risk Management & Regulation,Risk Insight,Pre-Default Transaction Analytics,Account Maturity Dates & Repricing Schedules,Agreement,AGREEMENT; AGREEMENT_TERM; AGREEMENT_REPRICING_SCHEDULE
Risk Management & Regulation,Risk Insight,Pre-Default Transaction Analytics,Account Repayment Schedules,Agreement,AGREEMENT_REPAYMENT_SCHEDULE; LOAN_TERM_AGREEMENT
Risk Management & Regulation,Risk Insight,Pre-Default Transaction Analytics,Risk Exposures,Agreement,AGREEMENT_RISK_METRIC; RISK_EXPOSURE; CREDIT_RISK_SUMMARY
Risk Management & Regulation,Risk Insight,Pre-Default Transaction Analytics,Account Limits,Cross Subject  -  Limits,AGREEMENT_LIMIT; LIMIT; PARTY_LIMIT
Risk Management & Regulation,Risk Insight,Pre-Default Transaction Analytics,Predictive Models - risk,Party or Agreement,ANALYTICAL_MODEL; MODEL_RUN; MODEL_SCORE; PARTY_LIABILITY_CREDIT_RATING
Risk Management & Regulation,Risk Insight,Pre-Default Transaction Analytics,"Risk Segments, Cohorts & Groupings",Party or Agreement,PARTY_CLASSIFICATION; RISK_GRADE_VALUE; RISK_GRADE_SCHEME
Risk Management & Regulation,Risk Insight,Pre-Default Transaction Analytics,"Provisions, Losses & Writeoffs",Party or Agreement,AGREEMENT_RISK_METRIC; PROVISION; WRITE_OFF; LOSS_EVENT
Risk Management & Regulation,Risk Insight,Pre-Default Transaction Analytics,Financial Transactions,Event,MONETARY_TRANSACTION; TRANSACTION_TYPE; FINANCIAL_TRANSACTION; PAYMENT
Risk Management & Regulation,Risk Insight,Pre-Default Transaction Analytics,Financial Interbank Payments,Event,PAYMENT; INTERBANK_PAYMENT; FINANCIAL_TRANSACTION
Risk Management & Regulation,Risk Insight,Pre-Default Transaction Analytics,Service Usage,Event,CHANNEL_USAGE_METRIC; SERVICE_USAGE_EVENT; CHANNEL_INSTANCE
Risk Management & Regulation,Risk Insight,Pre-Default Transaction Analytics,Complaint Data,Event,COMPLAINT; COMPLAINT_STATUS; COMPLAINT_RESOLUTION
Risk Management & Regulation,Risk Insight,Pre-Default Transaction Analytics,Offline Customer Interactions - Branch,Event,DIRECT_CONTACT_EVENT; BRANCH_VISIT_EVENT; CHANNEL_INSTANCE
Risk Management & Regulation,Risk Insight,Pre-Default Transaction Analytics,Offline Customer Interactions - Call Centre,Event,DIRECT_CONTACT_EVENT; CALL_EVENT; CHANNEL_INSTANCE
Risk Management & Regulation,Risk Insight,Pre-Default Transaction Analytics,Offline Customer Interactions - letters,Event,DIRECT_CONTACT_EVENT; CORRESPONDENCE_EVENT; DOCUMENT
Risk Management & Regulation,Risk Insight,Pre-Default Transaction Analytics,Offline Customer Interactions - sms text,Event,DIRECT_CONTACT_EVENT; SMS_EVENT; ELECTRONIC_ADDRESS
Risk Management & Regulation,Risk Insight,Pre-Default Transaction Analytics,Online Interactions -  webchat (internal & external),Event,WEB_VISIT; WEB_PAGE_VIEW; ONLINE_INTERACTION_EVENT
Risk Management & Regulation,Risk Insight,Pre-Default Transaction Analytics,Online Interactions customer digital banking site (web log),Event,WEB_VISIT; WEB_PAGE_VIEW; EXTENDED_SESSION_INFORMATION; ONLINE_APPLICATION_ACCESS
Risk Management & Regulation,Risk Insight,Pre-Default Transaction Analytics,Online Interactions customer general banking site,Event,WEB_VISIT; WEB_PAGE_VIEW; ONLINE_INTERACTION_EVENT
Risk Management & Regulation,Risk Insight,Pre-Default Transaction Analytics,Online Interactions email - customer & employee,Event,DIRECT_CONTACT_EVENT; EMAIL_EVENT; ELECTRONIC_ADDRESS
Risk Management & Regulation,Risk Insight,Pre-Default Transaction Analytics,Online Interactions mobile app,Event,WEB_VISIT; WEB_PAGE_VIEW; MOBILE_APP_EVENT; CHANNEL_INSTANCE
Risk Management & Regulation,Risk Insight,Pre-Default Transaction Analytics,Online Interactions prospect / unidentified customer (web log),Event,WEB_VISIT; WEB_PAGE_VIEW; VISITOR_INTERACTION_EVENT
Risk Management & Regulation,Risk Insight,Pre-Default Transaction Analytics,"Case History (Fraud, Money Laundering, Complaint)",Event,CASE; CASE_EVENT; CASE_PARTY_ROLE; FRAUD_CASE
Risk Management & Regulation,Risk Insight,Pre-Default Transaction Analytics,Claims,Event,CLAIM; CLAIM_STATUS; CLAIM_PARTY_ROLE; CLAIM_PAYMENT
Risk Management & Regulation,Risk Insight,Pre-Default Transaction Analytics,Defaults & Limit Breaches,Event,AGREEMENT_STATUS; DEFAULT_EVENT; LIMIT_BREACH_EVENT; AGREEMENT_RISK_METRIC
Risk Management & Regulation,Risk Insight,Pre-Default Transaction Analytics,External Data - Corporate Actions,Event,CORPORATE_ACTION; INVESTMENT_PRODUCT
Risk Management & Regulation,Risk Insight,Pre-Default Transaction Analytics,Customer interview / fact find,Event or Cross Subject - Document,DOCUMENT; SURVEY; SURVEY_QUESTION_RESPONSE; PARTY_DOCUMENT
Risk Management & Regulation,Risk Insight,Pre-Default Transaction Analytics,Physical Assets,Party Asset,PARTY_ASSET; FIXED_ASSET; REAL_PROPERTY
Risk Management & Regulation,Risk Insight,Pre-Default Transaction Analytics,Physical Asset Valuations,Party Asset,PARTY_ASSET_VALUATION; COLLATERAL_VALUATION; REAL_PROPERTY_VALUATION
Risk Management & Regulation,Risk Insight,Pre-Default Transaction Analytics,Master & Reference Data - organisation hierarchy,Internal Organisation,ORGANIZATION; INTERNAL_ORGANIZATION_UNIT; ORGANIZATION_UNIT_RELATIONSHIP; ORGANIZATION_BUSINESS_TYPE
Risk Management & Regulation,Risk Insight,Pre-Default Transaction Analytics,"Documents - Structured Data Capture (Survey, Application Forms)",Cross Subject - Document,DOCUMENT; DOCUMENT_TYPE; SURVEY; APPLICATION
Risk Management & Regulation,Risk Insight,Pre-Default Transaction Analytics,Text Data,Cross Subject - Document,DOCUMENT; TEXT_CONTENT; DIGITAL_CONTENT
Risk Management & Regulation,Risk Insight,Pre-Default Transaction Analytics,Master & Reference Data - Risk Policy Rules,Cross Subject - Document,RISK_GRADE_SCHEME; RISK_GRADE_VALUE; RISK_POLICY; BUSINESS_RULE
Risk Management & Regulation,Risk Insight,Pre-Default Transaction Analytics,External Data - Fraud Watch Lists,Cross Subject - Watch List,WATCH_LIST; WATCH_LIST_ENTRY; PARTY_WATCH_LIST_CHECK
Risk Management & Regulation,Risk Insight,Pre-Default Transaction Analytics,Compliance Approvals,Cross Subject,COMPLIANCE_EVENT; APPROVAL; PARTY_COMPLIANCE_VERIFICATION
Risk Management & Regulation,Risk Insight,Pre-Default Transaction Analytics,Business Process Definition,Not Covered,EVENT; PROCESS_EVENT
Risk Management & Regulation,Modelling and Predictiions,Credit Risk Scoring (Underwriting Likelihood Model),Single Customer View (Master Record),Party,PARTY; INDIVIDUAL; ORGANIZATION; HOUSEHOLD; PARTY_RELATIONSHIP; PARTY_IDENTIFICATION
Risk Management & Regulation,Modelling and Predictiions,Credit Risk Scoring (Underwriting Likelihood Model),KYC Data,Party,PARTY_IDENTIFICATION; PARTY_CLASSIFICATION; PARTY_IDENTITY_DOCUMENT; PARTY_COMPLIANCE_VERIFICATION
Risk Management & Regulation,Modelling and Predictiions,Credit Risk Scoring (Underwriting Likelihood Model),Customer Demographics,Party,INDIVIDUAL; PARTY_DEMOGRAPHIC; PARTY_CLASSIFICATION; PARTY_PREFERENCE
Risk Management & Regulation,Modelling and Predictiions,Credit Risk Scoring (Underwriting Likelihood Model),Customer Attitudinal Data,Party,PARTY_PREFERENCE; PARTY_CLASSIFICATION; PARTY_SURVEY_RESPONSE
Risk Management & Regulation,Modelling and Predictiions,Credit Risk Scoring (Underwriting Likelihood Model),Customer Segments,Party,PARTY_CLASSIFICATION; PARTY_SEGMENT; PARTY_CLASSIFICATION_VALUE
Risk Management & Regulation,Modelling and Predictiions,Credit Risk Scoring (Underwriting Likelihood Model),Customer Contact Preferences,Party,PARTY_PREFERENCE; PARTY_CONTACT_POINT; ELECTRONIC_ADDRESS; POSTAL_ADDRESS
Risk Management & Regulation,Modelling and Predictiions,Credit Risk Scoring (Underwriting Likelihood Model),Customer Marketing Preferences,Party,PARTY_PREFERENCE; PARTY_MARKETING_PREFERENCE; PARTY_CONSENT
Risk Management & Regulation,Modelling and Predictiions,Credit Risk Scoring (Underwriting Likelihood Model),Customer Satisfaction Measurement (E.g. NPS),Party,PARTY_SURVEY_RESPONSE; SURVEY; SURVEY_QUESTION_RESPONSE
Risk Management & Regulation,Modelling and Predictiions,Credit Risk Scoring (Underwriting Likelihood Model),Legal Actions,Party,PARTY_LEGAL_ACTION; LEGAL_ACTION; PARTY_LITIGATION
Risk Management & Regulation,Modelling and Predictiions,Credit Risk Scoring (Underwriting Likelihood Model),External Data - Social Media Data,Party,SOCIAL_MEDIA_ACCOUNT; SOCIAL_MEDIA_TRANSFER; SOCIAL_MEDIA_POST
Risk Management & Regulation,Modelling and Predictiions,Credit Risk Scoring (Underwriting Likelihood Model),External Data - Bureau data,Party,PARTY_CREDIT_BUREAU_REPORT; CREDIT_BUREAU_SCORE; PARTY_EXTERNAL_RATING
Risk Management & Regulation,Modelling and Predictiions,Credit Risk Scoring (Underwriting Likelihood Model),External Data - Credit Rating,Party,PARTY_EXTERNAL_RATING; PARTY_LIABILITY_CREDIT_RATING; CREDIT_BUREAU_SCORE
Risk Management & Regulation,Modelling and Predictiions,Credit Risk Scoring (Underwriting Likelihood Model),"External Economic Data (E.g. Property Prices, Salary)",Party,ECONOMIC_INDEX; ECONOMIC_INDEX_VALUE; MARKET_INDEX; MARKET_INDEX_VALUE
Risk Management & Regulation,Modelling and Predictiions,Credit Risk Scoring (Underwriting Likelihood Model),Master & Reference Data - geography / location,Location,GEOGRAPHICAL_AREA; GEOGRAPHICAL_UNIT; SITE; POSTAL_ADDRESS
Risk Management & Regulation,Modelling and Predictiions,Credit Risk Scoring (Underwriting Likelihood Model),Master & Reference Data - product,Product,Not mapped
Risk Management & Regulation,Modelling and Predictiions,Credit Risk Scoring (Underwriting Likelihood Model),Master & Reference Data - exchange rates,Product,CURRENCY; CURRENCY_EXCHANGE_RATE; CURRENCY_PAIR
Risk Management & Regulation,Modelling and Predictiions,Credit Risk Scoring (Underwriting Likelihood Model),Account / Policy / Service Holdings,Agreement,AGREEMENT; PARTY_AGREEMENT_ROLE; AGREEMENT_PARTY_ROLE; AGREEMENT_RELATIONSHIP
Risk Management & Regulation,Modelling and Predictiions,Credit Risk Scoring (Underwriting Likelihood Model),Account / Policy / Service Detail,Agreement,AGREEMENT; LOAN_TERM_AGREEMENT; DEPOSIT_AGREEMENT; INSURANCE_AGREEMENT; CREDIT_CARD_AGREEMENT
Risk Management & Regulation,Modelling and Predictiions,Credit Risk Scoring (Underwriting Likelihood Model),Account Status (open closed active / domant /inactive / closure reason ),Agreement,AGREEMENT; AGREEMENT_STATUS; AGREEMENT_STATUS_HISTORY
Risk Management & Regulation,Modelling and Predictiions,Credit Risk Scoring (Underwriting Likelihood Model),Account Terms & Conditions,Agreement,AGREEMENT; AGREEMENT_CONDITION; AGREEMENT_TERM
Risk Management & Regulation,Modelling and Predictiions,Credit Risk Scoring (Underwriting Likelihood Model),"Application Data (New Customer, New Product)",Agreement,APPLICATION; APPLICATION_STATUS; APPLICATION_PARTY_ROLE
Risk Management & Regulation,Modelling and Predictiions,Credit Risk Scoring (Underwriting Likelihood Model),Coverage (insurance),Agreement,INSURANCE_COVERAGE; INSURANCE_AGREEMENT; COVERAGE_TYPE
Risk Management & Regulation,Modelling and Predictiions,Credit Risk Scoring (Underwriting Likelihood Model),Account Balances,Agreement,AGREEMENT_SUMMARY; BALANCE_SUMMARY; AGREEMENT_BALANCE
Risk Management & Regulation,Modelling and Predictiions,Credit Risk Scoring (Underwriting Likelihood Model),Market / Trading Book Positions,Agreement,TRADE_ORDER; TRADE_EXECUTION; TRADING_POSITION
Risk Management & Regulation,Modelling and Predictiions,Credit Risk Scoring (Underwriting Likelihood Model),Mark to market valuations,Agreement,INVESTMENT_PRODUCT_PRICE; MARKET_INDEX_VALUE; AGREEMENT_VALUATION
Risk Management & Regulation,Modelling and Predictiions,Credit Risk Scoring (Underwriting Likelihood Model),Account Maturity Dates & Repricing Schedules,Agreement,AGREEMENT; AGREEMENT_TERM; AGREEMENT_REPRICING_SCHEDULE
Risk Management & Regulation,Modelling and Predictiions,Credit Risk Scoring (Underwriting Likelihood Model),Account Repayment Schedules,Agreement,AGREEMENT_REPAYMENT_SCHEDULE; LOAN_TERM_AGREEMENT
Risk Management & Regulation,Modelling and Predictiions,Credit Risk Scoring (Underwriting Likelihood Model),Collateral Agreements,Agreement,COLLATERAL_AGREEMENT; COLLATERAL; COLLATERAL_VALUATION; PARTY_ASSET
Risk Management & Regulation,Modelling and Predictiions,Credit Risk Scoring (Underwriting Likelihood Model),Risk Exposures,Agreement,AGREEMENT_RISK_METRIC; RISK_EXPOSURE; CREDIT_RISK_SUMMARY
Risk Management & Regulation,Modelling and Predictiions,Credit Risk Scoring (Underwriting Likelihood Model),Account Limits,Cross Subject  -  Limits,AGREEMENT_LIMIT; LIMIT; PARTY_LIMIT
Risk Management & Regulation,Modelling and Predictiions,Credit Risk Scoring (Underwriting Likelihood Model),"Risk Segments, Cohorts & Groupings",Party or Agreement,PARTY_CLASSIFICATION; RISK_GRADE_VALUE; RISK_GRADE_SCHEME
Risk Management & Regulation,Modelling and Predictiions,Credit Risk Scoring (Underwriting Likelihood Model),"Provisions, Losses & Writeoffs",Party or Agreement,AGREEMENT_RISK_METRIC; PROVISION; WRITE_OFF; LOSS_EVENT
Risk Management & Regulation,Modelling and Predictiions,Credit Risk Scoring (Underwriting Likelihood Model),Financial Transactions,Event,MONETARY_TRANSACTION; TRANSACTION_TYPE; FINANCIAL_TRANSACTION; PAYMENT
Risk Management & Regulation,Modelling and Predictiions,Credit Risk Scoring (Underwriting Likelihood Model),Offline Customer Interactions - Branch,Event,DIRECT_CONTACT_EVENT; BRANCH_VISIT_EVENT; CHANNEL_INSTANCE
Risk Management & Regulation,Modelling and Predictiions,Credit Risk Scoring (Underwriting Likelihood Model),Offline Customer Interactions - Call Centre,Event,DIRECT_CONTACT_EVENT; CALL_EVENT; CHANNEL_INSTANCE
Risk Management & Regulation,Modelling and Predictiions,Credit Risk Scoring (Underwriting Likelihood Model),Offline Customer Interactions - letters,Event,DIRECT_CONTACT_EVENT; CORRESPONDENCE_EVENT; DOCUMENT
Risk Management & Regulation,Modelling and Predictiions,Credit Risk Scoring (Underwriting Likelihood Model),Offline Customer Interactions - sms text,Event,DIRECT_CONTACT_EVENT; SMS_EVENT; ELECTRONIC_ADDRESS
Risk Management & Regulation,Modelling and Predictiions,Credit Risk Scoring (Underwriting Likelihood Model),Online Interactions -  webchat (internal & external),Event,WEB_VISIT; WEB_PAGE_VIEW; ONLINE_INTERACTION_EVENT
Risk Management & Regulation,Modelling and Predictiions,Credit Risk Scoring (Underwriting Likelihood Model),Online Interactions customer digital banking site (web log),Event,WEB_VISIT; WEB_PAGE_VIEW; EXTENDED_SESSION_INFORMATION; ONLINE_APPLICATION_ACCESS
Risk Management & Regulation,Modelling and Predictiions,Credit Risk Scoring (Underwriting Likelihood Model),Online Interactions customer general banking site,Event,WEB_VISIT; WEB_PAGE_VIEW; ONLINE_INTERACTION_EVENT
Risk Management & Regulation,Modelling and Predictiions,Credit Risk Scoring (Underwriting Likelihood Model),Online Interactions email - customer & employee,Event,DIRECT_CONTACT_EVENT; EMAIL_EVENT; ELECTRONIC_ADDRESS
Risk Management & Regulation,Modelling and Predictiions,Credit Risk Scoring (Underwriting Likelihood Model),Online Interactions mobile app,Event,WEB_VISIT; WEB_PAGE_VIEW; MOBILE_APP_EVENT; CHANNEL_INSTANCE
Risk Management & Regulation,Modelling and Predictiions,Credit Risk Scoring (Underwriting Likelihood Model),"Case History (Fraud, Money Laundering, Complaint)",Event,CASE; CASE_EVENT; CASE_PARTY_ROLE; FRAUD_CASE
Risk Management & Regulation,Modelling and Predictiions,Credit Risk Scoring (Underwriting Likelihood Model),Claims,Event,CLAIM; CLAIM_STATUS; CLAIM_PARTY_ROLE; CLAIM_PAYMENT
Risk Management & Regulation,Modelling and Predictiions,Credit Risk Scoring (Underwriting Likelihood Model),Defaults & Limit Breaches,Event,AGREEMENT_STATUS; DEFAULT_EVENT; LIMIT_BREACH_EVENT; AGREEMENT_RISK_METRIC
Risk Management & Regulation,Modelling and Predictiions,Credit Risk Scoring (Underwriting Likelihood Model),Closed Loop Outcomes / Channel Responses,Event,CAMPAIGN_RESPONSE; CAMPAIGN_OFFER_RESPONSE; DIRECT_CONTACT_EVENT
Risk Management & Regulation,Modelling and Predictiions,Credit Risk Scoring (Underwriting Likelihood Model),External Data - Corporate Actions,Event,CORPORATE_ACTION; INVESTMENT_PRODUCT
Risk Management & Regulation,Modelling and Predictiions,Credit Risk Scoring (Underwriting Likelihood Model),Customer interview / fact find,Event or Cross Subject - Document,DOCUMENT; SURVEY; SURVEY_QUESTION_RESPONSE; PARTY_DOCUMENT
Risk Management & Regulation,Modelling and Predictiions,Credit Risk Scoring (Underwriting Likelihood Model),Physical Assets,Party Asset,PARTY_ASSET; FIXED_ASSET; REAL_PROPERTY
Risk Management & Regulation,Modelling and Predictiions,Credit Risk Scoring (Underwriting Likelihood Model),Physical Asset Valuations,Party Asset,PARTY_ASSET_VALUATION; COLLATERAL_VALUATION; REAL_PROPERTY_VALUATION
Risk Management & Regulation,Modelling and Predictiions,Credit Risk Scoring (Underwriting Likelihood Model),Master & Reference Data - organisation hierarchy,Internal Organisation,ORGANIZATION; INTERNAL_ORGANIZATION_UNIT; ORGANIZATION_UNIT_RELATIONSHIP; ORGANIZATION_BUSINESS_TYPE
Risk Management & Regulation,Modelling and Predictiions,Credit Risk Scoring (Underwriting Likelihood Model),Master & Reference Data - Campaign,Campaign,CAMPAIGN; CAMPAIGN_TYPE; CAMPAIGN_STATUS; CAMPAIGN_WAVE
Risk Management & Regulation,Modelling and Predictiions,Credit Risk Scoring (Underwriting Likelihood Model),Master & Reference Data - Channel,Channel,CHANNEL_TYPE; CHANNEL_INSTANCE; CHANNEL_CLASSIFICATION
Risk Management & Regulation,Modelling and Predictiions,Credit Risk Scoring (Underwriting Likelihood Model),"Model Metadata (E.g. defintion, assumptions, metrics)",Analytical Model,ANALYTICAL_MODEL; MODEL_RUN; MODEL_PARAMETER
Risk Management & Regulation,Modelling and Predictiions,Credit Risk Scoring (Underwriting Likelihood Model),Risk Scenario & Stress Testing Results,Analytical Model,RISK_CALCULATION_SCENARIO; RISK_SCENARIO_RESULT; STRESS_TEST_RESULT
Risk Management & Regulation,Modelling and Predictiions,Credit Risk Scoring (Underwriting Likelihood Model),"Documents - Structured Data Capture (Survey, Application Forms)",Cross Subject - Document,DOCUMENT; DOCUMENT_TYPE; SURVEY; APPLICATION
Risk Management & Regulation,Modelling and Predictiions,Credit Risk Scoring (Underwriting Likelihood Model),Text Data,Cross Subject - Document,DOCUMENT; TEXT_CONTENT; DIGITAL_CONTENT
Risk Management & Regulation,Modelling and Predictiions,Credit Risk Scoring (Underwriting Likelihood Model),External Data - News / Industry Feeds E.g. Reuters,Cross Subject - Document,DOCUMENT; NEWS_FEED; MARKET_INDEX
Risk Management & Regulation,Modelling and Predictiions,Credit Risk Scoring (Underwriting Likelihood Model),Master & Reference Data - Risk Policy Rules,Cross Subject - Document,RISK_GRADE_SCHEME; RISK_GRADE_VALUE; RISK_POLICY; BUSINESS_RULE
Risk Management & Regulation,Modelling and Predictiions,Credit Risk Scoring (Underwriting Likelihood Model),External Data - Fraud Watch Lists,Cross Subject - Watch List,WATCH_LIST; WATCH_LIST_ENTRY; PARTY_WATCH_LIST_CHECK
Risk Management & Regulation,Modelling and Predictiions,Credit Risk Expected Loss Model,Single Customer View (Master Record),Party,PARTY; INDIVIDUAL; ORGANIZATION; HOUSEHOLD; PARTY_RELATIONSHIP; PARTY_IDENTIFICATION
Risk Management & Regulation,Modelling and Predictiions,Credit Risk Expected Loss Model,KYC Data,Party,PARTY_IDENTIFICATION; PARTY_CLASSIFICATION; PARTY_IDENTITY_DOCUMENT; PARTY_COMPLIANCE_VERIFICATION
Risk Management & Regulation,Modelling and Predictiions,Credit Risk Expected Loss Model,Customer Demographics,Party,INDIVIDUAL; PARTY_DEMOGRAPHIC; PARTY_CLASSIFICATION; PARTY_PREFERENCE
Risk Management & Regulation,Modelling and Predictiions,Credit Risk Expected Loss Model,Customer Attitudinal Data,Party,PARTY_PREFERENCE; PARTY_CLASSIFICATION; PARTY_SURVEY_RESPONSE
Risk Management & Regulation,Modelling and Predictiions,Credit Risk Expected Loss Model,Customer Segments,Party,PARTY_CLASSIFICATION; PARTY_SEGMENT; PARTY_CLASSIFICATION_VALUE
Risk Management & Regulation,Modelling and Predictiions,Credit Risk Expected Loss Model,Customer Contact Preferences,Party,PARTY_PREFERENCE; PARTY_CONTACT_POINT; ELECTRONIC_ADDRESS; POSTAL_ADDRESS
Risk Management & Regulation,Modelling and Predictiions,Credit Risk Expected Loss Model,Customer Marketing Preferences,Party,PARTY_PREFERENCE; PARTY_MARKETING_PREFERENCE; PARTY_CONSENT
Risk Management & Regulation,Modelling and Predictiions,Credit Risk Expected Loss Model,Customer Satisfaction Measurement (E.g. NPS),Party,PARTY_SURVEY_RESPONSE; SURVEY; SURVEY_QUESTION_RESPONSE
Risk Management & Regulation,Modelling and Predictiions,Credit Risk Expected Loss Model,Legal Actions,Party,PARTY_LEGAL_ACTION; LEGAL_ACTION; PARTY_LITIGATION
Risk Management & Regulation,Modelling and Predictiions,Credit Risk Expected Loss Model,External Data - Social Media Data,Party,SOCIAL_MEDIA_ACCOUNT; SOCIAL_MEDIA_TRANSFER; SOCIAL_MEDIA_POST
Risk Management & Regulation,Modelling and Predictiions,Credit Risk Expected Loss Model,External Data - Bureau data,Party,PARTY_CREDIT_BUREAU_REPORT; CREDIT_BUREAU_SCORE; PARTY_EXTERNAL_RATING
Risk Management & Regulation,Modelling and Predictiions,Credit Risk Expected Loss Model,External Data - Credit Rating,Party,PARTY_EXTERNAL_RATING; PARTY_LIABILITY_CREDIT_RATING; CREDIT_BUREAU_SCORE
Risk Management & Regulation,Modelling and Predictiions,Credit Risk Expected Loss Model,"External Economic Data (E.g. Property Prices, Salary)",Party,ECONOMIC_INDEX; ECONOMIC_INDEX_VALUE; MARKET_INDEX; MARKET_INDEX_VALUE
Risk Management & Regulation,Modelling and Predictiions,Credit Risk Expected Loss Model,Master & Reference Data - geography / location,Location,GEOGRAPHICAL_AREA; GEOGRAPHICAL_UNIT; SITE; POSTAL_ADDRESS
Risk Management & Regulation,Modelling and Predictiions,Credit Risk Expected Loss Model,Master & Reference Data - product,Product,Not mapped
Risk Management & Regulation,Modelling and Predictiions,Credit Risk Expected Loss Model,Master & Reference Data - exchange rates,Product,CURRENCY; CURRENCY_EXCHANGE_RATE; CURRENCY_PAIR
Risk Management & Regulation,Modelling and Predictiions,Credit Risk Expected Loss Model,Account / Policy / Service Holdings,Agreement,AGREEMENT; PARTY_AGREEMENT_ROLE; AGREEMENT_PARTY_ROLE; AGREEMENT_RELATIONSHIP
Risk Management & Regulation,Modelling and Predictiions,Credit Risk Expected Loss Model,Account / Policy / Service Detail,Agreement,AGREEMENT; LOAN_TERM_AGREEMENT; DEPOSIT_AGREEMENT; INSURANCE_AGREEMENT; CREDIT_CARD_AGREEMENT
Risk Management & Regulation,Modelling and Predictiions,Credit Risk Expected Loss Model,Account Status (open closed active / domant /inactive / closure reason ),Agreement,AGREEMENT; AGREEMENT_STATUS; AGREEMENT_STATUS_HISTORY
Risk Management & Regulation,Modelling and Predictiions,Credit Risk Expected Loss Model,Account Terms & Conditions,Agreement,AGREEMENT; AGREEMENT_CONDITION; AGREEMENT_TERM
Risk Management & Regulation,Modelling and Predictiions,Credit Risk Expected Loss Model,"Application Data (New Customer, New Product)",Agreement,APPLICATION; APPLICATION_STATUS; APPLICATION_PARTY_ROLE
Risk Management & Regulation,Modelling and Predictiions,Credit Risk Expected Loss Model,Coverage (insurance),Agreement,INSURANCE_COVERAGE; INSURANCE_AGREEMENT; COVERAGE_TYPE
Risk Management & Regulation,Modelling and Predictiions,Credit Risk Expected Loss Model,Account Balances,Agreement,AGREEMENT_SUMMARY; BALANCE_SUMMARY; AGREEMENT_BALANCE
Risk Management & Regulation,Modelling and Predictiions,Credit Risk Expected Loss Model,Market / Trading Book Positions,Agreement,TRADE_ORDER; TRADE_EXECUTION; TRADING_POSITION
Risk Management & Regulation,Modelling and Predictiions,Credit Risk Expected Loss Model,Mark to market valuations,Agreement,INVESTMENT_PRODUCT_PRICE; MARKET_INDEX_VALUE; AGREEMENT_VALUATION
Risk Management & Regulation,Modelling and Predictiions,Credit Risk Expected Loss Model,Account Maturity Dates & Repricing Schedules,Agreement,AGREEMENT; AGREEMENT_TERM; AGREEMENT_REPRICING_SCHEDULE
Risk Management & Regulation,Modelling and Predictiions,Credit Risk Expected Loss Model,Account Repayment Schedules,Agreement,AGREEMENT_REPAYMENT_SCHEDULE; LOAN_TERM_AGREEMENT
Risk Management & Regulation,Modelling and Predictiions,Credit Risk Expected Loss Model,Collateral Agreements,Agreement,COLLATERAL_AGREEMENT; COLLATERAL; COLLATERAL_VALUATION; PARTY_ASSET
Risk Management & Regulation,Modelling and Predictiions,Credit Risk Expected Loss Model,Risk Exposures,Agreement,AGREEMENT_RISK_METRIC; RISK_EXPOSURE; CREDIT_RISK_SUMMARY
Risk Management & Regulation,Modelling and Predictiions,Credit Risk Expected Loss Model,Account Limits,Cross Subject  -  Limits,AGREEMENT_LIMIT; LIMIT; PARTY_LIMIT
Risk Management & Regulation,Modelling and Predictiions,Credit Risk Expected Loss Model,"Risk Segments, Cohorts & Groupings",Party or Agreement,PARTY_CLASSIFICATION; RISK_GRADE_VALUE; RISK_GRADE_SCHEME
Risk Management & Regulation,Modelling and Predictiions,Credit Risk Expected Loss Model,"Provisions, Losses & Writeoffs",Party or Agreement,AGREEMENT_RISK_METRIC; PROVISION; WRITE_OFF; LOSS_EVENT
Risk Management & Regulation,Modelling and Predictiions,Credit Risk Expected Loss Model,Financial Transactions,Event,MONETARY_TRANSACTION; TRANSACTION_TYPE; FINANCIAL_TRANSACTION; PAYMENT
Risk Management & Regulation,Modelling and Predictiions,Credit Risk Expected Loss Model,Offline Customer Interactions - Branch,Event,DIRECT_CONTACT_EVENT; BRANCH_VISIT_EVENT; CHANNEL_INSTANCE
Risk Management & Regulation,Modelling and Predictiions,Credit Risk Expected Loss Model,Offline Customer Interactions - Call Centre,Event,DIRECT_CONTACT_EVENT; CALL_EVENT; CHANNEL_INSTANCE
Risk Management & Regulation,Modelling and Predictiions,Credit Risk Expected Loss Model,Offline Customer Interactions - letters,Event,DIRECT_CONTACT_EVENT; CORRESPONDENCE_EVENT; DOCUMENT
Risk Management & Regulation,Modelling and Predictiions,Credit Risk Expected Loss Model,Offline Customer Interactions - sms text,Event,DIRECT_CONTACT_EVENT; SMS_EVENT; ELECTRONIC_ADDRESS
Risk Management & Regulation,Modelling and Predictiions,Credit Risk Expected Loss Model,Online Interactions -  webchat (internal & external),Event,WEB_VISIT; WEB_PAGE_VIEW; ONLINE_INTERACTION_EVENT
Risk Management & Regulation,Modelling and Predictiions,Credit Risk Expected Loss Model,Online Interactions customer digital banking site (web log),Event,WEB_VISIT; WEB_PAGE_VIEW; EXTENDED_SESSION_INFORMATION; ONLINE_APPLICATION_ACCESS
Risk Management & Regulation,Modelling and Predictiions,Credit Risk Expected Loss Model,Online Interactions customer general banking site,Event,WEB_VISIT; WEB_PAGE_VIEW; ONLINE_INTERACTION_EVENT
Risk Management & Regulation,Modelling and Predictiions,Credit Risk Expected Loss Model,Online Interactions email - customer & employee,Event,DIRECT_CONTACT_EVENT; EMAIL_EVENT; ELECTRONIC_ADDRESS
Risk Management & Regulation,Modelling and Predictiions,Credit Risk Expected Loss Model,Online Interactions mobile app,Event,WEB_VISIT; WEB_PAGE_VIEW; MOBILE_APP_EVENT; CHANNEL_INSTANCE
Risk Management & Regulation,Modelling and Predictiions,Credit Risk Expected Loss Model,"Case History (Fraud, Money Laundering, Complaint)",Event,CASE; CASE_EVENT; CASE_PARTY_ROLE; FRAUD_CASE
Risk Management & Regulation,Modelling and Predictiions,Credit Risk Expected Loss Model,Claims,Event,CLAIM; CLAIM_STATUS; CLAIM_PARTY_ROLE; CLAIM_PAYMENT
Risk Management & Regulation,Modelling and Predictiions,Credit Risk Expected Loss Model,Defaults & Limit Breaches,Event,AGREEMENT_STATUS; DEFAULT_EVENT; LIMIT_BREACH_EVENT; AGREEMENT_RISK_METRIC
Risk Management & Regulation,Modelling and Predictiions,Credit Risk Expected Loss Model,Closed Loop Outcomes / Channel Responses,Event,CAMPAIGN_RESPONSE; CAMPAIGN_OFFER_RESPONSE; DIRECT_CONTACT_EVENT
Risk Management & Regulation,Modelling and Predictiions,Credit Risk Expected Loss Model,External Data - Corporate Actions,Event,CORPORATE_ACTION; INVESTMENT_PRODUCT
Risk Management & Regulation,Modelling and Predictiions,Credit Risk Expected Loss Model,Customer interview / fact find,Event or Cross Subject - Document,DOCUMENT; SURVEY; SURVEY_QUESTION_RESPONSE; PARTY_DOCUMENT
Risk Management & Regulation,Modelling and Predictiions,Credit Risk Expected Loss Model,Physical Assets,Party Asset,PARTY_ASSET; FIXED_ASSET; REAL_PROPERTY
Risk Management & Regulation,Modelling and Predictiions,Credit Risk Expected Loss Model,Physical Asset Valuations,Party Asset,PARTY_ASSET_VALUATION; COLLATERAL_VALUATION; REAL_PROPERTY_VALUATION
Risk Management & Regulation,Modelling and Predictiions,Credit Risk Expected Loss Model,Master & Reference Data - organisation hierarchy,Internal Organisation,ORGANIZATION; INTERNAL_ORGANIZATION_UNIT; ORGANIZATION_UNIT_RELATIONSHIP; ORGANIZATION_BUSINESS_TYPE
Risk Management & Regulation,Modelling and Predictiions,Credit Risk Expected Loss Model,Master & Reference Data - Campaign,Campaign,CAMPAIGN; CAMPAIGN_TYPE; CAMPAIGN_STATUS; CAMPAIGN_WAVE
Risk Management & Regulation,Modelling and Predictiions,Credit Risk Expected Loss Model,Master & Reference Data - Channel,Channel,CHANNEL_TYPE; CHANNEL_INSTANCE; CHANNEL_CLASSIFICATION
Risk Management & Regulation,Modelling and Predictiions,Credit Risk Expected Loss Model,Finance Systems - General Ledger,Finance,Not mapped
Risk Management & Regulation,Modelling and Predictiions,Credit Risk Expected Loss Model,"Model Metadata (E.g. defintion, assumptions, metrics)",Analytical Model,ANALYTICAL_MODEL; MODEL_RUN; MODEL_PARAMETER
Risk Management & Regulation,Modelling and Predictiions,Credit Risk Expected Loss Model,Risk Scenario & Stress Testing Results,Analytical Model,RISK_CALCULATION_SCENARIO; RISK_SCENARIO_RESULT; STRESS_TEST_RESULT
Risk Management & Regulation,Modelling and Predictiions,Credit Risk Expected Loss Model,"Documents - Structured Data Capture (Survey, Application Forms)",Cross Subject - Document,DOCUMENT; DOCUMENT_TYPE; SURVEY; APPLICATION
Risk Management & Regulation,Modelling and Predictiions,Credit Risk Expected Loss Model,Text Data,Cross Subject - Document,DOCUMENT; TEXT_CONTENT; DIGITAL_CONTENT
Risk Management & Regulation,Modelling and Predictiions,Credit Risk Expected Loss Model,External Data - News / Industry Feeds E.g. Reuters,Cross Subject - Document,DOCUMENT; NEWS_FEED; MARKET_INDEX
Risk Management & Regulation,Modelling and Predictiions,Credit Risk Expected Loss Model,Master & Reference Data - Risk Policy Rules,Cross Subject - Document,RISK_GRADE_SCHEME; RISK_GRADE_VALUE; RISK_POLICY; BUSINESS_RULE
Risk Management & Regulation,Modelling and Predictiions,Credit Risk Expected Loss Model,External Data - Fraud Watch Lists,Cross Subject - Watch List,WATCH_LIST; WATCH_LIST_ENTRY; PARTY_WATCH_LIST_CHECK
Risk Management & Regulation,Modelling and Predictiions,Credit Risk Underwriting/Monitoring Strategy Model,Single Customer View (Master Record),Party,PARTY; INDIVIDUAL; ORGANIZATION; HOUSEHOLD; PARTY_RELATIONSHIP; PARTY_IDENTIFICATION
Risk Management & Regulation,Modelling and Predictiions,Credit Risk Underwriting/Monitoring Strategy Model,KYC Data,Party,PARTY_IDENTIFICATION; PARTY_CLASSIFICATION; PARTY_IDENTITY_DOCUMENT; PARTY_COMPLIANCE_VERIFICATION
Risk Management & Regulation,Modelling and Predictiions,Credit Risk Underwriting/Monitoring Strategy Model,Customer Demographics,Party,INDIVIDUAL; PARTY_DEMOGRAPHIC; PARTY_CLASSIFICATION; PARTY_PREFERENCE
Risk Management & Regulation,Modelling and Predictiions,Credit Risk Underwriting/Monitoring Strategy Model,Customer Attitudinal Data,Party,PARTY_PREFERENCE; PARTY_CLASSIFICATION; PARTY_SURVEY_RESPONSE
Risk Management & Regulation,Modelling and Predictiions,Credit Risk Underwriting/Monitoring Strategy Model,Customer Segments,Party,PARTY_CLASSIFICATION; PARTY_SEGMENT; PARTY_CLASSIFICATION_VALUE
Risk Management & Regulation,Modelling and Predictiions,Credit Risk Underwriting/Monitoring Strategy Model,Customer Contact Preferences,Party,PARTY_PREFERENCE; PARTY_CONTACT_POINT; ELECTRONIC_ADDRESS; POSTAL_ADDRESS
Risk Management & Regulation,Modelling and Predictiions,Credit Risk Underwriting/Monitoring Strategy Model,Customer Marketing Preferences,Party,PARTY_PREFERENCE; PARTY_MARKETING_PREFERENCE; PARTY_CONSENT
Risk Management & Regulation,Modelling and Predictiions,Credit Risk Underwriting/Monitoring Strategy Model,Customer Satisfaction Measurement (E.g. NPS),Party,PARTY_SURVEY_RESPONSE; SURVEY; SURVEY_QUESTION_RESPONSE
Risk Management & Regulation,Modelling and Predictiions,Credit Risk Underwriting/Monitoring Strategy Model,Legal Actions,Party,PARTY_LEGAL_ACTION; LEGAL_ACTION; PARTY_LITIGATION
Risk Management & Regulation,Modelling and Predictiions,Credit Risk Underwriting/Monitoring Strategy Model,External Data - Social Media Data,Party,SOCIAL_MEDIA_ACCOUNT; SOCIAL_MEDIA_TRANSFER; SOCIAL_MEDIA_POST
Risk Management & Regulation,Modelling and Predictiions,Credit Risk Underwriting/Monitoring Strategy Model,External Data - Bureau data,Party,PARTY_CREDIT_BUREAU_REPORT; CREDIT_BUREAU_SCORE; PARTY_EXTERNAL_RATING
Risk Management & Regulation,Modelling and Predictiions,Credit Risk Underwriting/Monitoring Strategy Model,External Data - Credit Rating,Party,PARTY_EXTERNAL_RATING; PARTY_LIABILITY_CREDIT_RATING; CREDIT_BUREAU_SCORE
Risk Management & Regulation,Modelling and Predictiions,Credit Risk Underwriting/Monitoring Strategy Model,"External Economic Data (E.g. Property Prices, Salary)",Party,ECONOMIC_INDEX; ECONOMIC_INDEX_VALUE; MARKET_INDEX; MARKET_INDEX_VALUE
Risk Management & Regulation,Modelling and Predictiions,Credit Risk Underwriting/Monitoring Strategy Model,Master & Reference Data - geography / location,Location,GEOGRAPHICAL_AREA; GEOGRAPHICAL_UNIT; SITE; POSTAL_ADDRESS
Risk Management & Regulation,Modelling and Predictiions,Credit Risk Underwriting/Monitoring Strategy Model,Master & Reference Data - product,Product,Not mapped
Risk Management & Regulation,Modelling and Predictiions,Credit Risk Underwriting/Monitoring Strategy Model,Master & Reference Data - exchange rates,Product,CURRENCY; CURRENCY_EXCHANGE_RATE; CURRENCY_PAIR
Risk Management & Regulation,Modelling and Predictiions,Credit Risk Underwriting/Monitoring Strategy Model,Account / Policy / Service Holdings,Agreement,AGREEMENT; PARTY_AGREEMENT_ROLE; AGREEMENT_PARTY_ROLE; AGREEMENT_RELATIONSHIP
Risk Management & Regulation,Modelling and Predictiions,Credit Risk Underwriting/Monitoring Strategy Model,Account / Policy / Service Detail,Agreement,AGREEMENT; LOAN_TERM_AGREEMENT; DEPOSIT_AGREEMENT; INSURANCE_AGREEMENT; CREDIT_CARD_AGREEMENT
Risk Management & Regulation,Modelling and Predictiions,Credit Risk Underwriting/Monitoring Strategy Model,Account Status (open closed active / domant /inactive / closure reason ),Agreement,AGREEMENT; AGREEMENT_STATUS; AGREEMENT_STATUS_HISTORY
Risk Management & Regulation,Modelling and Predictiions,Credit Risk Underwriting/Monitoring Strategy Model,Account Terms & Conditions,Agreement,AGREEMENT; AGREEMENT_CONDITION; AGREEMENT_TERM
Risk Management & Regulation,Modelling and Predictiions,Credit Risk Underwriting/Monitoring Strategy Model,"Application Data (New Customer, New Product)",Agreement,APPLICATION; APPLICATION_STATUS; APPLICATION_PARTY_ROLE
Risk Management & Regulation,Modelling and Predictiions,Credit Risk Underwriting/Monitoring Strategy Model,Coverage (insurance),Agreement,INSURANCE_COVERAGE; INSURANCE_AGREEMENT; COVERAGE_TYPE
Risk Management & Regulation,Modelling and Predictiions,Credit Risk Underwriting/Monitoring Strategy Model,Account Balances,Agreement,AGREEMENT_SUMMARY; BALANCE_SUMMARY; AGREEMENT_BALANCE
Risk Management & Regulation,Modelling and Predictiions,Credit Risk Underwriting/Monitoring Strategy Model,Market / Trading Book Positions,Agreement,TRADE_ORDER; TRADE_EXECUTION; TRADING_POSITION
Risk Management & Regulation,Modelling and Predictiions,Credit Risk Underwriting/Monitoring Strategy Model,Mark to market valuations,Agreement,INVESTMENT_PRODUCT_PRICE; MARKET_INDEX_VALUE; AGREEMENT_VALUATION
Risk Management & Regulation,Modelling and Predictiions,Credit Risk Underwriting/Monitoring Strategy Model,Account Maturity Dates & Repricing Schedules,Agreement,AGREEMENT; AGREEMENT_TERM; AGREEMENT_REPRICING_SCHEDULE
Risk Management & Regulation,Modelling and Predictiions,Credit Risk Underwriting/Monitoring Strategy Model,Account Repayment Schedules,Agreement,AGREEMENT_REPAYMENT_SCHEDULE; LOAN_TERM_AGREEMENT
Risk Management & Regulation,Modelling and Predictiions,Credit Risk Underwriting/Monitoring Strategy Model,Collateral Agreements,Agreement,COLLATERAL_AGREEMENT; COLLATERAL; COLLATERAL_VALUATION; PARTY_ASSET
Risk Management & Regulation,Modelling and Predictiions,Credit Risk Underwriting/Monitoring Strategy Model,Risk Exposures,Agreement,AGREEMENT_RISK_METRIC; RISK_EXPOSURE; CREDIT_RISK_SUMMARY
Risk Management & Regulation,Modelling and Predictiions,Credit Risk Underwriting/Monitoring Strategy Model,Account Limits,Cross Subject  -  Limits,AGREEMENT_LIMIT; LIMIT; PARTY_LIMIT
Risk Management & Regulation,Modelling and Predictiions,Credit Risk Underwriting/Monitoring Strategy Model,"Risk Segments, Cohorts & Groupings",Party or Agreement,PARTY_CLASSIFICATION; RISK_GRADE_VALUE; RISK_GRADE_SCHEME
Risk Management & Regulation,Modelling and Predictiions,Credit Risk Underwriting/Monitoring Strategy Model,"Provisions, Losses & Writeoffs",Party or Agreement,AGREEMENT_RISK_METRIC; PROVISION; WRITE_OFF; LOSS_EVENT
Risk Management & Regulation,Modelling and Predictiions,Credit Risk Underwriting/Monitoring Strategy Model,Financial Transactions,Event,MONETARY_TRANSACTION; TRANSACTION_TYPE; FINANCIAL_TRANSACTION; PAYMENT
Risk Management & Regulation,Modelling and Predictiions,Credit Risk Underwriting/Monitoring Strategy Model,Offline Customer Interactions - Branch,Event,DIRECT_CONTACT_EVENT; BRANCH_VISIT_EVENT; CHANNEL_INSTANCE
Risk Management & Regulation,Modelling and Predictiions,Credit Risk Underwriting/Monitoring Strategy Model,Offline Customer Interactions - Call Centre,Event,DIRECT_CONTACT_EVENT; CALL_EVENT; CHANNEL_INSTANCE
Risk Management & Regulation,Modelling and Predictiions,Credit Risk Underwriting/Monitoring Strategy Model,Offline Customer Interactions - letters,Event,DIRECT_CONTACT_EVENT; CORRESPONDENCE_EVENT; DOCUMENT
Risk Management & Regulation,Modelling and Predictiions,Credit Risk Underwriting/Monitoring Strategy Model,Offline Customer Interactions - sms text,Event,DIRECT_CONTACT_EVENT; SMS_EVENT; ELECTRONIC_ADDRESS
Risk Management & Regulation,Modelling and Predictiions,Credit Risk Underwriting/Monitoring Strategy Model,Online Interactions -  webchat (internal & external),Event,WEB_VISIT; WEB_PAGE_VIEW; ONLINE_INTERACTION_EVENT
Risk Management & Regulation,Modelling and Predictiions,Credit Risk Underwriting/Monitoring Strategy Model,Online Interactions customer digital banking site (web log),Event,WEB_VISIT; WEB_PAGE_VIEW; EXTENDED_SESSION_INFORMATION; ONLINE_APPLICATION_ACCESS
Risk Management & Regulation,Modelling and Predictiions,Credit Risk Underwriting/Monitoring Strategy Model,Online Interactions customer general banking site,Event,WEB_VISIT; WEB_PAGE_VIEW; ONLINE_INTERACTION_EVENT
Risk Management & Regulation,Modelling and Predictiions,Credit Risk Underwriting/Monitoring Strategy Model,Online Interactions email - customer & employee,Event,DIRECT_CONTACT_EVENT; EMAIL_EVENT; ELECTRONIC_ADDRESS
Risk Management & Regulation,Modelling and Predictiions,Credit Risk Underwriting/Monitoring Strategy Model,Online Interactions mobile app,Event,WEB_VISIT; WEB_PAGE_VIEW; MOBILE_APP_EVENT; CHANNEL_INSTANCE
Risk Management & Regulation,Modelling and Predictiions,Credit Risk Underwriting/Monitoring Strategy Model,"Case History (Fraud, Money Laundering, Complaint)",Event,CASE; CASE_EVENT; CASE_PARTY_ROLE; FRAUD_CASE
Risk Management & Regulation,Modelling and Predictiions,Credit Risk Underwriting/Monitoring Strategy Model,Claims,Event,CLAIM; CLAIM_STATUS; CLAIM_PARTY_ROLE; CLAIM_PAYMENT
Risk Management & Regulation,Modelling and Predictiions,Credit Risk Underwriting/Monitoring Strategy Model,Defaults & Limit Breaches,Event,AGREEMENT_STATUS; DEFAULT_EVENT; LIMIT_BREACH_EVENT; AGREEMENT_RISK_METRIC
Risk Management & Regulation,Modelling and Predictiions,Credit Risk Underwriting/Monitoring Strategy Model,Closed Loop Outcomes / Channel Responses,Event,CAMPAIGN_RESPONSE; CAMPAIGN_OFFER_RESPONSE; DIRECT_CONTACT_EVENT
Risk Management & Regulation,Modelling and Predictiions,Credit Risk Underwriting/Monitoring Strategy Model,External Data - Corporate Actions,Event,CORPORATE_ACTION; INVESTMENT_PRODUCT
Risk Management & Regulation,Modelling and Predictiions,Credit Risk Underwriting/Monitoring Strategy Model,Customer interview / fact find,Event or Cross Subject - Document,DOCUMENT; SURVEY; SURVEY_QUESTION_RESPONSE; PARTY_DOCUMENT
Risk Management & Regulation,Modelling and Predictiions,Credit Risk Underwriting/Monitoring Strategy Model,Physical Assets,Party Asset,PARTY_ASSET; FIXED_ASSET; REAL_PROPERTY
Risk Management & Regulation,Modelling and Predictiions,Credit Risk Underwriting/Monitoring Strategy Model,Physical Asset Valuations,Party Asset,PARTY_ASSET_VALUATION; COLLATERAL_VALUATION; REAL_PROPERTY_VALUATION
Risk Management & Regulation,Modelling and Predictiions,Credit Risk Underwriting/Monitoring Strategy Model,Master & Reference Data - organisation hierarchy,Internal Organisation,ORGANIZATION; INTERNAL_ORGANIZATION_UNIT; ORGANIZATION_UNIT_RELATIONSHIP; ORGANIZATION_BUSINESS_TYPE
Risk Management & Regulation,Modelling and Predictiions,Credit Risk Underwriting/Monitoring Strategy Model,Master & Reference Data - Campaign,Campaign,CAMPAIGN; CAMPAIGN_TYPE; CAMPAIGN_STATUS; CAMPAIGN_WAVE
Risk Management & Regulation,Modelling and Predictiions,Credit Risk Underwriting/Monitoring Strategy Model,Master & Reference Data - Channel,Channel,CHANNEL_TYPE; CHANNEL_INSTANCE; CHANNEL_CLASSIFICATION
Risk Management & Regulation,Modelling and Predictiions,Credit Risk Underwriting/Monitoring Strategy Model,"Model Metadata (E.g. defintion, assumptions, metrics)",Analytical Model,ANALYTICAL_MODEL; MODEL_RUN; MODEL_PARAMETER
Risk Management & Regulation,Modelling and Predictiions,Credit Risk Underwriting/Monitoring Strategy Model,Risk Scenario & Stress Testing Results,Analytical Model,RISK_CALCULATION_SCENARIO; RISK_SCENARIO_RESULT; STRESS_TEST_RESULT
Risk Management & Regulation,Modelling and Predictiions,Credit Risk Underwriting/Monitoring Strategy Model,"Documents - Structured Data Capture (Survey, Application Forms)",Cross Subject - Document,DOCUMENT; DOCUMENT_TYPE; SURVEY; APPLICATION
Risk Management & Regulation,Modelling and Predictiions,Credit Risk Underwriting/Monitoring Strategy Model,Text Data,Cross Subject - Document,DOCUMENT; TEXT_CONTENT; DIGITAL_CONTENT
Risk Management & Regulation,Modelling and Predictiions,Credit Risk Underwriting/Monitoring Strategy Model,External Data - News / Industry Feeds E.g. Reuters,Cross Subject - Document,DOCUMENT; NEWS_FEED; MARKET_INDEX
Risk Management & Regulation,Modelling and Predictiions,Credit Risk Underwriting/Monitoring Strategy Model,Master & Reference Data - Risk Policy Rules,Cross Subject - Document,RISK_GRADE_SCHEME; RISK_GRADE_VALUE; RISK_POLICY; BUSINESS_RULE
Risk Management & Regulation,Modelling and Predictiions,Credit Risk Underwriting/Monitoring Strategy Model,External Data - Fraud Watch Lists,Cross Subject - Watch List,WATCH_LIST; WATCH_LIST_ENTRY; PARTY_WATCH_LIST_CHECK
Risk Management & Regulation,Modelling and Predictiions,"Credit Risk Capital, CVaR Modelling",Single Customer View (Master Record),Party,PARTY; INDIVIDUAL; ORGANIZATION; HOUSEHOLD; PARTY_RELATIONSHIP; PARTY_IDENTIFICATION
Risk Management & Regulation,Modelling and Predictiions,"Credit Risk Capital, CVaR Modelling",Customer Demographics,Party,INDIVIDUAL; PARTY_DEMOGRAPHIC; PARTY_CLASSIFICATION; PARTY_PREFERENCE
Risk Management & Regulation,Modelling and Predictiions,"Credit Risk Capital, CVaR Modelling",Customer Segments,Party,PARTY_CLASSIFICATION; PARTY_SEGMENT; PARTY_CLASSIFICATION_VALUE
Risk Management & Regulation,Modelling and Predictiions,"Credit Risk Capital, CVaR Modelling",Legal Actions,Party,PARTY_LEGAL_ACTION; LEGAL_ACTION; PARTY_LITIGATION
Risk Management & Regulation,Modelling and Predictiions,"Credit Risk Capital, CVaR Modelling",External Data - Bureau data,Party,PARTY_CREDIT_BUREAU_REPORT; CREDIT_BUREAU_SCORE; PARTY_EXTERNAL_RATING
Risk Management & Regulation,Modelling and Predictiions,"Credit Risk Capital, CVaR Modelling",External Data - Credit Rating,Party,PARTY_EXTERNAL_RATING; PARTY_LIABILITY_CREDIT_RATING; CREDIT_BUREAU_SCORE
Risk Management & Regulation,Modelling and Predictiions,"Credit Risk Capital, CVaR Modelling",Master & Reference Data - geography / location,Location,GEOGRAPHICAL_AREA; GEOGRAPHICAL_UNIT; SITE; POSTAL_ADDRESS
Risk Management & Regulation,Modelling and Predictiions,"Credit Risk Capital, CVaR Modelling",Master & Reference Data - product,Product,Not mapped
Risk Management & Regulation,Modelling and Predictiions,"Credit Risk Capital, CVaR Modelling",Master & Reference Data - exchange rates,Product,CURRENCY; CURRENCY_EXCHANGE_RATE; CURRENCY_PAIR
Risk Management & Regulation,Modelling and Predictiions,"Credit Risk Capital, CVaR Modelling","Product Revenue, Cost & Margin",Product,PRODUCT; PRODUCT_PRICING; PRODUCT_COST; AGREEMENT_SUMMARY
Risk Management & Regulation,Modelling and Predictiions,"Credit Risk Capital, CVaR Modelling",Product NPV's,Product,PRODUCT; PRODUCT_VALUATION; AGREEMENT_SUMMARY
Risk Management & Regulation,Modelling and Predictiions,"Credit Risk Capital, CVaR Modelling","External Data - market prices (E.g. equities, bonds, commodities)",Product,MARKET_INDEX; MARKET_INDEX_VALUE; INVESTMENT_PRODUCT; INVESTMENT_PRODUCT_PRICE
Risk Management & Regulation,Modelling and Predictiions,"Credit Risk Capital, CVaR Modelling",Account / Policy / Service Holdings,Agreement,AGREEMENT; PARTY_AGREEMENT_ROLE; AGREEMENT_PARTY_ROLE; AGREEMENT_RELATIONSHIP
Risk Management & Regulation,Modelling and Predictiions,"Credit Risk Capital, CVaR Modelling",Account / Policy / Service Detail,Agreement,AGREEMENT; LOAN_TERM_AGREEMENT; DEPOSIT_AGREEMENT; INSURANCE_AGREEMENT; CREDIT_CARD_AGREEMENT
Risk Management & Regulation,Modelling and Predictiions,"Credit Risk Capital, CVaR Modelling",Account Status (open closed active / domant /inactive / closure reason ),Agreement,AGREEMENT; AGREEMENT_STATUS; AGREEMENT_STATUS_HISTORY
Risk Management & Regulation,Modelling and Predictiions,"Credit Risk Capital, CVaR Modelling",Account Terms & Conditions,Agreement,AGREEMENT; AGREEMENT_CONDITION; AGREEMENT_TERM
Risk Management & Regulation,Modelling and Predictiions,"Credit Risk Capital, CVaR Modelling",Coverage (insurance),Agreement,INSURANCE_COVERAGE; INSURANCE_AGREEMENT; COVERAGE_TYPE
Risk Management & Regulation,Modelling and Predictiions,"Credit Risk Capital, CVaR Modelling",Account Balances,Agreement,AGREEMENT_SUMMARY; BALANCE_SUMMARY; AGREEMENT_BALANCE
Risk Management & Regulation,Modelling and Predictiions,"Credit Risk Capital, CVaR Modelling",Market / Trading Book Positions,Agreement,TRADE_ORDER; TRADE_EXECUTION; TRADING_POSITION
Risk Management & Regulation,Modelling and Predictiions,"Credit Risk Capital, CVaR Modelling",Mark to market valuations,Agreement,INVESTMENT_PRODUCT_PRICE; MARKET_INDEX_VALUE; AGREEMENT_VALUATION
Risk Management & Regulation,Modelling and Predictiions,"Credit Risk Capital, CVaR Modelling",Account Maturity Dates & Repricing Schedules,Agreement,AGREEMENT; AGREEMENT_TERM; AGREEMENT_REPRICING_SCHEDULE
Risk Management & Regulation,Modelling and Predictiions,"Credit Risk Capital, CVaR Modelling",Account Repayment Schedules,Agreement,AGREEMENT_REPAYMENT_SCHEDULE; LOAN_TERM_AGREEMENT
Risk Management & Regulation,Modelling and Predictiions,"Credit Risk Capital, CVaR Modelling",Collateral Agreements,Agreement,COLLATERAL_AGREEMENT; COLLATERAL; COLLATERAL_VALUATION; PARTY_ASSET
Risk Management & Regulation,Modelling and Predictiions,"Credit Risk Capital, CVaR Modelling",Risk Exposures,Agreement,AGREEMENT_RISK_METRIC; RISK_EXPOSURE; CREDIT_RISK_SUMMARY
Risk Management & Regulation,Modelling and Predictiions,"Credit Risk Capital, CVaR Modelling",Account Limits,Cross Subject  -  Limits,AGREEMENT_LIMIT; LIMIT; PARTY_LIMIT
Risk Management & Regulation,Modelling and Predictiions,"Credit Risk Capital, CVaR Modelling",Predictive Models - risk,Party or Agreement,ANALYTICAL_MODEL; MODEL_RUN; MODEL_SCORE; PARTY_LIABILITY_CREDIT_RATING
Risk Management & Regulation,Modelling and Predictiions,"Credit Risk Capital, CVaR Modelling","Risk Segments, Cohorts & Groupings",Party or Agreement,PARTY_CLASSIFICATION; RISK_GRADE_VALUE; RISK_GRADE_SCHEME
Risk Management & Regulation,Modelling and Predictiions,"Credit Risk Capital, CVaR Modelling","Provisions, Losses & Writeoffs",Party or Agreement,AGREEMENT_RISK_METRIC; PROVISION; WRITE_OFF; LOSS_EVENT
Risk Management & Regulation,Modelling and Predictiions,"Credit Risk Capital, CVaR Modelling",Claims,Event,CLAIM; CLAIM_STATUS; CLAIM_PARTY_ROLE; CLAIM_PAYMENT
Risk Management & Regulation,Modelling and Predictiions,"Credit Risk Capital, CVaR Modelling",Defaults & Limit Breaches,Event,AGREEMENT_STATUS; DEFAULT_EVENT; LIMIT_BREACH_EVENT; AGREEMENT_RISK_METRIC
Risk Management & Regulation,Modelling and Predictiions,"Credit Risk Capital, CVaR Modelling",Physical Assets,Party Asset,PARTY_ASSET; FIXED_ASSET; REAL_PROPERTY
Risk Management & Regulation,Modelling and Predictiions,"Credit Risk Capital, CVaR Modelling",Physical Asset Valuations,Party Asset,PARTY_ASSET_VALUATION; COLLATERAL_VALUATION; REAL_PROPERTY_VALUATION
Risk Management & Regulation,Modelling and Predictiions,"Credit Risk Capital, CVaR Modelling",Master & Reference Data - organisation hierarchy,Internal Organisation,ORGANIZATION; INTERNAL_ORGANIZATION_UNIT; ORGANIZATION_UNIT_RELATIONSHIP; ORGANIZATION_BUSINESS_TYPE
Risk Management & Regulation,Modelling and Predictiions,"Credit Risk Capital, CVaR Modelling","Model Metadata (E.g. defintion, assumptions, metrics)",Analytical Model,ANALYTICAL_MODEL; MODEL_RUN; MODEL_PARAMETER
Risk Management & Regulation,Modelling and Predictiions,"Credit Risk Capital, CVaR Modelling",Risk Scenario & Stress Testing Results,Analytical Model,RISK_CALCULATION_SCENARIO; RISK_SCENARIO_RESULT; STRESS_TEST_RESULT
Risk Management & Regulation,Modelling and Predictiions,"Credit Risk Capital, CVaR Modelling",Master & Reference Data - Risk Policy Rules,Cross Subject - Document,RISK_GRADE_SCHEME; RISK_GRADE_VALUE; RISK_POLICY; BUSINESS_RULE
Risk Management & Regulation,Modelling and Predictiions,Credit Risk Based Pricing Model,Single Customer View (Master Record),Party,PARTY; INDIVIDUAL; ORGANIZATION; HOUSEHOLD; PARTY_RELATIONSHIP; PARTY_IDENTIFICATION
Risk Management & Regulation,Modelling and Predictiions,Credit Risk Based Pricing Model,KYC Data,Party,PARTY_IDENTIFICATION; PARTY_CLASSIFICATION; PARTY_IDENTITY_DOCUMENT; PARTY_COMPLIANCE_VERIFICATION
Risk Management & Regulation,Modelling and Predictiions,Credit Risk Based Pricing Model,Customer Demographics,Party,INDIVIDUAL; PARTY_DEMOGRAPHIC; PARTY_CLASSIFICATION; PARTY_PREFERENCE
Risk Management & Regulation,Modelling and Predictiions,Credit Risk Based Pricing Model,Customer Attitudinal Data,Party,PARTY_PREFERENCE; PARTY_CLASSIFICATION; PARTY_SURVEY_RESPONSE
Risk Management & Regulation,Modelling and Predictiions,Credit Risk Based Pricing Model,Customer Segments,Party,PARTY_CLASSIFICATION; PARTY_SEGMENT; PARTY_CLASSIFICATION_VALUE
Risk Management & Regulation,Modelling and Predictiions,Credit Risk Based Pricing Model,Customer Contact Preferences,Party,PARTY_PREFERENCE; PARTY_CONTACT_POINT; ELECTRONIC_ADDRESS; POSTAL_ADDRESS
Risk Management & Regulation,Modelling and Predictiions,Credit Risk Based Pricing Model,Customer Marketing Preferences,Party,PARTY_PREFERENCE; PARTY_MARKETING_PREFERENCE; PARTY_CONSENT
Risk Management & Regulation,Modelling and Predictiions,Credit Risk Based Pricing Model,Customer Satisfaction Measurement (E.g. NPS),Party,PARTY_SURVEY_RESPONSE; SURVEY; SURVEY_QUESTION_RESPONSE
Risk Management & Regulation,Modelling and Predictiions,Credit Risk Based Pricing Model,Economic Forecast Data,Party,ECONOMIC_INDEX; ECONOMIC_INDEX_VALUE; MARKET_INDEX
Risk Management & Regulation,Modelling and Predictiions,Credit Risk Based Pricing Model,Legal Actions,Party,PARTY_LEGAL_ACTION; LEGAL_ACTION; PARTY_LITIGATION
Risk Management & Regulation,Modelling and Predictiions,Credit Risk Based Pricing Model,External Prospect Data / Lists,Party,PARTY; PROSPECT; PARTY_LIST; PARTY_LIST_MEMBERSHIP
Risk Management & Regulation,Modelling and Predictiions,Credit Risk Based Pricing Model,External Data - Social Media Data,Party,SOCIAL_MEDIA_ACCOUNT; SOCIAL_MEDIA_TRANSFER; SOCIAL_MEDIA_POST
Risk Management & Regulation,Modelling and Predictiions,Credit Risk Based Pricing Model,External Data - Bureau data,Party,PARTY_CREDIT_BUREAU_REPORT; CREDIT_BUREAU_SCORE; PARTY_EXTERNAL_RATING
Risk Management & Regulation,Modelling and Predictiions,Credit Risk Based Pricing Model,External Data - Credit Rating,Party,PARTY_EXTERNAL_RATING; PARTY_LIABILITY_CREDIT_RATING; CREDIT_BUREAU_SCORE
Risk Management & Regulation,Modelling and Predictiions,Credit Risk Based Pricing Model,"External Economic Data (E.g. Property Prices, Salary)",Party,ECONOMIC_INDEX; ECONOMIC_INDEX_VALUE; MARKET_INDEX; MARKET_INDEX_VALUE
Risk Management & Regulation,Modelling and Predictiions,Credit Risk Based Pricing Model,"Sales and Performance Forecasts, Targets & KPIs",Party,PERFORMANCE_METRIC; PERFORMANCE_TARGET; ORGANIZATION_PERFORMANCE
Risk Management & Regulation,Modelling and Predictiions,Credit Risk Based Pricing Model,Master & Reference Data - geography / location,Location,GEOGRAPHICAL_AREA; GEOGRAPHICAL_UNIT; SITE; POSTAL_ADDRESS
Risk Management & Regulation,Modelling and Predictiions,Credit Risk Based Pricing Model,Master & Reference Data - product,Product,Not mapped
Risk Management & Regulation,Modelling and Predictiions,Credit Risk Based Pricing Model,Master & Reference Data - FTP rates,Product,INTEREST_RATE; INTEREST_RATE_INDEX; PRODUCT_INTEREST_RATE
Risk Management & Regulation,Modelling and Predictiions,Credit Risk Based Pricing Model,Master & Reference Data - exchange rates,Product,CURRENCY; CURRENCY_EXCHANGE_RATE; CURRENCY_PAIR
Risk Management & Regulation,Modelling and Predictiions,Credit Risk Based Pricing Model,"Product Revenue, Cost & Margin",Product,PRODUCT; PRODUCT_PRICING; PRODUCT_COST; AGREEMENT_SUMMARY
Risk Management & Regulation,Modelling and Predictiions,Credit Risk Based Pricing Model,Product NPV's,Product,PRODUCT; PRODUCT_VALUATION; AGREEMENT_SUMMARY
Risk Management & Regulation,Modelling and Predictiions,Credit Risk Based Pricing Model,External Data - market interest rates,Product,INTEREST_RATE_INDEX; INTEREST_RATE; MARKET_INDEX; MARKET_INDEX_VALUE
Risk Management & Regulation,Modelling and Predictiions,Credit Risk Based Pricing Model,"External Data - market prices (E.g. equities, bonds, commodities)",Product,MARKET_INDEX; MARKET_INDEX_VALUE; INVESTMENT_PRODUCT; INVESTMENT_PRODUCT_PRICE
Risk Management & Regulation,Modelling and Predictiions,Credit Risk Based Pricing Model,External Data - Competitor Product & Pricing,Party & Product,PRODUCT; MARKET_INDEX
Risk Management & Regulation,Modelling and Predictiions,Credit Risk Based Pricing Model,Account / Policy / Service Holdings,Agreement,AGREEMENT; PARTY_AGREEMENT_ROLE; AGREEMENT_PARTY_ROLE; AGREEMENT_RELATIONSHIP
Risk Management & Regulation,Modelling and Predictiions,Credit Risk Based Pricing Model,Account / Policy / Service Detail,Agreement,AGREEMENT; LOAN_TERM_AGREEMENT; DEPOSIT_AGREEMENT; INSURANCE_AGREEMENT; CREDIT_CARD_AGREEMENT
Risk Management & Regulation,Modelling and Predictiions,Credit Risk Based Pricing Model,Account Status (open closed active / domant /inactive / closure reason ),Agreement,AGREEMENT; AGREEMENT_STATUS; AGREEMENT_STATUS_HISTORY
Risk Management & Regulation,Modelling and Predictiions,Credit Risk Based Pricing Model,Account Terms & Conditions,Agreement,AGREEMENT; AGREEMENT_CONDITION; AGREEMENT_TERM
Risk Management & Regulation,Modelling and Predictiions,Credit Risk Based Pricing Model,Account Feature Usage,Agreement,AGREEMENT_FEATURE; FEATURE; DESCRIPTIVE_FEATURE
Risk Management & Regulation,Modelling and Predictiions,Credit Risk Based Pricing Model,"Application Data (New Customer, New Product)",Agreement,APPLICATION; APPLICATION_STATUS; APPLICATION_PARTY_ROLE
Risk Management & Regulation,Modelling and Predictiions,Credit Risk Based Pricing Model,Coverage (insurance),Agreement,INSURANCE_COVERAGE; INSURANCE_AGREEMENT; COVERAGE_TYPE
Risk Management & Regulation,Modelling and Predictiions,Credit Risk Based Pricing Model,Account Balances,Agreement,AGREEMENT_SUMMARY; BALANCE_SUMMARY; AGREEMENT_BALANCE
Risk Management & Regulation,Modelling and Predictiions,Credit Risk Based Pricing Model,Market / Trading Book Positions,Agreement,TRADE_ORDER; TRADE_EXECUTION; TRADING_POSITION
Risk Management & Regulation,Modelling and Predictiions,Credit Risk Based Pricing Model,Mark to market valuations,Agreement,INVESTMENT_PRODUCT_PRICE; MARKET_INDEX_VALUE; AGREEMENT_VALUATION
Risk Management & Regulation,Modelling and Predictiions,Credit Risk Based Pricing Model,Cashflow Projections,Agreement,AGREEMENT_CASHFLOW; CASHFLOW_SCHEDULE; AGREEMENT_SUMMARY
Risk Management & Regulation,Modelling and Predictiions,Credit Risk Based Pricing Model,Account Maturity Dates & Repricing Schedules,Agreement,AGREEMENT; AGREEMENT_TERM; AGREEMENT_REPRICING_SCHEDULE
Risk Management & Regulation,Modelling and Predictiions,Credit Risk Based Pricing Model,Account Repayment Schedules,Agreement,AGREEMENT_REPAYMENT_SCHEDULE; LOAN_TERM_AGREEMENT
Risk Management & Regulation,Modelling and Predictiions,Credit Risk Based Pricing Model,Amortisation Schedules,Agreement,AGREEMENT_AMORTIZATION_SCHEDULE; LOAN_TERM_AGREEMENT
Risk Management & Regulation,Modelling and Predictiions,Credit Risk Based Pricing Model,Customer Illustrations,Agreement,DOCUMENT; PARTY_DOCUMENT
Risk Management & Regulation,Modelling and Predictiions,Credit Risk Based Pricing Model,Customer Quotes,Agreement,APPLICATION; QUOTE; DOCUMENT
Risk Management & Regulation,Modelling and Predictiions,Credit Risk Based Pricing Model,Collateral Agreements,Agreement,COLLATERAL_AGREEMENT; COLLATERAL; COLLATERAL_VALUATION; PARTY_ASSET
Risk Management & Regulation,Modelling and Predictiions,Credit Risk Based Pricing Model,Risk Exposures,Agreement,AGREEMENT_RISK_METRIC; RISK_EXPOSURE; CREDIT_RISK_SUMMARY
Risk Management & Regulation,Modelling and Predictiions,Credit Risk Based Pricing Model,Risk Weighted Assets & Capital Results,Agreement,AGREEMENT_RISK_METRIC; BANK_CAPITAL_SUMMARY; CAPITAL_REQUIREMENTS_SUMMARY
Risk Management & Regulation,Modelling and Predictiions,Credit Risk Based Pricing Model,Profitability Results,Agreement,AGREEMENT_SUMMARY; AGREEMENT_PROFITABILITY; PRODUCT_PROFITABILITY
Risk Management & Regulation,Modelling and Predictiions,Credit Risk Based Pricing Model,Account Limits,Cross Subject  -  Limits,AGREEMENT_LIMIT; LIMIT; PARTY_LIMIT
Risk Management & Regulation,Modelling and Predictiions,Credit Risk Based Pricing Model,Predictive Models - propensity to buy,Party or Agreement,ANALYTICAL_MODEL; MODEL_RUN; MODEL_SCORE; PARTY_MODEL_SCORE
Risk Management & Regulation,Modelling and Predictiions,Credit Risk Based Pricing Model,Predictive Models - attrition,Party or Agreement,ANALYTICAL_MODEL; MODEL_RUN; MODEL_SCORE; PARTY_MODEL_SCORE
Risk Management & Regulation,Modelling and Predictiions,Credit Risk Based Pricing Model,Attribution Models - response,Party or Agreement,ANALYTICAL_MODEL; MODEL_RUN; CAMPAIGN_RESPONSE
Risk Management & Regulation,Modelling and Predictiions,Credit Risk Based Pricing Model,Lead Foodchain data,Party or Agreement,OPPORTUNITY; OPPORTUNITY_STATUS; OPPORTUNITY_PARTY_ROLE
Risk Management & Regulation,Modelling and Predictiions,Credit Risk Based Pricing Model,Predictive Models - risk,Party or Agreement,ANALYTICAL_MODEL; MODEL_RUN; MODEL_SCORE; PARTY_LIABILITY_CREDIT_RATING
Risk Management & Regulation,Modelling and Predictiions,Credit Risk Based Pricing Model,"Risk Segments, Cohorts & Groupings",Party or Agreement,PARTY_CLASSIFICATION; RISK_GRADE_VALUE; RISK_GRADE_SCHEME
Risk Management & Regulation,Modelling and Predictiions,Credit Risk Based Pricing Model,"Provisions, Losses & Writeoffs",Party or Agreement,AGREEMENT_RISK_METRIC; PROVISION; WRITE_OFF; LOSS_EVENT
Risk Management & Regulation,Modelling and Predictiions,Credit Risk Based Pricing Model,Financial Transactions,Event,MONETARY_TRANSACTION; TRANSACTION_TYPE; FINANCIAL_TRANSACTION; PAYMENT
Risk Management & Regulation,Modelling and Predictiions,Credit Risk Based Pricing Model,"Account Fees, Commissions & Charges",Event,MONETARY_TRANSACTION; FEE_TRANSACTION; COMMISSION_TRANSACTION; AGREEMENT_FEE
Risk Management & Regulation,Modelling and Predictiions,Credit Risk Based Pricing Model,Service Usage,Event,CHANNEL_USAGE_METRIC; SERVICE_USAGE_EVENT; CHANNEL_INSTANCE
Risk Management & Regulation,Modelling and Predictiions,Credit Risk Based Pricing Model,Complaint Data,Event,COMPLAINT; COMPLAINT_STATUS; COMPLAINT_RESOLUTION
Risk Management & Regulation,Modelling and Predictiions,Credit Risk Based Pricing Model,Offline Customer Interactions - Branch,Event,DIRECT_CONTACT_EVENT; BRANCH_VISIT_EVENT; CHANNEL_INSTANCE
Risk Management & Regulation,Modelling and Predictiions,Credit Risk Based Pricing Model,Offline Customer Interactions - Call Centre,Event,DIRECT_CONTACT_EVENT; CALL_EVENT; CHANNEL_INSTANCE
Risk Management & Regulation,Modelling and Predictiions,Credit Risk Based Pricing Model,Offline Customer Interactions - letters,Event,DIRECT_CONTACT_EVENT; CORRESPONDENCE_EVENT; DOCUMENT
Risk Management & Regulation,Modelling and Predictiions,Credit Risk Based Pricing Model,Offline Customer Interactions - sms text,Event,DIRECT_CONTACT_EVENT; SMS_EVENT; ELECTRONIC_ADDRESS
Risk Management & Regulation,Modelling and Predictiions,Credit Risk Based Pricing Model,Online Interactions -  webchat (internal & external),Event,WEB_VISIT; WEB_PAGE_VIEW; ONLINE_INTERACTION_EVENT
Risk Management & Regulation,Modelling and Predictiions,Credit Risk Based Pricing Model,Online Interactions customer digital banking site (web log),Event,WEB_VISIT; WEB_PAGE_VIEW; EXTENDED_SESSION_INFORMATION; ONLINE_APPLICATION_ACCESS
Risk Management & Regulation,Modelling and Predictiions,Credit Risk Based Pricing Model,Online Interactions customer general banking site,Event,WEB_VISIT; WEB_PAGE_VIEW; ONLINE_INTERACTION_EVENT
Risk Management & Regulation,Modelling and Predictiions,Credit Risk Based Pricing Model,Online Interactions email - customer & employee,Event,DIRECT_CONTACT_EVENT; EMAIL_EVENT; ELECTRONIC_ADDRESS
Risk Management & Regulation,Modelling and Predictiions,Credit Risk Based Pricing Model,Online Interactions mobile app,Event,WEB_VISIT; WEB_PAGE_VIEW; MOBILE_APP_EVENT; CHANNEL_INSTANCE
Risk Management & Regulation,Modelling and Predictiions,Credit Risk Based Pricing Model,"Case History (Fraud, Money Laundering, Complaint)",Event,CASE; CASE_EVENT; CASE_PARTY_ROLE; FRAUD_CASE
Risk Management & Regulation,Modelling and Predictiions,Credit Risk Based Pricing Model,Claims,Event,CLAIM; CLAIM_STATUS; CLAIM_PARTY_ROLE; CLAIM_PAYMENT
Risk Management & Regulation,Modelling and Predictiions,Credit Risk Based Pricing Model,Defaults & Limit Breaches,Event,AGREEMENT_STATUS; DEFAULT_EVENT; LIMIT_BREACH_EVENT; AGREEMENT_RISK_METRIC
Risk Management & Regulation,Modelling and Predictiions,Credit Risk Based Pricing Model,Closed Loop Outcomes / Channel Responses,Event,CAMPAIGN_RESPONSE; CAMPAIGN_OFFER_RESPONSE; DIRECT_CONTACT_EVENT
Risk Management & Regulation,Modelling and Predictiions,Credit Risk Based Pricing Model,External Data - Corporate Actions,Event,CORPORATE_ACTION; INVESTMENT_PRODUCT
Risk Management & Regulation,Modelling and Predictiions,Credit Risk Based Pricing Model,Customer interview / fact find,Event or Cross Subject - Document,DOCUMENT; SURVEY; SURVEY_QUESTION_RESPONSE; PARTY_DOCUMENT
Risk Management & Regulation,Modelling and Predictiions,Credit Risk Based Pricing Model,Physical Assets,Party Asset,PARTY_ASSET; FIXED_ASSET; REAL_PROPERTY
Risk Management & Regulation,Modelling and Predictiions,Credit Risk Based Pricing Model,Physical Asset Valuations,Party Asset,PARTY_ASSET_VALUATION; COLLATERAL_VALUATION; REAL_PROPERTY_VALUATION
Risk Management & Regulation,Modelling and Predictiions,Credit Risk Based Pricing Model,Master & Reference Data - organisation hierarchy,Internal Organisation,ORGANIZATION; INTERNAL_ORGANIZATION_UNIT; ORGANIZATION_UNIT_RELATIONSHIP; ORGANIZATION_BUSINESS_TYPE
Risk Management & Regulation,Modelling and Predictiions,Credit Risk Based Pricing Model,Master & Reference Data - Campaign,Campaign,CAMPAIGN; CAMPAIGN_TYPE; CAMPAIGN_STATUS; CAMPAIGN_WAVE
Risk Management & Regulation,Modelling and Predictiions,Credit Risk Based Pricing Model,Master & Reference Data - Channel,Channel,CHANNEL_TYPE; CHANNEL_INSTANCE; CHANNEL_CLASSIFICATION
Risk Management & Regulation,Modelling and Predictiions,Credit Risk Based Pricing Model,"Model Metadata (E.g. defintion, assumptions, metrics)",Analytical Model,ANALYTICAL_MODEL; MODEL_RUN; MODEL_PARAMETER
Risk Management & Regulation,Modelling and Predictiions,Credit Risk Based Pricing Model,Risk Scenario & Stress Testing Results,Analytical Model,RISK_CALCULATION_SCENARIO; RISK_SCENARIO_RESULT; STRESS_TEST_RESULT
Risk Management & Regulation,Modelling and Predictiions,Credit Risk Based Pricing Model,"Documents - Structured Data Capture (Survey, Application Forms)",Cross Subject - Document,DOCUMENT; DOCUMENT_TYPE; SURVEY; APPLICATION
Risk Management & Regulation,Modelling and Predictiions,Credit Risk Based Pricing Model,Text Data,Cross Subject - Document,DOCUMENT; TEXT_CONTENT; DIGITAL_CONTENT
Risk Management & Regulation,Modelling and Predictiions,Credit Risk Based Pricing Model,External Data - News / Industry Feeds E.g. Reuters,Cross Subject - Document,DOCUMENT; NEWS_FEED; MARKET_INDEX
Risk Management & Regulation,Modelling and Predictiions,Credit Risk Based Pricing Model,Master & Reference Data - Risk Policy Rules,Cross Subject - Document,RISK_GRADE_SCHEME; RISK_GRADE_VALUE; RISK_POLICY; BUSINESS_RULE
Risk Management & Regulation,Modelling and Predictiions,Collection Score (Likelihood Model),Single Customer View (Master Record),Party,PARTY; INDIVIDUAL; ORGANIZATION; HOUSEHOLD; PARTY_RELATIONSHIP; PARTY_IDENTIFICATION
Risk Management & Regulation,Modelling and Predictiions,Collection Score (Likelihood Model),KYC Data,Party,PARTY_IDENTIFICATION; PARTY_CLASSIFICATION; PARTY_IDENTITY_DOCUMENT; PARTY_COMPLIANCE_VERIFICATION
Risk Management & Regulation,Modelling and Predictiions,Collection Score (Likelihood Model),Customer Demographics,Party,INDIVIDUAL; PARTY_DEMOGRAPHIC; PARTY_CLASSIFICATION; PARTY_PREFERENCE
Risk Management & Regulation,Modelling and Predictiions,Collection Score (Likelihood Model),Customer Attitudinal Data,Party,PARTY_PREFERENCE; PARTY_CLASSIFICATION; PARTY_SURVEY_RESPONSE
Risk Management & Regulation,Modelling and Predictiions,Collection Score (Likelihood Model),Customer Segments,Party,PARTY_CLASSIFICATION; PARTY_SEGMENT; PARTY_CLASSIFICATION_VALUE
Risk Management & Regulation,Modelling and Predictiions,Collection Score (Likelihood Model),Customer Contact Preferences,Party,PARTY_PREFERENCE; PARTY_CONTACT_POINT; ELECTRONIC_ADDRESS; POSTAL_ADDRESS
Risk Management & Regulation,Modelling and Predictiions,Collection Score (Likelihood Model),Customer Marketing Preferences,Party,PARTY_PREFERENCE; PARTY_MARKETING_PREFERENCE; PARTY_CONSENT
Risk Management & Regulation,Modelling and Predictiions,Collection Score (Likelihood Model),Customer Satisfaction Measurement (E.g. NPS),Party,PARTY_SURVEY_RESPONSE; SURVEY; SURVEY_QUESTION_RESPONSE
Risk Management & Regulation,Modelling and Predictiions,Collection Score (Likelihood Model),Economic Forecast Data,Party,ECONOMIC_INDEX; ECONOMIC_INDEX_VALUE; MARKET_INDEX
Risk Management & Regulation,Modelling and Predictiions,Collection Score (Likelihood Model),Legal Actions,Party,PARTY_LEGAL_ACTION; LEGAL_ACTION; PARTY_LITIGATION
Risk Management & Regulation,Modelling and Predictiions,Collection Score (Likelihood Model),External Data - Social Media Data,Party,SOCIAL_MEDIA_ACCOUNT; SOCIAL_MEDIA_TRANSFER; SOCIAL_MEDIA_POST
Risk Management & Regulation,Modelling and Predictiions,Collection Score (Likelihood Model),External Data - Bureau data,Party,PARTY_CREDIT_BUREAU_REPORT; CREDIT_BUREAU_SCORE; PARTY_EXTERNAL_RATING
Risk Management & Regulation,Modelling and Predictiions,Collection Score (Likelihood Model),External Data - Credit Rating,Party,PARTY_EXTERNAL_RATING; PARTY_LIABILITY_CREDIT_RATING; CREDIT_BUREAU_SCORE
Risk Management & Regulation,Modelling and Predictiions,Collection Score (Likelihood Model),"External Economic Data (E.g. Property Prices, Salary)",Party,ECONOMIC_INDEX; ECONOMIC_INDEX_VALUE; MARKET_INDEX; MARKET_INDEX_VALUE
Risk Management & Regulation,Modelling and Predictiions,Collection Score (Likelihood Model),Customer Core Contact Details,Location,PARTY_CONTACT_POINT; ELECTRONIC_ADDRESS; POSTAL_ADDRESS; TELEPHONE_NUMBER
Risk Management & Regulation,Modelling and Predictiions,Collection Score (Likelihood Model),Master & Reference Data - geography / location,Location,GEOGRAPHICAL_AREA; GEOGRAPHICAL_UNIT; SITE; POSTAL_ADDRESS
Risk Management & Regulation,Modelling and Predictiions,Collection Score (Likelihood Model),Master & Reference Data - product,Product,Not mapped
Risk Management & Regulation,Modelling and Predictiions,Collection Score (Likelihood Model),Master & Reference Data - exchange rates,Product,CURRENCY; CURRENCY_EXCHANGE_RATE; CURRENCY_PAIR
Risk Management & Regulation,Modelling and Predictiions,Collection Score (Likelihood Model),Account / Policy / Service Holdings,Agreement,AGREEMENT; PARTY_AGREEMENT_ROLE; AGREEMENT_PARTY_ROLE; AGREEMENT_RELATIONSHIP
Risk Management & Regulation,Modelling and Predictiions,Collection Score (Likelihood Model),Account / Policy / Service Detail,Agreement,AGREEMENT; LOAN_TERM_AGREEMENT; DEPOSIT_AGREEMENT; INSURANCE_AGREEMENT; CREDIT_CARD_AGREEMENT
Risk Management & Regulation,Modelling and Predictiions,Collection Score (Likelihood Model),Account Status (open closed active / domant /inactive / closure reason ),Agreement,AGREEMENT; AGREEMENT_STATUS; AGREEMENT_STATUS_HISTORY
Risk Management & Regulation,Modelling and Predictiions,Collection Score (Likelihood Model),Account Terms & Conditions,Agreement,AGREEMENT; AGREEMENT_CONDITION; AGREEMENT_TERM
Risk Management & Regulation,Modelling and Predictiions,Collection Score (Likelihood Model),Account Feature Usage,Agreement,AGREEMENT_FEATURE; FEATURE; DESCRIPTIVE_FEATURE
Risk Management & Regulation,Modelling and Predictiions,Collection Score (Likelihood Model),"Application Data (New Customer, New Product)",Agreement,APPLICATION; APPLICATION_STATUS; APPLICATION_PARTY_ROLE
Risk Management & Regulation,Modelling and Predictiions,Collection Score (Likelihood Model),Coverage (insurance),Agreement,INSURANCE_COVERAGE; INSURANCE_AGREEMENT; COVERAGE_TYPE
Risk Management & Regulation,Modelling and Predictiions,Collection Score (Likelihood Model),Account Balances,Agreement,AGREEMENT_SUMMARY; BALANCE_SUMMARY; AGREEMENT_BALANCE
Risk Management & Regulation,Modelling and Predictiions,Collection Score (Likelihood Model),Market / Trading Book Positions,Agreement,TRADE_ORDER; TRADE_EXECUTION; TRADING_POSITION
Risk Management & Regulation,Modelling and Predictiions,Collection Score (Likelihood Model),Mark to market valuations,Agreement,INVESTMENT_PRODUCT_PRICE; MARKET_INDEX_VALUE; AGREEMENT_VALUATION
Risk Management & Regulation,Modelling and Predictiions,Collection Score (Likelihood Model),Account Maturity Dates & Repricing Schedules,Agreement,AGREEMENT; AGREEMENT_TERM; AGREEMENT_REPRICING_SCHEDULE
Risk Management & Regulation,Modelling and Predictiions,Collection Score (Likelihood Model),Account Repayment Schedules,Agreement,AGREEMENT_REPAYMENT_SCHEDULE; LOAN_TERM_AGREEMENT
Risk Management & Regulation,Modelling and Predictiions,Collection Score (Likelihood Model),Collateral Agreements,Agreement,COLLATERAL_AGREEMENT; COLLATERAL; COLLATERAL_VALUATION; PARTY_ASSET
Risk Management & Regulation,Modelling and Predictiions,Collection Score (Likelihood Model),Risk Exposures,Agreement,AGREEMENT_RISK_METRIC; RISK_EXPOSURE; CREDIT_RISK_SUMMARY
Risk Management & Regulation,Modelling and Predictiions,Collection Score (Likelihood Model),Account Limits,Cross Subject  -  Limits,AGREEMENT_LIMIT; LIMIT; PARTY_LIMIT
Risk Management & Regulation,Modelling and Predictiions,Collection Score (Likelihood Model),"Risk Segments, Cohorts & Groupings",Party or Agreement,PARTY_CLASSIFICATION; RISK_GRADE_VALUE; RISK_GRADE_SCHEME
Risk Management & Regulation,Modelling and Predictiions,Collection Score (Likelihood Model),"Provisions, Losses & Writeoffs",Party or Agreement,AGREEMENT_RISK_METRIC; PROVISION; WRITE_OFF; LOSS_EVENT
Risk Management & Regulation,Modelling and Predictiions,Collection Score (Likelihood Model),Financial Transactions,Event,MONETARY_TRANSACTION; TRANSACTION_TYPE; FINANCIAL_TRANSACTION; PAYMENT
Risk Management & Regulation,Modelling and Predictiions,Collection Score (Likelihood Model),"Account Fees, Commissions & Charges",Event,MONETARY_TRANSACTION; FEE_TRANSACTION; COMMISSION_TRANSACTION; AGREEMENT_FEE
Risk Management & Regulation,Modelling and Predictiions,Collection Score (Likelihood Model),Service Usage,Event,CHANNEL_USAGE_METRIC; SERVICE_USAGE_EVENT; CHANNEL_INSTANCE
Risk Management & Regulation,Modelling and Predictiions,Collection Score (Likelihood Model),Complaint Data,Event,COMPLAINT; COMPLAINT_STATUS; COMPLAINT_RESOLUTION
Risk Management & Regulation,Modelling and Predictiions,Collection Score (Likelihood Model),Offline Customer Interactions - Branch,Event,DIRECT_CONTACT_EVENT; BRANCH_VISIT_EVENT; CHANNEL_INSTANCE
Risk Management & Regulation,Modelling and Predictiions,Collection Score (Likelihood Model),Offline Customer Interactions - Call Centre,Event,DIRECT_CONTACT_EVENT; CALL_EVENT; CHANNEL_INSTANCE
Risk Management & Regulation,Modelling and Predictiions,Collection Score (Likelihood Model),Offline Customer Interactions - letters,Event,DIRECT_CONTACT_EVENT; CORRESPONDENCE_EVENT; DOCUMENT
Risk Management & Regulation,Modelling and Predictiions,Collection Score (Likelihood Model),Offline Customer Interactions - sms text,Event,DIRECT_CONTACT_EVENT; SMS_EVENT; ELECTRONIC_ADDRESS
Risk Management & Regulation,Modelling and Predictiions,Collection Score (Likelihood Model),Online Interactions -  webchat (internal & external),Event,WEB_VISIT; WEB_PAGE_VIEW; ONLINE_INTERACTION_EVENT
Risk Management & Regulation,Modelling and Predictiions,Collection Score (Likelihood Model),Online Interactions customer digital banking site (web log),Event,WEB_VISIT; WEB_PAGE_VIEW; EXTENDED_SESSION_INFORMATION; ONLINE_APPLICATION_ACCESS
Risk Management & Regulation,Modelling and Predictiions,Collection Score (Likelihood Model),Online Interactions customer general banking site,Event,WEB_VISIT; WEB_PAGE_VIEW; ONLINE_INTERACTION_EVENT
Risk Management & Regulation,Modelling and Predictiions,Collection Score (Likelihood Model),Online Interactions email - customer & employee,Event,DIRECT_CONTACT_EVENT; EMAIL_EVENT; ELECTRONIC_ADDRESS
Risk Management & Regulation,Modelling and Predictiions,Collection Score (Likelihood Model),Online Interactions mobile app,Event,WEB_VISIT; WEB_PAGE_VIEW; MOBILE_APP_EVENT; CHANNEL_INSTANCE
Risk Management & Regulation,Modelling and Predictiions,Collection Score (Likelihood Model),"Case History (Fraud, Money Laundering, Complaint)",Event,CASE; CASE_EVENT; CASE_PARTY_ROLE; FRAUD_CASE
Risk Management & Regulation,Modelling and Predictiions,Collection Score (Likelihood Model),Claims,Event,CLAIM; CLAIM_STATUS; CLAIM_PARTY_ROLE; CLAIM_PAYMENT
Risk Management & Regulation,Modelling and Predictiions,Collection Score (Likelihood Model),Defaults & Limit Breaches,Event,AGREEMENT_STATUS; DEFAULT_EVENT; LIMIT_BREACH_EVENT; AGREEMENT_RISK_METRIC
Risk Management & Regulation,Modelling and Predictiions,Collection Score (Likelihood Model),Closed Loop Outcomes / Channel Responses,Event,CAMPAIGN_RESPONSE; CAMPAIGN_OFFER_RESPONSE; DIRECT_CONTACT_EVENT
Risk Management & Regulation,Modelling and Predictiions,Collection Score (Likelihood Model),External Data - Corporate Actions,Event,CORPORATE_ACTION; INVESTMENT_PRODUCT
Risk Management & Regulation,Modelling and Predictiions,Collection Score (Likelihood Model),Customer interview / fact find,Event or Cross Subject - Document,DOCUMENT; SURVEY; SURVEY_QUESTION_RESPONSE; PARTY_DOCUMENT
Risk Management & Regulation,Modelling and Predictiions,Collection Score (Likelihood Model),Physical Assets,Party Asset,PARTY_ASSET; FIXED_ASSET; REAL_PROPERTY
Risk Management & Regulation,Modelling and Predictiions,Collection Score (Likelihood Model),Physical Asset Valuations,Party Asset,PARTY_ASSET_VALUATION; COLLATERAL_VALUATION; REAL_PROPERTY_VALUATION
Risk Management & Regulation,Modelling and Predictiions,Collection Score (Likelihood Model),Master & Reference Data - organisation hierarchy,Internal Organisation,ORGANIZATION; INTERNAL_ORGANIZATION_UNIT; ORGANIZATION_UNIT_RELATIONSHIP; ORGANIZATION_BUSINESS_TYPE
Risk Management & Regulation,Modelling and Predictiions,Collection Score (Likelihood Model),Master & Reference Data - Channel,Channel,CHANNEL_TYPE; CHANNEL_INSTANCE; CHANNEL_CLASSIFICATION
Risk Management & Regulation,Modelling and Predictiions,Collection Score (Likelihood Model),"Model Metadata (E.g. defintion, assumptions, metrics)",Analytical Model,ANALYTICAL_MODEL; MODEL_RUN; MODEL_PARAMETER
Risk Management & Regulation,Modelling and Predictiions,Collection Score (Likelihood Model),Risk Scenario & Stress Testing Results,Analytical Model,RISK_CALCULATION_SCENARIO; RISK_SCENARIO_RESULT; STRESS_TEST_RESULT
Risk Management & Regulation,Modelling and Predictiions,Collection Score (Likelihood Model),"Documents - Structured Data Capture (Survey, Application Forms)",Cross Subject - Document,DOCUMENT; DOCUMENT_TYPE; SURVEY; APPLICATION
Risk Management & Regulation,Modelling and Predictiions,Collection Score (Likelihood Model),Text Data,Cross Subject - Document,DOCUMENT; TEXT_CONTENT; DIGITAL_CONTENT
Risk Management & Regulation,Modelling and Predictiions,Collection Score (Likelihood Model),External Data - News / Industry Feeds E.g. Reuters,Cross Subject - Document,DOCUMENT; NEWS_FEED; MARKET_INDEX
Risk Management & Regulation,Modelling and Predictiions,Collection Score (Likelihood Model),Master & Reference Data - Risk Policy Rules,Cross Subject - Document,RISK_GRADE_SCHEME; RISK_GRADE_VALUE; RISK_POLICY; BUSINESS_RULE
Risk Management & Regulation,Modelling and Predictiions,Expected Collection Amount,Single Customer View (Master Record),Party,PARTY; INDIVIDUAL; ORGANIZATION; HOUSEHOLD; PARTY_RELATIONSHIP; PARTY_IDENTIFICATION
Risk Management & Regulation,Modelling and Predictiions,Expected Collection Amount,KYC Data,Party,PARTY_IDENTIFICATION; PARTY_CLASSIFICATION; PARTY_IDENTITY_DOCUMENT; PARTY_COMPLIANCE_VERIFICATION
Risk Management & Regulation,Modelling and Predictiions,Expected Collection Amount,Customer Demographics,Party,INDIVIDUAL; PARTY_DEMOGRAPHIC; PARTY_CLASSIFICATION; PARTY_PREFERENCE
Risk Management & Regulation,Modelling and Predictiions,Expected Collection Amount,Customer Attitudinal Data,Party,PARTY_PREFERENCE; PARTY_CLASSIFICATION; PARTY_SURVEY_RESPONSE
Risk Management & Regulation,Modelling and Predictiions,Expected Collection Amount,Customer Segments,Party,PARTY_CLASSIFICATION; PARTY_SEGMENT; PARTY_CLASSIFICATION_VALUE
Risk Management & Regulation,Modelling and Predictiions,Expected Collection Amount,Customer Contact Preferences,Party,PARTY_PREFERENCE; PARTY_CONTACT_POINT; ELECTRONIC_ADDRESS; POSTAL_ADDRESS
Risk Management & Regulation,Modelling and Predictiions,Expected Collection Amount,Customer Marketing Preferences,Party,PARTY_PREFERENCE; PARTY_MARKETING_PREFERENCE; PARTY_CONSENT
Risk Management & Regulation,Modelling and Predictiions,Expected Collection Amount,Customer Satisfaction Measurement (E.g. NPS),Party,PARTY_SURVEY_RESPONSE; SURVEY; SURVEY_QUESTION_RESPONSE
Risk Management & Regulation,Modelling and Predictiions,Expected Collection Amount,Economic Forecast Data,Party,ECONOMIC_INDEX; ECONOMIC_INDEX_VALUE; MARKET_INDEX
Risk Management & Regulation,Modelling and Predictiions,Expected Collection Amount,Legal Actions,Party,PARTY_LEGAL_ACTION; LEGAL_ACTION; PARTY_LITIGATION
Risk Management & Regulation,Modelling and Predictiions,Expected Collection Amount,External Data - Social Media Data,Party,SOCIAL_MEDIA_ACCOUNT; SOCIAL_MEDIA_TRANSFER; SOCIAL_MEDIA_POST
Risk Management & Regulation,Modelling and Predictiions,Expected Collection Amount,External Data - Bureau data,Party,PARTY_CREDIT_BUREAU_REPORT; CREDIT_BUREAU_SCORE; PARTY_EXTERNAL_RATING
Risk Management & Regulation,Modelling and Predictiions,Expected Collection Amount,External Data - Credit Rating,Party,PARTY_EXTERNAL_RATING; PARTY_LIABILITY_CREDIT_RATING; CREDIT_BUREAU_SCORE
Risk Management & Regulation,Modelling and Predictiions,Expected Collection Amount,"External Economic Data (E.g. Property Prices, Salary)",Party,ECONOMIC_INDEX; ECONOMIC_INDEX_VALUE; MARKET_INDEX; MARKET_INDEX_VALUE
Risk Management & Regulation,Modelling and Predictiions,Expected Collection Amount,Customer Core Contact Details,Location,PARTY_CONTACT_POINT; ELECTRONIC_ADDRESS; POSTAL_ADDRESS; TELEPHONE_NUMBER
Risk Management & Regulation,Modelling and Predictiions,Expected Collection Amount,Master & Reference Data - geography / location,Location,GEOGRAPHICAL_AREA; GEOGRAPHICAL_UNIT; SITE; POSTAL_ADDRESS
Risk Management & Regulation,Modelling and Predictiions,Expected Collection Amount,Master & Reference Data - product,Product,Not mapped
Risk Management & Regulation,Modelling and Predictiions,Expected Collection Amount,Master & Reference Data - exchange rates,Product,CURRENCY; CURRENCY_EXCHANGE_RATE; CURRENCY_PAIR
Risk Management & Regulation,Modelling and Predictiions,Expected Collection Amount,Account / Policy / Service Holdings,Agreement,AGREEMENT; PARTY_AGREEMENT_ROLE; AGREEMENT_PARTY_ROLE; AGREEMENT_RELATIONSHIP
Risk Management & Regulation,Modelling and Predictiions,Expected Collection Amount,Account / Policy / Service Detail,Agreement,AGREEMENT; LOAN_TERM_AGREEMENT; DEPOSIT_AGREEMENT; INSURANCE_AGREEMENT; CREDIT_CARD_AGREEMENT
Risk Management & Regulation,Modelling and Predictiions,Expected Collection Amount,Account Status (open closed active / domant /inactive / closure reason ),Agreement,AGREEMENT; AGREEMENT_STATUS; AGREEMENT_STATUS_HISTORY
Risk Management & Regulation,Modelling and Predictiions,Expected Collection Amount,Account Terms & Conditions,Agreement,AGREEMENT; AGREEMENT_CONDITION; AGREEMENT_TERM
Risk Management & Regulation,Modelling and Predictiions,Expected Collection Amount,Account Feature Usage,Agreement,AGREEMENT_FEATURE; FEATURE; DESCRIPTIVE_FEATURE
Risk Management & Regulation,Modelling and Predictiions,Expected Collection Amount,"Application Data (New Customer, New Product)",Agreement,APPLICATION; APPLICATION_STATUS; APPLICATION_PARTY_ROLE
Risk Management & Regulation,Modelling and Predictiions,Expected Collection Amount,Coverage (insurance),Agreement,INSURANCE_COVERAGE; INSURANCE_AGREEMENT; COVERAGE_TYPE
Risk Management & Regulation,Modelling and Predictiions,Expected Collection Amount,Account Balances,Agreement,AGREEMENT_SUMMARY; BALANCE_SUMMARY; AGREEMENT_BALANCE
Risk Management & Regulation,Modelling and Predictiions,Expected Collection Amount,Market / Trading Book Positions,Agreement,TRADE_ORDER; TRADE_EXECUTION; TRADING_POSITION
Risk Management & Regulation,Modelling and Predictiions,Expected Collection Amount,Mark to market valuations,Agreement,INVESTMENT_PRODUCT_PRICE; MARKET_INDEX_VALUE; AGREEMENT_VALUATION
Risk Management & Regulation,Modelling and Predictiions,Expected Collection Amount,Account Maturity Dates & Repricing Schedules,Agreement,AGREEMENT; AGREEMENT_TERM; AGREEMENT_REPRICING_SCHEDULE
Risk Management & Regulation,Modelling and Predictiions,Expected Collection Amount,Account Repayment Schedules,Agreement,AGREEMENT_REPAYMENT_SCHEDULE; LOAN_TERM_AGREEMENT
Risk Management & Regulation,Modelling and Predictiions,Expected Collection Amount,Collateral Agreements,Agreement,COLLATERAL_AGREEMENT; COLLATERAL; COLLATERAL_VALUATION; PARTY_ASSET
Risk Management & Regulation,Modelling and Predictiions,Expected Collection Amount,Risk Exposures,Agreement,AGREEMENT_RISK_METRIC; RISK_EXPOSURE; CREDIT_RISK_SUMMARY
Risk Management & Regulation,Modelling and Predictiions,Expected Collection Amount,Account Limits,Cross Subject  -  Limits,AGREEMENT_LIMIT; LIMIT; PARTY_LIMIT
Risk Management & Regulation,Modelling and Predictiions,Expected Collection Amount,"Risk Segments, Cohorts & Groupings",Party or Agreement,PARTY_CLASSIFICATION; RISK_GRADE_VALUE; RISK_GRADE_SCHEME
Risk Management & Regulation,Modelling and Predictiions,Expected Collection Amount,"Provisions, Losses & Writeoffs",Party or Agreement,AGREEMENT_RISK_METRIC; PROVISION; WRITE_OFF; LOSS_EVENT
Risk Management & Regulation,Modelling and Predictiions,Expected Collection Amount,Financial Transactions,Event,MONETARY_TRANSACTION; TRANSACTION_TYPE; FINANCIAL_TRANSACTION; PAYMENT
Risk Management & Regulation,Modelling and Predictiions,Expected Collection Amount,"Account Fees, Commissions & Charges",Event,MONETARY_TRANSACTION; FEE_TRANSACTION; COMMISSION_TRANSACTION; AGREEMENT_FEE
Risk Management & Regulation,Modelling and Predictiions,Expected Collection Amount,Service Usage,Event,CHANNEL_USAGE_METRIC; SERVICE_USAGE_EVENT; CHANNEL_INSTANCE
Risk Management & Regulation,Modelling and Predictiions,Expected Collection Amount,Complaint Data,Event,COMPLAINT; COMPLAINT_STATUS; COMPLAINT_RESOLUTION
Risk Management & Regulation,Modelling and Predictiions,Expected Collection Amount,Offline Customer Interactions - Branch,Event,DIRECT_CONTACT_EVENT; BRANCH_VISIT_EVENT; CHANNEL_INSTANCE
Risk Management & Regulation,Modelling and Predictiions,Expected Collection Amount,Offline Customer Interactions - Call Centre,Event,DIRECT_CONTACT_EVENT; CALL_EVENT; CHANNEL_INSTANCE
Risk Management & Regulation,Modelling and Predictiions,Expected Collection Amount,Offline Customer Interactions - letters,Event,DIRECT_CONTACT_EVENT; CORRESPONDENCE_EVENT; DOCUMENT
Risk Management & Regulation,Modelling and Predictiions,Expected Collection Amount,Offline Customer Interactions - sms text,Event,DIRECT_CONTACT_EVENT; SMS_EVENT; ELECTRONIC_ADDRESS
Risk Management & Regulation,Modelling and Predictiions,Expected Collection Amount,Online Interactions -  webchat (internal & external),Event,WEB_VISIT; WEB_PAGE_VIEW; ONLINE_INTERACTION_EVENT
Risk Management & Regulation,Modelling and Predictiions,Expected Collection Amount,Online Interactions customer digital banking site (web log),Event,WEB_VISIT; WEB_PAGE_VIEW; EXTENDED_SESSION_INFORMATION; ONLINE_APPLICATION_ACCESS
Risk Management & Regulation,Modelling and Predictiions,Expected Collection Amount,Online Interactions customer general banking site,Event,WEB_VISIT; WEB_PAGE_VIEW; ONLINE_INTERACTION_EVENT
Risk Management & Regulation,Modelling and Predictiions,Expected Collection Amount,Online Interactions email - customer & employee,Event,DIRECT_CONTACT_EVENT; EMAIL_EVENT; ELECTRONIC_ADDRESS
Risk Management & Regulation,Modelling and Predictiions,Expected Collection Amount,Online Interactions mobile app,Event,WEB_VISIT; WEB_PAGE_VIEW; MOBILE_APP_EVENT; CHANNEL_INSTANCE
Risk Management & Regulation,Modelling and Predictiions,Expected Collection Amount,"Case History (Fraud, Money Laundering, Complaint)",Event,CASE; CASE_EVENT; CASE_PARTY_ROLE; FRAUD_CASE
Risk Management & Regulation,Modelling and Predictiions,Expected Collection Amount,Claims,Event,CLAIM; CLAIM_STATUS; CLAIM_PARTY_ROLE; CLAIM_PAYMENT
Risk Management & Regulation,Modelling and Predictiions,Expected Collection Amount,Defaults & Limit Breaches,Event,AGREEMENT_STATUS; DEFAULT_EVENT; LIMIT_BREACH_EVENT; AGREEMENT_RISK_METRIC
Risk Management & Regulation,Modelling and Predictiions,Expected Collection Amount,Closed Loop Outcomes / Channel Responses,Event,CAMPAIGN_RESPONSE; CAMPAIGN_OFFER_RESPONSE; DIRECT_CONTACT_EVENT
Risk Management & Regulation,Modelling and Predictiions,Expected Collection Amount,External Data - Corporate Actions,Event,CORPORATE_ACTION; INVESTMENT_PRODUCT
Risk Management & Regulation,Modelling and Predictiions,Expected Collection Amount,Customer interview / fact find,Event or Cross Subject - Document,DOCUMENT; SURVEY; SURVEY_QUESTION_RESPONSE; PARTY_DOCUMENT
Risk Management & Regulation,Modelling and Predictiions,Expected Collection Amount,Physical Assets,Party Asset,PARTY_ASSET; FIXED_ASSET; REAL_PROPERTY
Risk Management & Regulation,Modelling and Predictiions,Expected Collection Amount,Physical Asset Valuations,Party Asset,PARTY_ASSET_VALUATION; COLLATERAL_VALUATION; REAL_PROPERTY_VALUATION
Risk Management & Regulation,Modelling and Predictiions,Expected Collection Amount,Master & Reference Data - organisation hierarchy,Internal Organisation,ORGANIZATION; INTERNAL_ORGANIZATION_UNIT; ORGANIZATION_UNIT_RELATIONSHIP; ORGANIZATION_BUSINESS_TYPE
Risk Management & Regulation,Modelling and Predictiions,Expected Collection Amount,Master & Reference Data - Channel,Channel,CHANNEL_TYPE; CHANNEL_INSTANCE; CHANNEL_CLASSIFICATION
Risk Management & Regulation,Modelling and Predictiions,Expected Collection Amount,Finance Systems - General Ledger,Finance,Not mapped
Risk Management & Regulation,Modelling and Predictiions,Expected Collection Amount,"Model Metadata (E.g. defintion, assumptions, metrics)",Analytical Model,ANALYTICAL_MODEL; MODEL_RUN; MODEL_PARAMETER
Risk Management & Regulation,Modelling and Predictiions,Expected Collection Amount,Risk Scenario & Stress Testing Results,Analytical Model,RISK_CALCULATION_SCENARIO; RISK_SCENARIO_RESULT; STRESS_TEST_RESULT
Risk Management & Regulation,Modelling and Predictiions,Expected Collection Amount,"Documents - Structured Data Capture (Survey, Application Forms)",Cross Subject - Document,DOCUMENT; DOCUMENT_TYPE; SURVEY; APPLICATION
Risk Management & Regulation,Modelling and Predictiions,Expected Collection Amount,Text Data,Cross Subject - Document,DOCUMENT; TEXT_CONTENT; DIGITAL_CONTENT
Risk Management & Regulation,Modelling and Predictiions,Expected Collection Amount,External Data - News / Industry Feeds E.g. Reuters,Cross Subject - Document,DOCUMENT; NEWS_FEED; MARKET_INDEX
Risk Management & Regulation,Modelling and Predictiions,Expected Collection Amount,Master & Reference Data - Risk Policy Rules,Cross Subject - Document,RISK_GRADE_SCHEME; RISK_GRADE_VALUE; RISK_POLICY; BUSINESS_RULE
Risk Management & Regulation,Modelling and Predictiions,Collection Strategy Model,Single Customer View (Master Record),Party,PARTY; INDIVIDUAL; ORGANIZATION; HOUSEHOLD; PARTY_RELATIONSHIP; PARTY_IDENTIFICATION
Risk Management & Regulation,Modelling and Predictiions,Collection Strategy Model,KYC Data,Party,PARTY_IDENTIFICATION; PARTY_CLASSIFICATION; PARTY_IDENTITY_DOCUMENT; PARTY_COMPLIANCE_VERIFICATION
Risk Management & Regulation,Modelling and Predictiions,Collection Strategy Model,Customer Demographics,Party,INDIVIDUAL; PARTY_DEMOGRAPHIC; PARTY_CLASSIFICATION; PARTY_PREFERENCE
Risk Management & Regulation,Modelling and Predictiions,Collection Strategy Model,Customer Attitudinal Data,Party,PARTY_PREFERENCE; PARTY_CLASSIFICATION; PARTY_SURVEY_RESPONSE
Risk Management & Regulation,Modelling and Predictiions,Collection Strategy Model,Customer Segments,Party,PARTY_CLASSIFICATION; PARTY_SEGMENT; PARTY_CLASSIFICATION_VALUE
Risk Management & Regulation,Modelling and Predictiions,Collection Strategy Model,Customer Contact Preferences,Party,PARTY_PREFERENCE; PARTY_CONTACT_POINT; ELECTRONIC_ADDRESS; POSTAL_ADDRESS
Risk Management & Regulation,Modelling and Predictiions,Collection Strategy Model,Customer Marketing Preferences,Party,PARTY_PREFERENCE; PARTY_MARKETING_PREFERENCE; PARTY_CONSENT
Risk Management & Regulation,Modelling and Predictiions,Collection Strategy Model,Customer Satisfaction Measurement (E.g. NPS),Party,PARTY_SURVEY_RESPONSE; SURVEY; SURVEY_QUESTION_RESPONSE
Risk Management & Regulation,Modelling and Predictiions,Collection Strategy Model,Economic Forecast Data,Party,ECONOMIC_INDEX; ECONOMIC_INDEX_VALUE; MARKET_INDEX
Risk Management & Regulation,Modelling and Predictiions,Collection Strategy Model,Legal Actions,Party,PARTY_LEGAL_ACTION; LEGAL_ACTION; PARTY_LITIGATION
Risk Management & Regulation,Modelling and Predictiions,Collection Strategy Model,External Data - Social Media Data,Party,SOCIAL_MEDIA_ACCOUNT; SOCIAL_MEDIA_TRANSFER; SOCIAL_MEDIA_POST
Risk Management & Regulation,Modelling and Predictiions,Collection Strategy Model,External Data - Bureau data,Party,PARTY_CREDIT_BUREAU_REPORT; CREDIT_BUREAU_SCORE; PARTY_EXTERNAL_RATING
Risk Management & Regulation,Modelling and Predictiions,Collection Strategy Model,External Data - Credit Rating,Party,PARTY_EXTERNAL_RATING; PARTY_LIABILITY_CREDIT_RATING; CREDIT_BUREAU_SCORE
Risk Management & Regulation,Modelling and Predictiions,Collection Strategy Model,"External Economic Data (E.g. Property Prices, Salary)",Party,ECONOMIC_INDEX; ECONOMIC_INDEX_VALUE; MARKET_INDEX; MARKET_INDEX_VALUE
Risk Management & Regulation,Modelling and Predictiions,Collection Strategy Model,Customer Core Contact Details,Location,PARTY_CONTACT_POINT; ELECTRONIC_ADDRESS; POSTAL_ADDRESS; TELEPHONE_NUMBER
Risk Management & Regulation,Modelling and Predictiions,Collection Strategy Model,Master & Reference Data - geography / location,Location,GEOGRAPHICAL_AREA; GEOGRAPHICAL_UNIT; SITE; POSTAL_ADDRESS
Risk Management & Regulation,Modelling and Predictiions,Collection Strategy Model,Master & Reference Data - product,Product,Not mapped
Risk Management & Regulation,Modelling and Predictiions,Collection Strategy Model,Master & Reference Data - exchange rates,Product,CURRENCY; CURRENCY_EXCHANGE_RATE; CURRENCY_PAIR
Risk Management & Regulation,Modelling and Predictiions,Collection Strategy Model,Account / Policy / Service Holdings,Agreement,AGREEMENT; PARTY_AGREEMENT_ROLE; AGREEMENT_PARTY_ROLE; AGREEMENT_RELATIONSHIP
Risk Management & Regulation,Modelling and Predictiions,Collection Strategy Model,Account / Policy / Service Detail,Agreement,AGREEMENT; LOAN_TERM_AGREEMENT; DEPOSIT_AGREEMENT; INSURANCE_AGREEMENT; CREDIT_CARD_AGREEMENT
Risk Management & Regulation,Modelling and Predictiions,Collection Strategy Model,Account Status (open closed active / domant /inactive / closure reason ),Agreement,AGREEMENT; AGREEMENT_STATUS; AGREEMENT_STATUS_HISTORY
Risk Management & Regulation,Modelling and Predictiions,Collection Strategy Model,Account Terms & Conditions,Agreement,AGREEMENT; AGREEMENT_CONDITION; AGREEMENT_TERM
Risk Management & Regulation,Modelling and Predictiions,Collection Strategy Model,Account Feature Usage,Agreement,AGREEMENT_FEATURE; FEATURE; DESCRIPTIVE_FEATURE
Risk Management & Regulation,Modelling and Predictiions,Collection Strategy Model,"Application Data (New Customer, New Product)",Agreement,APPLICATION; APPLICATION_STATUS; APPLICATION_PARTY_ROLE
Risk Management & Regulation,Modelling and Predictiions,Collection Strategy Model,Coverage (insurance),Agreement,INSURANCE_COVERAGE; INSURANCE_AGREEMENT; COVERAGE_TYPE
Risk Management & Regulation,Modelling and Predictiions,Collection Strategy Model,Account Balances,Agreement,AGREEMENT_SUMMARY; BALANCE_SUMMARY; AGREEMENT_BALANCE
Risk Management & Regulation,Modelling and Predictiions,Collection Strategy Model,Market / Trading Book Positions,Agreement,TRADE_ORDER; TRADE_EXECUTION; TRADING_POSITION
Risk Management & Regulation,Modelling and Predictiions,Collection Strategy Model,Mark to market valuations,Agreement,INVESTMENT_PRODUCT_PRICE; MARKET_INDEX_VALUE; AGREEMENT_VALUATION
Risk Management & Regulation,Modelling and Predictiions,Collection Strategy Model,Account Maturity Dates & Repricing Schedules,Agreement,AGREEMENT; AGREEMENT_TERM; AGREEMENT_REPRICING_SCHEDULE
Risk Management & Regulation,Modelling and Predictiions,Collection Strategy Model,Account Repayment Schedules,Agreement,AGREEMENT_REPAYMENT_SCHEDULE; LOAN_TERM_AGREEMENT
Risk Management & Regulation,Modelling and Predictiions,Collection Strategy Model,Collateral Agreements,Agreement,COLLATERAL_AGREEMENT; COLLATERAL; COLLATERAL_VALUATION; PARTY_ASSET
Risk Management & Regulation,Modelling and Predictiions,Collection Strategy Model,Risk Exposures,Agreement,AGREEMENT_RISK_METRIC; RISK_EXPOSURE; CREDIT_RISK_SUMMARY
Risk Management & Regulation,Modelling and Predictiions,Collection Strategy Model,Account Limits,Cross Subject  -  Limits,AGREEMENT_LIMIT; LIMIT; PARTY_LIMIT
Risk Management & Regulation,Modelling and Predictiions,Collection Strategy Model,"Risk Segments, Cohorts & Groupings",Party or Agreement,PARTY_CLASSIFICATION; RISK_GRADE_VALUE; RISK_GRADE_SCHEME
Risk Management & Regulation,Modelling and Predictiions,Collection Strategy Model,"Provisions, Losses & Writeoffs",Party or Agreement,AGREEMENT_RISK_METRIC; PROVISION; WRITE_OFF; LOSS_EVENT
Risk Management & Regulation,Modelling and Predictiions,Collection Strategy Model,Financial Transactions,Event,MONETARY_TRANSACTION; TRANSACTION_TYPE; FINANCIAL_TRANSACTION; PAYMENT
Risk Management & Regulation,Modelling and Predictiions,Collection Strategy Model,"Account Fees, Commissions & Charges",Event,MONETARY_TRANSACTION; FEE_TRANSACTION; COMMISSION_TRANSACTION; AGREEMENT_FEE
Risk Management & Regulation,Modelling and Predictiions,Collection Strategy Model,Service Usage,Event,CHANNEL_USAGE_METRIC; SERVICE_USAGE_EVENT; CHANNEL_INSTANCE
Risk Management & Regulation,Modelling and Predictiions,Collection Strategy Model,Complaint Data,Event,COMPLAINT; COMPLAINT_STATUS; COMPLAINT_RESOLUTION
Risk Management & Regulation,Modelling and Predictiions,Collection Strategy Model,Offline Customer Interactions - Branch,Event,DIRECT_CONTACT_EVENT; BRANCH_VISIT_EVENT; CHANNEL_INSTANCE
Risk Management & Regulation,Modelling and Predictiions,Collection Strategy Model,Offline Customer Interactions - Call Centre,Event,DIRECT_CONTACT_EVENT; CALL_EVENT; CHANNEL_INSTANCE
Risk Management & Regulation,Modelling and Predictiions,Collection Strategy Model,Offline Customer Interactions - letters,Event,DIRECT_CONTACT_EVENT; CORRESPONDENCE_EVENT; DOCUMENT
Risk Management & Regulation,Modelling and Predictiions,Collection Strategy Model,Offline Customer Interactions - sms text,Event,DIRECT_CONTACT_EVENT; SMS_EVENT; ELECTRONIC_ADDRESS
Risk Management & Regulation,Modelling and Predictiions,Collection Strategy Model,Online Interactions -  webchat (internal & external),Event,WEB_VISIT; WEB_PAGE_VIEW; ONLINE_INTERACTION_EVENT
Risk Management & Regulation,Modelling and Predictiions,Collection Strategy Model,Online Interactions customer digital banking site (web log),Event,WEB_VISIT; WEB_PAGE_VIEW; EXTENDED_SESSION_INFORMATION; ONLINE_APPLICATION_ACCESS
Risk Management & Regulation,Modelling and Predictiions,Collection Strategy Model,Online Interactions customer general banking site,Event,WEB_VISIT; WEB_PAGE_VIEW; ONLINE_INTERACTION_EVENT
Risk Management & Regulation,Modelling and Predictiions,Collection Strategy Model,Online Interactions email - customer & employee,Event,DIRECT_CONTACT_EVENT; EMAIL_EVENT; ELECTRONIC_ADDRESS
Risk Management & Regulation,Modelling and Predictiions,Collection Strategy Model,Online Interactions mobile app,Event,WEB_VISIT; WEB_PAGE_VIEW; MOBILE_APP_EVENT; CHANNEL_INSTANCE
Risk Management & Regulation,Modelling and Predictiions,Collection Strategy Model,"Case History (Fraud, Money Laundering, Complaint)",Event,CASE; CASE_EVENT; CASE_PARTY_ROLE; FRAUD_CASE
Risk Management & Regulation,Modelling and Predictiions,Collection Strategy Model,Claims,Event,CLAIM; CLAIM_STATUS; CLAIM_PARTY_ROLE; CLAIM_PAYMENT
Risk Management & Regulation,Modelling and Predictiions,Collection Strategy Model,Defaults & Limit Breaches,Event,AGREEMENT_STATUS; DEFAULT_EVENT; LIMIT_BREACH_EVENT; AGREEMENT_RISK_METRIC
Risk Management & Regulation,Modelling and Predictiions,Collection Strategy Model,Closed Loop Outcomes / Channel Responses,Event,CAMPAIGN_RESPONSE; CAMPAIGN_OFFER_RESPONSE; DIRECT_CONTACT_EVENT
Risk Management & Regulation,Modelling and Predictiions,Collection Strategy Model,External Data - Corporate Actions,Event,CORPORATE_ACTION; INVESTMENT_PRODUCT
Risk Management & Regulation,Modelling and Predictiions,Collection Strategy Model,Customer interview / fact find,Event or Cross Subject - Document,DOCUMENT; SURVEY; SURVEY_QUESTION_RESPONSE; PARTY_DOCUMENT
Risk Management & Regulation,Modelling and Predictiions,Collection Strategy Model,Physical Assets,Party Asset,PARTY_ASSET; FIXED_ASSET; REAL_PROPERTY
Risk Management & Regulation,Modelling and Predictiions,Collection Strategy Model,Physical Asset Valuations,Party Asset,PARTY_ASSET_VALUATION; COLLATERAL_VALUATION; REAL_PROPERTY_VALUATION
Risk Management & Regulation,Modelling and Predictiions,Collection Strategy Model,Master & Reference Data - organisation hierarchy,Internal Organisation,ORGANIZATION; INTERNAL_ORGANIZATION_UNIT; ORGANIZATION_UNIT_RELATIONSHIP; ORGANIZATION_BUSINESS_TYPE
Risk Management & Regulation,Modelling and Predictiions,Collection Strategy Model,Master & Reference Data - Channel,Channel,CHANNEL_TYPE; CHANNEL_INSTANCE; CHANNEL_CLASSIFICATION
Risk Management & Regulation,Modelling and Predictiions,Collection Strategy Model,"Model Metadata (E.g. defintion, assumptions, metrics)",Analytical Model,ANALYTICAL_MODEL; MODEL_RUN; MODEL_PARAMETER
Risk Management & Regulation,Modelling and Predictiions,Collection Strategy Model,Risk Scenario & Stress Testing Results,Analytical Model,RISK_CALCULATION_SCENARIO; RISK_SCENARIO_RESULT; STRESS_TEST_RESULT
Risk Management & Regulation,Modelling and Predictiions,Collection Strategy Model,"Documents - Structured Data Capture (Survey, Application Forms)",Cross Subject - Document,DOCUMENT; DOCUMENT_TYPE; SURVEY; APPLICATION
Risk Management & Regulation,Modelling and Predictiions,Collection Strategy Model,Text Data,Cross Subject - Document,DOCUMENT; TEXT_CONTENT; DIGITAL_CONTENT
Risk Management & Regulation,Modelling and Predictiions,Collection Strategy Model,External Data - News / Industry Feeds E.g. Reuters,Cross Subject - Document,DOCUMENT; NEWS_FEED; MARKET_INDEX
Risk Management & Regulation,Modelling and Predictiions,Collection Strategy Model,Master & Reference Data - Risk Policy Rules,Cross Subject - Document,RISK_GRADE_SCHEME; RISK_GRADE_VALUE; RISK_POLICY; BUSINESS_RULE
Risk Management & Regulation,Modelling and Predictiions,Fraud and Money Laundering Likelihood Model,Single Customer View (Master Record),Party,PARTY; INDIVIDUAL; ORGANIZATION; HOUSEHOLD; PARTY_RELATIONSHIP; PARTY_IDENTIFICATION
Risk Management & Regulation,Modelling and Predictiions,Fraud and Money Laundering Likelihood Model,KYC Data,Party,PARTY_IDENTIFICATION; PARTY_CLASSIFICATION; PARTY_IDENTITY_DOCUMENT; PARTY_COMPLIANCE_VERIFICATION
Risk Management & Regulation,Modelling and Predictiions,Fraud and Money Laundering Likelihood Model,Customer Demographics,Party,INDIVIDUAL; PARTY_DEMOGRAPHIC; PARTY_CLASSIFICATION; PARTY_PREFERENCE
Risk Management & Regulation,Modelling and Predictiions,Fraud and Money Laundering Likelihood Model,Customer Attitudinal Data,Party,PARTY_PREFERENCE; PARTY_CLASSIFICATION; PARTY_SURVEY_RESPONSE
Risk Management & Regulation,Modelling and Predictiions,Fraud and Money Laundering Likelihood Model,Customer Segments,Party,PARTY_CLASSIFICATION; PARTY_SEGMENT; PARTY_CLASSIFICATION_VALUE
Risk Management & Regulation,Modelling and Predictiions,Fraud and Money Laundering Likelihood Model,Customer Contact Preferences,Party,PARTY_PREFERENCE; PARTY_CONTACT_POINT; ELECTRONIC_ADDRESS; POSTAL_ADDRESS
Risk Management & Regulation,Modelling and Predictiions,Fraud and Money Laundering Likelihood Model,Customer Marketing Preferences,Party,PARTY_PREFERENCE; PARTY_MARKETING_PREFERENCE; PARTY_CONSENT
Risk Management & Regulation,Modelling and Predictiions,Fraud and Money Laundering Likelihood Model,Customer Satisfaction Measurement (E.g. NPS),Party,PARTY_SURVEY_RESPONSE; SURVEY; SURVEY_QUESTION_RESPONSE
Risk Management & Regulation,Modelling and Predictiions,Fraud and Money Laundering Likelihood Model,Economic Forecast Data,Party,ECONOMIC_INDEX; ECONOMIC_INDEX_VALUE; MARKET_INDEX
Risk Management & Regulation,Modelling and Predictiions,Fraud and Money Laundering Likelihood Model,Legal Actions,Party,PARTY_LEGAL_ACTION; LEGAL_ACTION; PARTY_LITIGATION
Risk Management & Regulation,Modelling and Predictiions,Fraud and Money Laundering Likelihood Model,External Prospect Data / Lists,Party,PARTY; PROSPECT; PARTY_LIST; PARTY_LIST_MEMBERSHIP
Risk Management & Regulation,Modelling and Predictiions,Fraud and Money Laundering Likelihood Model,External Data - Social Media Data,Party,SOCIAL_MEDIA_ACCOUNT; SOCIAL_MEDIA_TRANSFER; SOCIAL_MEDIA_POST
Risk Management & Regulation,Modelling and Predictiions,Fraud and Money Laundering Likelihood Model,External Data - Bureau data,Party,PARTY_CREDIT_BUREAU_REPORT; CREDIT_BUREAU_SCORE; PARTY_EXTERNAL_RATING
Risk Management & Regulation,Modelling and Predictiions,Fraud and Money Laundering Likelihood Model,External Data - Credit Rating,Party,PARTY_EXTERNAL_RATING; PARTY_LIABILITY_CREDIT_RATING; CREDIT_BUREAU_SCORE
Risk Management & Regulation,Modelling and Predictiions,Fraud and Money Laundering Likelihood Model,"External Economic Data (E.g. Property Prices, Salary)",Party,ECONOMIC_INDEX; ECONOMIC_INDEX_VALUE; MARKET_INDEX; MARKET_INDEX_VALUE
Risk Management & Regulation,Modelling and Predictiions,Fraud and Money Laundering Likelihood Model,Master & Reference Data - staff / colleague,Party,INDIVIDUAL; ASSOCIATE; ASSOCIATE_ASSIGNMENT; INTERNAL_ORGANIZATION_UNIT
Risk Management & Regulation,Modelling and Predictiions,Fraud and Money Laundering Likelihood Model,"Sales and Performance Forecasts, Targets & KPIs",Party,PERFORMANCE_METRIC; PERFORMANCE_TARGET; ORGANIZATION_PERFORMANCE
Risk Management & Regulation,Modelling and Predictiions,Fraud and Money Laundering Likelihood Model,HR Performance Data,Party,ASSOCIATE; ASSOCIATE_PERFORMANCE_REVIEW; ASSOCIATE_ASSIGNMENT
Risk Management & Regulation,Modelling and Predictiions,Fraud and Money Laundering Likelihood Model,Customer Core Contact Details,Location,PARTY_CONTACT_POINT; ELECTRONIC_ADDRESS; POSTAL_ADDRESS; TELEPHONE_NUMBER
Risk Management & Regulation,Modelling and Predictiions,Fraud and Money Laundering Likelihood Model,Master & Reference Data - geography / location,Location,GEOGRAPHICAL_AREA; GEOGRAPHICAL_UNIT; SITE; POSTAL_ADDRESS
Risk Management & Regulation,Modelling and Predictiions,Fraud and Money Laundering Likelihood Model,Master & Reference Data - product,Product,Not mapped
Risk Management & Regulation,Modelling and Predictiions,Fraud and Money Laundering Likelihood Model,Master & Reference Data - exchange rates,Product,CURRENCY; CURRENCY_EXCHANGE_RATE; CURRENCY_PAIR
Risk Management & Regulation,Modelling and Predictiions,Fraud and Money Laundering Likelihood Model,Account / Policy / Service Holdings,Agreement,AGREEMENT; PARTY_AGREEMENT_ROLE; AGREEMENT_PARTY_ROLE; AGREEMENT_RELATIONSHIP
Risk Management & Regulation,Modelling and Predictiions,Fraud and Money Laundering Likelihood Model,Account / Policy / Service Detail,Agreement,AGREEMENT; LOAN_TERM_AGREEMENT; DEPOSIT_AGREEMENT; INSURANCE_AGREEMENT; CREDIT_CARD_AGREEMENT
Risk Management & Regulation,Modelling and Predictiions,Fraud and Money Laundering Likelihood Model,Account Status (open closed active / domant /inactive / closure reason ),Agreement,AGREEMENT; AGREEMENT_STATUS; AGREEMENT_STATUS_HISTORY
Risk Management & Regulation,Modelling and Predictiions,Fraud and Money Laundering Likelihood Model,Account Terms & Conditions,Agreement,AGREEMENT; AGREEMENT_CONDITION; AGREEMENT_TERM
Risk Management & Regulation,Modelling and Predictiions,Fraud and Money Laundering Likelihood Model,Account Feature Usage,Agreement,AGREEMENT_FEATURE; FEATURE; DESCRIPTIVE_FEATURE
Risk Management & Regulation,Modelling and Predictiions,Fraud and Money Laundering Likelihood Model,"Application Data (New Customer, New Product)",Agreement,APPLICATION; APPLICATION_STATUS; APPLICATION_PARTY_ROLE
Risk Management & Regulation,Modelling and Predictiions,Fraud and Money Laundering Likelihood Model,Coverage (insurance),Agreement,INSURANCE_COVERAGE; INSURANCE_AGREEMENT; COVERAGE_TYPE
Risk Management & Regulation,Modelling and Predictiions,Fraud and Money Laundering Likelihood Model,Account Balances,Agreement,AGREEMENT_SUMMARY; BALANCE_SUMMARY; AGREEMENT_BALANCE
Risk Management & Regulation,Modelling and Predictiions,Fraud and Money Laundering Likelihood Model,Investment Value,Agreement,INVESTMENT_ACCOUNT; INVESTMENT_HOLDING; INVESTMENT_PRODUCT_PRICE
Risk Management & Regulation,Modelling and Predictiions,Fraud and Money Laundering Likelihood Model,Market / Trading Book Positions,Agreement,TRADE_ORDER; TRADE_EXECUTION; TRADING_POSITION
Risk Management & Regulation,Modelling and Predictiions,Fraud and Money Laundering Likelihood Model,Mark to market valuations,Agreement,INVESTMENT_PRODUCT_PRICE; MARKET_INDEX_VALUE; AGREEMENT_VALUATION
Risk Management & Regulation,Modelling and Predictiions,Fraud and Money Laundering Likelihood Model,Account Maturity Dates & Repricing Schedules,Agreement,AGREEMENT; AGREEMENT_TERM; AGREEMENT_REPRICING_SCHEDULE
Risk Management & Regulation,Modelling and Predictiions,Fraud and Money Laundering Likelihood Model,Account Repayment Schedules,Agreement,AGREEMENT_REPAYMENT_SCHEDULE; LOAN_TERM_AGREEMENT
Risk Management & Regulation,Modelling and Predictiions,Fraud and Money Laundering Likelihood Model,Customer Illustrations,Agreement,DOCUMENT; PARTY_DOCUMENT
Risk Management & Regulation,Modelling and Predictiions,Fraud and Money Laundering Likelihood Model,Customer Quotes,Agreement,APPLICATION; QUOTE; DOCUMENT
Risk Management & Regulation,Modelling and Predictiions,Fraud and Money Laundering Likelihood Model,Collateral Agreements,Agreement,COLLATERAL_AGREEMENT; COLLATERAL; COLLATERAL_VALUATION; PARTY_ASSET
Risk Management & Regulation,Modelling and Predictiions,Fraud and Money Laundering Likelihood Model,Risk Exposures,Agreement,AGREEMENT_RISK_METRIC; RISK_EXPOSURE; CREDIT_RISK_SUMMARY
Risk Management & Regulation,Modelling and Predictiions,Fraud and Money Laundering Likelihood Model,Account Limits,Cross Subject  -  Limits,AGREEMENT_LIMIT; LIMIT; PARTY_LIMIT
Risk Management & Regulation,Modelling and Predictiions,Fraud and Money Laundering Likelihood Model,Predictive Models - propensity to buy,Party or Agreement,ANALYTICAL_MODEL; MODEL_RUN; MODEL_SCORE; PARTY_MODEL_SCORE
Risk Management & Regulation,Modelling and Predictiions,Fraud and Money Laundering Likelihood Model,Predictive Models - attrition,Party or Agreement,ANALYTICAL_MODEL; MODEL_RUN; MODEL_SCORE; PARTY_MODEL_SCORE
Risk Management & Regulation,Modelling and Predictiions,Fraud and Money Laundering Likelihood Model,Predictive Models - price elasticity,Party or Agreement,ANALYTICAL_MODEL; MODEL_RUN; MODEL_SCORE
Risk Management & Regulation,Modelling and Predictiions,Fraud and Money Laundering Likelihood Model,Attribution Models - response,Party or Agreement,ANALYTICAL_MODEL; MODEL_RUN; CAMPAIGN_RESPONSE
Risk Management & Regulation,Modelling and Predictiions,Fraud and Money Laundering Likelihood Model,"Risk Segments, Cohorts & Groupings",Party or Agreement,PARTY_CLASSIFICATION; RISK_GRADE_VALUE; RISK_GRADE_SCHEME
Risk Management & Regulation,Modelling and Predictiions,Fraud and Money Laundering Likelihood Model,"Provisions, Losses & Writeoffs",Party or Agreement,AGREEMENT_RISK_METRIC; PROVISION; WRITE_OFF; LOSS_EVENT
Risk Management & Regulation,Modelling and Predictiions,Fraud and Money Laundering Likelihood Model,Financial Transactions,Event,MONETARY_TRANSACTION; TRANSACTION_TYPE; FINANCIAL_TRANSACTION; PAYMENT
Risk Management & Regulation,Modelling and Predictiions,Fraud and Money Laundering Likelihood Model,"Account Fees, Commissions & Charges",Event,MONETARY_TRANSACTION; FEE_TRANSACTION; COMMISSION_TRANSACTION; AGREEMENT_FEE
Risk Management & Regulation,Modelling and Predictiions,Fraud and Money Laundering Likelihood Model,Financial Interbank Payments,Event,PAYMENT; INTERBANK_PAYMENT; FINANCIAL_TRANSACTION
Risk Management & Regulation,Modelling and Predictiions,Fraud and Money Laundering Likelihood Model,Non-Financial Transactions,Event,EVENT; NON_MONETARY_EVENT; DIRECT_CONTACT_EVENT
Risk Management & Regulation,Modelling and Predictiions,Fraud and Money Laundering Likelihood Model,Service Usage,Event,CHANNEL_USAGE_METRIC; SERVICE_USAGE_EVENT; CHANNEL_INSTANCE
Risk Management & Regulation,Modelling and Predictiions,Fraud and Money Laundering Likelihood Model,Complaint Data,Event,COMPLAINT; COMPLAINT_STATUS; COMPLAINT_RESOLUTION
Risk Management & Regulation,Modelling and Predictiions,Fraud and Money Laundering Likelihood Model,Offline Customer Interactions - Branch,Event,DIRECT_CONTACT_EVENT; BRANCH_VISIT_EVENT; CHANNEL_INSTANCE
Risk Management & Regulation,Modelling and Predictiions,Fraud and Money Laundering Likelihood Model,Offline Customer Interactions - Call Centre,Event,DIRECT_CONTACT_EVENT; CALL_EVENT; CHANNEL_INSTANCE
Risk Management & Regulation,Modelling and Predictiions,Fraud and Money Laundering Likelihood Model,Offline Customer Interactions - letters,Event,DIRECT_CONTACT_EVENT; CORRESPONDENCE_EVENT; DOCUMENT
Risk Management & Regulation,Modelling and Predictiions,Fraud and Money Laundering Likelihood Model,Offline Customer Interactions - sms text,Event,DIRECT_CONTACT_EVENT; SMS_EVENT; ELECTRONIC_ADDRESS
Risk Management & Regulation,Modelling and Predictiions,Fraud and Money Laundering Likelihood Model,Online Interactions -  webchat (internal & external),Event,WEB_VISIT; WEB_PAGE_VIEW; ONLINE_INTERACTION_EVENT
Risk Management & Regulation,Modelling and Predictiions,Fraud and Money Laundering Likelihood Model,Online Interactions colleague intranet,Event,WEB_VISIT; WEB_PAGE_VIEW
Risk Management & Regulation,Modelling and Predictiions,Fraud and Money Laundering Likelihood Model,Online Interactions customer digital banking site (web log),Event,WEB_VISIT; WEB_PAGE_VIEW; EXTENDED_SESSION_INFORMATION; ONLINE_APPLICATION_ACCESS
Risk Management & Regulation,Modelling and Predictiions,Fraud and Money Laundering Likelihood Model,Online Interactions customer general banking site,Event,WEB_VISIT; WEB_PAGE_VIEW; ONLINE_INTERACTION_EVENT
Risk Management & Regulation,Modelling and Predictiions,Fraud and Money Laundering Likelihood Model,Online Interactions email - customer & employee,Event,DIRECT_CONTACT_EVENT; EMAIL_EVENT; ELECTRONIC_ADDRESS
Risk Management & Regulation,Modelling and Predictiions,Fraud and Money Laundering Likelihood Model,Online Interactions mobile app,Event,WEB_VISIT; WEB_PAGE_VIEW; MOBILE_APP_EVENT; CHANNEL_INSTANCE
Risk Management & Regulation,Modelling and Predictiions,Fraud and Money Laundering Likelihood Model,Online Interactions off-site - ad server,Event,AD; AD_PLACEMENT; AD_IMPRESSION; AD_CAMPAIGN_OBJECTIVE
Risk Management & Regulation,Modelling and Predictiions,Fraud and Money Laundering Likelihood Model,Online Interactions prospect / unidentified customer (web log),Event,WEB_VISIT; WEB_PAGE_VIEW; VISITOR_INTERACTION_EVENT
Risk Management & Regulation,Modelling and Predictiions,Fraud and Money Laundering Likelihood Model,"Case History (Fraud, Money Laundering, Complaint)",Event,CASE; CASE_EVENT; CASE_PARTY_ROLE; FRAUD_CASE
Risk Management & Regulation,Modelling and Predictiions,Fraud and Money Laundering Likelihood Model,Claims,Event,CLAIM; CLAIM_STATUS; CLAIM_PARTY_ROLE; CLAIM_PAYMENT
Risk Management & Regulation,Modelling and Predictiions,Fraud and Money Laundering Likelihood Model,Defaults & Limit Breaches,Event,AGREEMENT_STATUS; DEFAULT_EVENT; LIMIT_BREACH_EVENT; AGREEMENT_RISK_METRIC
Risk Management & Regulation,Modelling and Predictiions,Fraud and Money Laundering Likelihood Model,Closed Loop Outcomes / Channel Responses,Event,CAMPAIGN_RESPONSE; CAMPAIGN_OFFER_RESPONSE; DIRECT_CONTACT_EVENT
Risk Management & Regulation,Modelling and Predictiions,Fraud and Money Laundering Likelihood Model,External Data - Corporate Actions,Event,CORPORATE_ACTION; INVESTMENT_PRODUCT
Risk Management & Regulation,Modelling and Predictiions,Fraud and Money Laundering Likelihood Model,Internal Process Activity Data,Event,EVENT; PROCESS_EVENT; OPERATIONAL_EVENT
Risk Management & Regulation,Modelling and Predictiions,Fraud and Money Laundering Likelihood Model,Master & Reference Data - merchant / transaction,Event,MERCHANT; MERCHANT_CATEGORY; TRANSACTION_TYPE
Risk Management & Regulation,Modelling and Predictiions,Fraud and Money Laundering Likelihood Model,Customer interview / fact find,Event or Cross Subject - Document,DOCUMENT; SURVEY; SURVEY_QUESTION_RESPONSE; PARTY_DOCUMENT
Risk Management & Regulation,Modelling and Predictiions,Fraud and Money Laundering Likelihood Model,Physical Assets,Party Asset,PARTY_ASSET; FIXED_ASSET; REAL_PROPERTY
Risk Management & Regulation,Modelling and Predictiions,Fraud and Money Laundering Likelihood Model,Physical Asset Valuations,Party Asset,PARTY_ASSET_VALUATION; COLLATERAL_VALUATION; REAL_PROPERTY_VALUATION
Risk Management & Regulation,Modelling and Predictiions,Fraud and Money Laundering Likelihood Model,Master & Reference Data - organisation hierarchy,Internal Organisation,ORGANIZATION; INTERNAL_ORGANIZATION_UNIT; ORGANIZATION_UNIT_RELATIONSHIP; ORGANIZATION_BUSINESS_TYPE
Risk Management & Regulation,Modelling and Predictiions,Fraud and Money Laundering Likelihood Model,Master & Reference Data - Channel,Channel,CHANNEL_TYPE; CHANNEL_INSTANCE; CHANNEL_CLASSIFICATION
Risk Management & Regulation,Modelling and Predictiions,Fraud and Money Laundering Likelihood Model,"Model Metadata (E.g. defintion, assumptions, metrics)",Analytical Model,ANALYTICAL_MODEL; MODEL_RUN; MODEL_PARAMETER
Risk Management & Regulation,Modelling and Predictiions,Fraud and Money Laundering Likelihood Model,Risk Scenario & Stress Testing Results,Analytical Model,RISK_CALCULATION_SCENARIO; RISK_SCENARIO_RESULT; STRESS_TEST_RESULT
Risk Management & Regulation,Modelling and Predictiions,Fraud and Money Laundering Likelihood Model,"Documents - Structured Data Capture (Survey, Application Forms)",Cross Subject - Document,DOCUMENT; DOCUMENT_TYPE; SURVEY; APPLICATION
Risk Management & Regulation,Modelling and Predictiions,Fraud and Money Laundering Likelihood Model,Document Image,Cross Subject - Document,Not mapped
Risk Management & Regulation,Modelling and Predictiions,Fraud and Money Laundering Likelihood Model,Text Data,Cross Subject - Document,DOCUMENT; TEXT_CONTENT; DIGITAL_CONTENT
Risk Management & Regulation,Modelling and Predictiions,Fraud and Money Laundering Likelihood Model,External Data - News / Industry Feeds E.g. Reuters,Cross Subject - Document,DOCUMENT; NEWS_FEED; MARKET_INDEX
Risk Management & Regulation,Modelling and Predictiions,Fraud and Money Laundering Likelihood Model,Master & Reference Data - Risk Policy Rules,Cross Subject - Document,RISK_GRADE_SCHEME; RISK_GRADE_VALUE; RISK_POLICY; BUSINESS_RULE
Risk Management & Regulation,Modelling and Predictiions,Fraud and Money Laundering Likelihood Model,Voice Recording,Cross Subject - Multi-media object,DIGITAL_CONTENT; CALL_RECORDING; DIRECT_CONTACT_EVENT
Risk Management & Regulation,Modelling and Predictiions,Fraud and Money Laundering Likelihood Model,External Data - Fraud Watch Lists,Cross Subject - Watch List,WATCH_LIST; WATCH_LIST_ENTRY; PARTY_WATCH_LIST_CHECK
Risk Management & Regulation,Modelling and Predictiions,Fraud and Money Laundering Likelihood Model,Compliance Approvals,Cross Subject,COMPLIANCE_EVENT; APPROVAL; PARTY_COMPLIANCE_VERIFICATION
Risk Management & Regulation,Modelling and Predictiions,Fraud and Money Laundering Likelihood Model,Business Process Definition,Not Covered,EVENT; PROCESS_EVENT
Risk Management & Regulation,Modelling and Predictiions,Fraud and Money Laundering Likelihood Model,External Data - External Loss Data,Not Covered,LOSS_EVENT; OPERATIONAL_LOSS_EVENT
Risk Management & Regulation,Modelling and Predictiions,Fraud and Money Laundering Loss Modelling,Single Customer View (Master Record),Party,PARTY; INDIVIDUAL; ORGANIZATION; HOUSEHOLD; PARTY_RELATIONSHIP; PARTY_IDENTIFICATION
Risk Management & Regulation,Modelling and Predictiions,Fraud and Money Laundering Loss Modelling,KYC Data,Party,PARTY_IDENTIFICATION; PARTY_CLASSIFICATION; PARTY_IDENTITY_DOCUMENT; PARTY_COMPLIANCE_VERIFICATION
Risk Management & Regulation,Modelling and Predictiions,Fraud and Money Laundering Loss Modelling,Customer Demographics,Party,INDIVIDUAL; PARTY_DEMOGRAPHIC; PARTY_CLASSIFICATION; PARTY_PREFERENCE
Risk Management & Regulation,Modelling and Predictiions,Fraud and Money Laundering Loss Modelling,Customer Attitudinal Data,Party,PARTY_PREFERENCE; PARTY_CLASSIFICATION; PARTY_SURVEY_RESPONSE
Risk Management & Regulation,Modelling and Predictiions,Fraud and Money Laundering Loss Modelling,Customer Segments,Party,PARTY_CLASSIFICATION; PARTY_SEGMENT; PARTY_CLASSIFICATION_VALUE
Risk Management & Regulation,Modelling and Predictiions,Fraud and Money Laundering Loss Modelling,Customer Contact Preferences,Party,PARTY_PREFERENCE; PARTY_CONTACT_POINT; ELECTRONIC_ADDRESS; POSTAL_ADDRESS
Risk Management & Regulation,Modelling and Predictiions,Fraud and Money Laundering Loss Modelling,Customer Marketing Preferences,Party,PARTY_PREFERENCE; PARTY_MARKETING_PREFERENCE; PARTY_CONSENT
Risk Management & Regulation,Modelling and Predictiions,Fraud and Money Laundering Loss Modelling,Customer Satisfaction Measurement (E.g. NPS),Party,PARTY_SURVEY_RESPONSE; SURVEY; SURVEY_QUESTION_RESPONSE
Risk Management & Regulation,Modelling and Predictiions,Fraud and Money Laundering Loss Modelling,Economic Forecast Data,Party,ECONOMIC_INDEX; ECONOMIC_INDEX_VALUE; MARKET_INDEX
Risk Management & Regulation,Modelling and Predictiions,Fraud and Money Laundering Loss Modelling,Legal Actions,Party,PARTY_LEGAL_ACTION; LEGAL_ACTION; PARTY_LITIGATION
Risk Management & Regulation,Modelling and Predictiions,Fraud and Money Laundering Loss Modelling,External Prospect Data / Lists,Party,PARTY; PROSPECT; PARTY_LIST; PARTY_LIST_MEMBERSHIP
Risk Management & Regulation,Modelling and Predictiions,Fraud and Money Laundering Loss Modelling,External Data - Social Media Data,Party,SOCIAL_MEDIA_ACCOUNT; SOCIAL_MEDIA_TRANSFER; SOCIAL_MEDIA_POST
Risk Management & Regulation,Modelling and Predictiions,Fraud and Money Laundering Loss Modelling,External Data - Bureau data,Party,PARTY_CREDIT_BUREAU_REPORT; CREDIT_BUREAU_SCORE; PARTY_EXTERNAL_RATING
Risk Management & Regulation,Modelling and Predictiions,Fraud and Money Laundering Loss Modelling,External Data - Credit Rating,Party,PARTY_EXTERNAL_RATING; PARTY_LIABILITY_CREDIT_RATING; CREDIT_BUREAU_SCORE
Risk Management & Regulation,Modelling and Predictiions,Fraud and Money Laundering Loss Modelling,"External Economic Data (E.g. Property Prices, Salary)",Party,ECONOMIC_INDEX; ECONOMIC_INDEX_VALUE; MARKET_INDEX; MARKET_INDEX_VALUE
Risk Management & Regulation,Modelling and Predictiions,Fraud and Money Laundering Loss Modelling,Master & Reference Data - staff / colleague,Party,INDIVIDUAL; ASSOCIATE; ASSOCIATE_ASSIGNMENT; INTERNAL_ORGANIZATION_UNIT
Risk Management & Regulation,Modelling and Predictiions,Fraud and Money Laundering Loss Modelling,"Sales and Performance Forecasts, Targets & KPIs",Party,PERFORMANCE_METRIC; PERFORMANCE_TARGET; ORGANIZATION_PERFORMANCE
Risk Management & Regulation,Modelling and Predictiions,Fraud and Money Laundering Loss Modelling,HR Performance Data,Party,ASSOCIATE; ASSOCIATE_PERFORMANCE_REVIEW; ASSOCIATE_ASSIGNMENT
Risk Management & Regulation,Modelling and Predictiions,Fraud and Money Laundering Loss Modelling,Customer Core Contact Details,Location,PARTY_CONTACT_POINT; ELECTRONIC_ADDRESS; POSTAL_ADDRESS; TELEPHONE_NUMBER
Risk Management & Regulation,Modelling and Predictiions,Fraud and Money Laundering Loss Modelling,Master & Reference Data - geography / location,Location,GEOGRAPHICAL_AREA; GEOGRAPHICAL_UNIT; SITE; POSTAL_ADDRESS
Risk Management & Regulation,Modelling and Predictiions,Fraud and Money Laundering Loss Modelling,Master & Reference Data - product,Product,Not mapped
Risk Management & Regulation,Modelling and Predictiions,Fraud and Money Laundering Loss Modelling,Master & Reference Data - exchange rates,Product,CURRENCY; CURRENCY_EXCHANGE_RATE; CURRENCY_PAIR
Risk Management & Regulation,Modelling and Predictiions,Fraud and Money Laundering Loss Modelling,Account / Policy / Service Holdings,Agreement,AGREEMENT; PARTY_AGREEMENT_ROLE; AGREEMENT_PARTY_ROLE; AGREEMENT_RELATIONSHIP
Risk Management & Regulation,Modelling and Predictiions,Fraud and Money Laundering Loss Modelling,Account / Policy / Service Detail,Agreement,AGREEMENT; LOAN_TERM_AGREEMENT; DEPOSIT_AGREEMENT; INSURANCE_AGREEMENT; CREDIT_CARD_AGREEMENT
Risk Management & Regulation,Modelling and Predictiions,Fraud and Money Laundering Loss Modelling,Account Status (open closed active / domant /inactive / closure reason ),Agreement,AGREEMENT; AGREEMENT_STATUS; AGREEMENT_STATUS_HISTORY
Risk Management & Regulation,Modelling and Predictiions,Fraud and Money Laundering Loss Modelling,Account Terms & Conditions,Agreement,AGREEMENT; AGREEMENT_CONDITION; AGREEMENT_TERM
Risk Management & Regulation,Modelling and Predictiions,Fraud and Money Laundering Loss Modelling,Account Feature Usage,Agreement,AGREEMENT_FEATURE; FEATURE; DESCRIPTIVE_FEATURE
Risk Management & Regulation,Modelling and Predictiions,Fraud and Money Laundering Loss Modelling,"Application Data (New Customer, New Product)",Agreement,APPLICATION; APPLICATION_STATUS; APPLICATION_PARTY_ROLE
Risk Management & Regulation,Modelling and Predictiions,Fraud and Money Laundering Loss Modelling,Coverage (insurance),Agreement,INSURANCE_COVERAGE; INSURANCE_AGREEMENT; COVERAGE_TYPE
Risk Management & Regulation,Modelling and Predictiions,Fraud and Money Laundering Loss Modelling,Account Balances,Agreement,AGREEMENT_SUMMARY; BALANCE_SUMMARY; AGREEMENT_BALANCE
Risk Management & Regulation,Modelling and Predictiions,Fraud and Money Laundering Loss Modelling,Investment Value,Agreement,INVESTMENT_ACCOUNT; INVESTMENT_HOLDING; INVESTMENT_PRODUCT_PRICE
Risk Management & Regulation,Modelling and Predictiions,Fraud and Money Laundering Loss Modelling,Market / Trading Book Positions,Agreement,TRADE_ORDER; TRADE_EXECUTION; TRADING_POSITION
Risk Management & Regulation,Modelling and Predictiions,Fraud and Money Laundering Loss Modelling,Mark to market valuations,Agreement,INVESTMENT_PRODUCT_PRICE; MARKET_INDEX_VALUE; AGREEMENT_VALUATION
Risk Management & Regulation,Modelling and Predictiions,Fraud and Money Laundering Loss Modelling,Account Maturity Dates & Repricing Schedules,Agreement,AGREEMENT; AGREEMENT_TERM; AGREEMENT_REPRICING_SCHEDULE
Risk Management & Regulation,Modelling and Predictiions,Fraud and Money Laundering Loss Modelling,Account Repayment Schedules,Agreement,AGREEMENT_REPAYMENT_SCHEDULE; LOAN_TERM_AGREEMENT
Risk Management & Regulation,Modelling and Predictiions,Fraud and Money Laundering Loss Modelling,Customer Illustrations,Agreement,DOCUMENT; PARTY_DOCUMENT
Risk Management & Regulation,Modelling and Predictiions,Fraud and Money Laundering Loss Modelling,Customer Quotes,Agreement,APPLICATION; QUOTE; DOCUMENT
Risk Management & Regulation,Modelling and Predictiions,Fraud and Money Laundering Loss Modelling,Collateral Agreements,Agreement,COLLATERAL_AGREEMENT; COLLATERAL; COLLATERAL_VALUATION; PARTY_ASSET
Risk Management & Regulation,Modelling and Predictiions,Fraud and Money Laundering Loss Modelling,Risk Exposures,Agreement,AGREEMENT_RISK_METRIC; RISK_EXPOSURE; CREDIT_RISK_SUMMARY
Risk Management & Regulation,Modelling and Predictiions,Fraud and Money Laundering Loss Modelling,Account Limits,Cross Subject  -  Limits,AGREEMENT_LIMIT; LIMIT; PARTY_LIMIT
Risk Management & Regulation,Modelling and Predictiions,Fraud and Money Laundering Loss Modelling,Predictive Models - propensity to buy,Party or Agreement,ANALYTICAL_MODEL; MODEL_RUN; MODEL_SCORE; PARTY_MODEL_SCORE
Risk Management & Regulation,Modelling and Predictiions,Fraud and Money Laundering Loss Modelling,Predictive Models - attrition,Party or Agreement,ANALYTICAL_MODEL; MODEL_RUN; MODEL_SCORE; PARTY_MODEL_SCORE
Risk Management & Regulation,Modelling and Predictiions,Fraud and Money Laundering Loss Modelling,Predictive Models - price elasticity,Party or Agreement,ANALYTICAL_MODEL; MODEL_RUN; MODEL_SCORE
Risk Management & Regulation,Modelling and Predictiions,Fraud and Money Laundering Loss Modelling,Attribution Models - response,Party or Agreement,ANALYTICAL_MODEL; MODEL_RUN; CAMPAIGN_RESPONSE
Risk Management & Regulation,Modelling and Predictiions,Fraud and Money Laundering Loss Modelling,"Risk Segments, Cohorts & Groupings",Party or Agreement,PARTY_CLASSIFICATION; RISK_GRADE_VALUE; RISK_GRADE_SCHEME
Risk Management & Regulation,Modelling and Predictiions,Fraud and Money Laundering Loss Modelling,"Provisions, Losses & Writeoffs",Party or Agreement,AGREEMENT_RISK_METRIC; PROVISION; WRITE_OFF; LOSS_EVENT
Risk Management & Regulation,Modelling and Predictiions,Fraud and Money Laundering Loss Modelling,Financial Transactions,Event,MONETARY_TRANSACTION; TRANSACTION_TYPE; FINANCIAL_TRANSACTION; PAYMENT
Risk Management & Regulation,Modelling and Predictiions,Fraud and Money Laundering Loss Modelling,"Account Fees, Commissions & Charges",Event,MONETARY_TRANSACTION; FEE_TRANSACTION; COMMISSION_TRANSACTION; AGREEMENT_FEE
Risk Management & Regulation,Modelling and Predictiions,Fraud and Money Laundering Loss Modelling,Financial Interbank Payments,Event,PAYMENT; INTERBANK_PAYMENT; FINANCIAL_TRANSACTION
Risk Management & Regulation,Modelling and Predictiions,Fraud and Money Laundering Loss Modelling,Non-Financial Transactions,Event,EVENT; NON_MONETARY_EVENT; DIRECT_CONTACT_EVENT
Risk Management & Regulation,Modelling and Predictiions,Fraud and Money Laundering Loss Modelling,Service Usage,Event,CHANNEL_USAGE_METRIC; SERVICE_USAGE_EVENT; CHANNEL_INSTANCE
Risk Management & Regulation,Modelling and Predictiions,Fraud and Money Laundering Loss Modelling,Complaint Data,Event,COMPLAINT; COMPLAINT_STATUS; COMPLAINT_RESOLUTION
Risk Management & Regulation,Modelling and Predictiions,Fraud and Money Laundering Loss Modelling,Offline Customer Interactions - Branch,Event,DIRECT_CONTACT_EVENT; BRANCH_VISIT_EVENT; CHANNEL_INSTANCE
Risk Management & Regulation,Modelling and Predictiions,Fraud and Money Laundering Loss Modelling,Offline Customer Interactions - Call Centre,Event,DIRECT_CONTACT_EVENT; CALL_EVENT; CHANNEL_INSTANCE
Risk Management & Regulation,Modelling and Predictiions,Fraud and Money Laundering Loss Modelling,Offline Customer Interactions - letters,Event,DIRECT_CONTACT_EVENT; CORRESPONDENCE_EVENT; DOCUMENT
Risk Management & Regulation,Modelling and Predictiions,Fraud and Money Laundering Loss Modelling,Offline Customer Interactions - sms text,Event,DIRECT_CONTACT_EVENT; SMS_EVENT; ELECTRONIC_ADDRESS
Risk Management & Regulation,Modelling and Predictiions,Fraud and Money Laundering Loss Modelling,Online Interactions -  webchat (internal & external),Event,WEB_VISIT; WEB_PAGE_VIEW; ONLINE_INTERACTION_EVENT
Risk Management & Regulation,Modelling and Predictiions,Fraud and Money Laundering Loss Modelling,Online Interactions colleague intranet,Event,WEB_VISIT; WEB_PAGE_VIEW
Risk Management & Regulation,Modelling and Predictiions,Fraud and Money Laundering Loss Modelling,Online Interactions customer digital banking site (web log),Event,WEB_VISIT; WEB_PAGE_VIEW; EXTENDED_SESSION_INFORMATION; ONLINE_APPLICATION_ACCESS
Risk Management & Regulation,Modelling and Predictiions,Fraud and Money Laundering Loss Modelling,Online Interactions customer general banking site,Event,WEB_VISIT; WEB_PAGE_VIEW; ONLINE_INTERACTION_EVENT
Risk Management & Regulation,Modelling and Predictiions,Fraud and Money Laundering Loss Modelling,Online Interactions email - customer & employee,Event,DIRECT_CONTACT_EVENT; EMAIL_EVENT; ELECTRONIC_ADDRESS
Risk Management & Regulation,Modelling and Predictiions,Fraud and Money Laundering Loss Modelling,Online Interactions mobile app,Event,WEB_VISIT; WEB_PAGE_VIEW; MOBILE_APP_EVENT; CHANNEL_INSTANCE
Risk Management & Regulation,Modelling and Predictiions,Fraud and Money Laundering Loss Modelling,Online Interactions off-site - ad server,Event,AD; AD_PLACEMENT; AD_IMPRESSION; AD_CAMPAIGN_OBJECTIVE
Risk Management & Regulation,Modelling and Predictiions,Fraud and Money Laundering Loss Modelling,Online Interactions prospect / unidentified customer (web log),Event,WEB_VISIT; WEB_PAGE_VIEW; VISITOR_INTERACTION_EVENT
Risk Management & Regulation,Modelling and Predictiions,Fraud and Money Laundering Loss Modelling,"Case History (Fraud, Money Laundering, Complaint)",Event,CASE; CASE_EVENT; CASE_PARTY_ROLE; FRAUD_CASE
Risk Management & Regulation,Modelling and Predictiions,Fraud and Money Laundering Loss Modelling,Claims,Event,CLAIM; CLAIM_STATUS; CLAIM_PARTY_ROLE; CLAIM_PAYMENT
Risk Management & Regulation,Modelling and Predictiions,Fraud and Money Laundering Loss Modelling,Defaults & Limit Breaches,Event,AGREEMENT_STATUS; DEFAULT_EVENT; LIMIT_BREACH_EVENT; AGREEMENT_RISK_METRIC
Risk Management & Regulation,Modelling and Predictiions,Fraud and Money Laundering Loss Modelling,Closed Loop Outcomes / Channel Responses,Event,CAMPAIGN_RESPONSE; CAMPAIGN_OFFER_RESPONSE; DIRECT_CONTACT_EVENT
Risk Management & Regulation,Modelling and Predictiions,Fraud and Money Laundering Loss Modelling,External Data - Corporate Actions,Event,CORPORATE_ACTION; INVESTMENT_PRODUCT
Risk Management & Regulation,Modelling and Predictiions,Fraud and Money Laundering Loss Modelling,Internal Process Activity Data,Event,EVENT; PROCESS_EVENT; OPERATIONAL_EVENT
Risk Management & Regulation,Modelling and Predictiions,Fraud and Money Laundering Loss Modelling,Master & Reference Data - merchant / transaction,Event,MERCHANT; MERCHANT_CATEGORY; TRANSACTION_TYPE
Risk Management & Regulation,Modelling and Predictiions,Fraud and Money Laundering Loss Modelling,Customer interview / fact find,Event or Cross Subject - Document,DOCUMENT; SURVEY; SURVEY_QUESTION_RESPONSE; PARTY_DOCUMENT
Risk Management & Regulation,Modelling and Predictiions,Fraud and Money Laundering Loss Modelling,Physical Assets,Party Asset,PARTY_ASSET; FIXED_ASSET; REAL_PROPERTY
Risk Management & Regulation,Modelling and Predictiions,Fraud and Money Laundering Loss Modelling,Physical Asset Valuations,Party Asset,PARTY_ASSET_VALUATION; COLLATERAL_VALUATION; REAL_PROPERTY_VALUATION
Risk Management & Regulation,Modelling and Predictiions,Fraud and Money Laundering Loss Modelling,Master & Reference Data - organisation hierarchy,Internal Organisation,ORGANIZATION; INTERNAL_ORGANIZATION_UNIT; ORGANIZATION_UNIT_RELATIONSHIP; ORGANIZATION_BUSINESS_TYPE
Risk Management & Regulation,Modelling and Predictiions,Fraud and Money Laundering Loss Modelling,Master & Reference Data - Channel,Channel,CHANNEL_TYPE; CHANNEL_INSTANCE; CHANNEL_CLASSIFICATION
Risk Management & Regulation,Modelling and Predictiions,Fraud and Money Laundering Loss Modelling,Finance Systems - General Ledger,Finance,Not mapped
Risk Management & Regulation,Modelling and Predictiions,Fraud and Money Laundering Loss Modelling,"Model Metadata (E.g. defintion, assumptions, metrics)",Analytical Model,ANALYTICAL_MODEL; MODEL_RUN; MODEL_PARAMETER
Risk Management & Regulation,Modelling and Predictiions,Fraud and Money Laundering Loss Modelling,Risk Scenario & Stress Testing Results,Analytical Model,RISK_CALCULATION_SCENARIO; RISK_SCENARIO_RESULT; STRESS_TEST_RESULT
Risk Management & Regulation,Modelling and Predictiions,Fraud and Money Laundering Loss Modelling,"Documents - Structured Data Capture (Survey, Application Forms)",Cross Subject - Document,DOCUMENT; DOCUMENT_TYPE; SURVEY; APPLICATION
Risk Management & Regulation,Modelling and Predictiions,Fraud and Money Laundering Loss Modelling,Document Image,Cross Subject - Document,Not mapped
Risk Management & Regulation,Modelling and Predictiions,Fraud and Money Laundering Loss Modelling,Text Data,Cross Subject - Document,DOCUMENT; TEXT_CONTENT; DIGITAL_CONTENT
Risk Management & Regulation,Modelling and Predictiions,Fraud and Money Laundering Loss Modelling,External Data - News / Industry Feeds E.g. Reuters,Cross Subject - Document,DOCUMENT; NEWS_FEED; MARKET_INDEX
Risk Management & Regulation,Modelling and Predictiions,Fraud and Money Laundering Loss Modelling,Master & Reference Data - Risk Policy Rules,Cross Subject - Document,RISK_GRADE_SCHEME; RISK_GRADE_VALUE; RISK_POLICY; BUSINESS_RULE
Risk Management & Regulation,Modelling and Predictiions,Fraud and Money Laundering Loss Modelling,Voice Recording,Cross Subject - Multi-media object,DIGITAL_CONTENT; CALL_RECORDING; DIRECT_CONTACT_EVENT
Risk Management & Regulation,Modelling and Predictiions,Fraud and Money Laundering Loss Modelling,External Data - Fraud Watch Lists,Cross Subject - Watch List,WATCH_LIST; WATCH_LIST_ENTRY; PARTY_WATCH_LIST_CHECK
Risk Management & Regulation,Modelling and Predictiions,Fraud and Money Laundering Loss Modelling,Compliance Approvals,Cross Subject,COMPLIANCE_EVENT; APPROVAL; PARTY_COMPLIANCE_VERIFICATION
Risk Management & Regulation,Modelling and Predictiions,Fraud and Money Laundering Loss Modelling,Business Process Definition,Not Covered,EVENT; PROCESS_EVENT
Risk Management & Regulation,Modelling and Predictiions,Fraud and Money Laundering Loss Modelling,External Data - External Loss Data,Not Covered,LOSS_EVENT; OPERATIONAL_LOSS_EVENT
Risk Management & Regulation,Modelling and Predictiions,Fraud and Money Laundering Strategy Modelling,Single Customer View (Master Record),Party,PARTY; INDIVIDUAL; ORGANIZATION; HOUSEHOLD; PARTY_RELATIONSHIP; PARTY_IDENTIFICATION
Risk Management & Regulation,Modelling and Predictiions,Fraud and Money Laundering Strategy Modelling,KYC Data,Party,PARTY_IDENTIFICATION; PARTY_CLASSIFICATION; PARTY_IDENTITY_DOCUMENT; PARTY_COMPLIANCE_VERIFICATION
Risk Management & Regulation,Modelling and Predictiions,Fraud and Money Laundering Strategy Modelling,Customer Demographics,Party,INDIVIDUAL; PARTY_DEMOGRAPHIC; PARTY_CLASSIFICATION; PARTY_PREFERENCE
Risk Management & Regulation,Modelling and Predictiions,Fraud and Money Laundering Strategy Modelling,Customer Attitudinal Data,Party,PARTY_PREFERENCE; PARTY_CLASSIFICATION; PARTY_SURVEY_RESPONSE
Risk Management & Regulation,Modelling and Predictiions,Fraud and Money Laundering Strategy Modelling,Customer Segments,Party,PARTY_CLASSIFICATION; PARTY_SEGMENT; PARTY_CLASSIFICATION_VALUE
Risk Management & Regulation,Modelling and Predictiions,Fraud and Money Laundering Strategy Modelling,Customer Contact Preferences,Party,PARTY_PREFERENCE; PARTY_CONTACT_POINT; ELECTRONIC_ADDRESS; POSTAL_ADDRESS
Risk Management & Regulation,Modelling and Predictiions,Fraud and Money Laundering Strategy Modelling,Customer Marketing Preferences,Party,PARTY_PREFERENCE; PARTY_MARKETING_PREFERENCE; PARTY_CONSENT
Risk Management & Regulation,Modelling and Predictiions,Fraud and Money Laundering Strategy Modelling,Customer Satisfaction Measurement (E.g. NPS),Party,PARTY_SURVEY_RESPONSE; SURVEY; SURVEY_QUESTION_RESPONSE
Risk Management & Regulation,Modelling and Predictiions,Fraud and Money Laundering Strategy Modelling,Economic Forecast Data,Party,ECONOMIC_INDEX; ECONOMIC_INDEX_VALUE; MARKET_INDEX
Risk Management & Regulation,Modelling and Predictiions,Fraud and Money Laundering Strategy Modelling,Legal Actions,Party,PARTY_LEGAL_ACTION; LEGAL_ACTION; PARTY_LITIGATION
Risk Management & Regulation,Modelling and Predictiions,Fraud and Money Laundering Strategy Modelling,External Prospect Data / Lists,Party,PARTY; PROSPECT; PARTY_LIST; PARTY_LIST_MEMBERSHIP
Risk Management & Regulation,Modelling and Predictiions,Fraud and Money Laundering Strategy Modelling,External Data - Social Media Data,Party,SOCIAL_MEDIA_ACCOUNT; SOCIAL_MEDIA_TRANSFER; SOCIAL_MEDIA_POST
Risk Management & Regulation,Modelling and Predictiions,Fraud and Money Laundering Strategy Modelling,External Data - Bureau data,Party,PARTY_CREDIT_BUREAU_REPORT; CREDIT_BUREAU_SCORE; PARTY_EXTERNAL_RATING
Risk Management & Regulation,Modelling and Predictiions,Fraud and Money Laundering Strategy Modelling,External Data - Credit Rating,Party,PARTY_EXTERNAL_RATING; PARTY_LIABILITY_CREDIT_RATING; CREDIT_BUREAU_SCORE
Risk Management & Regulation,Modelling and Predictiions,Fraud and Money Laundering Strategy Modelling,"External Economic Data (E.g. Property Prices, Salary)",Party,ECONOMIC_INDEX; ECONOMIC_INDEX_VALUE; MARKET_INDEX; MARKET_INDEX_VALUE
Risk Management & Regulation,Modelling and Predictiions,Fraud and Money Laundering Strategy Modelling,Master & Reference Data - staff / colleague,Party,INDIVIDUAL; ASSOCIATE; ASSOCIATE_ASSIGNMENT; INTERNAL_ORGANIZATION_UNIT
Risk Management & Regulation,Modelling and Predictiions,Fraud and Money Laundering Strategy Modelling,"Sales and Performance Forecasts, Targets & KPIs",Party,PERFORMANCE_METRIC; PERFORMANCE_TARGET; ORGANIZATION_PERFORMANCE
Risk Management & Regulation,Modelling and Predictiions,Fraud and Money Laundering Strategy Modelling,HR Performance Data,Party,ASSOCIATE; ASSOCIATE_PERFORMANCE_REVIEW; ASSOCIATE_ASSIGNMENT
Risk Management & Regulation,Modelling and Predictiions,Fraud and Money Laundering Strategy Modelling,Customer Core Contact Details,Location,PARTY_CONTACT_POINT; ELECTRONIC_ADDRESS; POSTAL_ADDRESS; TELEPHONE_NUMBER
Risk Management & Regulation,Modelling and Predictiions,Fraud and Money Laundering Strategy Modelling,Master & Reference Data - geography / location,Location,GEOGRAPHICAL_AREA; GEOGRAPHICAL_UNIT; SITE; POSTAL_ADDRESS
Risk Management & Regulation,Modelling and Predictiions,Fraud and Money Laundering Strategy Modelling,Master & Reference Data - product,Product,Not mapped
Risk Management & Regulation,Modelling and Predictiions,Fraud and Money Laundering Strategy Modelling,Master & Reference Data - exchange rates,Product,CURRENCY; CURRENCY_EXCHANGE_RATE; CURRENCY_PAIR
Risk Management & Regulation,Modelling and Predictiions,Fraud and Money Laundering Strategy Modelling,Account / Policy / Service Holdings,Agreement,AGREEMENT; PARTY_AGREEMENT_ROLE; AGREEMENT_PARTY_ROLE; AGREEMENT_RELATIONSHIP
Risk Management & Regulation,Modelling and Predictiions,Fraud and Money Laundering Strategy Modelling,Account / Policy / Service Detail,Agreement,AGREEMENT; LOAN_TERM_AGREEMENT; DEPOSIT_AGREEMENT; INSURANCE_AGREEMENT; CREDIT_CARD_AGREEMENT
Risk Management & Regulation,Modelling and Predictiions,Fraud and Money Laundering Strategy Modelling,Account Status (open closed active / domant /inactive / closure reason ),Agreement,AGREEMENT; AGREEMENT_STATUS; AGREEMENT_STATUS_HISTORY
Risk Management & Regulation,Modelling and Predictiions,Fraud and Money Laundering Strategy Modelling,Account Terms & Conditions,Agreement,AGREEMENT; AGREEMENT_CONDITION; AGREEMENT_TERM
Risk Management & Regulation,Modelling and Predictiions,Fraud and Money Laundering Strategy Modelling,Account Feature Usage,Agreement,AGREEMENT_FEATURE; FEATURE; DESCRIPTIVE_FEATURE
Risk Management & Regulation,Modelling and Predictiions,Fraud and Money Laundering Strategy Modelling,"Application Data (New Customer, New Product)",Agreement,APPLICATION; APPLICATION_STATUS; APPLICATION_PARTY_ROLE
Risk Management & Regulation,Modelling and Predictiions,Fraud and Money Laundering Strategy Modelling,Coverage (insurance),Agreement,INSURANCE_COVERAGE; INSURANCE_AGREEMENT; COVERAGE_TYPE
Risk Management & Regulation,Modelling and Predictiions,Fraud and Money Laundering Strategy Modelling,Account Balances,Agreement,AGREEMENT_SUMMARY; BALANCE_SUMMARY; AGREEMENT_BALANCE
Risk Management & Regulation,Modelling and Predictiions,Fraud and Money Laundering Strategy Modelling,Investment Value,Agreement,INVESTMENT_ACCOUNT; INVESTMENT_HOLDING; INVESTMENT_PRODUCT_PRICE
Risk Management & Regulation,Modelling and Predictiions,Fraud and Money Laundering Strategy Modelling,Market / Trading Book Positions,Agreement,TRADE_ORDER; TRADE_EXECUTION; TRADING_POSITION
Risk Management & Regulation,Modelling and Predictiions,Fraud and Money Laundering Strategy Modelling,Mark to market valuations,Agreement,INVESTMENT_PRODUCT_PRICE; MARKET_INDEX_VALUE; AGREEMENT_VALUATION
Risk Management & Regulation,Modelling and Predictiions,Fraud and Money Laundering Strategy Modelling,Account Maturity Dates & Repricing Schedules,Agreement,AGREEMENT; AGREEMENT_TERM; AGREEMENT_REPRICING_SCHEDULE
Risk Management & Regulation,Modelling and Predictiions,Fraud and Money Laundering Strategy Modelling,Account Repayment Schedules,Agreement,AGREEMENT_REPAYMENT_SCHEDULE; LOAN_TERM_AGREEMENT
Risk Management & Regulation,Modelling and Predictiions,Fraud and Money Laundering Strategy Modelling,Customer Illustrations,Agreement,DOCUMENT; PARTY_DOCUMENT
Risk Management & Regulation,Modelling and Predictiions,Fraud and Money Laundering Strategy Modelling,Customer Quotes,Agreement,APPLICATION; QUOTE; DOCUMENT
Risk Management & Regulation,Modelling and Predictiions,Fraud and Money Laundering Strategy Modelling,Collateral Agreements,Agreement,COLLATERAL_AGREEMENT; COLLATERAL; COLLATERAL_VALUATION; PARTY_ASSET
Risk Management & Regulation,Modelling and Predictiions,Fraud and Money Laundering Strategy Modelling,Risk Exposures,Agreement,AGREEMENT_RISK_METRIC; RISK_EXPOSURE; CREDIT_RISK_SUMMARY
Risk Management & Regulation,Modelling and Predictiions,Fraud and Money Laundering Strategy Modelling,Account Limits,Cross Subject  -  Limits,AGREEMENT_LIMIT; LIMIT; PARTY_LIMIT
Risk Management & Regulation,Modelling and Predictiions,Fraud and Money Laundering Strategy Modelling,Predictive Models - propensity to buy,Party or Agreement,ANALYTICAL_MODEL; MODEL_RUN; MODEL_SCORE; PARTY_MODEL_SCORE
Risk Management & Regulation,Modelling and Predictiions,Fraud and Money Laundering Strategy Modelling,Predictive Models - attrition,Party or Agreement,ANALYTICAL_MODEL; MODEL_RUN; MODEL_SCORE; PARTY_MODEL_SCORE
Risk Management & Regulation,Modelling and Predictiions,Fraud and Money Laundering Strategy Modelling,Predictive Models - price elasticity,Party or Agreement,ANALYTICAL_MODEL; MODEL_RUN; MODEL_SCORE
Risk Management & Regulation,Modelling and Predictiions,Fraud and Money Laundering Strategy Modelling,Attribution Models - response,Party or Agreement,ANALYTICAL_MODEL; MODEL_RUN; CAMPAIGN_RESPONSE
Risk Management & Regulation,Modelling and Predictiions,Fraud and Money Laundering Strategy Modelling,"Risk Segments, Cohorts & Groupings",Party or Agreement,PARTY_CLASSIFICATION; RISK_GRADE_VALUE; RISK_GRADE_SCHEME
Risk Management & Regulation,Modelling and Predictiions,Fraud and Money Laundering Strategy Modelling,"Provisions, Losses & Writeoffs",Party or Agreement,AGREEMENT_RISK_METRIC; PROVISION; WRITE_OFF; LOSS_EVENT
Risk Management & Regulation,Modelling and Predictiions,Fraud and Money Laundering Strategy Modelling,Financial Transactions,Event,MONETARY_TRANSACTION; TRANSACTION_TYPE; FINANCIAL_TRANSACTION; PAYMENT
Risk Management & Regulation,Modelling and Predictiions,Fraud and Money Laundering Strategy Modelling,"Account Fees, Commissions & Charges",Event,MONETARY_TRANSACTION; FEE_TRANSACTION; COMMISSION_TRANSACTION; AGREEMENT_FEE
Risk Management & Regulation,Modelling and Predictiions,Fraud and Money Laundering Strategy Modelling,Financial Interbank Payments,Event,PAYMENT; INTERBANK_PAYMENT; FINANCIAL_TRANSACTION
Risk Management & Regulation,Modelling and Predictiions,Fraud and Money Laundering Strategy Modelling,Non-Financial Transactions,Event,EVENT; NON_MONETARY_EVENT; DIRECT_CONTACT_EVENT
Risk Management & Regulation,Modelling and Predictiions,Fraud and Money Laundering Strategy Modelling,Service Usage,Event,CHANNEL_USAGE_METRIC; SERVICE_USAGE_EVENT; CHANNEL_INSTANCE
Risk Management & Regulation,Modelling and Predictiions,Fraud and Money Laundering Strategy Modelling,Complaint Data,Event,COMPLAINT; COMPLAINT_STATUS; COMPLAINT_RESOLUTION
Risk Management & Regulation,Modelling and Predictiions,Fraud and Money Laundering Strategy Modelling,Offline Customer Interactions - Branch,Event,DIRECT_CONTACT_EVENT; BRANCH_VISIT_EVENT; CHANNEL_INSTANCE
Risk Management & Regulation,Modelling and Predictiions,Fraud and Money Laundering Strategy Modelling,Offline Customer Interactions - Call Centre,Event,DIRECT_CONTACT_EVENT; CALL_EVENT; CHANNEL_INSTANCE
Risk Management & Regulation,Modelling and Predictiions,Fraud and Money Laundering Strategy Modelling,Offline Customer Interactions - letters,Event,DIRECT_CONTACT_EVENT; CORRESPONDENCE_EVENT; DOCUMENT
Risk Management & Regulation,Modelling and Predictiions,Fraud and Money Laundering Strategy Modelling,Offline Customer Interactions - sms text,Event,DIRECT_CONTACT_EVENT; SMS_EVENT; ELECTRONIC_ADDRESS
Risk Management & Regulation,Modelling and Predictiions,Fraud and Money Laundering Strategy Modelling,Online Interactions -  webchat (internal & external),Event,WEB_VISIT; WEB_PAGE_VIEW; ONLINE_INTERACTION_EVENT
Risk Management & Regulation,Modelling and Predictiions,Fraud and Money Laundering Strategy Modelling,Online Interactions colleague intranet,Event,WEB_VISIT; WEB_PAGE_VIEW
Risk Management & Regulation,Modelling and Predictiions,Fraud and Money Laundering Strategy Modelling,Online Interactions customer digital banking site (web log),Event,WEB_VISIT; WEB_PAGE_VIEW; EXTENDED_SESSION_INFORMATION; ONLINE_APPLICATION_ACCESS
Risk Management & Regulation,Modelling and Predictiions,Fraud and Money Laundering Strategy Modelling,Online Interactions customer general banking site,Event,WEB_VISIT; WEB_PAGE_VIEW; ONLINE_INTERACTION_EVENT
Risk Management & Regulation,Modelling and Predictiions,Fraud and Money Laundering Strategy Modelling,Online Interactions email - customer & employee,Event,DIRECT_CONTACT_EVENT; EMAIL_EVENT; ELECTRONIC_ADDRESS
Risk Management & Regulation,Modelling and Predictiions,Fraud and Money Laundering Strategy Modelling,Online Interactions mobile app,Event,WEB_VISIT; WEB_PAGE_VIEW; MOBILE_APP_EVENT; CHANNEL_INSTANCE
Risk Management & Regulation,Modelling and Predictiions,Fraud and Money Laundering Strategy Modelling,Online Interactions off-site - ad server,Event,AD; AD_PLACEMENT; AD_IMPRESSION; AD_CAMPAIGN_OBJECTIVE
Risk Management & Regulation,Modelling and Predictiions,Fraud and Money Laundering Strategy Modelling,Online Interactions prospect / unidentified customer (web log),Event,WEB_VISIT; WEB_PAGE_VIEW; VISITOR_INTERACTION_EVENT
Risk Management & Regulation,Modelling and Predictiions,Fraud and Money Laundering Strategy Modelling,"Case History (Fraud, Money Laundering, Complaint)",Event,CASE; CASE_EVENT; CASE_PARTY_ROLE; FRAUD_CASE
Risk Management & Regulation,Modelling and Predictiions,Fraud and Money Laundering Strategy Modelling,Claims,Event,CLAIM; CLAIM_STATUS; CLAIM_PARTY_ROLE; CLAIM_PAYMENT
Risk Management & Regulation,Modelling and Predictiions,Fraud and Money Laundering Strategy Modelling,Defaults & Limit Breaches,Event,AGREEMENT_STATUS; DEFAULT_EVENT; LIMIT_BREACH_EVENT; AGREEMENT_RISK_METRIC
Risk Management & Regulation,Modelling and Predictiions,Fraud and Money Laundering Strategy Modelling,Closed Loop Outcomes / Channel Responses,Event,CAMPAIGN_RESPONSE; CAMPAIGN_OFFER_RESPONSE; DIRECT_CONTACT_EVENT
Risk Management & Regulation,Modelling and Predictiions,Fraud and Money Laundering Strategy Modelling,External Data - Corporate Actions,Event,CORPORATE_ACTION; INVESTMENT_PRODUCT
Risk Management & Regulation,Modelling and Predictiions,Fraud and Money Laundering Strategy Modelling,Internal Process Activity Data,Event,EVENT; PROCESS_EVENT; OPERATIONAL_EVENT
Risk Management & Regulation,Modelling and Predictiions,Fraud and Money Laundering Strategy Modelling,Master & Reference Data - merchant / transaction,Event,MERCHANT; MERCHANT_CATEGORY; TRANSACTION_TYPE
Risk Management & Regulation,Modelling and Predictiions,Fraud and Money Laundering Strategy Modelling,Customer interview / fact find,Event or Cross Subject - Document,DOCUMENT; SURVEY; SURVEY_QUESTION_RESPONSE; PARTY_DOCUMENT
Risk Management & Regulation,Modelling and Predictiions,Fraud and Money Laundering Strategy Modelling,Physical Assets,Party Asset,PARTY_ASSET; FIXED_ASSET; REAL_PROPERTY
Risk Management & Regulation,Modelling and Predictiions,Fraud and Money Laundering Strategy Modelling,Physical Asset Valuations,Party Asset,PARTY_ASSET_VALUATION; COLLATERAL_VALUATION; REAL_PROPERTY_VALUATION
Risk Management & Regulation,Modelling and Predictiions,Fraud and Money Laundering Strategy Modelling,Master & Reference Data - organisation hierarchy,Internal Organisation,ORGANIZATION; INTERNAL_ORGANIZATION_UNIT; ORGANIZATION_UNIT_RELATIONSHIP; ORGANIZATION_BUSINESS_TYPE
Risk Management & Regulation,Modelling and Predictiions,Fraud and Money Laundering Strategy Modelling,Master & Reference Data - Channel,Channel,CHANNEL_TYPE; CHANNEL_INSTANCE; CHANNEL_CLASSIFICATION
Risk Management & Regulation,Modelling and Predictiions,Fraud and Money Laundering Strategy Modelling,"Model Metadata (E.g. defintion, assumptions, metrics)",Analytical Model,ANALYTICAL_MODEL; MODEL_RUN; MODEL_PARAMETER
Risk Management & Regulation,Modelling and Predictiions,Fraud and Money Laundering Strategy Modelling,Risk Scenario & Stress Testing Results,Analytical Model,RISK_CALCULATION_SCENARIO; RISK_SCENARIO_RESULT; STRESS_TEST_RESULT
Risk Management & Regulation,Modelling and Predictiions,Fraud and Money Laundering Strategy Modelling,"Documents - Structured Data Capture (Survey, Application Forms)",Cross Subject - Document,DOCUMENT; DOCUMENT_TYPE; SURVEY; APPLICATION
Risk Management & Regulation,Modelling and Predictiions,Fraud and Money Laundering Strategy Modelling,Document Image,Cross Subject - Document,Not mapped
Risk Management & Regulation,Modelling and Predictiions,Fraud and Money Laundering Strategy Modelling,Text Data,Cross Subject - Document,DOCUMENT; TEXT_CONTENT; DIGITAL_CONTENT
Risk Management & Regulation,Modelling and Predictiions,Fraud and Money Laundering Strategy Modelling,External Data - News / Industry Feeds E.g. Reuters,Cross Subject - Document,DOCUMENT; NEWS_FEED; MARKET_INDEX
Risk Management & Regulation,Modelling and Predictiions,Fraud and Money Laundering Strategy Modelling,Master & Reference Data - Risk Policy Rules,Cross Subject - Document,RISK_GRADE_SCHEME; RISK_GRADE_VALUE; RISK_POLICY; BUSINESS_RULE
Risk Management & Regulation,Modelling and Predictiions,Fraud and Money Laundering Strategy Modelling,Voice Recording,Cross Subject - Multi-media object,DIGITAL_CONTENT; CALL_RECORDING; DIRECT_CONTACT_EVENT
Risk Management & Regulation,Modelling and Predictiions,Fraud and Money Laundering Strategy Modelling,External Data - Fraud Watch Lists,Cross Subject - Watch List,WATCH_LIST; WATCH_LIST_ENTRY; PARTY_WATCH_LIST_CHECK
Risk Management & Regulation,Modelling and Predictiions,Fraud and Money Laundering Strategy Modelling,Compliance Approvals,Cross Subject,COMPLIANCE_EVENT; APPROVAL; PARTY_COMPLIANCE_VERIFICATION
Risk Management & Regulation,Modelling and Predictiions,Fraud and Money Laundering Strategy Modelling,Business Process Definition,Not Covered,EVENT; PROCESS_EVENT
Risk Management & Regulation,Modelling and Predictiions,Fraud and Money Laundering Strategy Modelling,External Data - External Loss Data,Not Covered,LOSS_EVENT; OPERATIONAL_LOSS_EVENT
Risk Management & Regulation,Modelling and Predictiions,Operational Risk / Cybercrime Likelihood,Single Customer View (Master Record),Party,PARTY; INDIVIDUAL; ORGANIZATION; HOUSEHOLD; PARTY_RELATIONSHIP; PARTY_IDENTIFICATION
Risk Management & Regulation,Modelling and Predictiions,Operational Risk / Cybercrime Likelihood,KYC Data,Party,PARTY_IDENTIFICATION; PARTY_CLASSIFICATION; PARTY_IDENTITY_DOCUMENT; PARTY_COMPLIANCE_VERIFICATION
Risk Management & Regulation,Modelling and Predictiions,Operational Risk / Cybercrime Likelihood,Customer Demographics,Party,INDIVIDUAL; PARTY_DEMOGRAPHIC; PARTY_CLASSIFICATION; PARTY_PREFERENCE
Risk Management & Regulation,Modelling and Predictiions,Operational Risk / Cybercrime Likelihood,Customer Attitudinal Data,Party,PARTY_PREFERENCE; PARTY_CLASSIFICATION; PARTY_SURVEY_RESPONSE
Risk Management & Regulation,Modelling and Predictiions,Operational Risk / Cybercrime Likelihood,Customer Segments,Party,PARTY_CLASSIFICATION; PARTY_SEGMENT; PARTY_CLASSIFICATION_VALUE
Risk Management & Regulation,Modelling and Predictiions,Operational Risk / Cybercrime Likelihood,Customer Contact Preferences,Party,PARTY_PREFERENCE; PARTY_CONTACT_POINT; ELECTRONIC_ADDRESS; POSTAL_ADDRESS
Risk Management & Regulation,Modelling and Predictiions,Operational Risk / Cybercrime Likelihood,Customer Marketing Preferences,Party,PARTY_PREFERENCE; PARTY_MARKETING_PREFERENCE; PARTY_CONSENT
Risk Management & Regulation,Modelling and Predictiions,Operational Risk / Cybercrime Likelihood,Customer Satisfaction Measurement (E.g. NPS),Party,PARTY_SURVEY_RESPONSE; SURVEY; SURVEY_QUESTION_RESPONSE
Risk Management & Regulation,Modelling and Predictiions,Operational Risk / Cybercrime Likelihood,Economic Forecast Data,Party,ECONOMIC_INDEX; ECONOMIC_INDEX_VALUE; MARKET_INDEX
Risk Management & Regulation,Modelling and Predictiions,Operational Risk / Cybercrime Likelihood,Legal Actions,Party,PARTY_LEGAL_ACTION; LEGAL_ACTION; PARTY_LITIGATION
Risk Management & Regulation,Modelling and Predictiions,Operational Risk / Cybercrime Likelihood,External Prospect Data / Lists,Party,PARTY; PROSPECT; PARTY_LIST; PARTY_LIST_MEMBERSHIP
Risk Management & Regulation,Modelling and Predictiions,Operational Risk / Cybercrime Likelihood,External Data - Social Media Data,Party,SOCIAL_MEDIA_ACCOUNT; SOCIAL_MEDIA_TRANSFER; SOCIAL_MEDIA_POST
Risk Management & Regulation,Modelling and Predictiions,Operational Risk / Cybercrime Likelihood,External Data - Bureau data,Party,PARTY_CREDIT_BUREAU_REPORT; CREDIT_BUREAU_SCORE; PARTY_EXTERNAL_RATING
Risk Management & Regulation,Modelling and Predictiions,Operational Risk / Cybercrime Likelihood,External Data - Credit Rating,Party,PARTY_EXTERNAL_RATING; PARTY_LIABILITY_CREDIT_RATING; CREDIT_BUREAU_SCORE
Risk Management & Regulation,Modelling and Predictiions,Operational Risk / Cybercrime Likelihood,"External Economic Data (E.g. Property Prices, Salary)",Party,ECONOMIC_INDEX; ECONOMIC_INDEX_VALUE; MARKET_INDEX; MARKET_INDEX_VALUE
Risk Management & Regulation,Modelling and Predictiions,Operational Risk / Cybercrime Likelihood,Master & Reference Data - staff / colleague,Party,INDIVIDUAL; ASSOCIATE; ASSOCIATE_ASSIGNMENT; INTERNAL_ORGANIZATION_UNIT
Risk Management & Regulation,Modelling and Predictiions,Operational Risk / Cybercrime Likelihood,"Sales and Performance Forecasts, Targets & KPIs",Party,PERFORMANCE_METRIC; PERFORMANCE_TARGET; ORGANIZATION_PERFORMANCE
Risk Management & Regulation,Modelling and Predictiions,Operational Risk / Cybercrime Likelihood,HR Performance Data,Party,ASSOCIATE; ASSOCIATE_PERFORMANCE_REVIEW; ASSOCIATE_ASSIGNMENT
Risk Management & Regulation,Modelling and Predictiions,Operational Risk / Cybercrime Likelihood,Customer Core Contact Details,Location,PARTY_CONTACT_POINT; ELECTRONIC_ADDRESS; POSTAL_ADDRESS; TELEPHONE_NUMBER
Risk Management & Regulation,Modelling and Predictiions,Operational Risk / Cybercrime Likelihood,Master & Reference Data - geography / location,Location,GEOGRAPHICAL_AREA; GEOGRAPHICAL_UNIT; SITE; POSTAL_ADDRESS
Risk Management & Regulation,Modelling and Predictiions,Operational Risk / Cybercrime Likelihood,Master & Reference Data - product,Product,Not mapped
Risk Management & Regulation,Modelling and Predictiions,Operational Risk / Cybercrime Likelihood,Master & Reference Data - exchange rates,Product,CURRENCY; CURRENCY_EXCHANGE_RATE; CURRENCY_PAIR
Risk Management & Regulation,Modelling and Predictiions,Operational Risk / Cybercrime Likelihood,Account / Policy / Service Holdings,Agreement,AGREEMENT; PARTY_AGREEMENT_ROLE; AGREEMENT_PARTY_ROLE; AGREEMENT_RELATIONSHIP
Risk Management & Regulation,Modelling and Predictiions,Operational Risk / Cybercrime Likelihood,Account / Policy / Service Detail,Agreement,AGREEMENT; LOAN_TERM_AGREEMENT; DEPOSIT_AGREEMENT; INSURANCE_AGREEMENT; CREDIT_CARD_AGREEMENT
Risk Management & Regulation,Modelling and Predictiions,Operational Risk / Cybercrime Likelihood,Account Status (open closed active / domant /inactive / closure reason ),Agreement,AGREEMENT; AGREEMENT_STATUS; AGREEMENT_STATUS_HISTORY
Risk Management & Regulation,Modelling and Predictiions,Operational Risk / Cybercrime Likelihood,Account Terms & Conditions,Agreement,AGREEMENT; AGREEMENT_CONDITION; AGREEMENT_TERM
Risk Management & Regulation,Modelling and Predictiions,Operational Risk / Cybercrime Likelihood,Account Feature Usage,Agreement,AGREEMENT_FEATURE; FEATURE; DESCRIPTIVE_FEATURE
Risk Management & Regulation,Modelling and Predictiions,Operational Risk / Cybercrime Likelihood,"Application Data (New Customer, New Product)",Agreement,APPLICATION; APPLICATION_STATUS; APPLICATION_PARTY_ROLE
Risk Management & Regulation,Modelling and Predictiions,Operational Risk / Cybercrime Likelihood,Coverage (insurance),Agreement,INSURANCE_COVERAGE; INSURANCE_AGREEMENT; COVERAGE_TYPE
Risk Management & Regulation,Modelling and Predictiions,Operational Risk / Cybercrime Likelihood,Account Balances,Agreement,AGREEMENT_SUMMARY; BALANCE_SUMMARY; AGREEMENT_BALANCE
Risk Management & Regulation,Modelling and Predictiions,Operational Risk / Cybercrime Likelihood,Investment Value,Agreement,INVESTMENT_ACCOUNT; INVESTMENT_HOLDING; INVESTMENT_PRODUCT_PRICE
Risk Management & Regulation,Modelling and Predictiions,Operational Risk / Cybercrime Likelihood,Market / Trading Book Positions,Agreement,TRADE_ORDER; TRADE_EXECUTION; TRADING_POSITION
Risk Management & Regulation,Modelling and Predictiions,Operational Risk / Cybercrime Likelihood,Mark to market valuations,Agreement,INVESTMENT_PRODUCT_PRICE; MARKET_INDEX_VALUE; AGREEMENT_VALUATION
Risk Management & Regulation,Modelling and Predictiions,Operational Risk / Cybercrime Likelihood,Account Maturity Dates & Repricing Schedules,Agreement,AGREEMENT; AGREEMENT_TERM; AGREEMENT_REPRICING_SCHEDULE
Risk Management & Regulation,Modelling and Predictiions,Operational Risk / Cybercrime Likelihood,Account Repayment Schedules,Agreement,AGREEMENT_REPAYMENT_SCHEDULE; LOAN_TERM_AGREEMENT
Risk Management & Regulation,Modelling and Predictiions,Operational Risk / Cybercrime Likelihood,Customer Illustrations,Agreement,DOCUMENT; PARTY_DOCUMENT
Risk Management & Regulation,Modelling and Predictiions,Operational Risk / Cybercrime Likelihood,Customer Quotes,Agreement,APPLICATION; QUOTE; DOCUMENT
Risk Management & Regulation,Modelling and Predictiions,Operational Risk / Cybercrime Likelihood,Collateral Agreements,Agreement,COLLATERAL_AGREEMENT; COLLATERAL; COLLATERAL_VALUATION; PARTY_ASSET
Risk Management & Regulation,Modelling and Predictiions,Operational Risk / Cybercrime Likelihood,Risk Exposures,Agreement,AGREEMENT_RISK_METRIC; RISK_EXPOSURE; CREDIT_RISK_SUMMARY
Risk Management & Regulation,Modelling and Predictiions,Operational Risk / Cybercrime Likelihood,Account Limits,Cross Subject  -  Limits,AGREEMENT_LIMIT; LIMIT; PARTY_LIMIT
Risk Management & Regulation,Modelling and Predictiions,Operational Risk / Cybercrime Likelihood,Predictive Models - propensity to buy,Party or Agreement,ANALYTICAL_MODEL; MODEL_RUN; MODEL_SCORE; PARTY_MODEL_SCORE
Risk Management & Regulation,Modelling and Predictiions,Operational Risk / Cybercrime Likelihood,Predictive Models - attrition,Party or Agreement,ANALYTICAL_MODEL; MODEL_RUN; MODEL_SCORE; PARTY_MODEL_SCORE
Risk Management & Regulation,Modelling and Predictiions,Operational Risk / Cybercrime Likelihood,Predictive Models - price elasticity,Party or Agreement,ANALYTICAL_MODEL; MODEL_RUN; MODEL_SCORE
Risk Management & Regulation,Modelling and Predictiions,Operational Risk / Cybercrime Likelihood,Attribution Models - response,Party or Agreement,ANALYTICAL_MODEL; MODEL_RUN; CAMPAIGN_RESPONSE
Risk Management & Regulation,Modelling and Predictiions,Operational Risk / Cybercrime Likelihood,"Risk Segments, Cohorts & Groupings",Party or Agreement,PARTY_CLASSIFICATION; RISK_GRADE_VALUE; RISK_GRADE_SCHEME
Risk Management & Regulation,Modelling and Predictiions,Operational Risk / Cybercrime Likelihood,"Provisions, Losses & Writeoffs",Party or Agreement,AGREEMENT_RISK_METRIC; PROVISION; WRITE_OFF; LOSS_EVENT
Risk Management & Regulation,Modelling and Predictiions,Operational Risk / Cybercrime Likelihood,Financial Transactions,Event,MONETARY_TRANSACTION; TRANSACTION_TYPE; FINANCIAL_TRANSACTION; PAYMENT
Risk Management & Regulation,Modelling and Predictiions,Operational Risk / Cybercrime Likelihood,"Account Fees, Commissions & Charges",Event,MONETARY_TRANSACTION; FEE_TRANSACTION; COMMISSION_TRANSACTION; AGREEMENT_FEE
Risk Management & Regulation,Modelling and Predictiions,Operational Risk / Cybercrime Likelihood,Financial Interbank Payments,Event,PAYMENT; INTERBANK_PAYMENT; FINANCIAL_TRANSACTION
Risk Management & Regulation,Modelling and Predictiions,Operational Risk / Cybercrime Likelihood,Non-Financial Transactions,Event,EVENT; NON_MONETARY_EVENT; DIRECT_CONTACT_EVENT
Risk Management & Regulation,Modelling and Predictiions,Operational Risk / Cybercrime Likelihood,Service Usage,Event,CHANNEL_USAGE_METRIC; SERVICE_USAGE_EVENT; CHANNEL_INSTANCE
Risk Management & Regulation,Modelling and Predictiions,Operational Risk / Cybercrime Likelihood,Complaint Data,Event,COMPLAINT; COMPLAINT_STATUS; COMPLAINT_RESOLUTION
Risk Management & Regulation,Modelling and Predictiions,Operational Risk / Cybercrime Likelihood,Offline Customer Interactions - Branch,Event,DIRECT_CONTACT_EVENT; BRANCH_VISIT_EVENT; CHANNEL_INSTANCE
Risk Management & Regulation,Modelling and Predictiions,Operational Risk / Cybercrime Likelihood,Offline Customer Interactions - Call Centre,Event,DIRECT_CONTACT_EVENT; CALL_EVENT; CHANNEL_INSTANCE
Risk Management & Regulation,Modelling and Predictiions,Operational Risk / Cybercrime Likelihood,Offline Customer Interactions - letters,Event,DIRECT_CONTACT_EVENT; CORRESPONDENCE_EVENT; DOCUMENT
Risk Management & Regulation,Modelling and Predictiions,Operational Risk / Cybercrime Likelihood,Offline Customer Interactions - sms text,Event,DIRECT_CONTACT_EVENT; SMS_EVENT; ELECTRONIC_ADDRESS
Risk Management & Regulation,Modelling and Predictiions,Operational Risk / Cybercrime Likelihood,Online Interactions -  webchat (internal & external),Event,WEB_VISIT; WEB_PAGE_VIEW; ONLINE_INTERACTION_EVENT
Risk Management & Regulation,Modelling and Predictiions,Operational Risk / Cybercrime Likelihood,Online Interactions colleague intranet,Event,WEB_VISIT; WEB_PAGE_VIEW
Risk Management & Regulation,Modelling and Predictiions,Operational Risk / Cybercrime Likelihood,Online Interactions customer digital banking site (web log),Event,WEB_VISIT; WEB_PAGE_VIEW; EXTENDED_SESSION_INFORMATION; ONLINE_APPLICATION_ACCESS
Risk Management & Regulation,Modelling and Predictiions,Operational Risk / Cybercrime Likelihood,Online Interactions customer general banking site,Event,WEB_VISIT; WEB_PAGE_VIEW; ONLINE_INTERACTION_EVENT
Risk Management & Regulation,Modelling and Predictiions,Operational Risk / Cybercrime Likelihood,Online Interactions email - customer & employee,Event,DIRECT_CONTACT_EVENT; EMAIL_EVENT; ELECTRONIC_ADDRESS
Risk Management & Regulation,Modelling and Predictiions,Operational Risk / Cybercrime Likelihood,Online Interactions mobile app,Event,WEB_VISIT; WEB_PAGE_VIEW; MOBILE_APP_EVENT; CHANNEL_INSTANCE
Risk Management & Regulation,Modelling and Predictiions,Operational Risk / Cybercrime Likelihood,Online Interactions off-site - ad server,Event,AD; AD_PLACEMENT; AD_IMPRESSION; AD_CAMPAIGN_OBJECTIVE
Risk Management & Regulation,Modelling and Predictiions,Operational Risk / Cybercrime Likelihood,Online Interactions prospect / unidentified customer (web log),Event,WEB_VISIT; WEB_PAGE_VIEW; VISITOR_INTERACTION_EVENT
Risk Management & Regulation,Modelling and Predictiions,Operational Risk / Cybercrime Likelihood,"Case History (Fraud, Money Laundering, Complaint)",Event,CASE; CASE_EVENT; CASE_PARTY_ROLE; FRAUD_CASE
Risk Management & Regulation,Modelling and Predictiions,Operational Risk / Cybercrime Likelihood,Claims,Event,CLAIM; CLAIM_STATUS; CLAIM_PARTY_ROLE; CLAIM_PAYMENT
Risk Management & Regulation,Modelling and Predictiions,Operational Risk / Cybercrime Likelihood,Defaults & Limit Breaches,Event,AGREEMENT_STATUS; DEFAULT_EVENT; LIMIT_BREACH_EVENT; AGREEMENT_RISK_METRIC
Risk Management & Regulation,Modelling and Predictiions,Operational Risk / Cybercrime Likelihood,Closed Loop Outcomes / Channel Responses,Event,CAMPAIGN_RESPONSE; CAMPAIGN_OFFER_RESPONSE; DIRECT_CONTACT_EVENT
Risk Management & Regulation,Modelling and Predictiions,Operational Risk / Cybercrime Likelihood,External Data - Corporate Actions,Event,CORPORATE_ACTION; INVESTMENT_PRODUCT
Risk Management & Regulation,Modelling and Predictiions,Operational Risk / Cybercrime Likelihood,Internal Process Activity Data,Event,EVENT; PROCESS_EVENT; OPERATIONAL_EVENT
Risk Management & Regulation,Modelling and Predictiions,Operational Risk / Cybercrime Likelihood,Master & Reference Data - merchant / transaction,Event,MERCHANT; MERCHANT_CATEGORY; TRANSACTION_TYPE
Risk Management & Regulation,Modelling and Predictiions,Operational Risk / Cybercrime Likelihood,Customer interview / fact find,Event or Cross Subject - Document,DOCUMENT; SURVEY; SURVEY_QUESTION_RESPONSE; PARTY_DOCUMENT
Risk Management & Regulation,Modelling and Predictiions,Operational Risk / Cybercrime Likelihood,Physical Assets,Party Asset,PARTY_ASSET; FIXED_ASSET; REAL_PROPERTY
Risk Management & Regulation,Modelling and Predictiions,Operational Risk / Cybercrime Likelihood,Physical Asset Valuations,Party Asset,PARTY_ASSET_VALUATION; COLLATERAL_VALUATION; REAL_PROPERTY_VALUATION
Risk Management & Regulation,Modelling and Predictiions,Operational Risk / Cybercrime Likelihood,Master & Reference Data - organisation hierarchy,Internal Organisation,ORGANIZATION; INTERNAL_ORGANIZATION_UNIT; ORGANIZATION_UNIT_RELATIONSHIP; ORGANIZATION_BUSINESS_TYPE
Risk Management & Regulation,Modelling and Predictiions,Operational Risk / Cybercrime Likelihood,Master & Reference Data - Channel,Channel,CHANNEL_TYPE; CHANNEL_INSTANCE; CHANNEL_CLASSIFICATION
Risk Management & Regulation,Modelling and Predictiions,Operational Risk / Cybercrime Likelihood,"Model Metadata (E.g. defintion, assumptions, metrics)",Analytical Model,ANALYTICAL_MODEL; MODEL_RUN; MODEL_PARAMETER
Risk Management & Regulation,Modelling and Predictiions,Operational Risk / Cybercrime Likelihood,Risk Scenario & Stress Testing Results,Analytical Model,RISK_CALCULATION_SCENARIO; RISK_SCENARIO_RESULT; STRESS_TEST_RESULT
Risk Management & Regulation,Modelling and Predictiions,Operational Risk / Cybercrime Likelihood,"Documents - Structured Data Capture (Survey, Application Forms)",Cross Subject - Document,DOCUMENT; DOCUMENT_TYPE; SURVEY; APPLICATION
Risk Management & Regulation,Modelling and Predictiions,Operational Risk / Cybercrime Likelihood,Document Image,Cross Subject - Document,Not mapped
Risk Management & Regulation,Modelling and Predictiions,Operational Risk / Cybercrime Likelihood,Text Data,Cross Subject - Document,DOCUMENT; TEXT_CONTENT; DIGITAL_CONTENT
Risk Management & Regulation,Modelling and Predictiions,Operational Risk / Cybercrime Likelihood,External Data - News / Industry Feeds E.g. Reuters,Cross Subject - Document,DOCUMENT; NEWS_FEED; MARKET_INDEX
Risk Management & Regulation,Modelling and Predictiions,Operational Risk / Cybercrime Likelihood,Master & Reference Data - Risk Policy Rules,Cross Subject - Document,RISK_GRADE_SCHEME; RISK_GRADE_VALUE; RISK_POLICY; BUSINESS_RULE
Risk Management & Regulation,Modelling and Predictiions,Operational Risk / Cybercrime Likelihood,Voice Recording,Cross Subject - Multi-media object,DIGITAL_CONTENT; CALL_RECORDING; DIRECT_CONTACT_EVENT
Risk Management & Regulation,Modelling and Predictiions,Operational Risk / Cybercrime Likelihood,External Data - Fraud Watch Lists,Cross Subject - Watch List,WATCH_LIST; WATCH_LIST_ENTRY; PARTY_WATCH_LIST_CHECK
Risk Management & Regulation,Modelling and Predictiions,Operational Risk / Cybercrime Likelihood,Compliance Approvals,Cross Subject,COMPLIANCE_EVENT; APPROVAL; PARTY_COMPLIANCE_VERIFICATION
Risk Management & Regulation,Modelling and Predictiions,Operational Risk / Cybercrime Likelihood,Business Process Definition,Not Covered,EVENT; PROCESS_EVENT
Risk Management & Regulation,Modelling and Predictiions,Operational Risk / Cybercrime Likelihood,External Data - External Loss Data,Not Covered,LOSS_EVENT; OPERATIONAL_LOSS_EVENT
Risk Management & Regulation,Modelling and Predictiions,Operational Risk / Cybercrime Likelihood,"System Log Files (E.g. Firewall, Webserver)",Not Covered,WEB_VISIT; SYSTEM_EVENT
Risk Management & Regulation,Modelling and Predictiions,Operational Risk / Cybercrime Expected Loss,Single Customer View (Master Record),Party,PARTY; INDIVIDUAL; ORGANIZATION; HOUSEHOLD; PARTY_RELATIONSHIP; PARTY_IDENTIFICATION
Risk Management & Regulation,Modelling and Predictiions,Operational Risk / Cybercrime Expected Loss,KYC Data,Party,PARTY_IDENTIFICATION; PARTY_CLASSIFICATION; PARTY_IDENTITY_DOCUMENT; PARTY_COMPLIANCE_VERIFICATION
Risk Management & Regulation,Modelling and Predictiions,Operational Risk / Cybercrime Expected Loss,Customer Demographics,Party,INDIVIDUAL; PARTY_DEMOGRAPHIC; PARTY_CLASSIFICATION; PARTY_PREFERENCE
Risk Management & Regulation,Modelling and Predictiions,Operational Risk / Cybercrime Expected Loss,Customer Attitudinal Data,Party,PARTY_PREFERENCE; PARTY_CLASSIFICATION; PARTY_SURVEY_RESPONSE
Risk Management & Regulation,Modelling and Predictiions,Operational Risk / Cybercrime Expected Loss,Customer Segments,Party,PARTY_CLASSIFICATION; PARTY_SEGMENT; PARTY_CLASSIFICATION_VALUE
Risk Management & Regulation,Modelling and Predictiions,Operational Risk / Cybercrime Expected Loss,Customer Contact Preferences,Party,PARTY_PREFERENCE; PARTY_CONTACT_POINT; ELECTRONIC_ADDRESS; POSTAL_ADDRESS
Risk Management & Regulation,Modelling and Predictiions,Operational Risk / Cybercrime Expected Loss,Customer Marketing Preferences,Party,PARTY_PREFERENCE; PARTY_MARKETING_PREFERENCE; PARTY_CONSENT
Risk Management & Regulation,Modelling and Predictiions,Operational Risk / Cybercrime Expected Loss,Customer Satisfaction Measurement (E.g. NPS),Party,PARTY_SURVEY_RESPONSE; SURVEY; SURVEY_QUESTION_RESPONSE
Risk Management & Regulation,Modelling and Predictiions,Operational Risk / Cybercrime Expected Loss,Economic Forecast Data,Party,ECONOMIC_INDEX; ECONOMIC_INDEX_VALUE; MARKET_INDEX
Risk Management & Regulation,Modelling and Predictiions,Operational Risk / Cybercrime Expected Loss,Legal Actions,Party,PARTY_LEGAL_ACTION; LEGAL_ACTION; PARTY_LITIGATION
Risk Management & Regulation,Modelling and Predictiions,Operational Risk / Cybercrime Expected Loss,External Prospect Data / Lists,Party,PARTY; PROSPECT; PARTY_LIST; PARTY_LIST_MEMBERSHIP
Risk Management & Regulation,Modelling and Predictiions,Operational Risk / Cybercrime Expected Loss,External Data - Social Media Data,Party,SOCIAL_MEDIA_ACCOUNT; SOCIAL_MEDIA_TRANSFER; SOCIAL_MEDIA_POST
Risk Management & Regulation,Modelling and Predictiions,Operational Risk / Cybercrime Expected Loss,External Data - Bureau data,Party,PARTY_CREDIT_BUREAU_REPORT; CREDIT_BUREAU_SCORE; PARTY_EXTERNAL_RATING
Risk Management & Regulation,Modelling and Predictiions,Operational Risk / Cybercrime Expected Loss,External Data - Credit Rating,Party,PARTY_EXTERNAL_RATING; PARTY_LIABILITY_CREDIT_RATING; CREDIT_BUREAU_SCORE
Risk Management & Regulation,Modelling and Predictiions,Operational Risk / Cybercrime Expected Loss,"External Economic Data (E.g. Property Prices, Salary)",Party,ECONOMIC_INDEX; ECONOMIC_INDEX_VALUE; MARKET_INDEX; MARKET_INDEX_VALUE
Risk Management & Regulation,Modelling and Predictiions,Operational Risk / Cybercrime Expected Loss,Master & Reference Data - staff / colleague,Party,INDIVIDUAL; ASSOCIATE; ASSOCIATE_ASSIGNMENT; INTERNAL_ORGANIZATION_UNIT
Risk Management & Regulation,Modelling and Predictiions,Operational Risk / Cybercrime Expected Loss,"Sales and Performance Forecasts, Targets & KPIs",Party,PERFORMANCE_METRIC; PERFORMANCE_TARGET; ORGANIZATION_PERFORMANCE
Risk Management & Regulation,Modelling and Predictiions,Operational Risk / Cybercrime Expected Loss,HR Performance Data,Party,ASSOCIATE; ASSOCIATE_PERFORMANCE_REVIEW; ASSOCIATE_ASSIGNMENT
Risk Management & Regulation,Modelling and Predictiions,Operational Risk / Cybercrime Expected Loss,Customer Core Contact Details,Location,PARTY_CONTACT_POINT; ELECTRONIC_ADDRESS; POSTAL_ADDRESS; TELEPHONE_NUMBER
Risk Management & Regulation,Modelling and Predictiions,Operational Risk / Cybercrime Expected Loss,Master & Reference Data - geography / location,Location,GEOGRAPHICAL_AREA; GEOGRAPHICAL_UNIT; SITE; POSTAL_ADDRESS
Risk Management & Regulation,Modelling and Predictiions,Operational Risk / Cybercrime Expected Loss,Master & Reference Data - product,Product,Not mapped
Risk Management & Regulation,Modelling and Predictiions,Operational Risk / Cybercrime Expected Loss,Master & Reference Data - exchange rates,Product,CURRENCY; CURRENCY_EXCHANGE_RATE; CURRENCY_PAIR
Risk Management & Regulation,Modelling and Predictiions,Operational Risk / Cybercrime Expected Loss,Account / Policy / Service Holdings,Agreement,AGREEMENT; PARTY_AGREEMENT_ROLE; AGREEMENT_PARTY_ROLE; AGREEMENT_RELATIONSHIP
Risk Management & Regulation,Modelling and Predictiions,Operational Risk / Cybercrime Expected Loss,Account / Policy / Service Detail,Agreement,AGREEMENT; LOAN_TERM_AGREEMENT; DEPOSIT_AGREEMENT; INSURANCE_AGREEMENT; CREDIT_CARD_AGREEMENT
Risk Management & Regulation,Modelling and Predictiions,Operational Risk / Cybercrime Expected Loss,Account Status (open closed active / domant /inactive / closure reason ),Agreement,AGREEMENT; AGREEMENT_STATUS; AGREEMENT_STATUS_HISTORY
Risk Management & Regulation,Modelling and Predictiions,Operational Risk / Cybercrime Expected Loss,Account Terms & Conditions,Agreement,AGREEMENT; AGREEMENT_CONDITION; AGREEMENT_TERM
Risk Management & Regulation,Modelling and Predictiions,Operational Risk / Cybercrime Expected Loss,Account Feature Usage,Agreement,AGREEMENT_FEATURE; FEATURE; DESCRIPTIVE_FEATURE
Risk Management & Regulation,Modelling and Predictiions,Operational Risk / Cybercrime Expected Loss,"Application Data (New Customer, New Product)",Agreement,APPLICATION; APPLICATION_STATUS; APPLICATION_PARTY_ROLE
Risk Management & Regulation,Modelling and Predictiions,Operational Risk / Cybercrime Expected Loss,Coverage (insurance),Agreement,INSURANCE_COVERAGE; INSURANCE_AGREEMENT; COVERAGE_TYPE
Risk Management & Regulation,Modelling and Predictiions,Operational Risk / Cybercrime Expected Loss,Account Balances,Agreement,AGREEMENT_SUMMARY; BALANCE_SUMMARY; AGREEMENT_BALANCE
Risk Management & Regulation,Modelling and Predictiions,Operational Risk / Cybercrime Expected Loss,Investment Value,Agreement,INVESTMENT_ACCOUNT; INVESTMENT_HOLDING; INVESTMENT_PRODUCT_PRICE
Risk Management & Regulation,Modelling and Predictiions,Operational Risk / Cybercrime Expected Loss,Market / Trading Book Positions,Agreement,TRADE_ORDER; TRADE_EXECUTION; TRADING_POSITION
Risk Management & Regulation,Modelling and Predictiions,Operational Risk / Cybercrime Expected Loss,Mark to market valuations,Agreement,INVESTMENT_PRODUCT_PRICE; MARKET_INDEX_VALUE; AGREEMENT_VALUATION
Risk Management & Regulation,Modelling and Predictiions,Operational Risk / Cybercrime Expected Loss,Account Maturity Dates & Repricing Schedules,Agreement,AGREEMENT; AGREEMENT_TERM; AGREEMENT_REPRICING_SCHEDULE
Risk Management & Regulation,Modelling and Predictiions,Operational Risk / Cybercrime Expected Loss,Account Repayment Schedules,Agreement,AGREEMENT_REPAYMENT_SCHEDULE; LOAN_TERM_AGREEMENT
Risk Management & Regulation,Modelling and Predictiions,Operational Risk / Cybercrime Expected Loss,Customer Illustrations,Agreement,DOCUMENT; PARTY_DOCUMENT
Risk Management & Regulation,Modelling and Predictiions,Operational Risk / Cybercrime Expected Loss,Customer Quotes,Agreement,APPLICATION; QUOTE; DOCUMENT
Risk Management & Regulation,Modelling and Predictiions,Operational Risk / Cybercrime Expected Loss,Collateral Agreements,Agreement,COLLATERAL_AGREEMENT; COLLATERAL; COLLATERAL_VALUATION; PARTY_ASSET
Risk Management & Regulation,Modelling and Predictiions,Operational Risk / Cybercrime Expected Loss,Risk Exposures,Agreement,AGREEMENT_RISK_METRIC; RISK_EXPOSURE; CREDIT_RISK_SUMMARY
Risk Management & Regulation,Modelling and Predictiions,Operational Risk / Cybercrime Expected Loss,Account Limits,Cross Subject  -  Limits,AGREEMENT_LIMIT; LIMIT; PARTY_LIMIT
Risk Management & Regulation,Modelling and Predictiions,Operational Risk / Cybercrime Expected Loss,Predictive Models - propensity to buy,Party or Agreement,ANALYTICAL_MODEL; MODEL_RUN; MODEL_SCORE; PARTY_MODEL_SCORE
Risk Management & Regulation,Modelling and Predictiions,Operational Risk / Cybercrime Expected Loss,Predictive Models - attrition,Party or Agreement,ANALYTICAL_MODEL; MODEL_RUN; MODEL_SCORE; PARTY_MODEL_SCORE
Risk Management & Regulation,Modelling and Predictiions,Operational Risk / Cybercrime Expected Loss,Predictive Models - price elasticity,Party or Agreement,ANALYTICAL_MODEL; MODEL_RUN; MODEL_SCORE
Risk Management & Regulation,Modelling and Predictiions,Operational Risk / Cybercrime Expected Loss,Attribution Models - response,Party or Agreement,ANALYTICAL_MODEL; MODEL_RUN; CAMPAIGN_RESPONSE
Risk Management & Regulation,Modelling and Predictiions,Operational Risk / Cybercrime Expected Loss,"Risk Segments, Cohorts & Groupings",Party or Agreement,PARTY_CLASSIFICATION; RISK_GRADE_VALUE; RISK_GRADE_SCHEME
Risk Management & Regulation,Modelling and Predictiions,Operational Risk / Cybercrime Expected Loss,"Provisions, Losses & Writeoffs",Party or Agreement,AGREEMENT_RISK_METRIC; PROVISION; WRITE_OFF; LOSS_EVENT
Risk Management & Regulation,Modelling and Predictiions,Operational Risk / Cybercrime Expected Loss,Financial Transactions,Event,MONETARY_TRANSACTION; TRANSACTION_TYPE; FINANCIAL_TRANSACTION; PAYMENT
Risk Management & Regulation,Modelling and Predictiions,Operational Risk / Cybercrime Expected Loss,"Account Fees, Commissions & Charges",Event,MONETARY_TRANSACTION; FEE_TRANSACTION; COMMISSION_TRANSACTION; AGREEMENT_FEE
Risk Management & Regulation,Modelling and Predictiions,Operational Risk / Cybercrime Expected Loss,Financial Interbank Payments,Event,PAYMENT; INTERBANK_PAYMENT; FINANCIAL_TRANSACTION
Risk Management & Regulation,Modelling and Predictiions,Operational Risk / Cybercrime Expected Loss,Non-Financial Transactions,Event,EVENT; NON_MONETARY_EVENT; DIRECT_CONTACT_EVENT
Risk Management & Regulation,Modelling and Predictiions,Operational Risk / Cybercrime Expected Loss,Service Usage,Event,CHANNEL_USAGE_METRIC; SERVICE_USAGE_EVENT; CHANNEL_INSTANCE
Risk Management & Regulation,Modelling and Predictiions,Operational Risk / Cybercrime Expected Loss,Complaint Data,Event,COMPLAINT; COMPLAINT_STATUS; COMPLAINT_RESOLUTION
Risk Management & Regulation,Modelling and Predictiions,Operational Risk / Cybercrime Expected Loss,Offline Customer Interactions - Branch,Event,DIRECT_CONTACT_EVENT; BRANCH_VISIT_EVENT; CHANNEL_INSTANCE
Risk Management & Regulation,Modelling and Predictiions,Operational Risk / Cybercrime Expected Loss,Offline Customer Interactions - Call Centre,Event,DIRECT_CONTACT_EVENT; CALL_EVENT; CHANNEL_INSTANCE
Risk Management & Regulation,Modelling and Predictiions,Operational Risk / Cybercrime Expected Loss,Offline Customer Interactions - letters,Event,DIRECT_CONTACT_EVENT; CORRESPONDENCE_EVENT; DOCUMENT
Risk Management & Regulation,Modelling and Predictiions,Operational Risk / Cybercrime Expected Loss,Offline Customer Interactions - sms text,Event,DIRECT_CONTACT_EVENT; SMS_EVENT; ELECTRONIC_ADDRESS
Risk Management & Regulation,Modelling and Predictiions,Operational Risk / Cybercrime Expected Loss,Online Interactions -  webchat (internal & external),Event,WEB_VISIT; WEB_PAGE_VIEW; ONLINE_INTERACTION_EVENT
Risk Management & Regulation,Modelling and Predictiions,Operational Risk / Cybercrime Expected Loss,Online Interactions colleague intranet,Event,WEB_VISIT; WEB_PAGE_VIEW
Risk Management & Regulation,Modelling and Predictiions,Operational Risk / Cybercrime Expected Loss,Online Interactions customer digital banking site (web log),Event,WEB_VISIT; WEB_PAGE_VIEW; EXTENDED_SESSION_INFORMATION; ONLINE_APPLICATION_ACCESS
Risk Management & Regulation,Modelling and Predictiions,Operational Risk / Cybercrime Expected Loss,Online Interactions customer general banking site,Event,WEB_VISIT; WEB_PAGE_VIEW; ONLINE_INTERACTION_EVENT
Risk Management & Regulation,Modelling and Predictiions,Operational Risk / Cybercrime Expected Loss,Online Interactions email - customer & employee,Event,DIRECT_CONTACT_EVENT; EMAIL_EVENT; ELECTRONIC_ADDRESS
Risk Management & Regulation,Modelling and Predictiions,Operational Risk / Cybercrime Expected Loss,Online Interactions mobile app,Event,WEB_VISIT; WEB_PAGE_VIEW; MOBILE_APP_EVENT; CHANNEL_INSTANCE
Risk Management & Regulation,Modelling and Predictiions,Operational Risk / Cybercrime Expected Loss,Online Interactions off-site - ad server,Event,AD; AD_PLACEMENT; AD_IMPRESSION; AD_CAMPAIGN_OBJECTIVE
Risk Management & Regulation,Modelling and Predictiions,Operational Risk / Cybercrime Expected Loss,Online Interactions prospect / unidentified customer (web log),Event,WEB_VISIT; WEB_PAGE_VIEW; VISITOR_INTERACTION_EVENT
Risk Management & Regulation,Modelling and Predictiions,Operational Risk / Cybercrime Expected Loss,"Case History (Fraud, Money Laundering, Complaint)",Event,CASE; CASE_EVENT; CASE_PARTY_ROLE; FRAUD_CASE
Risk Management & Regulation,Modelling and Predictiions,Operational Risk / Cybercrime Expected Loss,Claims,Event,CLAIM; CLAIM_STATUS; CLAIM_PARTY_ROLE; CLAIM_PAYMENT
Risk Management & Regulation,Modelling and Predictiions,Operational Risk / Cybercrime Expected Loss,Defaults & Limit Breaches,Event,AGREEMENT_STATUS; DEFAULT_EVENT; LIMIT_BREACH_EVENT; AGREEMENT_RISK_METRIC
Risk Management & Regulation,Modelling and Predictiions,Operational Risk / Cybercrime Expected Loss,Closed Loop Outcomes / Channel Responses,Event,CAMPAIGN_RESPONSE; CAMPAIGN_OFFER_RESPONSE; DIRECT_CONTACT_EVENT
Risk Management & Regulation,Modelling and Predictiions,Operational Risk / Cybercrime Expected Loss,External Data - Corporate Actions,Event,CORPORATE_ACTION; INVESTMENT_PRODUCT
Risk Management & Regulation,Modelling and Predictiions,Operational Risk / Cybercrime Expected Loss,Internal Process Activity Data,Event,EVENT; PROCESS_EVENT; OPERATIONAL_EVENT
Risk Management & Regulation,Modelling and Predictiions,Operational Risk / Cybercrime Expected Loss,Master & Reference Data - merchant / transaction,Event,MERCHANT; MERCHANT_CATEGORY; TRANSACTION_TYPE
Risk Management & Regulation,Modelling and Predictiions,Operational Risk / Cybercrime Expected Loss,Customer interview / fact find,Event or Cross Subject - Document,DOCUMENT; SURVEY; SURVEY_QUESTION_RESPONSE; PARTY_DOCUMENT
Risk Management & Regulation,Modelling and Predictiions,Operational Risk / Cybercrime Expected Loss,Physical Assets,Party Asset,PARTY_ASSET; FIXED_ASSET; REAL_PROPERTY
Risk Management & Regulation,Modelling and Predictiions,Operational Risk / Cybercrime Expected Loss,Physical Asset Valuations,Party Asset,PARTY_ASSET_VALUATION; COLLATERAL_VALUATION; REAL_PROPERTY_VALUATION
Risk Management & Regulation,Modelling and Predictiions,Operational Risk / Cybercrime Expected Loss,Master & Reference Data - organisation hierarchy,Internal Organisation,ORGANIZATION; INTERNAL_ORGANIZATION_UNIT; ORGANIZATION_UNIT_RELATIONSHIP; ORGANIZATION_BUSINESS_TYPE
Risk Management & Regulation,Modelling and Predictiions,Operational Risk / Cybercrime Expected Loss,Master & Reference Data - Channel,Channel,CHANNEL_TYPE; CHANNEL_INSTANCE; CHANNEL_CLASSIFICATION
Risk Management & Regulation,Modelling and Predictiions,Operational Risk / Cybercrime Expected Loss,Finance Systems - General Ledger,Finance,Not mapped
Risk Management & Regulation,Modelling and Predictiions,Operational Risk / Cybercrime Expected Loss,"Model Metadata (E.g. defintion, assumptions, metrics)",Analytical Model,ANALYTICAL_MODEL; MODEL_RUN; MODEL_PARAMETER
Risk Management & Regulation,Modelling and Predictiions,Operational Risk / Cybercrime Expected Loss,Risk Scenario & Stress Testing Results,Analytical Model,RISK_CALCULATION_SCENARIO; RISK_SCENARIO_RESULT; STRESS_TEST_RESULT
Risk Management & Regulation,Modelling and Predictiions,Operational Risk / Cybercrime Expected Loss,"Documents - Structured Data Capture (Survey, Application Forms)",Cross Subject - Document,DOCUMENT; DOCUMENT_TYPE; SURVEY; APPLICATION
Risk Management & Regulation,Modelling and Predictiions,Operational Risk / Cybercrime Expected Loss,Document Image,Cross Subject - Document,Not mapped
Risk Management & Regulation,Modelling and Predictiions,Operational Risk / Cybercrime Expected Loss,Text Data,Cross Subject - Document,DOCUMENT; TEXT_CONTENT; DIGITAL_CONTENT
Risk Management & Regulation,Modelling and Predictiions,Operational Risk / Cybercrime Expected Loss,External Data - News / Industry Feeds E.g. Reuters,Cross Subject - Document,DOCUMENT; NEWS_FEED; MARKET_INDEX
Risk Management & Regulation,Modelling and Predictiions,Operational Risk / Cybercrime Expected Loss,Master & Reference Data - Risk Policy Rules,Cross Subject - Document,RISK_GRADE_SCHEME; RISK_GRADE_VALUE; RISK_POLICY; BUSINESS_RULE
Risk Management & Regulation,Modelling and Predictiions,Operational Risk / Cybercrime Expected Loss,Voice Recording,Cross Subject - Multi-media object,DIGITAL_CONTENT; CALL_RECORDING; DIRECT_CONTACT_EVENT
Risk Management & Regulation,Modelling and Predictiions,Operational Risk / Cybercrime Expected Loss,External Data - Fraud Watch Lists,Cross Subject - Watch List,WATCH_LIST; WATCH_LIST_ENTRY; PARTY_WATCH_LIST_CHECK
Risk Management & Regulation,Modelling and Predictiions,Operational Risk / Cybercrime Expected Loss,Compliance Approvals,Cross Subject,COMPLIANCE_EVENT; APPROVAL; PARTY_COMPLIANCE_VERIFICATION
Risk Management & Regulation,Modelling and Predictiions,Operational Risk / Cybercrime Expected Loss,Business Process Definition,Not Covered,EVENT; PROCESS_EVENT
Risk Management & Regulation,Modelling and Predictiions,Operational Risk / Cybercrime Expected Loss,External Data - External Loss Data,Not Covered,LOSS_EVENT; OPERATIONAL_LOSS_EVENT
Risk Management & Regulation,Modelling and Predictiions,Operational Risk / Cybercrime Strategy Model,Single Customer View (Master Record),Party,PARTY; INDIVIDUAL; ORGANIZATION; HOUSEHOLD; PARTY_RELATIONSHIP; PARTY_IDENTIFICATION
Risk Management & Regulation,Modelling and Predictiions,Operational Risk / Cybercrime Strategy Model,KYC Data,Party,PARTY_IDENTIFICATION; PARTY_CLASSIFICATION; PARTY_IDENTITY_DOCUMENT; PARTY_COMPLIANCE_VERIFICATION
Risk Management & Regulation,Modelling and Predictiions,Operational Risk / Cybercrime Strategy Model,Customer Demographics,Party,INDIVIDUAL; PARTY_DEMOGRAPHIC; PARTY_CLASSIFICATION; PARTY_PREFERENCE
Risk Management & Regulation,Modelling and Predictiions,Operational Risk / Cybercrime Strategy Model,Customer Attitudinal Data,Party,PARTY_PREFERENCE; PARTY_CLASSIFICATION; PARTY_SURVEY_RESPONSE
Risk Management & Regulation,Modelling and Predictiions,Operational Risk / Cybercrime Strategy Model,Customer Segments,Party,PARTY_CLASSIFICATION; PARTY_SEGMENT; PARTY_CLASSIFICATION_VALUE
Risk Management & Regulation,Modelling and Predictiions,Operational Risk / Cybercrime Strategy Model,Customer Contact Preferences,Party,PARTY_PREFERENCE; PARTY_CONTACT_POINT; ELECTRONIC_ADDRESS; POSTAL_ADDRESS
Risk Management & Regulation,Modelling and Predictiions,Operational Risk / Cybercrime Strategy Model,Customer Marketing Preferences,Party,PARTY_PREFERENCE; PARTY_MARKETING_PREFERENCE; PARTY_CONSENT
Risk Management & Regulation,Modelling and Predictiions,Operational Risk / Cybercrime Strategy Model,Customer Satisfaction Measurement (E.g. NPS),Party,PARTY_SURVEY_RESPONSE; SURVEY; SURVEY_QUESTION_RESPONSE
Risk Management & Regulation,Modelling and Predictiions,Operational Risk / Cybercrime Strategy Model,Economic Forecast Data,Party,ECONOMIC_INDEX; ECONOMIC_INDEX_VALUE; MARKET_INDEX
Risk Management & Regulation,Modelling and Predictiions,Operational Risk / Cybercrime Strategy Model,Legal Actions,Party,PARTY_LEGAL_ACTION; LEGAL_ACTION; PARTY_LITIGATION
Risk Management & Regulation,Modelling and Predictiions,Operational Risk / Cybercrime Strategy Model,External Prospect Data / Lists,Party,PARTY; PROSPECT; PARTY_LIST; PARTY_LIST_MEMBERSHIP
Risk Management & Regulation,Modelling and Predictiions,Operational Risk / Cybercrime Strategy Model,External Data - Social Media Data,Party,SOCIAL_MEDIA_ACCOUNT; SOCIAL_MEDIA_TRANSFER; SOCIAL_MEDIA_POST
Risk Management & Regulation,Modelling and Predictiions,Operational Risk / Cybercrime Strategy Model,External Data - Bureau data,Party,PARTY_CREDIT_BUREAU_REPORT; CREDIT_BUREAU_SCORE; PARTY_EXTERNAL_RATING
Risk Management & Regulation,Modelling and Predictiions,Operational Risk / Cybercrime Strategy Model,External Data - Credit Rating,Party,PARTY_EXTERNAL_RATING; PARTY_LIABILITY_CREDIT_RATING; CREDIT_BUREAU_SCORE
Risk Management & Regulation,Modelling and Predictiions,Operational Risk / Cybercrime Strategy Model,"External Economic Data (E.g. Property Prices, Salary)",Party,ECONOMIC_INDEX; ECONOMIC_INDEX_VALUE; MARKET_INDEX; MARKET_INDEX_VALUE
Risk Management & Regulation,Modelling and Predictiions,Operational Risk / Cybercrime Strategy Model,Master & Reference Data - staff / colleague,Party,INDIVIDUAL; ASSOCIATE; ASSOCIATE_ASSIGNMENT; INTERNAL_ORGANIZATION_UNIT
Risk Management & Regulation,Modelling and Predictiions,Operational Risk / Cybercrime Strategy Model,"Sales and Performance Forecasts, Targets & KPIs",Party,PERFORMANCE_METRIC; PERFORMANCE_TARGET; ORGANIZATION_PERFORMANCE
Risk Management & Regulation,Modelling and Predictiions,Operational Risk / Cybercrime Strategy Model,HR Performance Data,Party,ASSOCIATE; ASSOCIATE_PERFORMANCE_REVIEW; ASSOCIATE_ASSIGNMENT
Risk Management & Regulation,Modelling and Predictiions,Operational Risk / Cybercrime Strategy Model,Customer Core Contact Details,Location,PARTY_CONTACT_POINT; ELECTRONIC_ADDRESS; POSTAL_ADDRESS; TELEPHONE_NUMBER
Risk Management & Regulation,Modelling and Predictiions,Operational Risk / Cybercrime Strategy Model,Master & Reference Data - geography / location,Location,GEOGRAPHICAL_AREA; GEOGRAPHICAL_UNIT; SITE; POSTAL_ADDRESS
Risk Management & Regulation,Modelling and Predictiions,Operational Risk / Cybercrime Strategy Model,Master & Reference Data - product,Product,Not mapped
Risk Management & Regulation,Modelling and Predictiions,Operational Risk / Cybercrime Strategy Model,Master & Reference Data - exchange rates,Product,CURRENCY; CURRENCY_EXCHANGE_RATE; CURRENCY_PAIR
Risk Management & Regulation,Modelling and Predictiions,Operational Risk / Cybercrime Strategy Model,Account / Policy / Service Holdings,Agreement,AGREEMENT; PARTY_AGREEMENT_ROLE; AGREEMENT_PARTY_ROLE; AGREEMENT_RELATIONSHIP
Risk Management & Regulation,Modelling and Predictiions,Operational Risk / Cybercrime Strategy Model,Account / Policy / Service Detail,Agreement,AGREEMENT; LOAN_TERM_AGREEMENT; DEPOSIT_AGREEMENT; INSURANCE_AGREEMENT; CREDIT_CARD_AGREEMENT
Risk Management & Regulation,Modelling and Predictiions,Operational Risk / Cybercrime Strategy Model,Account Status (open closed active / domant /inactive / closure reason ),Agreement,AGREEMENT; AGREEMENT_STATUS; AGREEMENT_STATUS_HISTORY
Risk Management & Regulation,Modelling and Predictiions,Operational Risk / Cybercrime Strategy Model,Account Terms & Conditions,Agreement,AGREEMENT; AGREEMENT_CONDITION; AGREEMENT_TERM
Risk Management & Regulation,Modelling and Predictiions,Operational Risk / Cybercrime Strategy Model,Account Feature Usage,Agreement,AGREEMENT_FEATURE; FEATURE; DESCRIPTIVE_FEATURE
Risk Management & Regulation,Modelling and Predictiions,Operational Risk / Cybercrime Strategy Model,"Application Data (New Customer, New Product)",Agreement,APPLICATION; APPLICATION_STATUS; APPLICATION_PARTY_ROLE
Risk Management & Regulation,Modelling and Predictiions,Operational Risk / Cybercrime Strategy Model,Coverage (insurance),Agreement,INSURANCE_COVERAGE; INSURANCE_AGREEMENT; COVERAGE_TYPE
Risk Management & Regulation,Modelling and Predictiions,Operational Risk / Cybercrime Strategy Model,Account Balances,Agreement,AGREEMENT_SUMMARY; BALANCE_SUMMARY; AGREEMENT_BALANCE
Risk Management & Regulation,Modelling and Predictiions,Operational Risk / Cybercrime Strategy Model,Investment Value,Agreement,INVESTMENT_ACCOUNT; INVESTMENT_HOLDING; INVESTMENT_PRODUCT_PRICE
Risk Management & Regulation,Modelling and Predictiions,Operational Risk / Cybercrime Strategy Model,Market / Trading Book Positions,Agreement,TRADE_ORDER; TRADE_EXECUTION; TRADING_POSITION
Risk Management & Regulation,Modelling and Predictiions,Operational Risk / Cybercrime Strategy Model,Mark to market valuations,Agreement,INVESTMENT_PRODUCT_PRICE; MARKET_INDEX_VALUE; AGREEMENT_VALUATION
Risk Management & Regulation,Modelling and Predictiions,Operational Risk / Cybercrime Strategy Model,Account Maturity Dates & Repricing Schedules,Agreement,AGREEMENT; AGREEMENT_TERM; AGREEMENT_REPRICING_SCHEDULE
Risk Management & Regulation,Modelling and Predictiions,Operational Risk / Cybercrime Strategy Model,Account Repayment Schedules,Agreement,AGREEMENT_REPAYMENT_SCHEDULE; LOAN_TERM_AGREEMENT
Risk Management & Regulation,Modelling and Predictiions,Operational Risk / Cybercrime Strategy Model,Customer Illustrations,Agreement,DOCUMENT; PARTY_DOCUMENT
Risk Management & Regulation,Modelling and Predictiions,Operational Risk / Cybercrime Strategy Model,Customer Quotes,Agreement,APPLICATION; QUOTE; DOCUMENT
Risk Management & Regulation,Modelling and Predictiions,Operational Risk / Cybercrime Strategy Model,Collateral Agreements,Agreement,COLLATERAL_AGREEMENT; COLLATERAL; COLLATERAL_VALUATION; PARTY_ASSET
Risk Management & Regulation,Modelling and Predictiions,Operational Risk / Cybercrime Strategy Model,Risk Exposures,Agreement,AGREEMENT_RISK_METRIC; RISK_EXPOSURE; CREDIT_RISK_SUMMARY
Risk Management & Regulation,Modelling and Predictiions,Operational Risk / Cybercrime Strategy Model,Account Limits,Cross Subject  -  Limits,AGREEMENT_LIMIT; LIMIT; PARTY_LIMIT
Risk Management & Regulation,Modelling and Predictiions,Operational Risk / Cybercrime Strategy Model,Predictive Models - propensity to buy,Party or Agreement,ANALYTICAL_MODEL; MODEL_RUN; MODEL_SCORE; PARTY_MODEL_SCORE
Risk Management & Regulation,Modelling and Predictiions,Operational Risk / Cybercrime Strategy Model,Predictive Models - attrition,Party or Agreement,ANALYTICAL_MODEL; MODEL_RUN; MODEL_SCORE; PARTY_MODEL_SCORE
Risk Management & Regulation,Modelling and Predictiions,Operational Risk / Cybercrime Strategy Model,Predictive Models - price elasticity,Party or Agreement,ANALYTICAL_MODEL; MODEL_RUN; MODEL_SCORE
Risk Management & Regulation,Modelling and Predictiions,Operational Risk / Cybercrime Strategy Model,Attribution Models - response,Party or Agreement,ANALYTICAL_MODEL; MODEL_RUN; CAMPAIGN_RESPONSE
Risk Management & Regulation,Modelling and Predictiions,Operational Risk / Cybercrime Strategy Model,"Risk Segments, Cohorts & Groupings",Party or Agreement,PARTY_CLASSIFICATION; RISK_GRADE_VALUE; RISK_GRADE_SCHEME
Risk Management & Regulation,Modelling and Predictiions,Operational Risk / Cybercrime Strategy Model,"Provisions, Losses & Writeoffs",Party or Agreement,AGREEMENT_RISK_METRIC; PROVISION; WRITE_OFF; LOSS_EVENT
Risk Management & Regulation,Modelling and Predictiions,Operational Risk / Cybercrime Strategy Model,Financial Transactions,Event,MONETARY_TRANSACTION; TRANSACTION_TYPE; FINANCIAL_TRANSACTION; PAYMENT
Risk Management & Regulation,Modelling and Predictiions,Operational Risk / Cybercrime Strategy Model,"Account Fees, Commissions & Charges",Event,MONETARY_TRANSACTION; FEE_TRANSACTION; COMMISSION_TRANSACTION; AGREEMENT_FEE
Risk Management & Regulation,Modelling and Predictiions,Operational Risk / Cybercrime Strategy Model,Financial Interbank Payments,Event,PAYMENT; INTERBANK_PAYMENT; FINANCIAL_TRANSACTION
Risk Management & Regulation,Modelling and Predictiions,Operational Risk / Cybercrime Strategy Model,Non-Financial Transactions,Event,EVENT; NON_MONETARY_EVENT; DIRECT_CONTACT_EVENT
Risk Management & Regulation,Modelling and Predictiions,Operational Risk / Cybercrime Strategy Model,Service Usage,Event,CHANNEL_USAGE_METRIC; SERVICE_USAGE_EVENT; CHANNEL_INSTANCE
Risk Management & Regulation,Modelling and Predictiions,Operational Risk / Cybercrime Strategy Model,Complaint Data,Event,COMPLAINT; COMPLAINT_STATUS; COMPLAINT_RESOLUTION
Risk Management & Regulation,Modelling and Predictiions,Operational Risk / Cybercrime Strategy Model,Offline Customer Interactions - Branch,Event,DIRECT_CONTACT_EVENT; BRANCH_VISIT_EVENT; CHANNEL_INSTANCE
Risk Management & Regulation,Modelling and Predictiions,Operational Risk / Cybercrime Strategy Model,Offline Customer Interactions - Call Centre,Event,DIRECT_CONTACT_EVENT; CALL_EVENT; CHANNEL_INSTANCE
Risk Management & Regulation,Modelling and Predictiions,Operational Risk / Cybercrime Strategy Model,Offline Customer Interactions - letters,Event,DIRECT_CONTACT_EVENT; CORRESPONDENCE_EVENT; DOCUMENT
Risk Management & Regulation,Modelling and Predictiions,Operational Risk / Cybercrime Strategy Model,Offline Customer Interactions - sms text,Event,DIRECT_CONTACT_EVENT; SMS_EVENT; ELECTRONIC_ADDRESS
Risk Management & Regulation,Modelling and Predictiions,Operational Risk / Cybercrime Strategy Model,Online Interactions -  webchat (internal & external),Event,WEB_VISIT; WEB_PAGE_VIEW; ONLINE_INTERACTION_EVENT
Risk Management & Regulation,Modelling and Predictiions,Operational Risk / Cybercrime Strategy Model,Online Interactions colleague intranet,Event,WEB_VISIT; WEB_PAGE_VIEW
Risk Management & Regulation,Modelling and Predictiions,Operational Risk / Cybercrime Strategy Model,Online Interactions customer digital banking site (web log),Event,WEB_VISIT; WEB_PAGE_VIEW; EXTENDED_SESSION_INFORMATION; ONLINE_APPLICATION_ACCESS
Risk Management & Regulation,Modelling and Predictiions,Operational Risk / Cybercrime Strategy Model,Online Interactions customer general banking site,Event,WEB_VISIT; WEB_PAGE_VIEW; ONLINE_INTERACTION_EVENT
Risk Management & Regulation,Modelling and Predictiions,Operational Risk / Cybercrime Strategy Model,Online Interactions email - customer & employee,Event,DIRECT_CONTACT_EVENT; EMAIL_EVENT; ELECTRONIC_ADDRESS
Risk Management & Regulation,Modelling and Predictiions,Operational Risk / Cybercrime Strategy Model,Online Interactions mobile app,Event,WEB_VISIT; WEB_PAGE_VIEW; MOBILE_APP_EVENT; CHANNEL_INSTANCE
Risk Management & Regulation,Modelling and Predictiions,Operational Risk / Cybercrime Strategy Model,Online Interactions off-site - ad server,Event,AD; AD_PLACEMENT; AD_IMPRESSION; AD_CAMPAIGN_OBJECTIVE
Risk Management & Regulation,Modelling and Predictiions,Operational Risk / Cybercrime Strategy Model,Online Interactions prospect / unidentified customer (web log),Event,WEB_VISIT; WEB_PAGE_VIEW; VISITOR_INTERACTION_EVENT
Risk Management & Regulation,Modelling and Predictiions,Operational Risk / Cybercrime Strategy Model,"Case History (Fraud, Money Laundering, Complaint)",Event,CASE; CASE_EVENT; CASE_PARTY_ROLE; FRAUD_CASE
Risk Management & Regulation,Modelling and Predictiions,Operational Risk / Cybercrime Strategy Model,Claims,Event,CLAIM; CLAIM_STATUS; CLAIM_PARTY_ROLE; CLAIM_PAYMENT
Risk Management & Regulation,Modelling and Predictiions,Operational Risk / Cybercrime Strategy Model,Defaults & Limit Breaches,Event,AGREEMENT_STATUS; DEFAULT_EVENT; LIMIT_BREACH_EVENT; AGREEMENT_RISK_METRIC
Risk Management & Regulation,Modelling and Predictiions,Operational Risk / Cybercrime Strategy Model,Closed Loop Outcomes / Channel Responses,Event,CAMPAIGN_RESPONSE; CAMPAIGN_OFFER_RESPONSE; DIRECT_CONTACT_EVENT
Risk Management & Regulation,Modelling and Predictiions,Operational Risk / Cybercrime Strategy Model,External Data - Corporate Actions,Event,CORPORATE_ACTION; INVESTMENT_PRODUCT
Risk Management & Regulation,Modelling and Predictiions,Operational Risk / Cybercrime Strategy Model,Internal Process Activity Data,Event,EVENT; PROCESS_EVENT; OPERATIONAL_EVENT
Risk Management & Regulation,Modelling and Predictiions,Operational Risk / Cybercrime Strategy Model,Master & Reference Data - merchant / transaction,Event,MERCHANT; MERCHANT_CATEGORY; TRANSACTION_TYPE
Risk Management & Regulation,Modelling and Predictiions,Operational Risk / Cybercrime Strategy Model,Customer interview / fact find,Event or Cross Subject - Document,DOCUMENT; SURVEY; SURVEY_QUESTION_RESPONSE; PARTY_DOCUMENT
Risk Management & Regulation,Modelling and Predictiions,Operational Risk / Cybercrime Strategy Model,Physical Assets,Party Asset,PARTY_ASSET; FIXED_ASSET; REAL_PROPERTY
Risk Management & Regulation,Modelling and Predictiions,Operational Risk / Cybercrime Strategy Model,Physical Asset Valuations,Party Asset,PARTY_ASSET_VALUATION; COLLATERAL_VALUATION; REAL_PROPERTY_VALUATION
Risk Management & Regulation,Modelling and Predictiions,Operational Risk / Cybercrime Strategy Model,Master & Reference Data - organisation hierarchy,Internal Organisation,ORGANIZATION; INTERNAL_ORGANIZATION_UNIT; ORGANIZATION_UNIT_RELATIONSHIP; ORGANIZATION_BUSINESS_TYPE
Risk Management & Regulation,Modelling and Predictiions,Operational Risk / Cybercrime Strategy Model,Master & Reference Data - Channel,Channel,CHANNEL_TYPE; CHANNEL_INSTANCE; CHANNEL_CLASSIFICATION
Risk Management & Regulation,Modelling and Predictiions,Operational Risk / Cybercrime Strategy Model,"Model Metadata (E.g. defintion, assumptions, metrics)",Analytical Model,ANALYTICAL_MODEL; MODEL_RUN; MODEL_PARAMETER
Risk Management & Regulation,Modelling and Predictiions,Operational Risk / Cybercrime Strategy Model,Risk Scenario & Stress Testing Results,Analytical Model,RISK_CALCULATION_SCENARIO; RISK_SCENARIO_RESULT; STRESS_TEST_RESULT
Risk Management & Regulation,Modelling and Predictiions,Operational Risk / Cybercrime Strategy Model,"Documents - Structured Data Capture (Survey, Application Forms)",Cross Subject - Document,DOCUMENT; DOCUMENT_TYPE; SURVEY; APPLICATION
Risk Management & Regulation,Modelling and Predictiions,Operational Risk / Cybercrime Strategy Model,Document Image,Cross Subject - Document,Not mapped
Risk Management & Regulation,Modelling and Predictiions,Operational Risk / Cybercrime Strategy Model,Text Data,Cross Subject - Document,DOCUMENT; TEXT_CONTENT; DIGITAL_CONTENT
Risk Management & Regulation,Modelling and Predictiions,Operational Risk / Cybercrime Strategy Model,External Data - News / Industry Feeds E.g. Reuters,Cross Subject - Document,DOCUMENT; NEWS_FEED; MARKET_INDEX
Risk Management & Regulation,Modelling and Predictiions,Operational Risk / Cybercrime Strategy Model,Master & Reference Data - Risk Policy Rules,Cross Subject - Document,RISK_GRADE_SCHEME; RISK_GRADE_VALUE; RISK_POLICY; BUSINESS_RULE
Risk Management & Regulation,Modelling and Predictiions,Operational Risk / Cybercrime Strategy Model,Voice Recording,Cross Subject - Multi-media object,DIGITAL_CONTENT; CALL_RECORDING; DIRECT_CONTACT_EVENT
Risk Management & Regulation,Modelling and Predictiions,Operational Risk / Cybercrime Strategy Model,External Data - Fraud Watch Lists,Cross Subject - Watch List,WATCH_LIST; WATCH_LIST_ENTRY; PARTY_WATCH_LIST_CHECK
Risk Management & Regulation,Modelling and Predictiions,Operational Risk / Cybercrime Strategy Model,Compliance Approvals,Cross Subject,COMPLIANCE_EVENT; APPROVAL; PARTY_COMPLIANCE_VERIFICATION
Risk Management & Regulation,Modelling and Predictiions,Operational Risk / Cybercrime Strategy Model,Business Process Definition,Not Covered,EVENT; PROCESS_EVENT
Risk Management & Regulation,Modelling and Predictiions,Operational Risk / Cybercrime Strategy Model,External Data - External Loss Data,Not Covered,LOSS_EVENT; OPERATIONAL_LOSS_EVENT
Risk Management & Regulation,Modelling and Predictiions,Operational Risk / Cybercrime Strategy Model,"System Log Files (E.g. Firewall, Webserver)",Not Covered,WEB_VISIT; SYSTEM_EVENT
Risk Management & Regulation,Modelling and Predictiions,Operational Risk Capital and OPVaR,Legal Actions,Party,PARTY_LEGAL_ACTION; LEGAL_ACTION; PARTY_LITIGATION
Risk Management & Regulation,Modelling and Predictiions,Operational Risk Capital and OPVaR,Master & Reference Data - geography / location,Location,GEOGRAPHICAL_AREA; GEOGRAPHICAL_UNIT; SITE; POSTAL_ADDRESS
Risk Management & Regulation,Modelling and Predictiions,Operational Risk Capital and OPVaR,Master & Reference Data - product,Product,Not mapped
Risk Management & Regulation,Modelling and Predictiions,Operational Risk Capital and OPVaR,Master & Reference Data - exchange rates,Product,CURRENCY; CURRENCY_EXCHANGE_RATE; CURRENCY_PAIR
Risk Management & Regulation,Modelling and Predictiions,Operational Risk Capital and OPVaR,"Product Revenue, Cost & Margin",Product,PRODUCT; PRODUCT_PRICING; PRODUCT_COST; AGREEMENT_SUMMARY
Risk Management & Regulation,Modelling and Predictiions,Operational Risk Capital and OPVaR,Product NPV's,Product,PRODUCT; PRODUCT_VALUATION; AGREEMENT_SUMMARY
Risk Management & Regulation,Modelling and Predictiions,Operational Risk Capital and OPVaR,Account / Policy / Service Holdings,Agreement,AGREEMENT; PARTY_AGREEMENT_ROLE; AGREEMENT_PARTY_ROLE; AGREEMENT_RELATIONSHIP
Risk Management & Regulation,Modelling and Predictiions,Operational Risk Capital and OPVaR,Account / Policy / Service Detail,Agreement,AGREEMENT; LOAN_TERM_AGREEMENT; DEPOSIT_AGREEMENT; INSURANCE_AGREEMENT; CREDIT_CARD_AGREEMENT
Risk Management & Regulation,Modelling and Predictiions,Operational Risk Capital and OPVaR,Account Status (open closed active / domant /inactive / closure reason ),Agreement,AGREEMENT; AGREEMENT_STATUS; AGREEMENT_STATUS_HISTORY
Risk Management & Regulation,Modelling and Predictiions,Operational Risk Capital and OPVaR,Risk Exposures,Agreement,AGREEMENT_RISK_METRIC; RISK_EXPOSURE; CREDIT_RISK_SUMMARY
Risk Management & Regulation,Modelling and Predictiions,Operational Risk Capital and OPVaR,Predictive Models - risk,Party or Agreement,ANALYTICAL_MODEL; MODEL_RUN; MODEL_SCORE; PARTY_LIABILITY_CREDIT_RATING
Risk Management & Regulation,Modelling and Predictiions,Operational Risk Capital and OPVaR,"Provisions, Losses & Writeoffs",Party or Agreement,AGREEMENT_RISK_METRIC; PROVISION; WRITE_OFF; LOSS_EVENT
Risk Management & Regulation,Modelling and Predictiions,Operational Risk Capital and OPVaR,Financial Transactions,Event,MONETARY_TRANSACTION; TRANSACTION_TYPE; FINANCIAL_TRANSACTION; PAYMENT
Risk Management & Regulation,Modelling and Predictiions,Operational Risk Capital and OPVaR,Complaint Data,Event,COMPLAINT; COMPLAINT_STATUS; COMPLAINT_RESOLUTION
Risk Management & Regulation,Modelling and Predictiions,Operational Risk Capital and OPVaR,"Case History (Fraud, Money Laundering, Complaint)",Event,CASE; CASE_EVENT; CASE_PARTY_ROLE; FRAUD_CASE
Risk Management & Regulation,Modelling and Predictiions,Operational Risk Capital and OPVaR,Claims,Event,CLAIM; CLAIM_STATUS; CLAIM_PARTY_ROLE; CLAIM_PAYMENT
Risk Management & Regulation,Modelling and Predictiions,Operational Risk Capital and OPVaR,Internal Process Activity Data,Event,EVENT; PROCESS_EVENT; OPERATIONAL_EVENT
Risk Management & Regulation,Modelling and Predictiions,Operational Risk Capital and OPVaR,Master & Reference Data - organisation hierarchy,Internal Organisation,ORGANIZATION; INTERNAL_ORGANIZATION_UNIT; ORGANIZATION_UNIT_RELATIONSHIP; ORGANIZATION_BUSINESS_TYPE
Risk Management & Regulation,Modelling and Predictiions,Operational Risk Capital and OPVaR,Finance Systems - General Ledger,Finance,Not mapped
Risk Management & Regulation,Modelling and Predictiions,Operational Risk Capital and OPVaR,Finance Systems - ERP,Finance,GL_ACCOUNT; GL_MAIN_ACCOUNT; VENDOR; VENDOR_INVOICE
Risk Management & Regulation,Modelling and Predictiions,Operational Risk Capital and OPVaR,"Finance Systems - Budgets, Plans & Forecasts",Finance,GL_ACCOUNT; BUDGET; FORECAST; FINANCIAL_PLAN
Risk Management & Regulation,Modelling and Predictiions,Operational Risk Capital and OPVaR,"Model Metadata (E.g. defintion, assumptions, metrics)",Analytical Model,ANALYTICAL_MODEL; MODEL_RUN; MODEL_PARAMETER
Risk Management & Regulation,Modelling and Predictiions,Operational Risk Capital and OPVaR,Risk Scenario & Stress Testing Results,Analytical Model,RISK_CALCULATION_SCENARIO; RISK_SCENARIO_RESULT; STRESS_TEST_RESULT
Risk Management & Regulation,Modelling and Predictiions,Operational Risk Capital and OPVaR,"Documents - Structured Data Capture (Survey, Application Forms)",Cross Subject - Document,DOCUMENT; DOCUMENT_TYPE; SURVEY; APPLICATION
Risk Management & Regulation,Modelling and Predictiions,Operational Risk Capital and OPVaR,Master & Reference Data - Risk Policy Rules,Cross Subject - Document,RISK_GRADE_SCHEME; RISK_GRADE_VALUE; RISK_POLICY; BUSINESS_RULE
Risk Management & Regulation,Modelling and Predictiions,Operational Risk Capital and OPVaR,External Data - External Loss Data,Not Covered,LOSS_EVENT; OPERATIONAL_LOSS_EVENT
Risk Management & Regulation,Modelling and Predictiions,Market & Liquidity Risk Likelihood Modelling,Customer Demographics,Party,INDIVIDUAL; PARTY_DEMOGRAPHIC; PARTY_CLASSIFICATION; PARTY_PREFERENCE
Risk Management & Regulation,Modelling and Predictiions,Market & Liquidity Risk Likelihood Modelling,Customer Segments,Party,PARTY_CLASSIFICATION; PARTY_SEGMENT; PARTY_CLASSIFICATION_VALUE
Risk Management & Regulation,Modelling and Predictiions,Market & Liquidity Risk Likelihood Modelling,Legal Actions,Party,PARTY_LEGAL_ACTION; LEGAL_ACTION; PARTY_LITIGATION
Risk Management & Regulation,Modelling and Predictiions,Market & Liquidity Risk Likelihood Modelling,Master & Reference Data - geography / location,Location,GEOGRAPHICAL_AREA; GEOGRAPHICAL_UNIT; SITE; POSTAL_ADDRESS
Risk Management & Regulation,Modelling and Predictiions,Market & Liquidity Risk Likelihood Modelling,Master & Reference Data - product,Product,Not mapped
Risk Management & Regulation,Modelling and Predictiions,Market & Liquidity Risk Likelihood Modelling,Master & Reference Data - FTP rates,Product,INTEREST_RATE; INTEREST_RATE_INDEX; PRODUCT_INTEREST_RATE
Risk Management & Regulation,Modelling and Predictiions,Market & Liquidity Risk Likelihood Modelling,Master & Reference Data - exchange rates,Product,CURRENCY; CURRENCY_EXCHANGE_RATE; CURRENCY_PAIR
Risk Management & Regulation,Modelling and Predictiions,Market & Liquidity Risk Likelihood Modelling,External Data - market interest rates,Product,INTEREST_RATE_INDEX; INTEREST_RATE; MARKET_INDEX; MARKET_INDEX_VALUE
Risk Management & Regulation,Modelling and Predictiions,Market & Liquidity Risk Likelihood Modelling,"External Data - market prices (E.g. equities, bonds, commodities)",Product,MARKET_INDEX; MARKET_INDEX_VALUE; INVESTMENT_PRODUCT; INVESTMENT_PRODUCT_PRICE
Risk Management & Regulation,Modelling and Predictiions,Market & Liquidity Risk Likelihood Modelling,Account / Policy / Service Holdings,Agreement,AGREEMENT; PARTY_AGREEMENT_ROLE; AGREEMENT_PARTY_ROLE; AGREEMENT_RELATIONSHIP
Risk Management & Regulation,Modelling and Predictiions,Market & Liquidity Risk Likelihood Modelling,Account / Policy / Service Detail,Agreement,AGREEMENT; LOAN_TERM_AGREEMENT; DEPOSIT_AGREEMENT; INSURANCE_AGREEMENT; CREDIT_CARD_AGREEMENT
Risk Management & Regulation,Modelling and Predictiions,Market & Liquidity Risk Likelihood Modelling,Account Status (open closed active / domant /inactive / closure reason ),Agreement,AGREEMENT; AGREEMENT_STATUS; AGREEMENT_STATUS_HISTORY
Risk Management & Regulation,Modelling and Predictiions,Market & Liquidity Risk Likelihood Modelling,Account Terms & Conditions,Agreement,AGREEMENT; AGREEMENT_CONDITION; AGREEMENT_TERM
Risk Management & Regulation,Modelling and Predictiions,Market & Liquidity Risk Likelihood Modelling,Account Feature Usage,Agreement,AGREEMENT_FEATURE; FEATURE; DESCRIPTIVE_FEATURE
Risk Management & Regulation,Modelling and Predictiions,Market & Liquidity Risk Likelihood Modelling,Account Balances,Agreement,AGREEMENT_SUMMARY; BALANCE_SUMMARY; AGREEMENT_BALANCE
Risk Management & Regulation,Modelling and Predictiions,Market & Liquidity Risk Likelihood Modelling,Investment Value,Agreement,INVESTMENT_ACCOUNT; INVESTMENT_HOLDING; INVESTMENT_PRODUCT_PRICE
Risk Management & Regulation,Modelling and Predictiions,Market & Liquidity Risk Likelihood Modelling,Market / Trading Book Positions,Agreement,TRADE_ORDER; TRADE_EXECUTION; TRADING_POSITION
Risk Management & Regulation,Modelling and Predictiions,Market & Liquidity Risk Likelihood Modelling,Mark to market valuations,Agreement,INVESTMENT_PRODUCT_PRICE; MARKET_INDEX_VALUE; AGREEMENT_VALUATION
Risk Management & Regulation,Modelling and Predictiions,Market & Liquidity Risk Likelihood Modelling,Cashflow Projections,Agreement,AGREEMENT_CASHFLOW; CASHFLOW_SCHEDULE; AGREEMENT_SUMMARY
Risk Management & Regulation,Modelling and Predictiions,Market & Liquidity Risk Likelihood Modelling,Account Maturity Dates & Repricing Schedules,Agreement,AGREEMENT; AGREEMENT_TERM; AGREEMENT_REPRICING_SCHEDULE
Risk Management & Regulation,Modelling and Predictiions,Market & Liquidity Risk Likelihood Modelling,Account Repayment Schedules,Agreement,AGREEMENT_REPAYMENT_SCHEDULE; LOAN_TERM_AGREEMENT
Risk Management & Regulation,Modelling and Predictiions,Market & Liquidity Risk Likelihood Modelling,Amortisation Schedules,Agreement,AGREEMENT_AMORTIZATION_SCHEDULE; LOAN_TERM_AGREEMENT
Risk Management & Regulation,Modelling and Predictiions,Market & Liquidity Risk Likelihood Modelling,Collateral Agreements,Agreement,COLLATERAL_AGREEMENT; COLLATERAL; COLLATERAL_VALUATION; PARTY_ASSET
Risk Management & Regulation,Modelling and Predictiions,Market & Liquidity Risk Likelihood Modelling,Risk Exposures,Agreement,AGREEMENT_RISK_METRIC; RISK_EXPOSURE; CREDIT_RISK_SUMMARY
Risk Management & Regulation,Modelling and Predictiions,Market & Liquidity Risk Likelihood Modelling,Account Limits,Cross Subject  -  Limits,AGREEMENT_LIMIT; LIMIT; PARTY_LIMIT
Risk Management & Regulation,Modelling and Predictiions,Market & Liquidity Risk Likelihood Modelling,"Risk Segments, Cohorts & Groupings",Party or Agreement,PARTY_CLASSIFICATION; RISK_GRADE_VALUE; RISK_GRADE_SCHEME
Risk Management & Regulation,Modelling and Predictiions,Market & Liquidity Risk Likelihood Modelling,"Provisions, Losses & Writeoffs",Party or Agreement,AGREEMENT_RISK_METRIC; PROVISION; WRITE_OFF; LOSS_EVENT
Risk Management & Regulation,Modelling and Predictiions,Market & Liquidity Risk Likelihood Modelling,Financial Transactions,Event,MONETARY_TRANSACTION; TRANSACTION_TYPE; FINANCIAL_TRANSACTION; PAYMENT
Risk Management & Regulation,Modelling and Predictiions,Market & Liquidity Risk Likelihood Modelling,Financial Interbank Payments,Event,PAYMENT; INTERBANK_PAYMENT; FINANCIAL_TRANSACTION
Risk Management & Regulation,Modelling and Predictiions,Market & Liquidity Risk Likelihood Modelling,Defaults & Limit Breaches,Event,AGREEMENT_STATUS; DEFAULT_EVENT; LIMIT_BREACH_EVENT; AGREEMENT_RISK_METRIC
Risk Management & Regulation,Modelling and Predictiions,Market & Liquidity Risk Likelihood Modelling,Master & Reference Data - organisation hierarchy,Internal Organisation,ORGANIZATION; INTERNAL_ORGANIZATION_UNIT; ORGANIZATION_UNIT_RELATIONSHIP; ORGANIZATION_BUSINESS_TYPE
Risk Management & Regulation,Modelling and Predictiions,Market & Liquidity Risk Likelihood Modelling,Finance Systems - General Ledger,Finance,Not mapped
Risk Management & Regulation,Modelling and Predictiions,Market & Liquidity Risk Likelihood Modelling,Finance Systems - ERP,Finance,GL_ACCOUNT; GL_MAIN_ACCOUNT; VENDOR; VENDOR_INVOICE
Risk Management & Regulation,Modelling and Predictiions,Market & Liquidity Risk Likelihood Modelling,"Finance Systems - Budgets, Plans & Forecasts",Finance,GL_ACCOUNT; BUDGET; FORECAST; FINANCIAL_PLAN
Risk Management & Regulation,Modelling and Predictiions,Market & Liquidity Risk Likelihood Modelling,External Data - News / Industry Feeds E.g. Reuters,Cross Subject - Document,DOCUMENT; NEWS_FEED; MARKET_INDEX
Risk Management & Regulation,Modelling and Predictiions,Market & Liquidity Risk Likelihood Modelling,Master & Reference Data - Risk Policy Rules,Cross Subject - Document,RISK_GRADE_SCHEME; RISK_GRADE_VALUE; RISK_POLICY; BUSINESS_RULE
Risk Management & Regulation,Modelling and Predictiions,Market & Liquidity Risk Strategy Modelling,Customer Demographics,Party,INDIVIDUAL; PARTY_DEMOGRAPHIC; PARTY_CLASSIFICATION; PARTY_PREFERENCE
Risk Management & Regulation,Modelling and Predictiions,Market & Liquidity Risk Strategy Modelling,Customer Segments,Party,PARTY_CLASSIFICATION; PARTY_SEGMENT; PARTY_CLASSIFICATION_VALUE
Risk Management & Regulation,Modelling and Predictiions,Market & Liquidity Risk Strategy Modelling,Legal Actions,Party,PARTY_LEGAL_ACTION; LEGAL_ACTION; PARTY_LITIGATION
Risk Management & Regulation,Modelling and Predictiions,Market & Liquidity Risk Strategy Modelling,Master & Reference Data - geography / location,Location,GEOGRAPHICAL_AREA; GEOGRAPHICAL_UNIT; SITE; POSTAL_ADDRESS
Risk Management & Regulation,Modelling and Predictiions,Market & Liquidity Risk Strategy Modelling,Master & Reference Data - product,Product,Not mapped
Risk Management & Regulation,Modelling and Predictiions,Market & Liquidity Risk Strategy Modelling,Master & Reference Data - FTP rates,Product,INTEREST_RATE; INTEREST_RATE_INDEX; PRODUCT_INTEREST_RATE
Risk Management & Regulation,Modelling and Predictiions,Market & Liquidity Risk Strategy Modelling,Master & Reference Data - exchange rates,Product,CURRENCY; CURRENCY_EXCHANGE_RATE; CURRENCY_PAIR
Risk Management & Regulation,Modelling and Predictiions,Market & Liquidity Risk Strategy Modelling,External Data - market interest rates,Product,INTEREST_RATE_INDEX; INTEREST_RATE; MARKET_INDEX; MARKET_INDEX_VALUE
Risk Management & Regulation,Modelling and Predictiions,Market & Liquidity Risk Strategy Modelling,"External Data - market prices (E.g. equities, bonds, commodities)",Product,MARKET_INDEX; MARKET_INDEX_VALUE; INVESTMENT_PRODUCT; INVESTMENT_PRODUCT_PRICE
Risk Management & Regulation,Modelling and Predictiions,Market & Liquidity Risk Strategy Modelling,Account / Policy / Service Holdings,Agreement,AGREEMENT; PARTY_AGREEMENT_ROLE; AGREEMENT_PARTY_ROLE; AGREEMENT_RELATIONSHIP
Risk Management & Regulation,Modelling and Predictiions,Market & Liquidity Risk Strategy Modelling,Account / Policy / Service Detail,Agreement,AGREEMENT; LOAN_TERM_AGREEMENT; DEPOSIT_AGREEMENT; INSURANCE_AGREEMENT; CREDIT_CARD_AGREEMENT
Risk Management & Regulation,Modelling and Predictiions,Market & Liquidity Risk Strategy Modelling,Account Status (open closed active / domant /inactive / closure reason ),Agreement,AGREEMENT; AGREEMENT_STATUS; AGREEMENT_STATUS_HISTORY
Risk Management & Regulation,Modelling and Predictiions,Market & Liquidity Risk Strategy Modelling,Account Terms & Conditions,Agreement,AGREEMENT; AGREEMENT_CONDITION; AGREEMENT_TERM
Risk Management & Regulation,Modelling and Predictiions,Market & Liquidity Risk Strategy Modelling,Account Feature Usage,Agreement,AGREEMENT_FEATURE; FEATURE; DESCRIPTIVE_FEATURE
Risk Management & Regulation,Modelling and Predictiions,Market & Liquidity Risk Strategy Modelling,Account Balances,Agreement,AGREEMENT_SUMMARY; BALANCE_SUMMARY; AGREEMENT_BALANCE
Risk Management & Regulation,Modelling and Predictiions,Market & Liquidity Risk Strategy Modelling,Investment Value,Agreement,INVESTMENT_ACCOUNT; INVESTMENT_HOLDING; INVESTMENT_PRODUCT_PRICE
Risk Management & Regulation,Modelling and Predictiions,Market & Liquidity Risk Strategy Modelling,Market / Trading Book Positions,Agreement,TRADE_ORDER; TRADE_EXECUTION; TRADING_POSITION
Risk Management & Regulation,Modelling and Predictiions,Market & Liquidity Risk Strategy Modelling,Mark to market valuations,Agreement,INVESTMENT_PRODUCT_PRICE; MARKET_INDEX_VALUE; AGREEMENT_VALUATION
Risk Management & Regulation,Modelling and Predictiions,Market & Liquidity Risk Strategy Modelling,Cashflow Projections,Agreement,AGREEMENT_CASHFLOW; CASHFLOW_SCHEDULE; AGREEMENT_SUMMARY
Risk Management & Regulation,Modelling and Predictiions,Market & Liquidity Risk Strategy Modelling,Account Maturity Dates & Repricing Schedules,Agreement,AGREEMENT; AGREEMENT_TERM; AGREEMENT_REPRICING_SCHEDULE
Risk Management & Regulation,Modelling and Predictiions,Market & Liquidity Risk Strategy Modelling,Account Repayment Schedules,Agreement,AGREEMENT_REPAYMENT_SCHEDULE; LOAN_TERM_AGREEMENT
Risk Management & Regulation,Modelling and Predictiions,Market & Liquidity Risk Strategy Modelling,Amortisation Schedules,Agreement,AGREEMENT_AMORTIZATION_SCHEDULE; LOAN_TERM_AGREEMENT
Risk Management & Regulation,Modelling and Predictiions,Market & Liquidity Risk Strategy Modelling,Collateral Agreements,Agreement,COLLATERAL_AGREEMENT; COLLATERAL; COLLATERAL_VALUATION; PARTY_ASSET
Risk Management & Regulation,Modelling and Predictiions,Market & Liquidity Risk Strategy Modelling,Risk Exposures,Agreement,AGREEMENT_RISK_METRIC; RISK_EXPOSURE; CREDIT_RISK_SUMMARY
Risk Management & Regulation,Modelling and Predictiions,Market & Liquidity Risk Strategy Modelling,Account Limits,Cross Subject  -  Limits,AGREEMENT_LIMIT; LIMIT; PARTY_LIMIT
Risk Management & Regulation,Modelling and Predictiions,Market & Liquidity Risk Strategy Modelling,"Risk Segments, Cohorts & Groupings",Party or Agreement,PARTY_CLASSIFICATION; RISK_GRADE_VALUE; RISK_GRADE_SCHEME
Risk Management & Regulation,Modelling and Predictiions,Market & Liquidity Risk Strategy Modelling,"Provisions, Losses & Writeoffs",Party or Agreement,AGREEMENT_RISK_METRIC; PROVISION; WRITE_OFF; LOSS_EVENT
Risk Management & Regulation,Modelling and Predictiions,Market & Liquidity Risk Strategy Modelling,Financial Transactions,Event,MONETARY_TRANSACTION; TRANSACTION_TYPE; FINANCIAL_TRANSACTION; PAYMENT
Risk Management & Regulation,Modelling and Predictiions,Market & Liquidity Risk Strategy Modelling,Financial Interbank Payments,Event,PAYMENT; INTERBANK_PAYMENT; FINANCIAL_TRANSACTION
Risk Management & Regulation,Modelling and Predictiions,Market & Liquidity Risk Strategy Modelling,Defaults & Limit Breaches,Event,AGREEMENT_STATUS; DEFAULT_EVENT; LIMIT_BREACH_EVENT; AGREEMENT_RISK_METRIC
Risk Management & Regulation,Modelling and Predictiions,Market & Liquidity Risk Strategy Modelling,Master & Reference Data - organisation hierarchy,Internal Organisation,ORGANIZATION; INTERNAL_ORGANIZATION_UNIT; ORGANIZATION_UNIT_RELATIONSHIP; ORGANIZATION_BUSINESS_TYPE
Risk Management & Regulation,Modelling and Predictiions,Market & Liquidity Risk Strategy Modelling,Finance Systems - General Ledger,Finance,Not mapped
Risk Management & Regulation,Modelling and Predictiions,Market & Liquidity Risk Strategy Modelling,Finance Systems - ERP,Finance,GL_ACCOUNT; GL_MAIN_ACCOUNT; VENDOR; VENDOR_INVOICE
Risk Management & Regulation,Modelling and Predictiions,Market & Liquidity Risk Strategy Modelling,"Finance Systems - Budgets, Plans & Forecasts",Finance,GL_ACCOUNT; BUDGET; FORECAST; FINANCIAL_PLAN
Risk Management & Regulation,Modelling and Predictiions,Market & Liquidity Risk Strategy Modelling,External Data - News / Industry Feeds E.g. Reuters,Cross Subject - Document,DOCUMENT; NEWS_FEED; MARKET_INDEX
Risk Management & Regulation,Modelling and Predictiions,Market & Liquidity Risk Strategy Modelling,Master & Reference Data - Risk Policy Rules,Cross Subject - Document,RISK_GRADE_SCHEME; RISK_GRADE_VALUE; RISK_POLICY; BUSINESS_RULE
Risk Management & Regulation,Modelling and Predictiions,Market & Liquidity Value at Risk (M-VaR) Modelling,Customer Demographics,Party,INDIVIDUAL; PARTY_DEMOGRAPHIC; PARTY_CLASSIFICATION; PARTY_PREFERENCE
Risk Management & Regulation,Modelling and Predictiions,Market & Liquidity Value at Risk (M-VaR) Modelling,Customer Segments,Party,PARTY_CLASSIFICATION; PARTY_SEGMENT; PARTY_CLASSIFICATION_VALUE
Risk Management & Regulation,Modelling and Predictiions,Market & Liquidity Value at Risk (M-VaR) Modelling,Legal Actions,Party,PARTY_LEGAL_ACTION; LEGAL_ACTION; PARTY_LITIGATION
Risk Management & Regulation,Modelling and Predictiions,Market & Liquidity Value at Risk (M-VaR) Modelling,Master & Reference Data - geography / location,Location,GEOGRAPHICAL_AREA; GEOGRAPHICAL_UNIT; SITE; POSTAL_ADDRESS
Risk Management & Regulation,Modelling and Predictiions,Market & Liquidity Value at Risk (M-VaR) Modelling,Master & Reference Data - product,Product,Not mapped
Risk Management & Regulation,Modelling and Predictiions,Market & Liquidity Value at Risk (M-VaR) Modelling,Master & Reference Data - FTP rates,Product,INTEREST_RATE; INTEREST_RATE_INDEX; PRODUCT_INTEREST_RATE
Risk Management & Regulation,Modelling and Predictiions,Market & Liquidity Value at Risk (M-VaR) Modelling,Master & Reference Data - exchange rates,Product,CURRENCY; CURRENCY_EXCHANGE_RATE; CURRENCY_PAIR
Risk Management & Regulation,Modelling and Predictiions,Market & Liquidity Value at Risk (M-VaR) Modelling,"Product Revenue, Cost & Margin",Product,PRODUCT; PRODUCT_PRICING; PRODUCT_COST; AGREEMENT_SUMMARY
Risk Management & Regulation,Modelling and Predictiions,Market & Liquidity Value at Risk (M-VaR) Modelling,Product NPV's,Product,PRODUCT; PRODUCT_VALUATION; AGREEMENT_SUMMARY
Risk Management & Regulation,Modelling and Predictiions,Market & Liquidity Value at Risk (M-VaR) Modelling,External Data - market interest rates,Product,INTEREST_RATE_INDEX; INTEREST_RATE; MARKET_INDEX; MARKET_INDEX_VALUE
Risk Management & Regulation,Modelling and Predictiions,Market & Liquidity Value at Risk (M-VaR) Modelling,"External Data - market prices (E.g. equities, bonds, commodities)",Product,MARKET_INDEX; MARKET_INDEX_VALUE; INVESTMENT_PRODUCT; INVESTMENT_PRODUCT_PRICE
Risk Management & Regulation,Modelling and Predictiions,Market & Liquidity Value at Risk (M-VaR) Modelling,Account / Policy / Service Holdings,Agreement,AGREEMENT; PARTY_AGREEMENT_ROLE; AGREEMENT_PARTY_ROLE; AGREEMENT_RELATIONSHIP
Risk Management & Regulation,Modelling and Predictiions,Market & Liquidity Value at Risk (M-VaR) Modelling,Account / Policy / Service Detail,Agreement,AGREEMENT; LOAN_TERM_AGREEMENT; DEPOSIT_AGREEMENT; INSURANCE_AGREEMENT; CREDIT_CARD_AGREEMENT
Risk Management & Regulation,Modelling and Predictiions,Market & Liquidity Value at Risk (M-VaR) Modelling,Account Status (open closed active / domant /inactive / closure reason ),Agreement,AGREEMENT; AGREEMENT_STATUS; AGREEMENT_STATUS_HISTORY
Risk Management & Regulation,Modelling and Predictiions,Market & Liquidity Value at Risk (M-VaR) Modelling,Account Terms & Conditions,Agreement,AGREEMENT; AGREEMENT_CONDITION; AGREEMENT_TERM
Risk Management & Regulation,Modelling and Predictiions,Market & Liquidity Value at Risk (M-VaR) Modelling,Account Feature Usage,Agreement,AGREEMENT_FEATURE; FEATURE; DESCRIPTIVE_FEATURE
Risk Management & Regulation,Modelling and Predictiions,Market & Liquidity Value at Risk (M-VaR) Modelling,Account Balances,Agreement,AGREEMENT_SUMMARY; BALANCE_SUMMARY; AGREEMENT_BALANCE
Risk Management & Regulation,Modelling and Predictiions,Market & Liquidity Value at Risk (M-VaR) Modelling,Investment Value,Agreement,INVESTMENT_ACCOUNT; INVESTMENT_HOLDING; INVESTMENT_PRODUCT_PRICE
Risk Management & Regulation,Modelling and Predictiions,Market & Liquidity Value at Risk (M-VaR) Modelling,Market / Trading Book Positions,Agreement,TRADE_ORDER; TRADE_EXECUTION; TRADING_POSITION
Risk Management & Regulation,Modelling and Predictiions,Market & Liquidity Value at Risk (M-VaR) Modelling,Mark to market valuations,Agreement,INVESTMENT_PRODUCT_PRICE; MARKET_INDEX_VALUE; AGREEMENT_VALUATION
Risk Management & Regulation,Modelling and Predictiions,Market & Liquidity Value at Risk (M-VaR) Modelling,Cashflow Projections,Agreement,AGREEMENT_CASHFLOW; CASHFLOW_SCHEDULE; AGREEMENT_SUMMARY
Risk Management & Regulation,Modelling and Predictiions,Market & Liquidity Value at Risk (M-VaR) Modelling,Account Maturity Dates & Repricing Schedules,Agreement,AGREEMENT; AGREEMENT_TERM; AGREEMENT_REPRICING_SCHEDULE
Risk Management & Regulation,Modelling and Predictiions,Market & Liquidity Value at Risk (M-VaR) Modelling,Account Repayment Schedules,Agreement,AGREEMENT_REPAYMENT_SCHEDULE; LOAN_TERM_AGREEMENT
Risk Management & Regulation,Modelling and Predictiions,Market & Liquidity Value at Risk (M-VaR) Modelling,Amortisation Schedules,Agreement,AGREEMENT_AMORTIZATION_SCHEDULE; LOAN_TERM_AGREEMENT
Risk Management & Regulation,Modelling and Predictiions,Market & Liquidity Value at Risk (M-VaR) Modelling,Collateral Agreements,Agreement,COLLATERAL_AGREEMENT; COLLATERAL; COLLATERAL_VALUATION; PARTY_ASSET
Risk Management & Regulation,Modelling and Predictiions,Market & Liquidity Value at Risk (M-VaR) Modelling,Risk Exposures,Agreement,AGREEMENT_RISK_METRIC; RISK_EXPOSURE; CREDIT_RISK_SUMMARY
Risk Management & Regulation,Modelling and Predictiions,Market & Liquidity Value at Risk (M-VaR) Modelling,Account Limits,Cross Subject  -  Limits,AGREEMENT_LIMIT; LIMIT; PARTY_LIMIT
Risk Management & Regulation,Modelling and Predictiions,Market & Liquidity Value at Risk (M-VaR) Modelling,"Risk Segments, Cohorts & Groupings",Party or Agreement,PARTY_CLASSIFICATION; RISK_GRADE_VALUE; RISK_GRADE_SCHEME
Risk Management & Regulation,Modelling and Predictiions,Market & Liquidity Value at Risk (M-VaR) Modelling,"Provisions, Losses & Writeoffs",Party or Agreement,AGREEMENT_RISK_METRIC; PROVISION; WRITE_OFF; LOSS_EVENT
Risk Management & Regulation,Modelling and Predictiions,Market & Liquidity Value at Risk (M-VaR) Modelling,Financial Transactions,Event,MONETARY_TRANSACTION; TRANSACTION_TYPE; FINANCIAL_TRANSACTION; PAYMENT
Risk Management & Regulation,Modelling and Predictiions,Market & Liquidity Value at Risk (M-VaR) Modelling,Financial Interbank Payments,Event,PAYMENT; INTERBANK_PAYMENT; FINANCIAL_TRANSACTION
Risk Management & Regulation,Modelling and Predictiions,Market & Liquidity Value at Risk (M-VaR) Modelling,Defaults & Limit Breaches,Event,AGREEMENT_STATUS; DEFAULT_EVENT; LIMIT_BREACH_EVENT; AGREEMENT_RISK_METRIC
Risk Management & Regulation,Modelling and Predictiions,Market & Liquidity Value at Risk (M-VaR) Modelling,Master & Reference Data - organisation hierarchy,Internal Organisation,ORGANIZATION; INTERNAL_ORGANIZATION_UNIT; ORGANIZATION_UNIT_RELATIONSHIP; ORGANIZATION_BUSINESS_TYPE
Risk Management & Regulation,Modelling and Predictiions,Market & Liquidity Value at Risk (M-VaR) Modelling,Finance Systems - General Ledger,Finance,Not mapped
Risk Management & Regulation,Modelling and Predictiions,Market & Liquidity Value at Risk (M-VaR) Modelling,Finance Systems - ERP,Finance,GL_ACCOUNT; GL_MAIN_ACCOUNT; VENDOR; VENDOR_INVOICE
Risk Management & Regulation,Modelling and Predictiions,Market & Liquidity Value at Risk (M-VaR) Modelling,"Finance Systems - Budgets, Plans & Forecasts",Finance,GL_ACCOUNT; BUDGET; FORECAST; FINANCIAL_PLAN
Risk Management & Regulation,Modelling and Predictiions,Market & Liquidity Value at Risk (M-VaR) Modelling,External Data - News / Industry Feeds E.g. Reuters,Cross Subject - Document,DOCUMENT; NEWS_FEED; MARKET_INDEX
Risk Management & Regulation,Modelling and Predictiions,Market & Liquidity Value at Risk (M-VaR) Modelling,Master & Reference Data - Risk Policy Rules,Cross Subject - Document,RISK_GRADE_SCHEME; RISK_GRADE_VALUE; RISK_POLICY; BUSINESS_RULE
Risk Management & Regulation,Execution & Delivery,Business Rules Directory,Single Customer View (Master Record),Party,PARTY; INDIVIDUAL; ORGANIZATION; HOUSEHOLD; PARTY_RELATIONSHIP; PARTY_IDENTIFICATION
Risk Management & Regulation,Execution & Delivery,Business Rules Directory,KYC Data,Party,PARTY_IDENTIFICATION; PARTY_CLASSIFICATION; PARTY_IDENTITY_DOCUMENT; PARTY_COMPLIANCE_VERIFICATION
Risk Management & Regulation,Execution & Delivery,Business Rules Directory,Customer Demographics,Party,INDIVIDUAL; PARTY_DEMOGRAPHIC; PARTY_CLASSIFICATION; PARTY_PREFERENCE
Risk Management & Regulation,Execution & Delivery,Business Rules Directory,Customer Attitudinal Data,Party,PARTY_PREFERENCE; PARTY_CLASSIFICATION; PARTY_SURVEY_RESPONSE
Risk Management & Regulation,Execution & Delivery,Business Rules Directory,Customer Segments,Party,PARTY_CLASSIFICATION; PARTY_SEGMENT; PARTY_CLASSIFICATION_VALUE
Risk Management & Regulation,Execution & Delivery,Business Rules Directory,Customer Contact Preferences,Party,PARTY_PREFERENCE; PARTY_CONTACT_POINT; ELECTRONIC_ADDRESS; POSTAL_ADDRESS
Risk Management & Regulation,Execution & Delivery,Business Rules Directory,Customer Marketing Preferences,Party,PARTY_PREFERENCE; PARTY_MARKETING_PREFERENCE; PARTY_CONSENT
Risk Management & Regulation,Execution & Delivery,Business Rules Directory,Customer Satisfaction Measurement (E.g. NPS),Party,PARTY_SURVEY_RESPONSE; SURVEY; SURVEY_QUESTION_RESPONSE
Risk Management & Regulation,Execution & Delivery,Business Rules Directory,Economic Forecast Data,Party,ECONOMIC_INDEX; ECONOMIC_INDEX_VALUE; MARKET_INDEX
Risk Management & Regulation,Execution & Delivery,Business Rules Directory,Legal Actions,Party,PARTY_LEGAL_ACTION; LEGAL_ACTION; PARTY_LITIGATION
Risk Management & Regulation,Execution & Delivery,Business Rules Directory,External Prospect Data / Lists,Party,PARTY; PROSPECT; PARTY_LIST; PARTY_LIST_MEMBERSHIP
Risk Management & Regulation,Execution & Delivery,Business Rules Directory,External Data - Social Media Data,Party,SOCIAL_MEDIA_ACCOUNT; SOCIAL_MEDIA_TRANSFER; SOCIAL_MEDIA_POST
Risk Management & Regulation,Execution & Delivery,Business Rules Directory,External Data - Bureau data,Party,PARTY_CREDIT_BUREAU_REPORT; CREDIT_BUREAU_SCORE; PARTY_EXTERNAL_RATING
Risk Management & Regulation,Execution & Delivery,Business Rules Directory,External Data - Credit Rating,Party,PARTY_EXTERNAL_RATING; PARTY_LIABILITY_CREDIT_RATING; CREDIT_BUREAU_SCORE
Risk Management & Regulation,Execution & Delivery,Business Rules Directory,"External Economic Data (E.g. Property Prices, Salary)",Party,ECONOMIC_INDEX; ECONOMIC_INDEX_VALUE; MARKET_INDEX; MARKET_INDEX_VALUE
Risk Management & Regulation,Execution & Delivery,Business Rules Directory,Master & Reference Data - staff / colleague,Party,INDIVIDUAL; ASSOCIATE; ASSOCIATE_ASSIGNMENT; INTERNAL_ORGANIZATION_UNIT
Risk Management & Regulation,Execution & Delivery,Business Rules Directory,"Sales and Performance Forecasts, Targets & KPIs",Party,PERFORMANCE_METRIC; PERFORMANCE_TARGET; ORGANIZATION_PERFORMANCE
Risk Management & Regulation,Execution & Delivery,Business Rules Directory,HR Performance Data,Party,ASSOCIATE; ASSOCIATE_PERFORMANCE_REVIEW; ASSOCIATE_ASSIGNMENT
Risk Management & Regulation,Execution & Delivery,Business Rules Directory,Customer Core Contact Details,Location,PARTY_CONTACT_POINT; ELECTRONIC_ADDRESS; POSTAL_ADDRESS; TELEPHONE_NUMBER
Risk Management & Regulation,Execution & Delivery,Business Rules Directory,Master & Reference Data - geography / location,Location,GEOGRAPHICAL_AREA; GEOGRAPHICAL_UNIT; SITE; POSTAL_ADDRESS
Risk Management & Regulation,Execution & Delivery,Business Rules Directory,Master & Reference Data - product,Product,Not mapped
Risk Management & Regulation,Execution & Delivery,Business Rules Directory,Master & Reference Data - FTP rates,Product,INTEREST_RATE; INTEREST_RATE_INDEX; PRODUCT_INTEREST_RATE
Risk Management & Regulation,Execution & Delivery,Business Rules Directory,Master & Reference Data - exchange rates,Product,CURRENCY; CURRENCY_EXCHANGE_RATE; CURRENCY_PAIR
Risk Management & Regulation,Execution & Delivery,Business Rules Directory,"Product Revenue, Cost & Margin",Product,PRODUCT; PRODUCT_PRICING; PRODUCT_COST; AGREEMENT_SUMMARY
Risk Management & Regulation,Execution & Delivery,Business Rules Directory,Product NPV's,Product,PRODUCT; PRODUCT_VALUATION; AGREEMENT_SUMMARY
Risk Management & Regulation,Execution & Delivery,Business Rules Directory,External Data - market interest rates,Product,INTEREST_RATE_INDEX; INTEREST_RATE; MARKET_INDEX; MARKET_INDEX_VALUE
Risk Management & Regulation,Execution & Delivery,Business Rules Directory,"External Data - market prices (E.g. equities, bonds, commodities)",Product,MARKET_INDEX; MARKET_INDEX_VALUE; INVESTMENT_PRODUCT; INVESTMENT_PRODUCT_PRICE
Risk Management & Regulation,Execution & Delivery,Business Rules Directory,External Data - Competitor Product & Pricing,Party & Product,PRODUCT; MARKET_INDEX
Risk Management & Regulation,Execution & Delivery,Business Rules Directory,Account / Policy / Service Holdings,Agreement,AGREEMENT; PARTY_AGREEMENT_ROLE; AGREEMENT_PARTY_ROLE; AGREEMENT_RELATIONSHIP
Risk Management & Regulation,Execution & Delivery,Business Rules Directory,Account / Policy / Service Detail,Agreement,AGREEMENT; LOAN_TERM_AGREEMENT; DEPOSIT_AGREEMENT; INSURANCE_AGREEMENT; CREDIT_CARD_AGREEMENT
Risk Management & Regulation,Execution & Delivery,Business Rules Directory,Account Status (open closed active / domant /inactive / closure reason ),Agreement,AGREEMENT; AGREEMENT_STATUS; AGREEMENT_STATUS_HISTORY
Risk Management & Regulation,Execution & Delivery,Business Rules Directory,Account Terms & Conditions,Agreement,AGREEMENT; AGREEMENT_CONDITION; AGREEMENT_TERM
Risk Management & Regulation,Execution & Delivery,Business Rules Directory,Account Feature Usage,Agreement,AGREEMENT_FEATURE; FEATURE; DESCRIPTIVE_FEATURE
Risk Management & Regulation,Execution & Delivery,Business Rules Directory,"Application Data (New Customer, New Product)",Agreement,APPLICATION; APPLICATION_STATUS; APPLICATION_PARTY_ROLE
Risk Management & Regulation,Execution & Delivery,Business Rules Directory,Coverage (insurance),Agreement,INSURANCE_COVERAGE; INSURANCE_AGREEMENT; COVERAGE_TYPE
Risk Management & Regulation,Execution & Delivery,Business Rules Directory,Account Balances,Agreement,AGREEMENT_SUMMARY; BALANCE_SUMMARY; AGREEMENT_BALANCE
Risk Management & Regulation,Execution & Delivery,Business Rules Directory,Investment Value,Agreement,INVESTMENT_ACCOUNT; INVESTMENT_HOLDING; INVESTMENT_PRODUCT_PRICE
Risk Management & Regulation,Execution & Delivery,Business Rules Directory,Market / Trading Book Positions,Agreement,TRADE_ORDER; TRADE_EXECUTION; TRADING_POSITION
Risk Management & Regulation,Execution & Delivery,Business Rules Directory,Mark to market valuations,Agreement,INVESTMENT_PRODUCT_PRICE; MARKET_INDEX_VALUE; AGREEMENT_VALUATION
Risk Management & Regulation,Execution & Delivery,Business Rules Directory,Cashflow Projections,Agreement,AGREEMENT_CASHFLOW; CASHFLOW_SCHEDULE; AGREEMENT_SUMMARY
Risk Management & Regulation,Execution & Delivery,Business Rules Directory,Account Maturity Dates & Repricing Schedules,Agreement,AGREEMENT; AGREEMENT_TERM; AGREEMENT_REPRICING_SCHEDULE
Risk Management & Regulation,Execution & Delivery,Business Rules Directory,Account Repayment Schedules,Agreement,AGREEMENT_REPAYMENT_SCHEDULE; LOAN_TERM_AGREEMENT
Risk Management & Regulation,Execution & Delivery,Business Rules Directory,Amortisation Schedules,Agreement,AGREEMENT_AMORTIZATION_SCHEDULE; LOAN_TERM_AGREEMENT
Risk Management & Regulation,Execution & Delivery,Business Rules Directory,Customer Illustrations,Agreement,DOCUMENT; PARTY_DOCUMENT
Risk Management & Regulation,Execution & Delivery,Business Rules Directory,Customer Quotes,Agreement,APPLICATION; QUOTE; DOCUMENT
Risk Management & Regulation,Execution & Delivery,Business Rules Directory,Collateral Agreements,Agreement,COLLATERAL_AGREEMENT; COLLATERAL; COLLATERAL_VALUATION; PARTY_ASSET
Risk Management & Regulation,Execution & Delivery,Business Rules Directory,Risk Exposures,Agreement,AGREEMENT_RISK_METRIC; RISK_EXPOSURE; CREDIT_RISK_SUMMARY
Risk Management & Regulation,Execution & Delivery,Business Rules Directory,Risk Weighted Assets & Capital Results,Agreement,AGREEMENT_RISK_METRIC; BANK_CAPITAL_SUMMARY; CAPITAL_REQUIREMENTS_SUMMARY
Risk Management & Regulation,Execution & Delivery,Business Rules Directory,Profitability Results,Agreement,AGREEMENT_SUMMARY; AGREEMENT_PROFITABILITY; PRODUCT_PROFITABILITY
Risk Management & Regulation,Execution & Delivery,Business Rules Directory,Account Limits,Cross Subject  -  Limits,AGREEMENT_LIMIT; LIMIT; PARTY_LIMIT
Risk Management & Regulation,Execution & Delivery,Business Rules Directory,Predictive Models - propensity to buy,Party or Agreement,ANALYTICAL_MODEL; MODEL_RUN; MODEL_SCORE; PARTY_MODEL_SCORE
Risk Management & Regulation,Execution & Delivery,Business Rules Directory,Predictive Models - attrition,Party or Agreement,ANALYTICAL_MODEL; MODEL_RUN; MODEL_SCORE; PARTY_MODEL_SCORE
Risk Management & Regulation,Execution & Delivery,Business Rules Directory,Predictive Models - price elasticity,Party or Agreement,ANALYTICAL_MODEL; MODEL_RUN; MODEL_SCORE
Risk Management & Regulation,Execution & Delivery,Business Rules Directory,Attribution Models - response,Party or Agreement,ANALYTICAL_MODEL; MODEL_RUN; CAMPAIGN_RESPONSE
Risk Management & Regulation,Execution & Delivery,Business Rules Directory,Lead Foodchain data,Party or Agreement,OPPORTUNITY; OPPORTUNITY_STATUS; OPPORTUNITY_PARTY_ROLE
Risk Management & Regulation,Execution & Delivery,Business Rules Directory,Predictive Models - risk,Party or Agreement,ANALYTICAL_MODEL; MODEL_RUN; MODEL_SCORE; PARTY_LIABILITY_CREDIT_RATING
Risk Management & Regulation,Execution & Delivery,Business Rules Directory,"Risk Segments, Cohorts & Groupings",Party or Agreement,PARTY_CLASSIFICATION; RISK_GRADE_VALUE; RISK_GRADE_SCHEME
Risk Management & Regulation,Execution & Delivery,Business Rules Directory,"Provisions, Losses & Writeoffs",Party or Agreement,AGREEMENT_RISK_METRIC; PROVISION; WRITE_OFF; LOSS_EVENT
Risk Management & Regulation,Execution & Delivery,Business Rules Directory,Financial Transactions,Event,MONETARY_TRANSACTION; TRANSACTION_TYPE; FINANCIAL_TRANSACTION; PAYMENT
Risk Management & Regulation,Execution & Delivery,Business Rules Directory,"Account Fees, Commissions & Charges",Event,MONETARY_TRANSACTION; FEE_TRANSACTION; COMMISSION_TRANSACTION; AGREEMENT_FEE
Risk Management & Regulation,Execution & Delivery,Business Rules Directory,Financial Interbank Payments,Event,PAYMENT; INTERBANK_PAYMENT; FINANCIAL_TRANSACTION
Risk Management & Regulation,Execution & Delivery,Business Rules Directory,Non-Financial Transactions,Event,EVENT; NON_MONETARY_EVENT; DIRECT_CONTACT_EVENT
Risk Management & Regulation,Execution & Delivery,Business Rules Directory,Service Usage,Event,CHANNEL_USAGE_METRIC; SERVICE_USAGE_EVENT; CHANNEL_INSTANCE
Risk Management & Regulation,Execution & Delivery,Business Rules Directory,Complaint Data,Event,COMPLAINT; COMPLAINT_STATUS; COMPLAINT_RESOLUTION
Risk Management & Regulation,Execution & Delivery,Business Rules Directory,Offline Customer Interactions - Branch,Event,DIRECT_CONTACT_EVENT; BRANCH_VISIT_EVENT; CHANNEL_INSTANCE
Risk Management & Regulation,Execution & Delivery,Business Rules Directory,Offline Customer Interactions - Call Centre,Event,DIRECT_CONTACT_EVENT; CALL_EVENT; CHANNEL_INSTANCE
Risk Management & Regulation,Execution & Delivery,Business Rules Directory,Offline Customer Interactions - letters,Event,DIRECT_CONTACT_EVENT; CORRESPONDENCE_EVENT; DOCUMENT
Risk Management & Regulation,Execution & Delivery,Business Rules Directory,Offline Customer Interactions - sms text,Event,DIRECT_CONTACT_EVENT; SMS_EVENT; ELECTRONIC_ADDRESS
Risk Management & Regulation,Execution & Delivery,Business Rules Directory,Online Interactions -  webchat (internal & external),Event,WEB_VISIT; WEB_PAGE_VIEW; ONLINE_INTERACTION_EVENT
Risk Management & Regulation,Execution & Delivery,Business Rules Directory,Online Interactions colleague intranet,Event,WEB_VISIT; WEB_PAGE_VIEW
Risk Management & Regulation,Execution & Delivery,Business Rules Directory,Online Interactions customer digital banking site (web log),Event,WEB_VISIT; WEB_PAGE_VIEW; EXTENDED_SESSION_INFORMATION; ONLINE_APPLICATION_ACCESS
Risk Management & Regulation,Execution & Delivery,Business Rules Directory,Online Interactions customer general banking site,Event,WEB_VISIT; WEB_PAGE_VIEW; ONLINE_INTERACTION_EVENT
Risk Management & Regulation,Execution & Delivery,Business Rules Directory,Online Interactions email - customer & employee,Event,DIRECT_CONTACT_EVENT; EMAIL_EVENT; ELECTRONIC_ADDRESS
Risk Management & Regulation,Execution & Delivery,Business Rules Directory,Online Interactions mobile app,Event,WEB_VISIT; WEB_PAGE_VIEW; MOBILE_APP_EVENT; CHANNEL_INSTANCE
Risk Management & Regulation,Execution & Delivery,Business Rules Directory,Online Interactions off-site - ad server,Event,AD; AD_PLACEMENT; AD_IMPRESSION; AD_CAMPAIGN_OBJECTIVE
Risk Management & Regulation,Execution & Delivery,Business Rules Directory,Online Interactions prospect / unidentified customer (web log),Event,WEB_VISIT; WEB_PAGE_VIEW; VISITOR_INTERACTION_EVENT
Risk Management & Regulation,Execution & Delivery,Business Rules Directory,"Case History (Fraud, Money Laundering, Complaint)",Event,CASE; CASE_EVENT; CASE_PARTY_ROLE; FRAUD_CASE
Risk Management & Regulation,Execution & Delivery,Business Rules Directory,Claims,Event,CLAIM; CLAIM_STATUS; CLAIM_PARTY_ROLE; CLAIM_PAYMENT
Risk Management & Regulation,Execution & Delivery,Business Rules Directory,Defaults & Limit Breaches,Event,AGREEMENT_STATUS; DEFAULT_EVENT; LIMIT_BREACH_EVENT; AGREEMENT_RISK_METRIC
Risk Management & Regulation,Execution & Delivery,Business Rules Directory,Closed Loop Outcomes / Channel Responses,Event,CAMPAIGN_RESPONSE; CAMPAIGN_OFFER_RESPONSE; DIRECT_CONTACT_EVENT
Risk Management & Regulation,Execution & Delivery,Business Rules Directory,External Data - Corporate Actions,Event,CORPORATE_ACTION; INVESTMENT_PRODUCT
Risk Management & Regulation,Execution & Delivery,Business Rules Directory,Internal Process Activity Data,Event,EVENT; PROCESS_EVENT; OPERATIONAL_EVENT
Risk Management & Regulation,Execution & Delivery,Business Rules Directory,Master & Reference Data - merchant / transaction,Event,MERCHANT; MERCHANT_CATEGORY; TRANSACTION_TYPE
Risk Management & Regulation,Execution & Delivery,Business Rules Directory,Customer interview / fact find,Event or Cross Subject - Document,DOCUMENT; SURVEY; SURVEY_QUESTION_RESPONSE; PARTY_DOCUMENT
Risk Management & Regulation,Execution & Delivery,Business Rules Directory,Physical Assets,Party Asset,PARTY_ASSET; FIXED_ASSET; REAL_PROPERTY
Risk Management & Regulation,Execution & Delivery,Business Rules Directory,Physical Asset Valuations,Party Asset,PARTY_ASSET_VALUATION; COLLATERAL_VALUATION; REAL_PROPERTY_VALUATION
Risk Management & Regulation,Execution & Delivery,Business Rules Directory,Master & Reference Data - organisation hierarchy,Internal Organisation,ORGANIZATION; INTERNAL_ORGANIZATION_UNIT; ORGANIZATION_UNIT_RELATIONSHIP; ORGANIZATION_BUSINESS_TYPE
Risk Management & Regulation,Execution & Delivery,Business Rules Directory,"Operational metrics (E.g. Wait times, queue length)",Internal Organisation,CHANNEL_USAGE_METRIC; OPERATIONAL_EVENT; SERVICE_LEVEL_METRIC
Risk Management & Regulation,Execution & Delivery,Business Rules Directory,Offer Catalogue,Campaign,OFFER; OFFER_TYPE; CAMPAIGN_OFFER; PRODUCT
Risk Management & Regulation,Execution & Delivery,Business Rules Directory,Master & Reference Data - Campaign,Campaign,CAMPAIGN; CAMPAIGN_TYPE; CAMPAIGN_STATUS; CAMPAIGN_WAVE
Risk Management & Regulation,Execution & Delivery,Business Rules Directory,Campaign Production Costs,Campaign,CAMPAIGN; CAMPAIGN_COST; CAMPAIGN_BUDGET
Risk Management & Regulation,Execution & Delivery,Business Rules Directory,Campaign History Data,Campaign,CAMPAIGN; CAMPAIGN_RESPONSE; CAMPAIGN_OFFER_RESPONSE; CAMPAIGN_WAVE
Risk Management & Regulation,Execution & Delivery,Business Rules Directory,Media Asset Details,Campaign,MEDIA_ASSET; DOCUMENT; DIGITAL_CONTENT
Risk Management & Regulation,Execution & Delivery,Business Rules Directory,Campaign Promotional Calendar,Campaign,CAMPAIGN; CAMPAIGN_WAVE; CAMPAIGN_SCHEDULE
Risk Management & Regulation,Execution & Delivery,Business Rules Directory,Master & Reference Data - Channel,Channel,CHANNEL_TYPE; CHANNEL_INSTANCE; CHANNEL_CLASSIFICATION
Risk Management & Regulation,Execution & Delivery,Business Rules Directory,Finance Systems - General Ledger,Finance,Not mapped
Risk Management & Regulation,Execution & Delivery,Business Rules Directory,Finance Systems - ERP,Finance,GL_ACCOUNT; GL_MAIN_ACCOUNT; VENDOR; VENDOR_INVOICE
Risk Management & Regulation,Execution & Delivery,Business Rules Directory,"Finance Systems - Budgets, Plans & Forecasts",Finance,GL_ACCOUNT; BUDGET; FORECAST; FINANCIAL_PLAN
Risk Management & Regulation,Execution & Delivery,Business Rules Directory,"Model Metadata (E.g. defintion, assumptions, metrics)",Analytical Model,ANALYTICAL_MODEL; MODEL_RUN; MODEL_PARAMETER
Risk Management & Regulation,Execution & Delivery,Business Rules Directory,Risk Scenario & Stress Testing Results,Analytical Model,RISK_CALCULATION_SCENARIO; RISK_SCENARIO_RESULT; STRESS_TEST_RESULT
Risk Management & Regulation,Execution & Delivery,Business Rules Directory,"Documents - Structured Data Capture (Survey, Application Forms)",Cross Subject - Document,DOCUMENT; DOCUMENT_TYPE; SURVEY; APPLICATION
Risk Management & Regulation,Execution & Delivery,Business Rules Directory,Document Image,Cross Subject - Document,Not mapped
Risk Management & Regulation,Execution & Delivery,Business Rules Directory,Text Data,Cross Subject - Document,DOCUMENT; TEXT_CONTENT; DIGITAL_CONTENT
Risk Management & Regulation,Execution & Delivery,Business Rules Directory,External Data - News / Industry Feeds E.g. Reuters,Cross Subject - Document,DOCUMENT; NEWS_FEED; MARKET_INDEX
Risk Management & Regulation,Execution & Delivery,Business Rules Directory,Master & Reference Data - Risk Policy Rules,Cross Subject - Document,RISK_GRADE_SCHEME; RISK_GRADE_VALUE; RISK_POLICY; BUSINESS_RULE
Risk Management & Regulation,Execution & Delivery,Business Rules Directory,Customer Research - Primary & Secondary,Cross Subject - Survey,SURVEY; SURVEY_QUESTION_RESPONSE; PARTY_SURVEY_RESPONSE
Risk Management & Regulation,Execution & Delivery,Business Rules Directory,Rich Media from all sources,Cross Subject - Multi-media object,DIGITAL_CONTENT; MEDIA_ASSET; DOCUMENT
Risk Management & Regulation,Execution & Delivery,Business Rules Directory,Voice Recording,Cross Subject - Multi-media object,DIGITAL_CONTENT; CALL_RECORDING; DIRECT_CONTACT_EVENT
Risk Management & Regulation,Execution & Delivery,Business Rules Directory,External Data - Fraud Watch Lists,Cross Subject - Watch List,WATCH_LIST; WATCH_LIST_ENTRY; PARTY_WATCH_LIST_CHECK
Risk Management & Regulation,Execution & Delivery,Business Rules Directory,Compliance Approvals,Cross Subject,COMPLIANCE_EVENT; APPROVAL; PARTY_COMPLIANCE_VERIFICATION
Risk Management & Regulation,Execution & Delivery,Business Rules Directory,Business Process Definition,Not Covered,EVENT; PROCESS_EVENT
Risk Management & Regulation,Execution & Delivery,Business Rules Directory,External Data - External Loss Data,Not Covered,LOSS_EVENT; OPERATIONAL_LOSS_EVENT
Risk Management & Regulation,Execution & Delivery,Business Rules Directory,"System Log Files (E.g. Firewall, Webserver)",Not Covered,WEB_VISIT; SYSTEM_EVENT
Risk Management & Regulation,Execution & Delivery,Regulatory Threshold Calculation,Single Customer View (Master Record),Party,PARTY; INDIVIDUAL; ORGANIZATION; HOUSEHOLD; PARTY_RELATIONSHIP; PARTY_IDENTIFICATION
Risk Management & Regulation,Execution & Delivery,Regulatory Threshold Calculation,Customer Demographics,Party,INDIVIDUAL; PARTY_DEMOGRAPHIC; PARTY_CLASSIFICATION; PARTY_PREFERENCE
Risk Management & Regulation,Execution & Delivery,Regulatory Threshold Calculation,Customer Segments,Party,PARTY_CLASSIFICATION; PARTY_SEGMENT; PARTY_CLASSIFICATION_VALUE
Risk Management & Regulation,Execution & Delivery,Regulatory Threshold Calculation,Legal Actions,Party,PARTY_LEGAL_ACTION; LEGAL_ACTION; PARTY_LITIGATION
Risk Management & Regulation,Execution & Delivery,Regulatory Threshold Calculation,External Data - Bureau data,Party,PARTY_CREDIT_BUREAU_REPORT; CREDIT_BUREAU_SCORE; PARTY_EXTERNAL_RATING
Risk Management & Regulation,Execution & Delivery,Regulatory Threshold Calculation,External Data - Credit Rating,Party,PARTY_EXTERNAL_RATING; PARTY_LIABILITY_CREDIT_RATING; CREDIT_BUREAU_SCORE
Risk Management & Regulation,Execution & Delivery,Regulatory Threshold Calculation,Master & Reference Data - geography / location,Location,GEOGRAPHICAL_AREA; GEOGRAPHICAL_UNIT; SITE; POSTAL_ADDRESS
Risk Management & Regulation,Execution & Delivery,Regulatory Threshold Calculation,Master & Reference Data - product,Product,Not mapped
Risk Management & Regulation,Execution & Delivery,Regulatory Threshold Calculation,Master & Reference Data - exchange rates,Product,CURRENCY; CURRENCY_EXCHANGE_RATE; CURRENCY_PAIR
Risk Management & Regulation,Execution & Delivery,Regulatory Threshold Calculation,"External Data - market prices (E.g. equities, bonds, commodities)",Product,MARKET_INDEX; MARKET_INDEX_VALUE; INVESTMENT_PRODUCT; INVESTMENT_PRODUCT_PRICE
Risk Management & Regulation,Execution & Delivery,Regulatory Threshold Calculation,Account / Policy / Service Holdings,Agreement,AGREEMENT; PARTY_AGREEMENT_ROLE; AGREEMENT_PARTY_ROLE; AGREEMENT_RELATIONSHIP
Risk Management & Regulation,Execution & Delivery,Regulatory Threshold Calculation,Account / Policy / Service Detail,Agreement,AGREEMENT; LOAN_TERM_AGREEMENT; DEPOSIT_AGREEMENT; INSURANCE_AGREEMENT; CREDIT_CARD_AGREEMENT
Risk Management & Regulation,Execution & Delivery,Regulatory Threshold Calculation,Account Status (open closed active / domant /inactive / closure reason ),Agreement,AGREEMENT; AGREEMENT_STATUS; AGREEMENT_STATUS_HISTORY
Risk Management & Regulation,Execution & Delivery,Regulatory Threshold Calculation,Account Terms & Conditions,Agreement,AGREEMENT; AGREEMENT_CONDITION; AGREEMENT_TERM
Risk Management & Regulation,Execution & Delivery,Regulatory Threshold Calculation,Coverage (insurance),Agreement,INSURANCE_COVERAGE; INSURANCE_AGREEMENT; COVERAGE_TYPE
Risk Management & Regulation,Execution & Delivery,Regulatory Threshold Calculation,Account Balances,Agreement,AGREEMENT_SUMMARY; BALANCE_SUMMARY; AGREEMENT_BALANCE
Risk Management & Regulation,Execution & Delivery,Regulatory Threshold Calculation,Market / Trading Book Positions,Agreement,TRADE_ORDER; TRADE_EXECUTION; TRADING_POSITION
Risk Management & Regulation,Execution & Delivery,Regulatory Threshold Calculation,Mark to market valuations,Agreement,INVESTMENT_PRODUCT_PRICE; MARKET_INDEX_VALUE; AGREEMENT_VALUATION
Risk Management & Regulation,Execution & Delivery,Regulatory Threshold Calculation,Account Maturity Dates & Repricing Schedules,Agreement,AGREEMENT; AGREEMENT_TERM; AGREEMENT_REPRICING_SCHEDULE
Risk Management & Regulation,Execution & Delivery,Regulatory Threshold Calculation,Account Repayment Schedules,Agreement,AGREEMENT_REPAYMENT_SCHEDULE; LOAN_TERM_AGREEMENT
Risk Management & Regulation,Execution & Delivery,Regulatory Threshold Calculation,Collateral Agreements,Agreement,COLLATERAL_AGREEMENT; COLLATERAL; COLLATERAL_VALUATION; PARTY_ASSET
Risk Management & Regulation,Execution & Delivery,Regulatory Threshold Calculation,Risk Exposures,Agreement,AGREEMENT_RISK_METRIC; RISK_EXPOSURE; CREDIT_RISK_SUMMARY
Risk Management & Regulation,Execution & Delivery,Regulatory Threshold Calculation,Account Limits,Cross Subject  -  Limits,AGREEMENT_LIMIT; LIMIT; PARTY_LIMIT
Risk Management & Regulation,Execution & Delivery,Regulatory Threshold Calculation,Predictive Models - risk,Party or Agreement,ANALYTICAL_MODEL; MODEL_RUN; MODEL_SCORE; PARTY_LIABILITY_CREDIT_RATING
Risk Management & Regulation,Execution & Delivery,Regulatory Threshold Calculation,"Risk Segments, Cohorts & Groupings",Party or Agreement,PARTY_CLASSIFICATION; RISK_GRADE_VALUE; RISK_GRADE_SCHEME
Risk Management & Regulation,Execution & Delivery,Regulatory Threshold Calculation,"Provisions, Losses & Writeoffs",Party or Agreement,AGREEMENT_RISK_METRIC; PROVISION; WRITE_OFF; LOSS_EVENT
Risk Management & Regulation,Execution & Delivery,Regulatory Threshold Calculation,Claims,Event,CLAIM; CLAIM_STATUS; CLAIM_PARTY_ROLE; CLAIM_PAYMENT
Risk Management & Regulation,Execution & Delivery,Regulatory Threshold Calculation,Defaults & Limit Breaches,Event,AGREEMENT_STATUS; DEFAULT_EVENT; LIMIT_BREACH_EVENT; AGREEMENT_RISK_METRIC
Risk Management & Regulation,Execution & Delivery,Regulatory Threshold Calculation,Physical Assets,Party Asset,PARTY_ASSET; FIXED_ASSET; REAL_PROPERTY
Risk Management & Regulation,Execution & Delivery,Regulatory Threshold Calculation,Physical Asset Valuations,Party Asset,PARTY_ASSET_VALUATION; COLLATERAL_VALUATION; REAL_PROPERTY_VALUATION
Risk Management & Regulation,Execution & Delivery,Regulatory Threshold Calculation,Master & Reference Data - organisation hierarchy,Internal Organisation,ORGANIZATION; INTERNAL_ORGANIZATION_UNIT; ORGANIZATION_UNIT_RELATIONSHIP; ORGANIZATION_BUSINESS_TYPE
Risk Management & Regulation,Execution & Delivery,Regulatory Threshold Calculation,"Model Metadata (E.g. defintion, assumptions, metrics)",Analytical Model,ANALYTICAL_MODEL; MODEL_RUN; MODEL_PARAMETER
Risk Management & Regulation,Execution & Delivery,Regulatory Threshold Calculation,Risk Scenario & Stress Testing Results,Analytical Model,RISK_CALCULATION_SCENARIO; RISK_SCENARIO_RESULT; STRESS_TEST_RESULT
Risk Management & Regulation,Execution & Delivery,Regulatory Threshold Calculation,Master & Reference Data - Risk Policy Rules,Cross Subject - Document,RISK_GRADE_SCHEME; RISK_GRADE_VALUE; RISK_POLICY; BUSINESS_RULE
Risk Management & Regulation,Execution & Delivery,Risk Based Price Calculation,Single Customer View (Master Record),Party,PARTY; INDIVIDUAL; ORGANIZATION; HOUSEHOLD; PARTY_RELATIONSHIP; PARTY_IDENTIFICATION
Risk Management & Regulation,Execution & Delivery,Risk Based Price Calculation,KYC Data,Party,PARTY_IDENTIFICATION; PARTY_CLASSIFICATION; PARTY_IDENTITY_DOCUMENT; PARTY_COMPLIANCE_VERIFICATION
Risk Management & Regulation,Execution & Delivery,Risk Based Price Calculation,Customer Demographics,Party,INDIVIDUAL; PARTY_DEMOGRAPHIC; PARTY_CLASSIFICATION; PARTY_PREFERENCE
Risk Management & Regulation,Execution & Delivery,Risk Based Price Calculation,Customer Attitudinal Data,Party,PARTY_PREFERENCE; PARTY_CLASSIFICATION; PARTY_SURVEY_RESPONSE
Risk Management & Regulation,Execution & Delivery,Risk Based Price Calculation,Customer Segments,Party,PARTY_CLASSIFICATION; PARTY_SEGMENT; PARTY_CLASSIFICATION_VALUE
Risk Management & Regulation,Execution & Delivery,Risk Based Price Calculation,Customer Contact Preferences,Party,PARTY_PREFERENCE; PARTY_CONTACT_POINT; ELECTRONIC_ADDRESS; POSTAL_ADDRESS
Risk Management & Regulation,Execution & Delivery,Risk Based Price Calculation,Customer Marketing Preferences,Party,PARTY_PREFERENCE; PARTY_MARKETING_PREFERENCE; PARTY_CONSENT
Risk Management & Regulation,Execution & Delivery,Risk Based Price Calculation,Customer Satisfaction Measurement (E.g. NPS),Party,PARTY_SURVEY_RESPONSE; SURVEY; SURVEY_QUESTION_RESPONSE
Risk Management & Regulation,Execution & Delivery,Risk Based Price Calculation,Economic Forecast Data,Party,ECONOMIC_INDEX; ECONOMIC_INDEX_VALUE; MARKET_INDEX
Risk Management & Regulation,Execution & Delivery,Risk Based Price Calculation,Legal Actions,Party,PARTY_LEGAL_ACTION; LEGAL_ACTION; PARTY_LITIGATION
Risk Management & Regulation,Execution & Delivery,Risk Based Price Calculation,External Prospect Data / Lists,Party,PARTY; PROSPECT; PARTY_LIST; PARTY_LIST_MEMBERSHIP
Risk Management & Regulation,Execution & Delivery,Risk Based Price Calculation,External Data - Social Media Data,Party,SOCIAL_MEDIA_ACCOUNT; SOCIAL_MEDIA_TRANSFER; SOCIAL_MEDIA_POST
Risk Management & Regulation,Execution & Delivery,Risk Based Price Calculation,External Data - Bureau data,Party,PARTY_CREDIT_BUREAU_REPORT; CREDIT_BUREAU_SCORE; PARTY_EXTERNAL_RATING
Risk Management & Regulation,Execution & Delivery,Risk Based Price Calculation,External Data - Credit Rating,Party,PARTY_EXTERNAL_RATING; PARTY_LIABILITY_CREDIT_RATING; CREDIT_BUREAU_SCORE
Risk Management & Regulation,Execution & Delivery,Risk Based Price Calculation,"External Economic Data (E.g. Property Prices, Salary)",Party,ECONOMIC_INDEX; ECONOMIC_INDEX_VALUE; MARKET_INDEX; MARKET_INDEX_VALUE
Risk Management & Regulation,Execution & Delivery,Risk Based Price Calculation,"Sales and Performance Forecasts, Targets & KPIs",Party,PERFORMANCE_METRIC; PERFORMANCE_TARGET; ORGANIZATION_PERFORMANCE
Risk Management & Regulation,Execution & Delivery,Risk Based Price Calculation,Master & Reference Data - geography / location,Location,GEOGRAPHICAL_AREA; GEOGRAPHICAL_UNIT; SITE; POSTAL_ADDRESS
Risk Management & Regulation,Execution & Delivery,Risk Based Price Calculation,Master & Reference Data - product,Product,Not mapped
Risk Management & Regulation,Execution & Delivery,Risk Based Price Calculation,Master & Reference Data - FTP rates,Product,INTEREST_RATE; INTEREST_RATE_INDEX; PRODUCT_INTEREST_RATE
Risk Management & Regulation,Execution & Delivery,Risk Based Price Calculation,Master & Reference Data - exchange rates,Product,CURRENCY; CURRENCY_EXCHANGE_RATE; CURRENCY_PAIR
Risk Management & Regulation,Execution & Delivery,Risk Based Price Calculation,"Product Revenue, Cost & Margin",Product,PRODUCT; PRODUCT_PRICING; PRODUCT_COST; AGREEMENT_SUMMARY
Risk Management & Regulation,Execution & Delivery,Risk Based Price Calculation,Product NPV's,Product,PRODUCT; PRODUCT_VALUATION; AGREEMENT_SUMMARY
Risk Management & Regulation,Execution & Delivery,Risk Based Price Calculation,External Data - market interest rates,Product,INTEREST_RATE_INDEX; INTEREST_RATE; MARKET_INDEX; MARKET_INDEX_VALUE
Risk Management & Regulation,Execution & Delivery,Risk Based Price Calculation,"External Data - market prices (E.g. equities, bonds, commodities)",Product,MARKET_INDEX; MARKET_INDEX_VALUE; INVESTMENT_PRODUCT; INVESTMENT_PRODUCT_PRICE
Risk Management & Regulation,Execution & Delivery,Risk Based Price Calculation,External Data - Competitor Product & Pricing,Party & Product,PRODUCT; MARKET_INDEX
Risk Management & Regulation,Execution & Delivery,Risk Based Price Calculation,Account / Policy / Service Holdings,Agreement,AGREEMENT; PARTY_AGREEMENT_ROLE; AGREEMENT_PARTY_ROLE; AGREEMENT_RELATIONSHIP
Risk Management & Regulation,Execution & Delivery,Risk Based Price Calculation,Account / Policy / Service Detail,Agreement,AGREEMENT; LOAN_TERM_AGREEMENT; DEPOSIT_AGREEMENT; INSURANCE_AGREEMENT; CREDIT_CARD_AGREEMENT
Risk Management & Regulation,Execution & Delivery,Risk Based Price Calculation,Account Status (open closed active / domant /inactive / closure reason ),Agreement,AGREEMENT; AGREEMENT_STATUS; AGREEMENT_STATUS_HISTORY
Risk Management & Regulation,Execution & Delivery,Risk Based Price Calculation,Account Terms & Conditions,Agreement,AGREEMENT; AGREEMENT_CONDITION; AGREEMENT_TERM
Risk Management & Regulation,Execution & Delivery,Risk Based Price Calculation,Account Feature Usage,Agreement,AGREEMENT_FEATURE; FEATURE; DESCRIPTIVE_FEATURE
Risk Management & Regulation,Execution & Delivery,Risk Based Price Calculation,"Application Data (New Customer, New Product)",Agreement,APPLICATION; APPLICATION_STATUS; APPLICATION_PARTY_ROLE
Risk Management & Regulation,Execution & Delivery,Risk Based Price Calculation,Coverage (insurance),Agreement,INSURANCE_COVERAGE; INSURANCE_AGREEMENT; COVERAGE_TYPE
Risk Management & Regulation,Execution & Delivery,Risk Based Price Calculation,Account Balances,Agreement,AGREEMENT_SUMMARY; BALANCE_SUMMARY; AGREEMENT_BALANCE
Risk Management & Regulation,Execution & Delivery,Risk Based Price Calculation,Market / Trading Book Positions,Agreement,TRADE_ORDER; TRADE_EXECUTION; TRADING_POSITION
Risk Management & Regulation,Execution & Delivery,Risk Based Price Calculation,Mark to market valuations,Agreement,INVESTMENT_PRODUCT_PRICE; MARKET_INDEX_VALUE; AGREEMENT_VALUATION
Risk Management & Regulation,Execution & Delivery,Risk Based Price Calculation,Cashflow Projections,Agreement,AGREEMENT_CASHFLOW; CASHFLOW_SCHEDULE; AGREEMENT_SUMMARY
Risk Management & Regulation,Execution & Delivery,Risk Based Price Calculation,Account Maturity Dates & Repricing Schedules,Agreement,AGREEMENT; AGREEMENT_TERM; AGREEMENT_REPRICING_SCHEDULE
Risk Management & Regulation,Execution & Delivery,Risk Based Price Calculation,Account Repayment Schedules,Agreement,AGREEMENT_REPAYMENT_SCHEDULE; LOAN_TERM_AGREEMENT
Risk Management & Regulation,Execution & Delivery,Risk Based Price Calculation,Amortisation Schedules,Agreement,AGREEMENT_AMORTIZATION_SCHEDULE; LOAN_TERM_AGREEMENT
Risk Management & Regulation,Execution & Delivery,Risk Based Price Calculation,Customer Illustrations,Agreement,DOCUMENT; PARTY_DOCUMENT
Risk Management & Regulation,Execution & Delivery,Risk Based Price Calculation,Customer Quotes,Agreement,APPLICATION; QUOTE; DOCUMENT
Risk Management & Regulation,Execution & Delivery,Risk Based Price Calculation,Collateral Agreements,Agreement,COLLATERAL_AGREEMENT; COLLATERAL; COLLATERAL_VALUATION; PARTY_ASSET
Risk Management & Regulation,Execution & Delivery,Risk Based Price Calculation,Risk Exposures,Agreement,AGREEMENT_RISK_METRIC; RISK_EXPOSURE; CREDIT_RISK_SUMMARY
Risk Management & Regulation,Execution & Delivery,Risk Based Price Calculation,Risk Weighted Assets & Capital Results,Agreement,AGREEMENT_RISK_METRIC; BANK_CAPITAL_SUMMARY; CAPITAL_REQUIREMENTS_SUMMARY
Risk Management & Regulation,Execution & Delivery,Risk Based Price Calculation,Profitability Results,Agreement,AGREEMENT_SUMMARY; AGREEMENT_PROFITABILITY; PRODUCT_PROFITABILITY
Risk Management & Regulation,Execution & Delivery,Risk Based Price Calculation,Account Limits,Cross Subject  -  Limits,AGREEMENT_LIMIT; LIMIT; PARTY_LIMIT
Risk Management & Regulation,Execution & Delivery,Risk Based Price Calculation,Predictive Models - propensity to buy,Party or Agreement,ANALYTICAL_MODEL; MODEL_RUN; MODEL_SCORE; PARTY_MODEL_SCORE
Risk Management & Regulation,Execution & Delivery,Risk Based Price Calculation,Predictive Models - attrition,Party or Agreement,ANALYTICAL_MODEL; MODEL_RUN; MODEL_SCORE; PARTY_MODEL_SCORE
Risk Management & Regulation,Execution & Delivery,Risk Based Price Calculation,Attribution Models - response,Party or Agreement,ANALYTICAL_MODEL; MODEL_RUN; CAMPAIGN_RESPONSE
Risk Management & Regulation,Execution & Delivery,Risk Based Price Calculation,Lead Foodchain data,Party or Agreement,OPPORTUNITY; OPPORTUNITY_STATUS; OPPORTUNITY_PARTY_ROLE
Risk Management & Regulation,Execution & Delivery,Risk Based Price Calculation,Predictive Models - risk,Party or Agreement,ANALYTICAL_MODEL; MODEL_RUN; MODEL_SCORE; PARTY_LIABILITY_CREDIT_RATING
Risk Management & Regulation,Execution & Delivery,Risk Based Price Calculation,"Risk Segments, Cohorts & Groupings",Party or Agreement,PARTY_CLASSIFICATION; RISK_GRADE_VALUE; RISK_GRADE_SCHEME
Risk Management & Regulation,Execution & Delivery,Risk Based Price Calculation,"Provisions, Losses & Writeoffs",Party or Agreement,AGREEMENT_RISK_METRIC; PROVISION; WRITE_OFF; LOSS_EVENT
Risk Management & Regulation,Execution & Delivery,Risk Based Price Calculation,Financial Transactions,Event,MONETARY_TRANSACTION; TRANSACTION_TYPE; FINANCIAL_TRANSACTION; PAYMENT
Risk Management & Regulation,Execution & Delivery,Risk Based Price Calculation,"Account Fees, Commissions & Charges",Event,MONETARY_TRANSACTION; FEE_TRANSACTION; COMMISSION_TRANSACTION; AGREEMENT_FEE
Risk Management & Regulation,Execution & Delivery,Risk Based Price Calculation,Service Usage,Event,CHANNEL_USAGE_METRIC; SERVICE_USAGE_EVENT; CHANNEL_INSTANCE
Risk Management & Regulation,Execution & Delivery,Risk Based Price Calculation,Complaint Data,Event,COMPLAINT; COMPLAINT_STATUS; COMPLAINT_RESOLUTION
Risk Management & Regulation,Execution & Delivery,Risk Based Price Calculation,Offline Customer Interactions - Branch,Event,DIRECT_CONTACT_EVENT; BRANCH_VISIT_EVENT; CHANNEL_INSTANCE
Risk Management & Regulation,Execution & Delivery,Risk Based Price Calculation,Offline Customer Interactions - Call Centre,Event,DIRECT_CONTACT_EVENT; CALL_EVENT; CHANNEL_INSTANCE
Risk Management & Regulation,Execution & Delivery,Risk Based Price Calculation,Offline Customer Interactions - letters,Event,DIRECT_CONTACT_EVENT; CORRESPONDENCE_EVENT; DOCUMENT
Risk Management & Regulation,Execution & Delivery,Risk Based Price Calculation,Offline Customer Interactions - sms text,Event,DIRECT_CONTACT_EVENT; SMS_EVENT; ELECTRONIC_ADDRESS
Risk Management & Regulation,Execution & Delivery,Risk Based Price Calculation,Online Interactions -  webchat (internal & external),Event,WEB_VISIT; WEB_PAGE_VIEW; ONLINE_INTERACTION_EVENT
Risk Management & Regulation,Execution & Delivery,Risk Based Price Calculation,Online Interactions customer digital banking site (web log),Event,WEB_VISIT; WEB_PAGE_VIEW; EXTENDED_SESSION_INFORMATION; ONLINE_APPLICATION_ACCESS
Risk Management & Regulation,Execution & Delivery,Risk Based Price Calculation,Online Interactions customer general banking site,Event,WEB_VISIT; WEB_PAGE_VIEW; ONLINE_INTERACTION_EVENT
Risk Management & Regulation,Execution & Delivery,Risk Based Price Calculation,Online Interactions email - customer & employee,Event,DIRECT_CONTACT_EVENT; EMAIL_EVENT; ELECTRONIC_ADDRESS
Risk Management & Regulation,Execution & Delivery,Risk Based Price Calculation,Online Interactions mobile app,Event,WEB_VISIT; WEB_PAGE_VIEW; MOBILE_APP_EVENT; CHANNEL_INSTANCE
Risk Management & Regulation,Execution & Delivery,Risk Based Price Calculation,"Case History (Fraud, Money Laundering, Complaint)",Event,CASE; CASE_EVENT; CASE_PARTY_ROLE; FRAUD_CASE
Risk Management & Regulation,Execution & Delivery,Risk Based Price Calculation,Claims,Event,CLAIM; CLAIM_STATUS; CLAIM_PARTY_ROLE; CLAIM_PAYMENT
Risk Management & Regulation,Execution & Delivery,Risk Based Price Calculation,Defaults & Limit Breaches,Event,AGREEMENT_STATUS; DEFAULT_EVENT; LIMIT_BREACH_EVENT; AGREEMENT_RISK_METRIC
Risk Management & Regulation,Execution & Delivery,Risk Based Price Calculation,Closed Loop Outcomes / Channel Responses,Event,CAMPAIGN_RESPONSE; CAMPAIGN_OFFER_RESPONSE; DIRECT_CONTACT_EVENT
Risk Management & Regulation,Execution & Delivery,Risk Based Price Calculation,External Data - Corporate Actions,Event,CORPORATE_ACTION; INVESTMENT_PRODUCT
Risk Management & Regulation,Execution & Delivery,Risk Based Price Calculation,Customer interview / fact find,Event or Cross Subject - Document,DOCUMENT; SURVEY; SURVEY_QUESTION_RESPONSE; PARTY_DOCUMENT
Risk Management & Regulation,Execution & Delivery,Risk Based Price Calculation,Physical Assets,Party Asset,PARTY_ASSET; FIXED_ASSET; REAL_PROPERTY
Risk Management & Regulation,Execution & Delivery,Risk Based Price Calculation,Physical Asset Valuations,Party Asset,PARTY_ASSET_VALUATION; COLLATERAL_VALUATION; REAL_PROPERTY_VALUATION
Risk Management & Regulation,Execution & Delivery,Risk Based Price Calculation,Master & Reference Data - organisation hierarchy,Internal Organisation,ORGANIZATION; INTERNAL_ORGANIZATION_UNIT; ORGANIZATION_UNIT_RELATIONSHIP; ORGANIZATION_BUSINESS_TYPE
Risk Management & Regulation,Execution & Delivery,Risk Based Price Calculation,Master & Reference Data - Campaign,Campaign,CAMPAIGN; CAMPAIGN_TYPE; CAMPAIGN_STATUS; CAMPAIGN_WAVE
Risk Management & Regulation,Execution & Delivery,Risk Based Price Calculation,Master & Reference Data - Channel,Channel,CHANNEL_TYPE; CHANNEL_INSTANCE; CHANNEL_CLASSIFICATION
Risk Management & Regulation,Execution & Delivery,Risk Based Price Calculation,"Model Metadata (E.g. defintion, assumptions, metrics)",Analytical Model,ANALYTICAL_MODEL; MODEL_RUN; MODEL_PARAMETER
Risk Management & Regulation,Execution & Delivery,Risk Based Price Calculation,Risk Scenario & Stress Testing Results,Analytical Model,RISK_CALCULATION_SCENARIO; RISK_SCENARIO_RESULT; STRESS_TEST_RESULT
Risk Management & Regulation,Execution & Delivery,Risk Based Price Calculation,"Documents - Structured Data Capture (Survey, Application Forms)",Cross Subject - Document,DOCUMENT; DOCUMENT_TYPE; SURVEY; APPLICATION
Risk Management & Regulation,Execution & Delivery,Risk Based Price Calculation,Text Data,Cross Subject - Document,DOCUMENT; TEXT_CONTENT; DIGITAL_CONTENT
Risk Management & Regulation,Execution & Delivery,Risk Based Price Calculation,External Data - News / Industry Feeds E.g. Reuters,Cross Subject - Document,DOCUMENT; NEWS_FEED; MARKET_INDEX
Risk Management & Regulation,Execution & Delivery,Risk Based Price Calculation,Master & Reference Data - Risk Policy Rules,Cross Subject - Document,RISK_GRADE_SCHEME; RISK_GRADE_VALUE; RISK_POLICY; BUSINESS_RULE
Risk Management & Regulation,Execution & Delivery,Active Portfolio Management,Single Customer View (Master Record),Party,PARTY; INDIVIDUAL; ORGANIZATION; HOUSEHOLD; PARTY_RELATIONSHIP; PARTY_IDENTIFICATION
Risk Management & Regulation,Execution & Delivery,Active Portfolio Management,KYC Data,Party,PARTY_IDENTIFICATION; PARTY_CLASSIFICATION; PARTY_IDENTITY_DOCUMENT; PARTY_COMPLIANCE_VERIFICATION
Risk Management & Regulation,Execution & Delivery,Active Portfolio Management,Customer Demographics,Party,INDIVIDUAL; PARTY_DEMOGRAPHIC; PARTY_CLASSIFICATION; PARTY_PREFERENCE
Risk Management & Regulation,Execution & Delivery,Active Portfolio Management,Customer Attitudinal Data,Party,PARTY_PREFERENCE; PARTY_CLASSIFICATION; PARTY_SURVEY_RESPONSE
Risk Management & Regulation,Execution & Delivery,Active Portfolio Management,Customer Segments,Party,PARTY_CLASSIFICATION; PARTY_SEGMENT; PARTY_CLASSIFICATION_VALUE
Risk Management & Regulation,Execution & Delivery,Active Portfolio Management,Customer Contact Preferences,Party,PARTY_PREFERENCE; PARTY_CONTACT_POINT; ELECTRONIC_ADDRESS; POSTAL_ADDRESS
Risk Management & Regulation,Execution & Delivery,Active Portfolio Management,Customer Marketing Preferences,Party,PARTY_PREFERENCE; PARTY_MARKETING_PREFERENCE; PARTY_CONSENT
Risk Management & Regulation,Execution & Delivery,Active Portfolio Management,Customer Satisfaction Measurement (E.g. NPS),Party,PARTY_SURVEY_RESPONSE; SURVEY; SURVEY_QUESTION_RESPONSE
Risk Management & Regulation,Execution & Delivery,Active Portfolio Management,Economic Forecast Data,Party,ECONOMIC_INDEX; ECONOMIC_INDEX_VALUE; MARKET_INDEX
Risk Management & Regulation,Execution & Delivery,Active Portfolio Management,Legal Actions,Party,PARTY_LEGAL_ACTION; LEGAL_ACTION; PARTY_LITIGATION
Risk Management & Regulation,Execution & Delivery,Active Portfolio Management,External Prospect Data / Lists,Party,PARTY; PROSPECT; PARTY_LIST; PARTY_LIST_MEMBERSHIP
Risk Management & Regulation,Execution & Delivery,Active Portfolio Management,External Data - Social Media Data,Party,SOCIAL_MEDIA_ACCOUNT; SOCIAL_MEDIA_TRANSFER; SOCIAL_MEDIA_POST
Risk Management & Regulation,Execution & Delivery,Active Portfolio Management,External Data - Bureau data,Party,PARTY_CREDIT_BUREAU_REPORT; CREDIT_BUREAU_SCORE; PARTY_EXTERNAL_RATING
Risk Management & Regulation,Execution & Delivery,Active Portfolio Management,External Data - Credit Rating,Party,PARTY_EXTERNAL_RATING; PARTY_LIABILITY_CREDIT_RATING; CREDIT_BUREAU_SCORE
Risk Management & Regulation,Execution & Delivery,Active Portfolio Management,"External Economic Data (E.g. Property Prices, Salary)",Party,ECONOMIC_INDEX; ECONOMIC_INDEX_VALUE; MARKET_INDEX; MARKET_INDEX_VALUE
Risk Management & Regulation,Execution & Delivery,Active Portfolio Management,"Sales and Performance Forecasts, Targets & KPIs",Party,PERFORMANCE_METRIC; PERFORMANCE_TARGET; ORGANIZATION_PERFORMANCE
Risk Management & Regulation,Execution & Delivery,Active Portfolio Management,Master & Reference Data - geography / location,Location,GEOGRAPHICAL_AREA; GEOGRAPHICAL_UNIT; SITE; POSTAL_ADDRESS
Risk Management & Regulation,Execution & Delivery,Active Portfolio Management,Master & Reference Data - product,Product,Not mapped
Risk Management & Regulation,Execution & Delivery,Active Portfolio Management,Master & Reference Data - FTP rates,Product,INTEREST_RATE; INTEREST_RATE_INDEX; PRODUCT_INTEREST_RATE
Risk Management & Regulation,Execution & Delivery,Active Portfolio Management,Master & Reference Data - exchange rates,Product,CURRENCY; CURRENCY_EXCHANGE_RATE; CURRENCY_PAIR
Risk Management & Regulation,Execution & Delivery,Active Portfolio Management,"Product Revenue, Cost & Margin",Product,PRODUCT; PRODUCT_PRICING; PRODUCT_COST; AGREEMENT_SUMMARY
Risk Management & Regulation,Execution & Delivery,Active Portfolio Management,Product NPV's,Product,PRODUCT; PRODUCT_VALUATION; AGREEMENT_SUMMARY
Risk Management & Regulation,Execution & Delivery,Active Portfolio Management,External Data - market interest rates,Product,INTEREST_RATE_INDEX; INTEREST_RATE; MARKET_INDEX; MARKET_INDEX_VALUE
Risk Management & Regulation,Execution & Delivery,Active Portfolio Management,"External Data - market prices (E.g. equities, bonds, commodities)",Product,MARKET_INDEX; MARKET_INDEX_VALUE; INVESTMENT_PRODUCT; INVESTMENT_PRODUCT_PRICE
Risk Management & Regulation,Execution & Delivery,Active Portfolio Management,External Data - Competitor Product & Pricing,Party & Product,PRODUCT; MARKET_INDEX
Risk Management & Regulation,Execution & Delivery,Active Portfolio Management,Account / Policy / Service Holdings,Agreement,AGREEMENT; PARTY_AGREEMENT_ROLE; AGREEMENT_PARTY_ROLE; AGREEMENT_RELATIONSHIP
Risk Management & Regulation,Execution & Delivery,Active Portfolio Management,Account / Policy / Service Detail,Agreement,AGREEMENT; LOAN_TERM_AGREEMENT; DEPOSIT_AGREEMENT; INSURANCE_AGREEMENT; CREDIT_CARD_AGREEMENT
Risk Management & Regulation,Execution & Delivery,Active Portfolio Management,Account Status (open closed active / domant /inactive / closure reason ),Agreement,AGREEMENT; AGREEMENT_STATUS; AGREEMENT_STATUS_HISTORY
Risk Management & Regulation,Execution & Delivery,Active Portfolio Management,Account Terms & Conditions,Agreement,AGREEMENT; AGREEMENT_CONDITION; AGREEMENT_TERM
Risk Management & Regulation,Execution & Delivery,Active Portfolio Management,Account Feature Usage,Agreement,AGREEMENT_FEATURE; FEATURE; DESCRIPTIVE_FEATURE
Risk Management & Regulation,Execution & Delivery,Active Portfolio Management,"Application Data (New Customer, New Product)",Agreement,APPLICATION; APPLICATION_STATUS; APPLICATION_PARTY_ROLE
Risk Management & Regulation,Execution & Delivery,Active Portfolio Management,Coverage (insurance),Agreement,INSURANCE_COVERAGE; INSURANCE_AGREEMENT; COVERAGE_TYPE
Risk Management & Regulation,Execution & Delivery,Active Portfolio Management,Account Balances,Agreement,AGREEMENT_SUMMARY; BALANCE_SUMMARY; AGREEMENT_BALANCE
Risk Management & Regulation,Execution & Delivery,Active Portfolio Management,Market / Trading Book Positions,Agreement,TRADE_ORDER; TRADE_EXECUTION; TRADING_POSITION
Risk Management & Regulation,Execution & Delivery,Active Portfolio Management,Mark to market valuations,Agreement,INVESTMENT_PRODUCT_PRICE; MARKET_INDEX_VALUE; AGREEMENT_VALUATION
Risk Management & Regulation,Execution & Delivery,Active Portfolio Management,Cashflow Projections,Agreement,AGREEMENT_CASHFLOW; CASHFLOW_SCHEDULE; AGREEMENT_SUMMARY
Risk Management & Regulation,Execution & Delivery,Active Portfolio Management,Account Maturity Dates & Repricing Schedules,Agreement,AGREEMENT; AGREEMENT_TERM; AGREEMENT_REPRICING_SCHEDULE
Risk Management & Regulation,Execution & Delivery,Active Portfolio Management,Account Repayment Schedules,Agreement,AGREEMENT_REPAYMENT_SCHEDULE; LOAN_TERM_AGREEMENT
Risk Management & Regulation,Execution & Delivery,Active Portfolio Management,Amortisation Schedules,Agreement,AGREEMENT_AMORTIZATION_SCHEDULE; LOAN_TERM_AGREEMENT
Risk Management & Regulation,Execution & Delivery,Active Portfolio Management,Customer Illustrations,Agreement,DOCUMENT; PARTY_DOCUMENT
Risk Management & Regulation,Execution & Delivery,Active Portfolio Management,Customer Quotes,Agreement,APPLICATION; QUOTE; DOCUMENT
Risk Management & Regulation,Execution & Delivery,Active Portfolio Management,Collateral Agreements,Agreement,COLLATERAL_AGREEMENT; COLLATERAL; COLLATERAL_VALUATION; PARTY_ASSET
Risk Management & Regulation,Execution & Delivery,Active Portfolio Management,Risk Exposures,Agreement,AGREEMENT_RISK_METRIC; RISK_EXPOSURE; CREDIT_RISK_SUMMARY
Risk Management & Regulation,Execution & Delivery,Active Portfolio Management,Risk Weighted Assets & Capital Results,Agreement,AGREEMENT_RISK_METRIC; BANK_CAPITAL_SUMMARY; CAPITAL_REQUIREMENTS_SUMMARY
Risk Management & Regulation,Execution & Delivery,Active Portfolio Management,Profitability Results,Agreement,AGREEMENT_SUMMARY; AGREEMENT_PROFITABILITY; PRODUCT_PROFITABILITY
Risk Management & Regulation,Execution & Delivery,Active Portfolio Management,Account Limits,Cross Subject  -  Limits,AGREEMENT_LIMIT; LIMIT; PARTY_LIMIT
Risk Management & Regulation,Execution & Delivery,Active Portfolio Management,Predictive Models - propensity to buy,Party or Agreement,ANALYTICAL_MODEL; MODEL_RUN; MODEL_SCORE; PARTY_MODEL_SCORE
Risk Management & Regulation,Execution & Delivery,Active Portfolio Management,Predictive Models - attrition,Party or Agreement,ANALYTICAL_MODEL; MODEL_RUN; MODEL_SCORE; PARTY_MODEL_SCORE
Risk Management & Regulation,Execution & Delivery,Active Portfolio Management,Predictive Models - price elasticity,Party or Agreement,ANALYTICAL_MODEL; MODEL_RUN; MODEL_SCORE
Risk Management & Regulation,Execution & Delivery,Active Portfolio Management,Attribution Models - response,Party or Agreement,ANALYTICAL_MODEL; MODEL_RUN; CAMPAIGN_RESPONSE
Risk Management & Regulation,Execution & Delivery,Active Portfolio Management,Lead Foodchain data,Party or Agreement,OPPORTUNITY; OPPORTUNITY_STATUS; OPPORTUNITY_PARTY_ROLE
Risk Management & Regulation,Execution & Delivery,Active Portfolio Management,Predictive Models - risk,Party or Agreement,ANALYTICAL_MODEL; MODEL_RUN; MODEL_SCORE; PARTY_LIABILITY_CREDIT_RATING
Risk Management & Regulation,Execution & Delivery,Active Portfolio Management,"Risk Segments, Cohorts & Groupings",Party or Agreement,PARTY_CLASSIFICATION; RISK_GRADE_VALUE; RISK_GRADE_SCHEME
Risk Management & Regulation,Execution & Delivery,Active Portfolio Management,"Provisions, Losses & Writeoffs",Party or Agreement,AGREEMENT_RISK_METRIC; PROVISION; WRITE_OFF; LOSS_EVENT
Risk Management & Regulation,Execution & Delivery,Active Portfolio Management,Financial Transactions,Event,MONETARY_TRANSACTION; TRANSACTION_TYPE; FINANCIAL_TRANSACTION; PAYMENT
Risk Management & Regulation,Execution & Delivery,Active Portfolio Management,"Account Fees, Commissions & Charges",Event,MONETARY_TRANSACTION; FEE_TRANSACTION; COMMISSION_TRANSACTION; AGREEMENT_FEE
Risk Management & Regulation,Execution & Delivery,Active Portfolio Management,Service Usage,Event,CHANNEL_USAGE_METRIC; SERVICE_USAGE_EVENT; CHANNEL_INSTANCE
Risk Management & Regulation,Execution & Delivery,Active Portfolio Management,Complaint Data,Event,COMPLAINT; COMPLAINT_STATUS; COMPLAINT_RESOLUTION
Risk Management & Regulation,Execution & Delivery,Active Portfolio Management,Offline Customer Interactions - Branch,Event,DIRECT_CONTACT_EVENT; BRANCH_VISIT_EVENT; CHANNEL_INSTANCE
Risk Management & Regulation,Execution & Delivery,Active Portfolio Management,Offline Customer Interactions - Call Centre,Event,DIRECT_CONTACT_EVENT; CALL_EVENT; CHANNEL_INSTANCE
Risk Management & Regulation,Execution & Delivery,Active Portfolio Management,Offline Customer Interactions - letters,Event,DIRECT_CONTACT_EVENT; CORRESPONDENCE_EVENT; DOCUMENT
Risk Management & Regulation,Execution & Delivery,Active Portfolio Management,Offline Customer Interactions - sms text,Event,DIRECT_CONTACT_EVENT; SMS_EVENT; ELECTRONIC_ADDRESS
Risk Management & Regulation,Execution & Delivery,Active Portfolio Management,Online Interactions -  webchat (internal & external),Event,WEB_VISIT; WEB_PAGE_VIEW; ONLINE_INTERACTION_EVENT
Risk Management & Regulation,Execution & Delivery,Active Portfolio Management,Online Interactions customer digital banking site (web log),Event,WEB_VISIT; WEB_PAGE_VIEW; EXTENDED_SESSION_INFORMATION; ONLINE_APPLICATION_ACCESS
Risk Management & Regulation,Execution & Delivery,Active Portfolio Management,Online Interactions customer general banking site,Event,WEB_VISIT; WEB_PAGE_VIEW; ONLINE_INTERACTION_EVENT
Risk Management & Regulation,Execution & Delivery,Active Portfolio Management,Online Interactions email - customer & employee,Event,DIRECT_CONTACT_EVENT; EMAIL_EVENT; ELECTRONIC_ADDRESS
Risk Management & Regulation,Execution & Delivery,Active Portfolio Management,Online Interactions mobile app,Event,WEB_VISIT; WEB_PAGE_VIEW; MOBILE_APP_EVENT; CHANNEL_INSTANCE
Risk Management & Regulation,Execution & Delivery,Active Portfolio Management,"Case History (Fraud, Money Laundering, Complaint)",Event,CASE; CASE_EVENT; CASE_PARTY_ROLE; FRAUD_CASE
Risk Management & Regulation,Execution & Delivery,Active Portfolio Management,Claims,Event,CLAIM; CLAIM_STATUS; CLAIM_PARTY_ROLE; CLAIM_PAYMENT
Risk Management & Regulation,Execution & Delivery,Active Portfolio Management,Defaults & Limit Breaches,Event,AGREEMENT_STATUS; DEFAULT_EVENT; LIMIT_BREACH_EVENT; AGREEMENT_RISK_METRIC
Risk Management & Regulation,Execution & Delivery,Active Portfolio Management,Closed Loop Outcomes / Channel Responses,Event,CAMPAIGN_RESPONSE; CAMPAIGN_OFFER_RESPONSE; DIRECT_CONTACT_EVENT
Risk Management & Regulation,Execution & Delivery,Active Portfolio Management,External Data - Corporate Actions,Event,CORPORATE_ACTION; INVESTMENT_PRODUCT
Risk Management & Regulation,Execution & Delivery,Active Portfolio Management,Customer interview / fact find,Event or Cross Subject - Document,DOCUMENT; SURVEY; SURVEY_QUESTION_RESPONSE; PARTY_DOCUMENT
Risk Management & Regulation,Execution & Delivery,Active Portfolio Management,Physical Assets,Party Asset,PARTY_ASSET; FIXED_ASSET; REAL_PROPERTY
Risk Management & Regulation,Execution & Delivery,Active Portfolio Management,Physical Asset Valuations,Party Asset,PARTY_ASSET_VALUATION; COLLATERAL_VALUATION; REAL_PROPERTY_VALUATION
Risk Management & Regulation,Execution & Delivery,Active Portfolio Management,Master & Reference Data - organisation hierarchy,Internal Organisation,ORGANIZATION; INTERNAL_ORGANIZATION_UNIT; ORGANIZATION_UNIT_RELATIONSHIP; ORGANIZATION_BUSINESS_TYPE
Risk Management & Regulation,Execution & Delivery,Active Portfolio Management,Master & Reference Data - Campaign,Campaign,CAMPAIGN; CAMPAIGN_TYPE; CAMPAIGN_STATUS; CAMPAIGN_WAVE
Risk Management & Regulation,Execution & Delivery,Active Portfolio Management,Master & Reference Data - Channel,Channel,CHANNEL_TYPE; CHANNEL_INSTANCE; CHANNEL_CLASSIFICATION
Risk Management & Regulation,Execution & Delivery,Active Portfolio Management,"Model Metadata (E.g. defintion, assumptions, metrics)",Analytical Model,ANALYTICAL_MODEL; MODEL_RUN; MODEL_PARAMETER
Risk Management & Regulation,Execution & Delivery,Active Portfolio Management,"Documents - Structured Data Capture (Survey, Application Forms)",Cross Subject - Document,DOCUMENT; DOCUMENT_TYPE; SURVEY; APPLICATION
Risk Management & Regulation,Execution & Delivery,Active Portfolio Management,Text Data,Cross Subject - Document,DOCUMENT; TEXT_CONTENT; DIGITAL_CONTENT
Risk Management & Regulation,Execution & Delivery,Active Portfolio Management,External Data - News / Industry Feeds E.g. Reuters,Cross Subject - Document,DOCUMENT; NEWS_FEED; MARKET_INDEX
Risk Management & Regulation,Execution & Delivery,Active Portfolio Management,Master & Reference Data - Risk Policy Rules,Cross Subject - Document,RISK_GRADE_SCHEME; RISK_GRADE_VALUE; RISK_POLICY; BUSINESS_RULE
Risk Management & Regulation,Execution & Delivery,Dynamic Datastore,Single Customer View (Master Record),Party,PARTY; INDIVIDUAL; ORGANIZATION; HOUSEHOLD; PARTY_RELATIONSHIP; PARTY_IDENTIFICATION
Risk Management & Regulation,Execution & Delivery,Dynamic Datastore,KYC Data,Party,PARTY_IDENTIFICATION; PARTY_CLASSIFICATION; PARTY_IDENTITY_DOCUMENT; PARTY_COMPLIANCE_VERIFICATION
Risk Management & Regulation,Execution & Delivery,Dynamic Datastore,Customer Demographics,Party,INDIVIDUAL; PARTY_DEMOGRAPHIC; PARTY_CLASSIFICATION; PARTY_PREFERENCE
Risk Management & Regulation,Execution & Delivery,Dynamic Datastore,Customer Attitudinal Data,Party,PARTY_PREFERENCE; PARTY_CLASSIFICATION; PARTY_SURVEY_RESPONSE
Risk Management & Regulation,Execution & Delivery,Dynamic Datastore,Customer Segments,Party,PARTY_CLASSIFICATION; PARTY_SEGMENT; PARTY_CLASSIFICATION_VALUE
Risk Management & Regulation,Execution & Delivery,Dynamic Datastore,Customer Contact Preferences,Party,PARTY_PREFERENCE; PARTY_CONTACT_POINT; ELECTRONIC_ADDRESS; POSTAL_ADDRESS
Risk Management & Regulation,Execution & Delivery,Dynamic Datastore,Customer Marketing Preferences,Party,PARTY_PREFERENCE; PARTY_MARKETING_PREFERENCE; PARTY_CONSENT
Risk Management & Regulation,Execution & Delivery,Dynamic Datastore,Customer Satisfaction Measurement (E.g. NPS),Party,PARTY_SURVEY_RESPONSE; SURVEY; SURVEY_QUESTION_RESPONSE
Risk Management & Regulation,Execution & Delivery,Dynamic Datastore,Economic Forecast Data,Party,ECONOMIC_INDEX; ECONOMIC_INDEX_VALUE; MARKET_INDEX
Risk Management & Regulation,Execution & Delivery,Dynamic Datastore,Legal Actions,Party,PARTY_LEGAL_ACTION; LEGAL_ACTION; PARTY_LITIGATION
Risk Management & Regulation,Execution & Delivery,Dynamic Datastore,External Prospect Data / Lists,Party,PARTY; PROSPECT; PARTY_LIST; PARTY_LIST_MEMBERSHIP
Risk Management & Regulation,Execution & Delivery,Dynamic Datastore,External Data - Social Media Data,Party,SOCIAL_MEDIA_ACCOUNT; SOCIAL_MEDIA_TRANSFER; SOCIAL_MEDIA_POST
Risk Management & Regulation,Execution & Delivery,Dynamic Datastore,External Data - Bureau data,Party,PARTY_CREDIT_BUREAU_REPORT; CREDIT_BUREAU_SCORE; PARTY_EXTERNAL_RATING
Risk Management & Regulation,Execution & Delivery,Dynamic Datastore,External Data - Credit Rating,Party,PARTY_EXTERNAL_RATING; PARTY_LIABILITY_CREDIT_RATING; CREDIT_BUREAU_SCORE
Risk Management & Regulation,Execution & Delivery,Dynamic Datastore,"External Economic Data (E.g. Property Prices, Salary)",Party,ECONOMIC_INDEX; ECONOMIC_INDEX_VALUE; MARKET_INDEX; MARKET_INDEX_VALUE
Risk Management & Regulation,Execution & Delivery,Dynamic Datastore,Master & Reference Data - staff / colleague,Party,INDIVIDUAL; ASSOCIATE; ASSOCIATE_ASSIGNMENT; INTERNAL_ORGANIZATION_UNIT
Risk Management & Regulation,Execution & Delivery,Dynamic Datastore,"Sales and Performance Forecasts, Targets & KPIs",Party,PERFORMANCE_METRIC; PERFORMANCE_TARGET; ORGANIZATION_PERFORMANCE
Risk Management & Regulation,Execution & Delivery,Dynamic Datastore,HR Performance Data,Party,ASSOCIATE; ASSOCIATE_PERFORMANCE_REVIEW; ASSOCIATE_ASSIGNMENT
Risk Management & Regulation,Execution & Delivery,Dynamic Datastore,Customer Core Contact Details,Location,PARTY_CONTACT_POINT; ELECTRONIC_ADDRESS; POSTAL_ADDRESS; TELEPHONE_NUMBER
Risk Management & Regulation,Execution & Delivery,Dynamic Datastore,Master & Reference Data - geography / location,Location,GEOGRAPHICAL_AREA; GEOGRAPHICAL_UNIT; SITE; POSTAL_ADDRESS
Risk Management & Regulation,Execution & Delivery,Dynamic Datastore,Master & Reference Data - product,Product,Not mapped
Risk Management & Regulation,Execution & Delivery,Dynamic Datastore,Master & Reference Data - FTP rates,Product,INTEREST_RATE; INTEREST_RATE_INDEX; PRODUCT_INTEREST_RATE
Risk Management & Regulation,Execution & Delivery,Dynamic Datastore,Master & Reference Data - exchange rates,Product,CURRENCY; CURRENCY_EXCHANGE_RATE; CURRENCY_PAIR
Risk Management & Regulation,Execution & Delivery,Dynamic Datastore,"Product Revenue, Cost & Margin",Product,PRODUCT; PRODUCT_PRICING; PRODUCT_COST; AGREEMENT_SUMMARY
Risk Management & Regulation,Execution & Delivery,Dynamic Datastore,Product NPV's,Product,PRODUCT; PRODUCT_VALUATION; AGREEMENT_SUMMARY
Risk Management & Regulation,Execution & Delivery,Dynamic Datastore,External Data - market interest rates,Product,INTEREST_RATE_INDEX; INTEREST_RATE; MARKET_INDEX; MARKET_INDEX_VALUE
Risk Management & Regulation,Execution & Delivery,Dynamic Datastore,"External Data - market prices (E.g. equities, bonds, commodities)",Product,MARKET_INDEX; MARKET_INDEX_VALUE; INVESTMENT_PRODUCT; INVESTMENT_PRODUCT_PRICE
Risk Management & Regulation,Execution & Delivery,Dynamic Datastore,External Data - Competitor Product & Pricing,Party & Product,PRODUCT; MARKET_INDEX
Risk Management & Regulation,Execution & Delivery,Dynamic Datastore,Account / Policy / Service Holdings,Agreement,AGREEMENT; PARTY_AGREEMENT_ROLE; AGREEMENT_PARTY_ROLE; AGREEMENT_RELATIONSHIP
Risk Management & Regulation,Execution & Delivery,Dynamic Datastore,Account / Policy / Service Detail,Agreement,AGREEMENT; LOAN_TERM_AGREEMENT; DEPOSIT_AGREEMENT; INSURANCE_AGREEMENT; CREDIT_CARD_AGREEMENT
Risk Management & Regulation,Execution & Delivery,Dynamic Datastore,Account Status (open closed active / domant /inactive / closure reason ),Agreement,AGREEMENT; AGREEMENT_STATUS; AGREEMENT_STATUS_HISTORY
Risk Management & Regulation,Execution & Delivery,Dynamic Datastore,Account Terms & Conditions,Agreement,AGREEMENT; AGREEMENT_CONDITION; AGREEMENT_TERM
Risk Management & Regulation,Execution & Delivery,Dynamic Datastore,Account Feature Usage,Agreement,AGREEMENT_FEATURE; FEATURE; DESCRIPTIVE_FEATURE
Risk Management & Regulation,Execution & Delivery,Dynamic Datastore,"Application Data (New Customer, New Product)",Agreement,APPLICATION; APPLICATION_STATUS; APPLICATION_PARTY_ROLE
Risk Management & Regulation,Execution & Delivery,Dynamic Datastore,Coverage (insurance),Agreement,INSURANCE_COVERAGE; INSURANCE_AGREEMENT; COVERAGE_TYPE
Risk Management & Regulation,Execution & Delivery,Dynamic Datastore,Account Balances,Agreement,AGREEMENT_SUMMARY; BALANCE_SUMMARY; AGREEMENT_BALANCE
Risk Management & Regulation,Execution & Delivery,Dynamic Datastore,Investment Value,Agreement,INVESTMENT_ACCOUNT; INVESTMENT_HOLDING; INVESTMENT_PRODUCT_PRICE
Risk Management & Regulation,Execution & Delivery,Dynamic Datastore,Market / Trading Book Positions,Agreement,TRADE_ORDER; TRADE_EXECUTION; TRADING_POSITION
Risk Management & Regulation,Execution & Delivery,Dynamic Datastore,Mark to market valuations,Agreement,INVESTMENT_PRODUCT_PRICE; MARKET_INDEX_VALUE; AGREEMENT_VALUATION
Risk Management & Regulation,Execution & Delivery,Dynamic Datastore,Cashflow Projections,Agreement,AGREEMENT_CASHFLOW; CASHFLOW_SCHEDULE; AGREEMENT_SUMMARY
Risk Management & Regulation,Execution & Delivery,Dynamic Datastore,Account Maturity Dates & Repricing Schedules,Agreement,AGREEMENT; AGREEMENT_TERM; AGREEMENT_REPRICING_SCHEDULE
Risk Management & Regulation,Execution & Delivery,Dynamic Datastore,Account Repayment Schedules,Agreement,AGREEMENT_REPAYMENT_SCHEDULE; LOAN_TERM_AGREEMENT
Risk Management & Regulation,Execution & Delivery,Dynamic Datastore,Amortisation Schedules,Agreement,AGREEMENT_AMORTIZATION_SCHEDULE; LOAN_TERM_AGREEMENT
Risk Management & Regulation,Execution & Delivery,Dynamic Datastore,Customer Illustrations,Agreement,DOCUMENT; PARTY_DOCUMENT
Risk Management & Regulation,Execution & Delivery,Dynamic Datastore,Customer Quotes,Agreement,APPLICATION; QUOTE; DOCUMENT
Risk Management & Regulation,Execution & Delivery,Dynamic Datastore,Collateral Agreements,Agreement,COLLATERAL_AGREEMENT; COLLATERAL; COLLATERAL_VALUATION; PARTY_ASSET
Risk Management & Regulation,Execution & Delivery,Dynamic Datastore,Risk Exposures,Agreement,AGREEMENT_RISK_METRIC; RISK_EXPOSURE; CREDIT_RISK_SUMMARY
Risk Management & Regulation,Execution & Delivery,Dynamic Datastore,Risk Weighted Assets & Capital Results,Agreement,AGREEMENT_RISK_METRIC; BANK_CAPITAL_SUMMARY; CAPITAL_REQUIREMENTS_SUMMARY
Risk Management & Regulation,Execution & Delivery,Dynamic Datastore,Profitability Results,Agreement,AGREEMENT_SUMMARY; AGREEMENT_PROFITABILITY; PRODUCT_PROFITABILITY
Risk Management & Regulation,Execution & Delivery,Dynamic Datastore,Account Limits,Cross Subject  -  Limits,AGREEMENT_LIMIT; LIMIT; PARTY_LIMIT
Risk Management & Regulation,Execution & Delivery,Dynamic Datastore,Predictive Models - propensity to buy,Party or Agreement,ANALYTICAL_MODEL; MODEL_RUN; MODEL_SCORE; PARTY_MODEL_SCORE
Risk Management & Regulation,Execution & Delivery,Dynamic Datastore,Predictive Models - attrition,Party or Agreement,ANALYTICAL_MODEL; MODEL_RUN; MODEL_SCORE; PARTY_MODEL_SCORE
Risk Management & Regulation,Execution & Delivery,Dynamic Datastore,Predictive Models - price elasticity,Party or Agreement,ANALYTICAL_MODEL; MODEL_RUN; MODEL_SCORE
Risk Management & Regulation,Execution & Delivery,Dynamic Datastore,Attribution Models - response,Party or Agreement,ANALYTICAL_MODEL; MODEL_RUN; CAMPAIGN_RESPONSE
Risk Management & Regulation,Execution & Delivery,Dynamic Datastore,Lead Foodchain data,Party or Agreement,OPPORTUNITY; OPPORTUNITY_STATUS; OPPORTUNITY_PARTY_ROLE
Risk Management & Regulation,Execution & Delivery,Dynamic Datastore,Predictive Models - risk,Party or Agreement,ANALYTICAL_MODEL; MODEL_RUN; MODEL_SCORE; PARTY_LIABILITY_CREDIT_RATING
Risk Management & Regulation,Execution & Delivery,Dynamic Datastore,"Risk Segments, Cohorts & Groupings",Party or Agreement,PARTY_CLASSIFICATION; RISK_GRADE_VALUE; RISK_GRADE_SCHEME
Risk Management & Regulation,Execution & Delivery,Dynamic Datastore,"Provisions, Losses & Writeoffs",Party or Agreement,AGREEMENT_RISK_METRIC; PROVISION; WRITE_OFF; LOSS_EVENT
Risk Management & Regulation,Execution & Delivery,Dynamic Datastore,Financial Transactions,Event,MONETARY_TRANSACTION; TRANSACTION_TYPE; FINANCIAL_TRANSACTION; PAYMENT
Risk Management & Regulation,Execution & Delivery,Dynamic Datastore,"Account Fees, Commissions & Charges",Event,MONETARY_TRANSACTION; FEE_TRANSACTION; COMMISSION_TRANSACTION; AGREEMENT_FEE
Risk Management & Regulation,Execution & Delivery,Dynamic Datastore,Financial Interbank Payments,Event,PAYMENT; INTERBANK_PAYMENT; FINANCIAL_TRANSACTION
Risk Management & Regulation,Execution & Delivery,Dynamic Datastore,Non-Financial Transactions,Event,EVENT; NON_MONETARY_EVENT; DIRECT_CONTACT_EVENT
Risk Management & Regulation,Execution & Delivery,Dynamic Datastore,Service Usage,Event,CHANNEL_USAGE_METRIC; SERVICE_USAGE_EVENT; CHANNEL_INSTANCE
Risk Management & Regulation,Execution & Delivery,Dynamic Datastore,Complaint Data,Event,COMPLAINT; COMPLAINT_STATUS; COMPLAINT_RESOLUTION
Risk Management & Regulation,Execution & Delivery,Dynamic Datastore,Offline Customer Interactions - Branch,Event,DIRECT_CONTACT_EVENT; BRANCH_VISIT_EVENT; CHANNEL_INSTANCE
Risk Management & Regulation,Execution & Delivery,Dynamic Datastore,Offline Customer Interactions - Call Centre,Event,DIRECT_CONTACT_EVENT; CALL_EVENT; CHANNEL_INSTANCE
Risk Management & Regulation,Execution & Delivery,Dynamic Datastore,Offline Customer Interactions - letters,Event,DIRECT_CONTACT_EVENT; CORRESPONDENCE_EVENT; DOCUMENT
Risk Management & Regulation,Execution & Delivery,Dynamic Datastore,Offline Customer Interactions - sms text,Event,DIRECT_CONTACT_EVENT; SMS_EVENT; ELECTRONIC_ADDRESS
Risk Management & Regulation,Execution & Delivery,Dynamic Datastore,Online Interactions -  webchat (internal & external),Event,WEB_VISIT; WEB_PAGE_VIEW; ONLINE_INTERACTION_EVENT
Risk Management & Regulation,Execution & Delivery,Dynamic Datastore,Online Interactions colleague intranet,Event,WEB_VISIT; WEB_PAGE_VIEW
Risk Management & Regulation,Execution & Delivery,Dynamic Datastore,Online Interactions customer digital banking site (web log),Event,WEB_VISIT; WEB_PAGE_VIEW; EXTENDED_SESSION_INFORMATION; ONLINE_APPLICATION_ACCESS
Risk Management & Regulation,Execution & Delivery,Dynamic Datastore,Online Interactions customer general banking site,Event,WEB_VISIT; WEB_PAGE_VIEW; ONLINE_INTERACTION_EVENT
Risk Management & Regulation,Execution & Delivery,Dynamic Datastore,Online Interactions email - customer & employee,Event,DIRECT_CONTACT_EVENT; EMAIL_EVENT; ELECTRONIC_ADDRESS
Risk Management & Regulation,Execution & Delivery,Dynamic Datastore,Online Interactions mobile app,Event,WEB_VISIT; WEB_PAGE_VIEW; MOBILE_APP_EVENT; CHANNEL_INSTANCE
Risk Management & Regulation,Execution & Delivery,Dynamic Datastore,Online Interactions off-site - ad server,Event,AD; AD_PLACEMENT; AD_IMPRESSION; AD_CAMPAIGN_OBJECTIVE
Risk Management & Regulation,Execution & Delivery,Dynamic Datastore,Online Interactions prospect / unidentified customer (web log),Event,WEB_VISIT; WEB_PAGE_VIEW; VISITOR_INTERACTION_EVENT
Risk Management & Regulation,Execution & Delivery,Dynamic Datastore,"Case History (Fraud, Money Laundering, Complaint)",Event,CASE; CASE_EVENT; CASE_PARTY_ROLE; FRAUD_CASE
Risk Management & Regulation,Execution & Delivery,Dynamic Datastore,Claims,Event,CLAIM; CLAIM_STATUS; CLAIM_PARTY_ROLE; CLAIM_PAYMENT
Risk Management & Regulation,Execution & Delivery,Dynamic Datastore,Defaults & Limit Breaches,Event,AGREEMENT_STATUS; DEFAULT_EVENT; LIMIT_BREACH_EVENT; AGREEMENT_RISK_METRIC
Risk Management & Regulation,Execution & Delivery,Dynamic Datastore,Closed Loop Outcomes / Channel Responses,Event,CAMPAIGN_RESPONSE; CAMPAIGN_OFFER_RESPONSE; DIRECT_CONTACT_EVENT
Risk Management & Regulation,Execution & Delivery,Dynamic Datastore,External Data - Corporate Actions,Event,CORPORATE_ACTION; INVESTMENT_PRODUCT
Risk Management & Regulation,Execution & Delivery,Dynamic Datastore,Internal Process Activity Data,Event,EVENT; PROCESS_EVENT; OPERATIONAL_EVENT
Risk Management & Regulation,Execution & Delivery,Dynamic Datastore,Master & Reference Data - merchant / transaction,Event,MERCHANT; MERCHANT_CATEGORY; TRANSACTION_TYPE
Risk Management & Regulation,Execution & Delivery,Dynamic Datastore,Customer interview / fact find,Event or Cross Subject - Document,DOCUMENT; SURVEY; SURVEY_QUESTION_RESPONSE; PARTY_DOCUMENT
Risk Management & Regulation,Execution & Delivery,Dynamic Datastore,Physical Assets,Party Asset,PARTY_ASSET; FIXED_ASSET; REAL_PROPERTY
Risk Management & Regulation,Execution & Delivery,Dynamic Datastore,Physical Asset Valuations,Party Asset,PARTY_ASSET_VALUATION; COLLATERAL_VALUATION; REAL_PROPERTY_VALUATION
Risk Management & Regulation,Execution & Delivery,Dynamic Datastore,Master & Reference Data - organisation hierarchy,Internal Organisation,ORGANIZATION; INTERNAL_ORGANIZATION_UNIT; ORGANIZATION_UNIT_RELATIONSHIP; ORGANIZATION_BUSINESS_TYPE
Risk Management & Regulation,Execution & Delivery,Dynamic Datastore,Master & Reference Data - Campaign,Campaign,CAMPAIGN; CAMPAIGN_TYPE; CAMPAIGN_STATUS; CAMPAIGN_WAVE
Risk Management & Regulation,Execution & Delivery,Dynamic Datastore,Master & Reference Data - Channel,Channel,CHANNEL_TYPE; CHANNEL_INSTANCE; CHANNEL_CLASSIFICATION
Risk Management & Regulation,Execution & Delivery,Dynamic Datastore,Finance Systems - General Ledger,Finance,Not mapped
Risk Management & Regulation,Execution & Delivery,Dynamic Datastore,Finance Systems - ERP,Finance,GL_ACCOUNT; GL_MAIN_ACCOUNT; VENDOR; VENDOR_INVOICE
Risk Management & Regulation,Execution & Delivery,Dynamic Datastore,"Finance Systems - Budgets, Plans & Forecasts",Finance,GL_ACCOUNT; BUDGET; FORECAST; FINANCIAL_PLAN
Risk Management & Regulation,Execution & Delivery,Dynamic Datastore,"Model Metadata (E.g. defintion, assumptions, metrics)",Analytical Model,ANALYTICAL_MODEL; MODEL_RUN; MODEL_PARAMETER
Risk Management & Regulation,Execution & Delivery,Dynamic Datastore,Risk Scenario & Stress Testing Results,Analytical Model,RISK_CALCULATION_SCENARIO; RISK_SCENARIO_RESULT; STRESS_TEST_RESULT
Risk Management & Regulation,Execution & Delivery,Dynamic Datastore,"Documents - Structured Data Capture (Survey, Application Forms)",Cross Subject - Document,DOCUMENT; DOCUMENT_TYPE; SURVEY; APPLICATION
Risk Management & Regulation,Execution & Delivery,Dynamic Datastore,Document Image,Cross Subject - Document,Not mapped
Risk Management & Regulation,Execution & Delivery,Dynamic Datastore,Text Data,Cross Subject - Document,DOCUMENT; TEXT_CONTENT; DIGITAL_CONTENT
Risk Management & Regulation,Execution & Delivery,Dynamic Datastore,External Data - News / Industry Feeds E.g. Reuters,Cross Subject - Document,DOCUMENT; NEWS_FEED; MARKET_INDEX
Risk Management & Regulation,Execution & Delivery,Dynamic Datastore,Master & Reference Data - Risk Policy Rules,Cross Subject - Document,RISK_GRADE_SCHEME; RISK_GRADE_VALUE; RISK_POLICY; BUSINESS_RULE
Risk Management & Regulation,Execution & Delivery,Dynamic Datastore,Voice Recording,Cross Subject - Multi-media object,DIGITAL_CONTENT; CALL_RECORDING; DIRECT_CONTACT_EVENT
Risk Management & Regulation,Execution & Delivery,Dynamic Datastore,External Data - Fraud Watch Lists,Cross Subject - Watch List,WATCH_LIST; WATCH_LIST_ENTRY; PARTY_WATCH_LIST_CHECK
Risk Management & Regulation,Execution & Delivery,Dynamic Datastore,Compliance Approvals,Cross Subject,COMPLIANCE_EVENT; APPROVAL; PARTY_COMPLIANCE_VERIFICATION
Risk Management & Regulation,Execution & Delivery,Dynamic Datastore,Business Process Definition,Not Covered,EVENT; PROCESS_EVENT
Risk Management & Regulation,Execution & Delivery,Dynamic Datastore,External Data - External Loss Data,Not Covered,LOSS_EVENT; OPERATIONAL_LOSS_EVENT
Risk Management & Regulation,Execution & Delivery,Dynamic Datastore,"System Log Files (E.g. Firewall, Webserver)",Not Covered,WEB_VISIT; SYSTEM_EVENT
Risk Management & Regulation,Execution & Delivery,Credit Risk model Deployment,Single Customer View (Master Record),Party,PARTY; INDIVIDUAL; ORGANIZATION; HOUSEHOLD; PARTY_RELATIONSHIP; PARTY_IDENTIFICATION
Risk Management & Regulation,Execution & Delivery,Credit Risk model Deployment,KYC Data,Party,PARTY_IDENTIFICATION; PARTY_CLASSIFICATION; PARTY_IDENTITY_DOCUMENT; PARTY_COMPLIANCE_VERIFICATION
Risk Management & Regulation,Execution & Delivery,Credit Risk model Deployment,Customer Demographics,Party,INDIVIDUAL; PARTY_DEMOGRAPHIC; PARTY_CLASSIFICATION; PARTY_PREFERENCE
Risk Management & Regulation,Execution & Delivery,Credit Risk model Deployment,Customer Attitudinal Data,Party,PARTY_PREFERENCE; PARTY_CLASSIFICATION; PARTY_SURVEY_RESPONSE
Risk Management & Regulation,Execution & Delivery,Credit Risk model Deployment,Customer Segments,Party,PARTY_CLASSIFICATION; PARTY_SEGMENT; PARTY_CLASSIFICATION_VALUE
Risk Management & Regulation,Execution & Delivery,Credit Risk model Deployment,Customer Contact Preferences,Party,PARTY_PREFERENCE; PARTY_CONTACT_POINT; ELECTRONIC_ADDRESS; POSTAL_ADDRESS
Risk Management & Regulation,Execution & Delivery,Credit Risk model Deployment,Customer Marketing Preferences,Party,PARTY_PREFERENCE; PARTY_MARKETING_PREFERENCE; PARTY_CONSENT
Risk Management & Regulation,Execution & Delivery,Credit Risk model Deployment,Customer Satisfaction Measurement (E.g. NPS),Party,PARTY_SURVEY_RESPONSE; SURVEY; SURVEY_QUESTION_RESPONSE
Risk Management & Regulation,Execution & Delivery,Credit Risk model Deployment,Legal Actions,Party,PARTY_LEGAL_ACTION; LEGAL_ACTION; PARTY_LITIGATION
Risk Management & Regulation,Execution & Delivery,Credit Risk model Deployment,External Data - Social Media Data,Party,SOCIAL_MEDIA_ACCOUNT; SOCIAL_MEDIA_TRANSFER; SOCIAL_MEDIA_POST
Risk Management & Regulation,Execution & Delivery,Credit Risk model Deployment,External Data - Bureau data,Party,PARTY_CREDIT_BUREAU_REPORT; CREDIT_BUREAU_SCORE; PARTY_EXTERNAL_RATING
Risk Management & Regulation,Execution & Delivery,Credit Risk model Deployment,External Data - Credit Rating,Party,PARTY_EXTERNAL_RATING; PARTY_LIABILITY_CREDIT_RATING; CREDIT_BUREAU_SCORE
Risk Management & Regulation,Execution & Delivery,Credit Risk model Deployment,"External Economic Data (E.g. Property Prices, Salary)",Party,ECONOMIC_INDEX; ECONOMIC_INDEX_VALUE; MARKET_INDEX; MARKET_INDEX_VALUE
Risk Management & Regulation,Execution & Delivery,Credit Risk model Deployment,Master & Reference Data - geography / location,Location,GEOGRAPHICAL_AREA; GEOGRAPHICAL_UNIT; SITE; POSTAL_ADDRESS
Risk Management & Regulation,Execution & Delivery,Credit Risk model Deployment,Master & Reference Data - product,Product,Not mapped
Risk Management & Regulation,Execution & Delivery,Credit Risk model Deployment,Master & Reference Data - exchange rates,Product,CURRENCY; CURRENCY_EXCHANGE_RATE; CURRENCY_PAIR
Risk Management & Regulation,Execution & Delivery,Credit Risk model Deployment,Account / Policy / Service Holdings,Agreement,AGREEMENT; PARTY_AGREEMENT_ROLE; AGREEMENT_PARTY_ROLE; AGREEMENT_RELATIONSHIP
Risk Management & Regulation,Execution & Delivery,Credit Risk model Deployment,Account / Policy / Service Detail,Agreement,AGREEMENT; LOAN_TERM_AGREEMENT; DEPOSIT_AGREEMENT; INSURANCE_AGREEMENT; CREDIT_CARD_AGREEMENT
Risk Management & Regulation,Execution & Delivery,Credit Risk model Deployment,Account Status (open closed active / domant /inactive / closure reason ),Agreement,AGREEMENT; AGREEMENT_STATUS; AGREEMENT_STATUS_HISTORY
Risk Management & Regulation,Execution & Delivery,Credit Risk model Deployment,Account Terms & Conditions,Agreement,AGREEMENT; AGREEMENT_CONDITION; AGREEMENT_TERM
Risk Management & Regulation,Execution & Delivery,Credit Risk model Deployment,"Application Data (New Customer, New Product)",Agreement,APPLICATION; APPLICATION_STATUS; APPLICATION_PARTY_ROLE
Risk Management & Regulation,Execution & Delivery,Credit Risk model Deployment,Coverage (insurance),Agreement,INSURANCE_COVERAGE; INSURANCE_AGREEMENT; COVERAGE_TYPE
Risk Management & Regulation,Execution & Delivery,Credit Risk model Deployment,Account Balances,Agreement,AGREEMENT_SUMMARY; BALANCE_SUMMARY; AGREEMENT_BALANCE
Risk Management & Regulation,Execution & Delivery,Credit Risk model Deployment,Market / Trading Book Positions,Agreement,TRADE_ORDER; TRADE_EXECUTION; TRADING_POSITION
Risk Management & Regulation,Execution & Delivery,Credit Risk model Deployment,Mark to market valuations,Agreement,INVESTMENT_PRODUCT_PRICE; MARKET_INDEX_VALUE; AGREEMENT_VALUATION
Risk Management & Regulation,Execution & Delivery,Credit Risk model Deployment,Account Maturity Dates & Repricing Schedules,Agreement,AGREEMENT; AGREEMENT_TERM; AGREEMENT_REPRICING_SCHEDULE
Risk Management & Regulation,Execution & Delivery,Credit Risk model Deployment,Account Repayment Schedules,Agreement,AGREEMENT_REPAYMENT_SCHEDULE; LOAN_TERM_AGREEMENT
Risk Management & Regulation,Execution & Delivery,Credit Risk model Deployment,Collateral Agreements,Agreement,COLLATERAL_AGREEMENT; COLLATERAL; COLLATERAL_VALUATION; PARTY_ASSET
Risk Management & Regulation,Execution & Delivery,Credit Risk model Deployment,Risk Exposures,Agreement,AGREEMENT_RISK_METRIC; RISK_EXPOSURE; CREDIT_RISK_SUMMARY
Risk Management & Regulation,Execution & Delivery,Credit Risk model Deployment,Account Limits,Cross Subject  -  Limits,AGREEMENT_LIMIT; LIMIT; PARTY_LIMIT
Risk Management & Regulation,Execution & Delivery,Credit Risk model Deployment,"Risk Segments, Cohorts & Groupings",Party or Agreement,PARTY_CLASSIFICATION; RISK_GRADE_VALUE; RISK_GRADE_SCHEME
Risk Management & Regulation,Execution & Delivery,Credit Risk model Deployment,"Provisions, Losses & Writeoffs",Party or Agreement,AGREEMENT_RISK_METRIC; PROVISION; WRITE_OFF; LOSS_EVENT
Risk Management & Regulation,Execution & Delivery,Credit Risk model Deployment,Financial Transactions,Event,MONETARY_TRANSACTION; TRANSACTION_TYPE; FINANCIAL_TRANSACTION; PAYMENT
Risk Management & Regulation,Execution & Delivery,Credit Risk model Deployment,Offline Customer Interactions - Branch,Event,DIRECT_CONTACT_EVENT; BRANCH_VISIT_EVENT; CHANNEL_INSTANCE
Risk Management & Regulation,Execution & Delivery,Credit Risk model Deployment,Offline Customer Interactions - Call Centre,Event,DIRECT_CONTACT_EVENT; CALL_EVENT; CHANNEL_INSTANCE
Risk Management & Regulation,Execution & Delivery,Credit Risk model Deployment,Offline Customer Interactions - letters,Event,DIRECT_CONTACT_EVENT; CORRESPONDENCE_EVENT; DOCUMENT
Risk Management & Regulation,Execution & Delivery,Credit Risk model Deployment,Offline Customer Interactions - sms text,Event,DIRECT_CONTACT_EVENT; SMS_EVENT; ELECTRONIC_ADDRESS
Risk Management & Regulation,Execution & Delivery,Credit Risk model Deployment,Online Interactions -  webchat (internal & external),Event,WEB_VISIT; WEB_PAGE_VIEW; ONLINE_INTERACTION_EVENT
Risk Management & Regulation,Execution & Delivery,Credit Risk model Deployment,Online Interactions customer digital banking site (web log),Event,WEB_VISIT; WEB_PAGE_VIEW; EXTENDED_SESSION_INFORMATION; ONLINE_APPLICATION_ACCESS
Risk Management & Regulation,Execution & Delivery,Credit Risk model Deployment,Online Interactions customer general banking site,Event,WEB_VISIT; WEB_PAGE_VIEW; ONLINE_INTERACTION_EVENT
Risk Management & Regulation,Execution & Delivery,Credit Risk model Deployment,Online Interactions email - customer & employee,Event,DIRECT_CONTACT_EVENT; EMAIL_EVENT; ELECTRONIC_ADDRESS
Risk Management & Regulation,Execution & Delivery,Credit Risk model Deployment,Online Interactions mobile app,Event,WEB_VISIT; WEB_PAGE_VIEW; MOBILE_APP_EVENT; CHANNEL_INSTANCE
Risk Management & Regulation,Execution & Delivery,Credit Risk model Deployment,"Case History (Fraud, Money Laundering, Complaint)",Event,CASE; CASE_EVENT; CASE_PARTY_ROLE; FRAUD_CASE
Risk Management & Regulation,Execution & Delivery,Credit Risk model Deployment,Claims,Event,CLAIM; CLAIM_STATUS; CLAIM_PARTY_ROLE; CLAIM_PAYMENT
Risk Management & Regulation,Execution & Delivery,Credit Risk model Deployment,Defaults & Limit Breaches,Event,AGREEMENT_STATUS; DEFAULT_EVENT; LIMIT_BREACH_EVENT; AGREEMENT_RISK_METRIC
Risk Management & Regulation,Execution & Delivery,Credit Risk model Deployment,Closed Loop Outcomes / Channel Responses,Event,CAMPAIGN_RESPONSE; CAMPAIGN_OFFER_RESPONSE; DIRECT_CONTACT_EVENT
Risk Management & Regulation,Execution & Delivery,Credit Risk model Deployment,External Data - Corporate Actions,Event,CORPORATE_ACTION; INVESTMENT_PRODUCT
Risk Management & Regulation,Execution & Delivery,Credit Risk model Deployment,Customer interview / fact find,Event or Cross Subject - Document,DOCUMENT; SURVEY; SURVEY_QUESTION_RESPONSE; PARTY_DOCUMENT
Risk Management & Regulation,Execution & Delivery,Credit Risk model Deployment,Physical Assets,Party Asset,PARTY_ASSET; FIXED_ASSET; REAL_PROPERTY
Risk Management & Regulation,Execution & Delivery,Credit Risk model Deployment,Physical Asset Valuations,Party Asset,PARTY_ASSET_VALUATION; COLLATERAL_VALUATION; REAL_PROPERTY_VALUATION
Risk Management & Regulation,Execution & Delivery,Credit Risk model Deployment,Master & Reference Data - organisation hierarchy,Internal Organisation,ORGANIZATION; INTERNAL_ORGANIZATION_UNIT; ORGANIZATION_UNIT_RELATIONSHIP; ORGANIZATION_BUSINESS_TYPE
Risk Management & Regulation,Execution & Delivery,Credit Risk model Deployment,Master & Reference Data - Campaign,Campaign,CAMPAIGN; CAMPAIGN_TYPE; CAMPAIGN_STATUS; CAMPAIGN_WAVE
Risk Management & Regulation,Execution & Delivery,Credit Risk model Deployment,Master & Reference Data - Channel,Channel,CHANNEL_TYPE; CHANNEL_INSTANCE; CHANNEL_CLASSIFICATION
Risk Management & Regulation,Execution & Delivery,Credit Risk model Deployment,"Model Metadata (E.g. defintion, assumptions, metrics)",Analytical Model,ANALYTICAL_MODEL; MODEL_RUN; MODEL_PARAMETER
Risk Management & Regulation,Execution & Delivery,Credit Risk model Deployment,Risk Scenario & Stress Testing Results,Analytical Model,RISK_CALCULATION_SCENARIO; RISK_SCENARIO_RESULT; STRESS_TEST_RESULT
Risk Management & Regulation,Execution & Delivery,Credit Risk model Deployment,"Documents - Structured Data Capture (Survey, Application Forms)",Cross Subject - Document,DOCUMENT; DOCUMENT_TYPE; SURVEY; APPLICATION
Risk Management & Regulation,Execution & Delivery,Credit Risk model Deployment,Text Data,Cross Subject - Document,DOCUMENT; TEXT_CONTENT; DIGITAL_CONTENT
Risk Management & Regulation,Execution & Delivery,Credit Risk model Deployment,External Data - News / Industry Feeds E.g. Reuters,Cross Subject - Document,DOCUMENT; NEWS_FEED; MARKET_INDEX
Risk Management & Regulation,Execution & Delivery,Credit Risk model Deployment,Master & Reference Data - Risk Policy Rules,Cross Subject - Document,RISK_GRADE_SCHEME; RISK_GRADE_VALUE; RISK_POLICY; BUSINESS_RULE
Risk Management & Regulation,Execution & Delivery,Credit Risk model Deployment,External Data - Fraud Watch Lists,Cross Subject - Watch List,WATCH_LIST; WATCH_LIST_ENTRY; PARTY_WATCH_LIST_CHECK
Risk Management & Regulation,Execution & Delivery,Risk Weighted Assets and Regulatory Capital,Single Customer View (Master Record),Party,PARTY; INDIVIDUAL; ORGANIZATION; HOUSEHOLD; PARTY_RELATIONSHIP; PARTY_IDENTIFICATION
Risk Management & Regulation,Execution & Delivery,Risk Weighted Assets and Regulatory Capital,Customer Demographics,Party,INDIVIDUAL; PARTY_DEMOGRAPHIC; PARTY_CLASSIFICATION; PARTY_PREFERENCE
Risk Management & Regulation,Execution & Delivery,Risk Weighted Assets and Regulatory Capital,Customer Segments,Party,PARTY_CLASSIFICATION; PARTY_SEGMENT; PARTY_CLASSIFICATION_VALUE
Risk Management & Regulation,Execution & Delivery,Risk Weighted Assets and Regulatory Capital,Legal Actions,Party,PARTY_LEGAL_ACTION; LEGAL_ACTION; PARTY_LITIGATION
Risk Management & Regulation,Execution & Delivery,Risk Weighted Assets and Regulatory Capital,External Data - Bureau data,Party,PARTY_CREDIT_BUREAU_REPORT; CREDIT_BUREAU_SCORE; PARTY_EXTERNAL_RATING
Risk Management & Regulation,Execution & Delivery,Risk Weighted Assets and Regulatory Capital,External Data - Credit Rating,Party,PARTY_EXTERNAL_RATING; PARTY_LIABILITY_CREDIT_RATING; CREDIT_BUREAU_SCORE
Risk Management & Regulation,Execution & Delivery,Risk Weighted Assets and Regulatory Capital,Master & Reference Data - geography / location,Location,GEOGRAPHICAL_AREA; GEOGRAPHICAL_UNIT; SITE; POSTAL_ADDRESS
Risk Management & Regulation,Execution & Delivery,Risk Weighted Assets and Regulatory Capital,Master & Reference Data - product,Product,Not mapped
Risk Management & Regulation,Execution & Delivery,Risk Weighted Assets and Regulatory Capital,Master & Reference Data - exchange rates,Product,CURRENCY; CURRENCY_EXCHANGE_RATE; CURRENCY_PAIR
Risk Management & Regulation,Execution & Delivery,Risk Weighted Assets and Regulatory Capital,"External Data - market prices (E.g. equities, bonds, commodities)",Product,MARKET_INDEX; MARKET_INDEX_VALUE; INVESTMENT_PRODUCT; INVESTMENT_PRODUCT_PRICE
Risk Management & Regulation,Execution & Delivery,Risk Weighted Assets and Regulatory Capital,Account / Policy / Service Holdings,Agreement,AGREEMENT; PARTY_AGREEMENT_ROLE; AGREEMENT_PARTY_ROLE; AGREEMENT_RELATIONSHIP
Risk Management & Regulation,Execution & Delivery,Risk Weighted Assets and Regulatory Capital,Account / Policy / Service Detail,Agreement,AGREEMENT; LOAN_TERM_AGREEMENT; DEPOSIT_AGREEMENT; INSURANCE_AGREEMENT; CREDIT_CARD_AGREEMENT
Risk Management & Regulation,Execution & Delivery,Risk Weighted Assets and Regulatory Capital,Account Status (open closed active / domant /inactive / closure reason ),Agreement,AGREEMENT; AGREEMENT_STATUS; AGREEMENT_STATUS_HISTORY
Risk Management & Regulation,Execution & Delivery,Risk Weighted Assets and Regulatory Capital,Account Terms & Conditions,Agreement,AGREEMENT; AGREEMENT_CONDITION; AGREEMENT_TERM
Risk Management & Regulation,Execution & Delivery,Risk Weighted Assets and Regulatory Capital,Coverage (insurance),Agreement,INSURANCE_COVERAGE; INSURANCE_AGREEMENT; COVERAGE_TYPE
Risk Management & Regulation,Execution & Delivery,Risk Weighted Assets and Regulatory Capital,Account Balances,Agreement,AGREEMENT_SUMMARY; BALANCE_SUMMARY; AGREEMENT_BALANCE
Risk Management & Regulation,Execution & Delivery,Risk Weighted Assets and Regulatory Capital,Market / Trading Book Positions,Agreement,TRADE_ORDER; TRADE_EXECUTION; TRADING_POSITION
Risk Management & Regulation,Execution & Delivery,Risk Weighted Assets and Regulatory Capital,Mark to market valuations,Agreement,INVESTMENT_PRODUCT_PRICE; MARKET_INDEX_VALUE; AGREEMENT_VALUATION
Risk Management & Regulation,Execution & Delivery,Risk Weighted Assets and Regulatory Capital,Account Maturity Dates & Repricing Schedules,Agreement,AGREEMENT; AGREEMENT_TERM; AGREEMENT_REPRICING_SCHEDULE
Risk Management & Regulation,Execution & Delivery,Risk Weighted Assets and Regulatory Capital,Account Repayment Schedules,Agreement,AGREEMENT_REPAYMENT_SCHEDULE; LOAN_TERM_AGREEMENT
Risk Management & Regulation,Execution & Delivery,Risk Weighted Assets and Regulatory Capital,Collateral Agreements,Agreement,COLLATERAL_AGREEMENT; COLLATERAL; COLLATERAL_VALUATION; PARTY_ASSET
Risk Management & Regulation,Execution & Delivery,Risk Weighted Assets and Regulatory Capital,Risk Exposures,Agreement,AGREEMENT_RISK_METRIC; RISK_EXPOSURE; CREDIT_RISK_SUMMARY
Risk Management & Regulation,Execution & Delivery,Risk Weighted Assets and Regulatory Capital,Account Limits,Cross Subject  -  Limits,AGREEMENT_LIMIT; LIMIT; PARTY_LIMIT
Risk Management & Regulation,Execution & Delivery,Risk Weighted Assets and Regulatory Capital,Predictive Models - risk,Party or Agreement,ANALYTICAL_MODEL; MODEL_RUN; MODEL_SCORE; PARTY_LIABILITY_CREDIT_RATING
Risk Management & Regulation,Execution & Delivery,Risk Weighted Assets and Regulatory Capital,"Risk Segments, Cohorts & Groupings",Party or Agreement,PARTY_CLASSIFICATION; RISK_GRADE_VALUE; RISK_GRADE_SCHEME
Risk Management & Regulation,Execution & Delivery,Risk Weighted Assets and Regulatory Capital,"Provisions, Losses & Writeoffs",Party or Agreement,AGREEMENT_RISK_METRIC; PROVISION; WRITE_OFF; LOSS_EVENT
Risk Management & Regulation,Execution & Delivery,Risk Weighted Assets and Regulatory Capital,Claims,Event,CLAIM; CLAIM_STATUS; CLAIM_PARTY_ROLE; CLAIM_PAYMENT
Risk Management & Regulation,Execution & Delivery,Risk Weighted Assets and Regulatory Capital,Defaults & Limit Breaches,Event,AGREEMENT_STATUS; DEFAULT_EVENT; LIMIT_BREACH_EVENT; AGREEMENT_RISK_METRIC
Risk Management & Regulation,Execution & Delivery,Risk Weighted Assets and Regulatory Capital,Physical Assets,Party Asset,PARTY_ASSET; FIXED_ASSET; REAL_PROPERTY
Risk Management & Regulation,Execution & Delivery,Risk Weighted Assets and Regulatory Capital,Physical Asset Valuations,Party Asset,PARTY_ASSET_VALUATION; COLLATERAL_VALUATION; REAL_PROPERTY_VALUATION
Risk Management & Regulation,Execution & Delivery,Risk Weighted Assets and Regulatory Capital,Master & Reference Data - organisation hierarchy,Internal Organisation,ORGANIZATION; INTERNAL_ORGANIZATION_UNIT; ORGANIZATION_UNIT_RELATIONSHIP; ORGANIZATION_BUSINESS_TYPE
Risk Management & Regulation,Execution & Delivery,Risk Weighted Assets and Regulatory Capital,"Model Metadata (E.g. defintion, assumptions, metrics)",Analytical Model,ANALYTICAL_MODEL; MODEL_RUN; MODEL_PARAMETER
Risk Management & Regulation,Execution & Delivery,Risk Weighted Assets and Regulatory Capital,Risk Scenario & Stress Testing Results,Analytical Model,RISK_CALCULATION_SCENARIO; RISK_SCENARIO_RESULT; STRESS_TEST_RESULT
Risk Management & Regulation,Execution & Delivery,Risk Weighted Assets and Regulatory Capital,Master & Reference Data - Risk Policy Rules,Cross Subject - Document,RISK_GRADE_SCHEME; RISK_GRADE_VALUE; RISK_POLICY; BUSINESS_RULE
Risk Management & Regulation,Execution & Delivery,A/B and Test and Learn Deployment,Single Customer View (Master Record),Party,PARTY; INDIVIDUAL; ORGANIZATION; HOUSEHOLD; PARTY_RELATIONSHIP; PARTY_IDENTIFICATION
Risk Management & Regulation,Execution & Delivery,A/B and Test and Learn Deployment,KYC Data,Party,PARTY_IDENTIFICATION; PARTY_CLASSIFICATION; PARTY_IDENTITY_DOCUMENT; PARTY_COMPLIANCE_VERIFICATION
Risk Management & Regulation,Execution & Delivery,A/B and Test and Learn Deployment,Customer Demographics,Party,INDIVIDUAL; PARTY_DEMOGRAPHIC; PARTY_CLASSIFICATION; PARTY_PREFERENCE
Risk Management & Regulation,Execution & Delivery,A/B and Test and Learn Deployment,Customer Attitudinal Data,Party,PARTY_PREFERENCE; PARTY_CLASSIFICATION; PARTY_SURVEY_RESPONSE
Risk Management & Regulation,Execution & Delivery,A/B and Test and Learn Deployment,Customer Segments,Party,PARTY_CLASSIFICATION; PARTY_SEGMENT; PARTY_CLASSIFICATION_VALUE
Risk Management & Regulation,Execution & Delivery,A/B and Test and Learn Deployment,Customer Contact Preferences,Party,PARTY_PREFERENCE; PARTY_CONTACT_POINT; ELECTRONIC_ADDRESS; POSTAL_ADDRESS
Risk Management & Regulation,Execution & Delivery,A/B and Test and Learn Deployment,Customer Marketing Preferences,Party,PARTY_PREFERENCE; PARTY_MARKETING_PREFERENCE; PARTY_CONSENT
Risk Management & Regulation,Execution & Delivery,A/B and Test and Learn Deployment,Customer Satisfaction Measurement (E.g. NPS),Party,PARTY_SURVEY_RESPONSE; SURVEY; SURVEY_QUESTION_RESPONSE
Risk Management & Regulation,Execution & Delivery,A/B and Test and Learn Deployment,Economic Forecast Data,Party,ECONOMIC_INDEX; ECONOMIC_INDEX_VALUE; MARKET_INDEX
Risk Management & Regulation,Execution & Delivery,A/B and Test and Learn Deployment,Legal Actions,Party,PARTY_LEGAL_ACTION; LEGAL_ACTION; PARTY_LITIGATION
Risk Management & Regulation,Execution & Delivery,A/B and Test and Learn Deployment,External Prospect Data / Lists,Party,PARTY; PROSPECT; PARTY_LIST; PARTY_LIST_MEMBERSHIP
Risk Management & Regulation,Execution & Delivery,A/B and Test and Learn Deployment,External Data - Social Media Data,Party,SOCIAL_MEDIA_ACCOUNT; SOCIAL_MEDIA_TRANSFER; SOCIAL_MEDIA_POST
Risk Management & Regulation,Execution & Delivery,A/B and Test and Learn Deployment,External Data - Bureau data,Party,PARTY_CREDIT_BUREAU_REPORT; CREDIT_BUREAU_SCORE; PARTY_EXTERNAL_RATING
Risk Management & Regulation,Execution & Delivery,A/B and Test and Learn Deployment,External Data - Credit Rating,Party,PARTY_EXTERNAL_RATING; PARTY_LIABILITY_CREDIT_RATING; CREDIT_BUREAU_SCORE
Risk Management & Regulation,Execution & Delivery,A/B and Test and Learn Deployment,"External Economic Data (E.g. Property Prices, Salary)",Party,ECONOMIC_INDEX; ECONOMIC_INDEX_VALUE; MARKET_INDEX; MARKET_INDEX_VALUE
Risk Management & Regulation,Execution & Delivery,A/B and Test and Learn Deployment,Master & Reference Data - staff / colleague,Party,INDIVIDUAL; ASSOCIATE; ASSOCIATE_ASSIGNMENT; INTERNAL_ORGANIZATION_UNIT
Risk Management & Regulation,Execution & Delivery,A/B and Test and Learn Deployment,"Sales and Performance Forecasts, Targets & KPIs",Party,PERFORMANCE_METRIC; PERFORMANCE_TARGET; ORGANIZATION_PERFORMANCE
Risk Management & Regulation,Execution & Delivery,A/B and Test and Learn Deployment,HR Performance Data,Party,ASSOCIATE; ASSOCIATE_PERFORMANCE_REVIEW; ASSOCIATE_ASSIGNMENT
Risk Management & Regulation,Execution & Delivery,A/B and Test and Learn Deployment,Customer Core Contact Details,Location,PARTY_CONTACT_POINT; ELECTRONIC_ADDRESS; POSTAL_ADDRESS; TELEPHONE_NUMBER
Risk Management & Regulation,Execution & Delivery,A/B and Test and Learn Deployment,Master & Reference Data - geography / location,Location,GEOGRAPHICAL_AREA; GEOGRAPHICAL_UNIT; SITE; POSTAL_ADDRESS
Risk Management & Regulation,Execution & Delivery,A/B and Test and Learn Deployment,Master & Reference Data - product,Product,Not mapped
Risk Management & Regulation,Execution & Delivery,A/B and Test and Learn Deployment,Master & Reference Data - FTP rates,Product,INTEREST_RATE; INTEREST_RATE_INDEX; PRODUCT_INTEREST_RATE
Risk Management & Regulation,Execution & Delivery,A/B and Test and Learn Deployment,Master & Reference Data - exchange rates,Product,CURRENCY; CURRENCY_EXCHANGE_RATE; CURRENCY_PAIR
Risk Management & Regulation,Execution & Delivery,A/B and Test and Learn Deployment,"Product Revenue, Cost & Margin",Product,PRODUCT; PRODUCT_PRICING; PRODUCT_COST; AGREEMENT_SUMMARY
Risk Management & Regulation,Execution & Delivery,A/B and Test and Learn Deployment,Product NPV's,Product,PRODUCT; PRODUCT_VALUATION; AGREEMENT_SUMMARY
Risk Management & Regulation,Execution & Delivery,A/B and Test and Learn Deployment,External Data - market interest rates,Product,INTEREST_RATE_INDEX; INTEREST_RATE; MARKET_INDEX; MARKET_INDEX_VALUE
Risk Management & Regulation,Execution & Delivery,A/B and Test and Learn Deployment,"External Data - market prices (E.g. equities, bonds, commodities)",Product,MARKET_INDEX; MARKET_INDEX_VALUE; INVESTMENT_PRODUCT; INVESTMENT_PRODUCT_PRICE
Risk Management & Regulation,Execution & Delivery,A/B and Test and Learn Deployment,External Data - Competitor Product & Pricing,Party & Product,PRODUCT; MARKET_INDEX
Risk Management & Regulation,Execution & Delivery,A/B and Test and Learn Deployment,Account / Policy / Service Holdings,Agreement,AGREEMENT; PARTY_AGREEMENT_ROLE; AGREEMENT_PARTY_ROLE; AGREEMENT_RELATIONSHIP
Risk Management & Regulation,Execution & Delivery,A/B and Test and Learn Deployment,Account / Policy / Service Detail,Agreement,AGREEMENT; LOAN_TERM_AGREEMENT; DEPOSIT_AGREEMENT; INSURANCE_AGREEMENT; CREDIT_CARD_AGREEMENT
Risk Management & Regulation,Execution & Delivery,A/B and Test and Learn Deployment,Account Status (open closed active / domant /inactive / closure reason ),Agreement,AGREEMENT; AGREEMENT_STATUS; AGREEMENT_STATUS_HISTORY
Risk Management & Regulation,Execution & Delivery,A/B and Test and Learn Deployment,Account Terms & Conditions,Agreement,AGREEMENT; AGREEMENT_CONDITION; AGREEMENT_TERM
Risk Management & Regulation,Execution & Delivery,A/B and Test and Learn Deployment,Account Feature Usage,Agreement,AGREEMENT_FEATURE; FEATURE; DESCRIPTIVE_FEATURE
Risk Management & Regulation,Execution & Delivery,A/B and Test and Learn Deployment,"Application Data (New Customer, New Product)",Agreement,APPLICATION; APPLICATION_STATUS; APPLICATION_PARTY_ROLE
Risk Management & Regulation,Execution & Delivery,A/B and Test and Learn Deployment,Coverage (insurance),Agreement,INSURANCE_COVERAGE; INSURANCE_AGREEMENT; COVERAGE_TYPE
Risk Management & Regulation,Execution & Delivery,A/B and Test and Learn Deployment,Account Balances,Agreement,AGREEMENT_SUMMARY; BALANCE_SUMMARY; AGREEMENT_BALANCE
Risk Management & Regulation,Execution & Delivery,A/B and Test and Learn Deployment,Investment Value,Agreement,INVESTMENT_ACCOUNT; INVESTMENT_HOLDING; INVESTMENT_PRODUCT_PRICE
Risk Management & Regulation,Execution & Delivery,A/B and Test and Learn Deployment,Market / Trading Book Positions,Agreement,TRADE_ORDER; TRADE_EXECUTION; TRADING_POSITION
Risk Management & Regulation,Execution & Delivery,A/B and Test and Learn Deployment,Mark to market valuations,Agreement,INVESTMENT_PRODUCT_PRICE; MARKET_INDEX_VALUE; AGREEMENT_VALUATION
Risk Management & Regulation,Execution & Delivery,A/B and Test and Learn Deployment,Cashflow Projections,Agreement,AGREEMENT_CASHFLOW; CASHFLOW_SCHEDULE; AGREEMENT_SUMMARY
Risk Management & Regulation,Execution & Delivery,A/B and Test and Learn Deployment,Account Maturity Dates & Repricing Schedules,Agreement,AGREEMENT; AGREEMENT_TERM; AGREEMENT_REPRICING_SCHEDULE
Risk Management & Regulation,Execution & Delivery,A/B and Test and Learn Deployment,Account Repayment Schedules,Agreement,AGREEMENT_REPAYMENT_SCHEDULE; LOAN_TERM_AGREEMENT
Risk Management & Regulation,Execution & Delivery,A/B and Test and Learn Deployment,Amortisation Schedules,Agreement,AGREEMENT_AMORTIZATION_SCHEDULE; LOAN_TERM_AGREEMENT
Risk Management & Regulation,Execution & Delivery,A/B and Test and Learn Deployment,Customer Illustrations,Agreement,DOCUMENT; PARTY_DOCUMENT
Risk Management & Regulation,Execution & Delivery,A/B and Test and Learn Deployment,Customer Quotes,Agreement,APPLICATION; QUOTE; DOCUMENT
Risk Management & Regulation,Execution & Delivery,A/B and Test and Learn Deployment,Collateral Agreements,Agreement,COLLATERAL_AGREEMENT; COLLATERAL; COLLATERAL_VALUATION; PARTY_ASSET
Risk Management & Regulation,Execution & Delivery,A/B and Test and Learn Deployment,Risk Exposures,Agreement,AGREEMENT_RISK_METRIC; RISK_EXPOSURE; CREDIT_RISK_SUMMARY
Risk Management & Regulation,Execution & Delivery,A/B and Test and Learn Deployment,Risk Weighted Assets & Capital Results,Agreement,AGREEMENT_RISK_METRIC; BANK_CAPITAL_SUMMARY; CAPITAL_REQUIREMENTS_SUMMARY
Risk Management & Regulation,Execution & Delivery,A/B and Test and Learn Deployment,Profitability Results,Agreement,AGREEMENT_SUMMARY; AGREEMENT_PROFITABILITY; PRODUCT_PROFITABILITY
Risk Management & Regulation,Execution & Delivery,A/B and Test and Learn Deployment,Account Limits,Cross Subject  -  Limits,AGREEMENT_LIMIT; LIMIT; PARTY_LIMIT
Risk Management & Regulation,Execution & Delivery,A/B and Test and Learn Deployment,Predictive Models - propensity to buy,Party or Agreement,ANALYTICAL_MODEL; MODEL_RUN; MODEL_SCORE; PARTY_MODEL_SCORE
Risk Management & Regulation,Execution & Delivery,A/B and Test and Learn Deployment,Predictive Models - attrition,Party or Agreement,ANALYTICAL_MODEL; MODEL_RUN; MODEL_SCORE; PARTY_MODEL_SCORE
Risk Management & Regulation,Execution & Delivery,A/B and Test and Learn Deployment,Predictive Models - price elasticity,Party or Agreement,ANALYTICAL_MODEL; MODEL_RUN; MODEL_SCORE
Risk Management & Regulation,Execution & Delivery,A/B and Test and Learn Deployment,Attribution Models - response,Party or Agreement,ANALYTICAL_MODEL; MODEL_RUN; CAMPAIGN_RESPONSE
Risk Management & Regulation,Execution & Delivery,A/B and Test and Learn Deployment,Lead Foodchain data,Party or Agreement,OPPORTUNITY; OPPORTUNITY_STATUS; OPPORTUNITY_PARTY_ROLE
Risk Management & Regulation,Execution & Delivery,A/B and Test and Learn Deployment,Predictive Models - risk,Party or Agreement,ANALYTICAL_MODEL; MODEL_RUN; MODEL_SCORE; PARTY_LIABILITY_CREDIT_RATING
Risk Management & Regulation,Execution & Delivery,A/B and Test and Learn Deployment,"Risk Segments, Cohorts & Groupings",Party or Agreement,PARTY_CLASSIFICATION; RISK_GRADE_VALUE; RISK_GRADE_SCHEME
Risk Management & Regulation,Execution & Delivery,A/B and Test and Learn Deployment,"Provisions, Losses & Writeoffs",Party or Agreement,AGREEMENT_RISK_METRIC; PROVISION; WRITE_OFF; LOSS_EVENT
Risk Management & Regulation,Execution & Delivery,A/B and Test and Learn Deployment,Financial Transactions,Event,MONETARY_TRANSACTION; TRANSACTION_TYPE; FINANCIAL_TRANSACTION; PAYMENT
Risk Management & Regulation,Execution & Delivery,A/B and Test and Learn Deployment,"Account Fees, Commissions & Charges",Event,MONETARY_TRANSACTION; FEE_TRANSACTION; COMMISSION_TRANSACTION; AGREEMENT_FEE
Risk Management & Regulation,Execution & Delivery,A/B and Test and Learn Deployment,Financial Interbank Payments,Event,PAYMENT; INTERBANK_PAYMENT; FINANCIAL_TRANSACTION
Risk Management & Regulation,Execution & Delivery,A/B and Test and Learn Deployment,Non-Financial Transactions,Event,EVENT; NON_MONETARY_EVENT; DIRECT_CONTACT_EVENT
Risk Management & Regulation,Execution & Delivery,A/B and Test and Learn Deployment,Service Usage,Event,CHANNEL_USAGE_METRIC; SERVICE_USAGE_EVENT; CHANNEL_INSTANCE
Risk Management & Regulation,Execution & Delivery,A/B and Test and Learn Deployment,Complaint Data,Event,COMPLAINT; COMPLAINT_STATUS; COMPLAINT_RESOLUTION
Risk Management & Regulation,Execution & Delivery,A/B and Test and Learn Deployment,Offline Customer Interactions - Branch,Event,DIRECT_CONTACT_EVENT; BRANCH_VISIT_EVENT; CHANNEL_INSTANCE
Risk Management & Regulation,Execution & Delivery,A/B and Test and Learn Deployment,Offline Customer Interactions - Call Centre,Event,DIRECT_CONTACT_EVENT; CALL_EVENT; CHANNEL_INSTANCE
Risk Management & Regulation,Execution & Delivery,A/B and Test and Learn Deployment,Offline Customer Interactions - letters,Event,DIRECT_CONTACT_EVENT; CORRESPONDENCE_EVENT; DOCUMENT
Risk Management & Regulation,Execution & Delivery,A/B and Test and Learn Deployment,Offline Customer Interactions - sms text,Event,DIRECT_CONTACT_EVENT; SMS_EVENT; ELECTRONIC_ADDRESS
Risk Management & Regulation,Execution & Delivery,A/B and Test and Learn Deployment,Online Interactions -  webchat (internal & external),Event,WEB_VISIT; WEB_PAGE_VIEW; ONLINE_INTERACTION_EVENT
Risk Management & Regulation,Execution & Delivery,A/B and Test and Learn Deployment,Online Interactions colleague intranet,Event,WEB_VISIT; WEB_PAGE_VIEW
Risk Management & Regulation,Execution & Delivery,A/B and Test and Learn Deployment,Online Interactions customer digital banking site (web log),Event,WEB_VISIT; WEB_PAGE_VIEW; EXTENDED_SESSION_INFORMATION; ONLINE_APPLICATION_ACCESS
Risk Management & Regulation,Execution & Delivery,A/B and Test and Learn Deployment,Online Interactions customer general banking site,Event,WEB_VISIT; WEB_PAGE_VIEW; ONLINE_INTERACTION_EVENT
Risk Management & Regulation,Execution & Delivery,A/B and Test and Learn Deployment,Online Interactions email - customer & employee,Event,DIRECT_CONTACT_EVENT; EMAIL_EVENT; ELECTRONIC_ADDRESS
Risk Management & Regulation,Execution & Delivery,A/B and Test and Learn Deployment,Online Interactions mobile app,Event,WEB_VISIT; WEB_PAGE_VIEW; MOBILE_APP_EVENT; CHANNEL_INSTANCE
Risk Management & Regulation,Execution & Delivery,A/B and Test and Learn Deployment,Online Interactions off-site - ad server,Event,AD; AD_PLACEMENT; AD_IMPRESSION; AD_CAMPAIGN_OBJECTIVE
Risk Management & Regulation,Execution & Delivery,A/B and Test and Learn Deployment,Online Interactions prospect / unidentified customer (web log),Event,WEB_VISIT; WEB_PAGE_VIEW; VISITOR_INTERACTION_EVENT
Risk Management & Regulation,Execution & Delivery,A/B and Test and Learn Deployment,"Case History (Fraud, Money Laundering, Complaint)",Event,CASE; CASE_EVENT; CASE_PARTY_ROLE; FRAUD_CASE
Risk Management & Regulation,Execution & Delivery,A/B and Test and Learn Deployment,Claims,Event,CLAIM; CLAIM_STATUS; CLAIM_PARTY_ROLE; CLAIM_PAYMENT
Risk Management & Regulation,Execution & Delivery,A/B and Test and Learn Deployment,Defaults & Limit Breaches,Event,AGREEMENT_STATUS; DEFAULT_EVENT; LIMIT_BREACH_EVENT; AGREEMENT_RISK_METRIC
Risk Management & Regulation,Execution & Delivery,A/B and Test and Learn Deployment,Closed Loop Outcomes / Channel Responses,Event,CAMPAIGN_RESPONSE; CAMPAIGN_OFFER_RESPONSE; DIRECT_CONTACT_EVENT
Risk Management & Regulation,Execution & Delivery,A/B and Test and Learn Deployment,External Data - Corporate Actions,Event,CORPORATE_ACTION; INVESTMENT_PRODUCT
Risk Management & Regulation,Execution & Delivery,A/B and Test and Learn Deployment,Internal Process Activity Data,Event,EVENT; PROCESS_EVENT; OPERATIONAL_EVENT
Risk Management & Regulation,Execution & Delivery,A/B and Test and Learn Deployment,Master & Reference Data - merchant / transaction,Event,MERCHANT; MERCHANT_CATEGORY; TRANSACTION_TYPE
Risk Management & Regulation,Execution & Delivery,A/B and Test and Learn Deployment,Customer interview / fact find,Event or Cross Subject - Document,DOCUMENT; SURVEY; SURVEY_QUESTION_RESPONSE; PARTY_DOCUMENT
Risk Management & Regulation,Execution & Delivery,A/B and Test and Learn Deployment,Physical Assets,Party Asset,PARTY_ASSET; FIXED_ASSET; REAL_PROPERTY
Risk Management & Regulation,Execution & Delivery,A/B and Test and Learn Deployment,Physical Asset Valuations,Party Asset,PARTY_ASSET_VALUATION; COLLATERAL_VALUATION; REAL_PROPERTY_VALUATION
Risk Management & Regulation,Execution & Delivery,A/B and Test and Learn Deployment,Master & Reference Data - organisation hierarchy,Internal Organisation,ORGANIZATION; INTERNAL_ORGANIZATION_UNIT; ORGANIZATION_UNIT_RELATIONSHIP; ORGANIZATION_BUSINESS_TYPE
Risk Management & Regulation,Execution & Delivery,A/B and Test and Learn Deployment,Master & Reference Data - Campaign,Campaign,CAMPAIGN; CAMPAIGN_TYPE; CAMPAIGN_STATUS; CAMPAIGN_WAVE
Risk Management & Regulation,Execution & Delivery,A/B and Test and Learn Deployment,Master & Reference Data - Channel,Channel,CHANNEL_TYPE; CHANNEL_INSTANCE; CHANNEL_CLASSIFICATION
Risk Management & Regulation,Execution & Delivery,A/B and Test and Learn Deployment,Finance Systems - General Ledger,Finance,Not mapped
Risk Management & Regulation,Execution & Delivery,A/B and Test and Learn Deployment,Finance Systems - ERP,Finance,GL_ACCOUNT; GL_MAIN_ACCOUNT; VENDOR; VENDOR_INVOICE
Risk Management & Regulation,Execution & Delivery,A/B and Test and Learn Deployment,"Finance Systems - Budgets, Plans & Forecasts",Finance,GL_ACCOUNT; BUDGET; FORECAST; FINANCIAL_PLAN
Risk Management & Regulation,Execution & Delivery,A/B and Test and Learn Deployment,"Model Metadata (E.g. defintion, assumptions, metrics)",Analytical Model,ANALYTICAL_MODEL; MODEL_RUN; MODEL_PARAMETER
Risk Management & Regulation,Execution & Delivery,A/B and Test and Learn Deployment,Risk Scenario & Stress Testing Results,Analytical Model,RISK_CALCULATION_SCENARIO; RISK_SCENARIO_RESULT; STRESS_TEST_RESULT
Risk Management & Regulation,Execution & Delivery,A/B and Test and Learn Deployment,"Documents - Structured Data Capture (Survey, Application Forms)",Cross Subject - Document,DOCUMENT; DOCUMENT_TYPE; SURVEY; APPLICATION
Risk Management & Regulation,Execution & Delivery,A/B and Test and Learn Deployment,Document Image,Cross Subject - Document,Not mapped
Risk Management & Regulation,Execution & Delivery,A/B and Test and Learn Deployment,Text Data,Cross Subject - Document,DOCUMENT; TEXT_CONTENT; DIGITAL_CONTENT
Risk Management & Regulation,Execution & Delivery,A/B and Test and Learn Deployment,External Data - News / Industry Feeds E.g. Reuters,Cross Subject - Document,DOCUMENT; NEWS_FEED; MARKET_INDEX
Risk Management & Regulation,Execution & Delivery,A/B and Test and Learn Deployment,Master & Reference Data - Risk Policy Rules,Cross Subject - Document,RISK_GRADE_SCHEME; RISK_GRADE_VALUE; RISK_POLICY; BUSINESS_RULE
Risk Management & Regulation,Execution & Delivery,A/B and Test and Learn Deployment,Voice Recording,Cross Subject - Multi-media object,DIGITAL_CONTENT; CALL_RECORDING; DIRECT_CONTACT_EVENT
Risk Management & Regulation,Execution & Delivery,A/B and Test and Learn Deployment,External Data - Fraud Watch Lists,Cross Subject - Watch List,WATCH_LIST; WATCH_LIST_ENTRY; PARTY_WATCH_LIST_CHECK
Risk Management & Regulation,Execution & Delivery,A/B and Test and Learn Deployment,Compliance Approvals,Cross Subject,COMPLIANCE_EVENT; APPROVAL; PARTY_COMPLIANCE_VERIFICATION
Risk Management & Regulation,Execution & Delivery,A/B and Test and Learn Deployment,Business Process Definition,Not Covered,EVENT; PROCESS_EVENT
Risk Management & Regulation,Execution & Delivery,A/B and Test and Learn Deployment,External Data - External Loss Data,Not Covered,LOSS_EVENT; OPERATIONAL_LOSS_EVENT
Risk Management & Regulation,Execution & Delivery,A/B and Test and Learn Deployment,"System Log Files (E.g. Firewall, Webserver)",Not Covered,WEB_VISIT; SYSTEM_EVENT
Risk Management & Regulation,Execution & Delivery,Real Time Threat Detection,Single Customer View (Master Record),Party,PARTY; INDIVIDUAL; ORGANIZATION; HOUSEHOLD; PARTY_RELATIONSHIP; PARTY_IDENTIFICATION
Risk Management & Regulation,Execution & Delivery,Real Time Threat Detection,KYC Data,Party,PARTY_IDENTIFICATION; PARTY_CLASSIFICATION; PARTY_IDENTITY_DOCUMENT; PARTY_COMPLIANCE_VERIFICATION
Risk Management & Regulation,Execution & Delivery,Real Time Threat Detection,Customer Demographics,Party,INDIVIDUAL; PARTY_DEMOGRAPHIC; PARTY_CLASSIFICATION; PARTY_PREFERENCE
Risk Management & Regulation,Execution & Delivery,Real Time Threat Detection,Customer Attitudinal Data,Party,PARTY_PREFERENCE; PARTY_CLASSIFICATION; PARTY_SURVEY_RESPONSE
Risk Management & Regulation,Execution & Delivery,Real Time Threat Detection,Customer Segments,Party,PARTY_CLASSIFICATION; PARTY_SEGMENT; PARTY_CLASSIFICATION_VALUE
Risk Management & Regulation,Execution & Delivery,Real Time Threat Detection,Customer Contact Preferences,Party,PARTY_PREFERENCE; PARTY_CONTACT_POINT; ELECTRONIC_ADDRESS; POSTAL_ADDRESS
Risk Management & Regulation,Execution & Delivery,Real Time Threat Detection,Customer Marketing Preferences,Party,PARTY_PREFERENCE; PARTY_MARKETING_PREFERENCE; PARTY_CONSENT
Risk Management & Regulation,Execution & Delivery,Real Time Threat Detection,Customer Satisfaction Measurement (E.g. NPS),Party,PARTY_SURVEY_RESPONSE; SURVEY; SURVEY_QUESTION_RESPONSE
Risk Management & Regulation,Execution & Delivery,Real Time Threat Detection,Economic Forecast Data,Party,ECONOMIC_INDEX; ECONOMIC_INDEX_VALUE; MARKET_INDEX
Risk Management & Regulation,Execution & Delivery,Real Time Threat Detection,Legal Actions,Party,PARTY_LEGAL_ACTION; LEGAL_ACTION; PARTY_LITIGATION
Risk Management & Regulation,Execution & Delivery,Real Time Threat Detection,External Prospect Data / Lists,Party,PARTY; PROSPECT; PARTY_LIST; PARTY_LIST_MEMBERSHIP
Risk Management & Regulation,Execution & Delivery,Real Time Threat Detection,External Data - Social Media Data,Party,SOCIAL_MEDIA_ACCOUNT; SOCIAL_MEDIA_TRANSFER; SOCIAL_MEDIA_POST
Risk Management & Regulation,Execution & Delivery,Real Time Threat Detection,External Data - Bureau data,Party,PARTY_CREDIT_BUREAU_REPORT; CREDIT_BUREAU_SCORE; PARTY_EXTERNAL_RATING
Risk Management & Regulation,Execution & Delivery,Real Time Threat Detection,External Data - Credit Rating,Party,PARTY_EXTERNAL_RATING; PARTY_LIABILITY_CREDIT_RATING; CREDIT_BUREAU_SCORE
Risk Management & Regulation,Execution & Delivery,Real Time Threat Detection,"External Economic Data (E.g. Property Prices, Salary)",Party,ECONOMIC_INDEX; ECONOMIC_INDEX_VALUE; MARKET_INDEX; MARKET_INDEX_VALUE
Risk Management & Regulation,Execution & Delivery,Real Time Threat Detection,Master & Reference Data - staff / colleague,Party,INDIVIDUAL; ASSOCIATE; ASSOCIATE_ASSIGNMENT; INTERNAL_ORGANIZATION_UNIT
Risk Management & Regulation,Execution & Delivery,Real Time Threat Detection,"Sales and Performance Forecasts, Targets & KPIs",Party,PERFORMANCE_METRIC; PERFORMANCE_TARGET; ORGANIZATION_PERFORMANCE
Risk Management & Regulation,Execution & Delivery,Real Time Threat Detection,HR Performance Data,Party,ASSOCIATE; ASSOCIATE_PERFORMANCE_REVIEW; ASSOCIATE_ASSIGNMENT
Risk Management & Regulation,Execution & Delivery,Real Time Threat Detection,Customer Core Contact Details,Location,PARTY_CONTACT_POINT; ELECTRONIC_ADDRESS; POSTAL_ADDRESS; TELEPHONE_NUMBER
Risk Management & Regulation,Execution & Delivery,Real Time Threat Detection,Master & Reference Data - geography / location,Location,GEOGRAPHICAL_AREA; GEOGRAPHICAL_UNIT; SITE; POSTAL_ADDRESS
Risk Management & Regulation,Execution & Delivery,Real Time Threat Detection,Master & Reference Data - product,Product,Not mapped
Risk Management & Regulation,Execution & Delivery,Real Time Threat Detection,Master & Reference Data - FTP rates,Product,INTEREST_RATE; INTEREST_RATE_INDEX; PRODUCT_INTEREST_RATE
Risk Management & Regulation,Execution & Delivery,Real Time Threat Detection,Master & Reference Data - exchange rates,Product,CURRENCY; CURRENCY_EXCHANGE_RATE; CURRENCY_PAIR
Risk Management & Regulation,Execution & Delivery,Real Time Threat Detection,"Product Revenue, Cost & Margin",Product,PRODUCT; PRODUCT_PRICING; PRODUCT_COST; AGREEMENT_SUMMARY
Risk Management & Regulation,Execution & Delivery,Real Time Threat Detection,Product NPV's,Product,PRODUCT; PRODUCT_VALUATION; AGREEMENT_SUMMARY
Risk Management & Regulation,Execution & Delivery,Real Time Threat Detection,External Data - market interest rates,Product,INTEREST_RATE_INDEX; INTEREST_RATE; MARKET_INDEX; MARKET_INDEX_VALUE
Risk Management & Regulation,Execution & Delivery,Real Time Threat Detection,"External Data - market prices (E.g. equities, bonds, commodities)",Product,MARKET_INDEX; MARKET_INDEX_VALUE; INVESTMENT_PRODUCT; INVESTMENT_PRODUCT_PRICE
Risk Management & Regulation,Execution & Delivery,Real Time Threat Detection,External Data - Competitor Product & Pricing,Party & Product,PRODUCT; MARKET_INDEX
Risk Management & Regulation,Execution & Delivery,Real Time Threat Detection,Account / Policy / Service Holdings,Agreement,AGREEMENT; PARTY_AGREEMENT_ROLE; AGREEMENT_PARTY_ROLE; AGREEMENT_RELATIONSHIP
Risk Management & Regulation,Execution & Delivery,Real Time Threat Detection,Account / Policy / Service Detail,Agreement,AGREEMENT; LOAN_TERM_AGREEMENT; DEPOSIT_AGREEMENT; INSURANCE_AGREEMENT; CREDIT_CARD_AGREEMENT
Risk Management & Regulation,Execution & Delivery,Real Time Threat Detection,Account Status (open closed active / domant /inactive / closure reason ),Agreement,AGREEMENT; AGREEMENT_STATUS; AGREEMENT_STATUS_HISTORY
Risk Management & Regulation,Execution & Delivery,Real Time Threat Detection,Account Terms & Conditions,Agreement,AGREEMENT; AGREEMENT_CONDITION; AGREEMENT_TERM
Risk Management & Regulation,Execution & Delivery,Real Time Threat Detection,Account Feature Usage,Agreement,AGREEMENT_FEATURE; FEATURE; DESCRIPTIVE_FEATURE
Risk Management & Regulation,Execution & Delivery,Real Time Threat Detection,"Application Data (New Customer, New Product)",Agreement,APPLICATION; APPLICATION_STATUS; APPLICATION_PARTY_ROLE
Risk Management & Regulation,Execution & Delivery,Real Time Threat Detection,Coverage (insurance),Agreement,INSURANCE_COVERAGE; INSURANCE_AGREEMENT; COVERAGE_TYPE
Risk Management & Regulation,Execution & Delivery,Real Time Threat Detection,Account Balances,Agreement,AGREEMENT_SUMMARY; BALANCE_SUMMARY; AGREEMENT_BALANCE
Risk Management & Regulation,Execution & Delivery,Real Time Threat Detection,Investment Value,Agreement,INVESTMENT_ACCOUNT; INVESTMENT_HOLDING; INVESTMENT_PRODUCT_PRICE
Risk Management & Regulation,Execution & Delivery,Real Time Threat Detection,Market / Trading Book Positions,Agreement,TRADE_ORDER; TRADE_EXECUTION; TRADING_POSITION
Risk Management & Regulation,Execution & Delivery,Real Time Threat Detection,Mark to market valuations,Agreement,INVESTMENT_PRODUCT_PRICE; MARKET_INDEX_VALUE; AGREEMENT_VALUATION
Risk Management & Regulation,Execution & Delivery,Real Time Threat Detection,Cashflow Projections,Agreement,AGREEMENT_CASHFLOW; CASHFLOW_SCHEDULE; AGREEMENT_SUMMARY
Risk Management & Regulation,Execution & Delivery,Real Time Threat Detection,Account Maturity Dates & Repricing Schedules,Agreement,AGREEMENT; AGREEMENT_TERM; AGREEMENT_REPRICING_SCHEDULE
Risk Management & Regulation,Execution & Delivery,Real Time Threat Detection,Account Repayment Schedules,Agreement,AGREEMENT_REPAYMENT_SCHEDULE; LOAN_TERM_AGREEMENT
Risk Management & Regulation,Execution & Delivery,Real Time Threat Detection,Amortisation Schedules,Agreement,AGREEMENT_AMORTIZATION_SCHEDULE; LOAN_TERM_AGREEMENT
Risk Management & Regulation,Execution & Delivery,Real Time Threat Detection,Customer Illustrations,Agreement,DOCUMENT; PARTY_DOCUMENT
Risk Management & Regulation,Execution & Delivery,Real Time Threat Detection,Customer Quotes,Agreement,APPLICATION; QUOTE; DOCUMENT
Risk Management & Regulation,Execution & Delivery,Real Time Threat Detection,Collateral Agreements,Agreement,COLLATERAL_AGREEMENT; COLLATERAL; COLLATERAL_VALUATION; PARTY_ASSET
Risk Management & Regulation,Execution & Delivery,Real Time Threat Detection,Risk Exposures,Agreement,AGREEMENT_RISK_METRIC; RISK_EXPOSURE; CREDIT_RISK_SUMMARY
Risk Management & Regulation,Execution & Delivery,Real Time Threat Detection,Risk Weighted Assets & Capital Results,Agreement,AGREEMENT_RISK_METRIC; BANK_CAPITAL_SUMMARY; CAPITAL_REQUIREMENTS_SUMMARY
Risk Management & Regulation,Execution & Delivery,Real Time Threat Detection,Profitability Results,Agreement,AGREEMENT_SUMMARY; AGREEMENT_PROFITABILITY; PRODUCT_PROFITABILITY
Risk Management & Regulation,Execution & Delivery,Real Time Threat Detection,Account Limits,Cross Subject  -  Limits,AGREEMENT_LIMIT; LIMIT; PARTY_LIMIT
Risk Management & Regulation,Execution & Delivery,Real Time Threat Detection,Predictive Models - propensity to buy,Party or Agreement,ANALYTICAL_MODEL; MODEL_RUN; MODEL_SCORE; PARTY_MODEL_SCORE
Risk Management & Regulation,Execution & Delivery,Real Time Threat Detection,Predictive Models - attrition,Party or Agreement,ANALYTICAL_MODEL; MODEL_RUN; MODEL_SCORE; PARTY_MODEL_SCORE
Risk Management & Regulation,Execution & Delivery,Real Time Threat Detection,Predictive Models - price elasticity,Party or Agreement,ANALYTICAL_MODEL; MODEL_RUN; MODEL_SCORE
Risk Management & Regulation,Execution & Delivery,Real Time Threat Detection,Attribution Models - response,Party or Agreement,ANALYTICAL_MODEL; MODEL_RUN; CAMPAIGN_RESPONSE
Risk Management & Regulation,Execution & Delivery,Real Time Threat Detection,Lead Foodchain data,Party or Agreement,OPPORTUNITY; OPPORTUNITY_STATUS; OPPORTUNITY_PARTY_ROLE
Risk Management & Regulation,Execution & Delivery,Real Time Threat Detection,Predictive Models - risk,Party or Agreement,ANALYTICAL_MODEL; MODEL_RUN; MODEL_SCORE; PARTY_LIABILITY_CREDIT_RATING
Risk Management & Regulation,Execution & Delivery,Real Time Threat Detection,"Risk Segments, Cohorts & Groupings",Party or Agreement,PARTY_CLASSIFICATION; RISK_GRADE_VALUE; RISK_GRADE_SCHEME
Risk Management & Regulation,Execution & Delivery,Real Time Threat Detection,"Provisions, Losses & Writeoffs",Party or Agreement,AGREEMENT_RISK_METRIC; PROVISION; WRITE_OFF; LOSS_EVENT
Risk Management & Regulation,Execution & Delivery,Real Time Threat Detection,Financial Transactions,Event,MONETARY_TRANSACTION; TRANSACTION_TYPE; FINANCIAL_TRANSACTION; PAYMENT
Risk Management & Regulation,Execution & Delivery,Real Time Threat Detection,"Account Fees, Commissions & Charges",Event,MONETARY_TRANSACTION; FEE_TRANSACTION; COMMISSION_TRANSACTION; AGREEMENT_FEE
Risk Management & Regulation,Execution & Delivery,Real Time Threat Detection,Financial Interbank Payments,Event,PAYMENT; INTERBANK_PAYMENT; FINANCIAL_TRANSACTION
Risk Management & Regulation,Execution & Delivery,Real Time Threat Detection,Non-Financial Transactions,Event,EVENT; NON_MONETARY_EVENT; DIRECT_CONTACT_EVENT
Risk Management & Regulation,Execution & Delivery,Real Time Threat Detection,Service Usage,Event,CHANNEL_USAGE_METRIC; SERVICE_USAGE_EVENT; CHANNEL_INSTANCE
Risk Management & Regulation,Execution & Delivery,Real Time Threat Detection,Complaint Data,Event,COMPLAINT; COMPLAINT_STATUS; COMPLAINT_RESOLUTION
Risk Management & Regulation,Execution & Delivery,Real Time Threat Detection,Offline Customer Interactions - Branch,Event,DIRECT_CONTACT_EVENT; BRANCH_VISIT_EVENT; CHANNEL_INSTANCE
Risk Management & Regulation,Execution & Delivery,Real Time Threat Detection,Offline Customer Interactions - Call Centre,Event,DIRECT_CONTACT_EVENT; CALL_EVENT; CHANNEL_INSTANCE
Risk Management & Regulation,Execution & Delivery,Real Time Threat Detection,Offline Customer Interactions - letters,Event,DIRECT_CONTACT_EVENT; CORRESPONDENCE_EVENT; DOCUMENT
Risk Management & Regulation,Execution & Delivery,Real Time Threat Detection,Offline Customer Interactions - sms text,Event,DIRECT_CONTACT_EVENT; SMS_EVENT; ELECTRONIC_ADDRESS
Risk Management & Regulation,Execution & Delivery,Real Time Threat Detection,Online Interactions -  webchat (internal & external),Event,WEB_VISIT; WEB_PAGE_VIEW; ONLINE_INTERACTION_EVENT
Risk Management & Regulation,Execution & Delivery,Real Time Threat Detection,Online Interactions colleague intranet,Event,WEB_VISIT; WEB_PAGE_VIEW
Risk Management & Regulation,Execution & Delivery,Real Time Threat Detection,Online Interactions customer digital banking site (web log),Event,WEB_VISIT; WEB_PAGE_VIEW; EXTENDED_SESSION_INFORMATION; ONLINE_APPLICATION_ACCESS
Risk Management & Regulation,Execution & Delivery,Real Time Threat Detection,Online Interactions customer general banking site,Event,WEB_VISIT; WEB_PAGE_VIEW; ONLINE_INTERACTION_EVENT
Risk Management & Regulation,Execution & Delivery,Real Time Threat Detection,Online Interactions email - customer & employee,Event,DIRECT_CONTACT_EVENT; EMAIL_EVENT; ELECTRONIC_ADDRESS
Risk Management & Regulation,Execution & Delivery,Real Time Threat Detection,Online Interactions mobile app,Event,WEB_VISIT; WEB_PAGE_VIEW; MOBILE_APP_EVENT; CHANNEL_INSTANCE
Risk Management & Regulation,Execution & Delivery,Real Time Threat Detection,Online Interactions off-site - ad server,Event,AD; AD_PLACEMENT; AD_IMPRESSION; AD_CAMPAIGN_OBJECTIVE
Risk Management & Regulation,Execution & Delivery,Real Time Threat Detection,Online Interactions prospect / unidentified customer (web log),Event,WEB_VISIT; WEB_PAGE_VIEW; VISITOR_INTERACTION_EVENT
Risk Management & Regulation,Execution & Delivery,Real Time Threat Detection,"Case History (Fraud, Money Laundering, Complaint)",Event,CASE; CASE_EVENT; CASE_PARTY_ROLE; FRAUD_CASE
Risk Management & Regulation,Execution & Delivery,Real Time Threat Detection,Claims,Event,CLAIM; CLAIM_STATUS; CLAIM_PARTY_ROLE; CLAIM_PAYMENT
Risk Management & Regulation,Execution & Delivery,Real Time Threat Detection,Defaults & Limit Breaches,Event,AGREEMENT_STATUS; DEFAULT_EVENT; LIMIT_BREACH_EVENT; AGREEMENT_RISK_METRIC
Risk Management & Regulation,Execution & Delivery,Real Time Threat Detection,Closed Loop Outcomes / Channel Responses,Event,CAMPAIGN_RESPONSE; CAMPAIGN_OFFER_RESPONSE; DIRECT_CONTACT_EVENT
Risk Management & Regulation,Execution & Delivery,Real Time Threat Detection,External Data - Corporate Actions,Event,CORPORATE_ACTION; INVESTMENT_PRODUCT
Risk Management & Regulation,Execution & Delivery,Real Time Threat Detection,Internal Process Activity Data,Event,EVENT; PROCESS_EVENT; OPERATIONAL_EVENT
Risk Management & Regulation,Execution & Delivery,Real Time Threat Detection,Master & Reference Data - merchant / transaction,Event,MERCHANT; MERCHANT_CATEGORY; TRANSACTION_TYPE
Risk Management & Regulation,Execution & Delivery,Real Time Threat Detection,Customer interview / fact find,Event or Cross Subject - Document,DOCUMENT; SURVEY; SURVEY_QUESTION_RESPONSE; PARTY_DOCUMENT
Risk Management & Regulation,Execution & Delivery,Real Time Threat Detection,Physical Assets,Party Asset,PARTY_ASSET; FIXED_ASSET; REAL_PROPERTY
Risk Management & Regulation,Execution & Delivery,Real Time Threat Detection,Physical Asset Valuations,Party Asset,PARTY_ASSET_VALUATION; COLLATERAL_VALUATION; REAL_PROPERTY_VALUATION
Risk Management & Regulation,Execution & Delivery,Real Time Threat Detection,Master & Reference Data - organisation hierarchy,Internal Organisation,ORGANIZATION; INTERNAL_ORGANIZATION_UNIT; ORGANIZATION_UNIT_RELATIONSHIP; ORGANIZATION_BUSINESS_TYPE
Risk Management & Regulation,Execution & Delivery,Real Time Threat Detection,Master & Reference Data - Campaign,Campaign,CAMPAIGN; CAMPAIGN_TYPE; CAMPAIGN_STATUS; CAMPAIGN_WAVE
Risk Management & Regulation,Execution & Delivery,Real Time Threat Detection,Master & Reference Data - Channel,Channel,CHANNEL_TYPE; CHANNEL_INSTANCE; CHANNEL_CLASSIFICATION
Risk Management & Regulation,Execution & Delivery,Real Time Threat Detection,Finance Systems - General Ledger,Finance,Not mapped
Risk Management & Regulation,Execution & Delivery,Real Time Threat Detection,Finance Systems - ERP,Finance,GL_ACCOUNT; GL_MAIN_ACCOUNT; VENDOR; VENDOR_INVOICE
Risk Management & Regulation,Execution & Delivery,Real Time Threat Detection,"Finance Systems - Budgets, Plans & Forecasts",Finance,GL_ACCOUNT; BUDGET; FORECAST; FINANCIAL_PLAN
Risk Management & Regulation,Execution & Delivery,Real Time Threat Detection,"Model Metadata (E.g. defintion, assumptions, metrics)",Analytical Model,ANALYTICAL_MODEL; MODEL_RUN; MODEL_PARAMETER
Risk Management & Regulation,Execution & Delivery,Real Time Threat Detection,Risk Scenario & Stress Testing Results,Analytical Model,RISK_CALCULATION_SCENARIO; RISK_SCENARIO_RESULT; STRESS_TEST_RESULT
Risk Management & Regulation,Execution & Delivery,Real Time Threat Detection,"Documents - Structured Data Capture (Survey, Application Forms)",Cross Subject - Document,DOCUMENT; DOCUMENT_TYPE; SURVEY; APPLICATION
Risk Management & Regulation,Execution & Delivery,Real Time Threat Detection,Document Image,Cross Subject - Document,Not mapped
Risk Management & Regulation,Execution & Delivery,Real Time Threat Detection,Text Data,Cross Subject - Document,DOCUMENT; TEXT_CONTENT; DIGITAL_CONTENT
Risk Management & Regulation,Execution & Delivery,Real Time Threat Detection,External Data - News / Industry Feeds E.g. Reuters,Cross Subject - Document,DOCUMENT; NEWS_FEED; MARKET_INDEX
Risk Management & Regulation,Execution & Delivery,Real Time Threat Detection,Master & Reference Data - Risk Policy Rules,Cross Subject - Document,RISK_GRADE_SCHEME; RISK_GRADE_VALUE; RISK_POLICY; BUSINESS_RULE
Risk Management & Regulation,Execution & Delivery,Real Time Threat Detection,Voice Recording,Cross Subject - Multi-media object,DIGITAL_CONTENT; CALL_RECORDING; DIRECT_CONTACT_EVENT
Risk Management & Regulation,Execution & Delivery,Real Time Threat Detection,External Data - Fraud Watch Lists,Cross Subject - Watch List,WATCH_LIST; WATCH_LIST_ENTRY; PARTY_WATCH_LIST_CHECK
Risk Management & Regulation,Execution & Delivery,Real Time Threat Detection,Compliance Approvals,Cross Subject,COMPLIANCE_EVENT; APPROVAL; PARTY_COMPLIANCE_VERIFICATION
Risk Management & Regulation,Execution & Delivery,Real Time Threat Detection,Business Process Definition,Not Covered,EVENT; PROCESS_EVENT
Risk Management & Regulation,Execution & Delivery,Real Time Threat Detection,External Data - External Loss Data,Not Covered,LOSS_EVENT; OPERATIONAL_LOSS_EVENT
Risk Management & Regulation,Execution & Delivery,Real Time Threat Detection,"System Log Files (E.g. Firewall, Webserver)",Not Covered,WEB_VISIT; SYSTEM_EVENT
Risk Management & Regulation,Reporting & BI,New Business MI & Reporting,Single Customer View (Master Record),Party,PARTY; INDIVIDUAL; ORGANIZATION; HOUSEHOLD; PARTY_RELATIONSHIP; PARTY_IDENTIFICATION
Risk Management & Regulation,Reporting & BI,New Business MI & Reporting,KYC Data,Party,PARTY_IDENTIFICATION; PARTY_CLASSIFICATION; PARTY_IDENTITY_DOCUMENT; PARTY_COMPLIANCE_VERIFICATION
Risk Management & Regulation,Reporting & BI,New Business MI & Reporting,Customer Demographics,Party,INDIVIDUAL; PARTY_DEMOGRAPHIC; PARTY_CLASSIFICATION; PARTY_PREFERENCE
Risk Management & Regulation,Reporting & BI,New Business MI & Reporting,Customer Attitudinal Data,Party,PARTY_PREFERENCE; PARTY_CLASSIFICATION; PARTY_SURVEY_RESPONSE
Risk Management & Regulation,Reporting & BI,New Business MI & Reporting,Customer Segments,Party,PARTY_CLASSIFICATION; PARTY_SEGMENT; PARTY_CLASSIFICATION_VALUE
Risk Management & Regulation,Reporting & BI,New Business MI & Reporting,Customer Contact Preferences,Party,PARTY_PREFERENCE; PARTY_CONTACT_POINT; ELECTRONIC_ADDRESS; POSTAL_ADDRESS
Risk Management & Regulation,Reporting & BI,New Business MI & Reporting,Customer Marketing Preferences,Party,PARTY_PREFERENCE; PARTY_MARKETING_PREFERENCE; PARTY_CONSENT
Risk Management & Regulation,Reporting & BI,New Business MI & Reporting,Customer Satisfaction Measurement (E.g. NPS),Party,PARTY_SURVEY_RESPONSE; SURVEY; SURVEY_QUESTION_RESPONSE
Risk Management & Regulation,Reporting & BI,New Business MI & Reporting,External Prospect Data / Lists,Party,PARTY; PROSPECT; PARTY_LIST; PARTY_LIST_MEMBERSHIP
Risk Management & Regulation,Reporting & BI,New Business MI & Reporting,External Data - Bureau data,Party,PARTY_CREDIT_BUREAU_REPORT; CREDIT_BUREAU_SCORE; PARTY_EXTERNAL_RATING
Risk Management & Regulation,Reporting & BI,New Business MI & Reporting,External Data - Credit Rating,Party,PARTY_EXTERNAL_RATING; PARTY_LIABILITY_CREDIT_RATING; CREDIT_BUREAU_SCORE
Risk Management & Regulation,Reporting & BI,New Business MI & Reporting,Master & Reference Data - staff / colleague,Party,INDIVIDUAL; ASSOCIATE; ASSOCIATE_ASSIGNMENT; INTERNAL_ORGANIZATION_UNIT
Risk Management & Regulation,Reporting & BI,New Business MI & Reporting,"Sales and Performance Forecasts, Targets & KPIs",Party,PERFORMANCE_METRIC; PERFORMANCE_TARGET; ORGANIZATION_PERFORMANCE
Risk Management & Regulation,Reporting & BI,New Business MI & Reporting,Customer Core Contact Details,Location,PARTY_CONTACT_POINT; ELECTRONIC_ADDRESS; POSTAL_ADDRESS; TELEPHONE_NUMBER
Risk Management & Regulation,Reporting & BI,New Business MI & Reporting,Master & Reference Data - geography / location,Location,GEOGRAPHICAL_AREA; GEOGRAPHICAL_UNIT; SITE; POSTAL_ADDRESS
Risk Management & Regulation,Reporting & BI,New Business MI & Reporting,Master & Reference Data - product,Product,Not mapped
Risk Management & Regulation,Reporting & BI,New Business MI & Reporting,Master & Reference Data - FTP rates,Product,INTEREST_RATE; INTEREST_RATE_INDEX; PRODUCT_INTEREST_RATE
Risk Management & Regulation,Reporting & BI,New Business MI & Reporting,Master & Reference Data - exchange rates,Product,CURRENCY; CURRENCY_EXCHANGE_RATE; CURRENCY_PAIR
Risk Management & Regulation,Reporting & BI,New Business MI & Reporting,"Product Revenue, Cost & Margin",Product,PRODUCT; PRODUCT_PRICING; PRODUCT_COST; AGREEMENT_SUMMARY
Risk Management & Regulation,Reporting & BI,New Business MI & Reporting,Product NPV's,Product,PRODUCT; PRODUCT_VALUATION; AGREEMENT_SUMMARY
Risk Management & Regulation,Reporting & BI,New Business MI & Reporting,External Data - market interest rates,Product,INTEREST_RATE_INDEX; INTEREST_RATE; MARKET_INDEX; MARKET_INDEX_VALUE
Risk Management & Regulation,Reporting & BI,New Business MI & Reporting,"External Data - market prices (E.g. equities, bonds, commodities)",Product,MARKET_INDEX; MARKET_INDEX_VALUE; INVESTMENT_PRODUCT; INVESTMENT_PRODUCT_PRICE
Risk Management & Regulation,Reporting & BI,New Business MI & Reporting,External Data - Competitor Product & Pricing,Party & Product,PRODUCT; MARKET_INDEX
Risk Management & Regulation,Reporting & BI,New Business MI & Reporting,Account / Policy / Service Holdings,Agreement,AGREEMENT; PARTY_AGREEMENT_ROLE; AGREEMENT_PARTY_ROLE; AGREEMENT_RELATIONSHIP
Risk Management & Regulation,Reporting & BI,New Business MI & Reporting,Account / Policy / Service Detail,Agreement,AGREEMENT; LOAN_TERM_AGREEMENT; DEPOSIT_AGREEMENT; INSURANCE_AGREEMENT; CREDIT_CARD_AGREEMENT
Risk Management & Regulation,Reporting & BI,New Business MI & Reporting,Account Status (open closed active / domant /inactive / closure reason ),Agreement,AGREEMENT; AGREEMENT_STATUS; AGREEMENT_STATUS_HISTORY
Risk Management & Regulation,Reporting & BI,New Business MI & Reporting,Account Terms & Conditions,Agreement,AGREEMENT; AGREEMENT_CONDITION; AGREEMENT_TERM
Risk Management & Regulation,Reporting & BI,New Business MI & Reporting,"Application Data (New Customer, New Product)",Agreement,APPLICATION; APPLICATION_STATUS; APPLICATION_PARTY_ROLE
Risk Management & Regulation,Reporting & BI,New Business MI & Reporting,Coverage (insurance),Agreement,INSURANCE_COVERAGE; INSURANCE_AGREEMENT; COVERAGE_TYPE
Risk Management & Regulation,Reporting & BI,New Business MI & Reporting,Account Balances,Agreement,AGREEMENT_SUMMARY; BALANCE_SUMMARY; AGREEMENT_BALANCE
Risk Management & Regulation,Reporting & BI,New Business MI & Reporting,Mark to market valuations,Agreement,INVESTMENT_PRODUCT_PRICE; MARKET_INDEX_VALUE; AGREEMENT_VALUATION
Risk Management & Regulation,Reporting & BI,New Business MI & Reporting,Account Maturity Dates & Repricing Schedules,Agreement,AGREEMENT; AGREEMENT_TERM; AGREEMENT_REPRICING_SCHEDULE
Risk Management & Regulation,Reporting & BI,New Business MI & Reporting,Customer Illustrations,Agreement,DOCUMENT; PARTY_DOCUMENT
Risk Management & Regulation,Reporting & BI,New Business MI & Reporting,Customer Quotes,Agreement,APPLICATION; QUOTE; DOCUMENT
Risk Management & Regulation,Reporting & BI,New Business MI & Reporting,Collateral Agreements,Agreement,COLLATERAL_AGREEMENT; COLLATERAL; COLLATERAL_VALUATION; PARTY_ASSET
Risk Management & Regulation,Reporting & BI,New Business MI & Reporting,Risk Exposures,Agreement,AGREEMENT_RISK_METRIC; RISK_EXPOSURE; CREDIT_RISK_SUMMARY
Risk Management & Regulation,Reporting & BI,New Business MI & Reporting,Account Limits,Cross Subject  -  Limits,AGREEMENT_LIMIT; LIMIT; PARTY_LIMIT
Risk Management & Regulation,Reporting & BI,New Business MI & Reporting,Predictive Models - propensity to buy,Party or Agreement,ANALYTICAL_MODEL; MODEL_RUN; MODEL_SCORE; PARTY_MODEL_SCORE
Risk Management & Regulation,Reporting & BI,New Business MI & Reporting,Predictive Models - price elasticity,Party or Agreement,ANALYTICAL_MODEL; MODEL_RUN; MODEL_SCORE
Risk Management & Regulation,Reporting & BI,New Business MI & Reporting,Attribution Models - response,Party or Agreement,ANALYTICAL_MODEL; MODEL_RUN; CAMPAIGN_RESPONSE
Risk Management & Regulation,Reporting & BI,New Business MI & Reporting,Lead Foodchain data,Party or Agreement,OPPORTUNITY; OPPORTUNITY_STATUS; OPPORTUNITY_PARTY_ROLE
Risk Management & Regulation,Reporting & BI,New Business MI & Reporting,Predictive Models - risk,Party or Agreement,ANALYTICAL_MODEL; MODEL_RUN; MODEL_SCORE; PARTY_LIABILITY_CREDIT_RATING
Risk Management & Regulation,Reporting & BI,New Business MI & Reporting,"Risk Segments, Cohorts & Groupings",Party or Agreement,PARTY_CLASSIFICATION; RISK_GRADE_VALUE; RISK_GRADE_SCHEME
Risk Management & Regulation,Reporting & BI,New Business MI & Reporting,"Provisions, Losses & Writeoffs",Party or Agreement,AGREEMENT_RISK_METRIC; PROVISION; WRITE_OFF; LOSS_EVENT
Risk Management & Regulation,Reporting & BI,New Business MI & Reporting,Offline Customer Interactions - Branch,Event,DIRECT_CONTACT_EVENT; BRANCH_VISIT_EVENT; CHANNEL_INSTANCE
Risk Management & Regulation,Reporting & BI,New Business MI & Reporting,Offline Customer Interactions - Call Centre,Event,DIRECT_CONTACT_EVENT; CALL_EVENT; CHANNEL_INSTANCE
Risk Management & Regulation,Reporting & BI,New Business MI & Reporting,Offline Customer Interactions - letters,Event,DIRECT_CONTACT_EVENT; CORRESPONDENCE_EVENT; DOCUMENT
Risk Management & Regulation,Reporting & BI,New Business MI & Reporting,Offline Customer Interactions - sms text,Event,DIRECT_CONTACT_EVENT; SMS_EVENT; ELECTRONIC_ADDRESS
Risk Management & Regulation,Reporting & BI,New Business MI & Reporting,Online Interactions -  webchat (internal & external),Event,WEB_VISIT; WEB_PAGE_VIEW; ONLINE_INTERACTION_EVENT
Risk Management & Regulation,Reporting & BI,New Business MI & Reporting,Online Interactions customer digital banking site (web log),Event,WEB_VISIT; WEB_PAGE_VIEW; EXTENDED_SESSION_INFORMATION; ONLINE_APPLICATION_ACCESS
Risk Management & Regulation,Reporting & BI,New Business MI & Reporting,Online Interactions customer general banking site,Event,WEB_VISIT; WEB_PAGE_VIEW; ONLINE_INTERACTION_EVENT
Risk Management & Regulation,Reporting & BI,New Business MI & Reporting,Online Interactions email - customer & employee,Event,DIRECT_CONTACT_EVENT; EMAIL_EVENT; ELECTRONIC_ADDRESS
Risk Management & Regulation,Reporting & BI,New Business MI & Reporting,Online Interactions mobile app,Event,WEB_VISIT; WEB_PAGE_VIEW; MOBILE_APP_EVENT; CHANNEL_INSTANCE
Risk Management & Regulation,Reporting & BI,New Business MI & Reporting,Online Interactions off-site - ad server,Event,AD; AD_PLACEMENT; AD_IMPRESSION; AD_CAMPAIGN_OBJECTIVE
Risk Management & Regulation,Reporting & BI,New Business MI & Reporting,Defaults & Limit Breaches,Event,AGREEMENT_STATUS; DEFAULT_EVENT; LIMIT_BREACH_EVENT; AGREEMENT_RISK_METRIC
Risk Management & Regulation,Reporting & BI,New Business MI & Reporting,Closed Loop Outcomes / Channel Responses,Event,CAMPAIGN_RESPONSE; CAMPAIGN_OFFER_RESPONSE; DIRECT_CONTACT_EVENT
Risk Management & Regulation,Reporting & BI,New Business MI & Reporting,Internal Process Activity Data,Event,EVENT; PROCESS_EVENT; OPERATIONAL_EVENT
Risk Management & Regulation,Reporting & BI,New Business MI & Reporting,Physical Assets,Party Asset,PARTY_ASSET; FIXED_ASSET; REAL_PROPERTY
Risk Management & Regulation,Reporting & BI,New Business MI & Reporting,Physical Asset Valuations,Party Asset,PARTY_ASSET_VALUATION; COLLATERAL_VALUATION; REAL_PROPERTY_VALUATION
Risk Management & Regulation,Reporting & BI,New Business MI & Reporting,Master & Reference Data - organisation hierarchy,Internal Organisation,ORGANIZATION; INTERNAL_ORGANIZATION_UNIT; ORGANIZATION_UNIT_RELATIONSHIP; ORGANIZATION_BUSINESS_TYPE
Risk Management & Regulation,Reporting & BI,New Business MI & Reporting,Master & Reference Data - Campaign,Campaign,CAMPAIGN; CAMPAIGN_TYPE; CAMPAIGN_STATUS; CAMPAIGN_WAVE
Risk Management & Regulation,Reporting & BI,New Business MI & Reporting,"Model Metadata (E.g. defintion, assumptions, metrics)",Analytical Model,ANALYTICAL_MODEL; MODEL_RUN; MODEL_PARAMETER
Risk Management & Regulation,Reporting & BI,New Business MI & Reporting,Risk Scenario & Stress Testing Results,Analytical Model,RISK_CALCULATION_SCENARIO; RISK_SCENARIO_RESULT; STRESS_TEST_RESULT
Risk Management & Regulation,Reporting & BI,New Business MI & Reporting,Master & Reference Data - Risk Policy Rules,Cross Subject - Document,RISK_GRADE_SCHEME; RISK_GRADE_VALUE; RISK_POLICY; BUSINESS_RULE
Risk Management & Regulation,Reporting & BI,Model Performance Analytics,Single Customer View (Master Record),Party,PARTY; INDIVIDUAL; ORGANIZATION; HOUSEHOLD; PARTY_RELATIONSHIP; PARTY_IDENTIFICATION
Risk Management & Regulation,Reporting & BI,Model Performance Analytics,KYC Data,Party,PARTY_IDENTIFICATION; PARTY_CLASSIFICATION; PARTY_IDENTITY_DOCUMENT; PARTY_COMPLIANCE_VERIFICATION
Risk Management & Regulation,Reporting & BI,Model Performance Analytics,Customer Demographics,Party,INDIVIDUAL; PARTY_DEMOGRAPHIC; PARTY_CLASSIFICATION; PARTY_PREFERENCE
Risk Management & Regulation,Reporting & BI,Model Performance Analytics,Customer Attitudinal Data,Party,PARTY_PREFERENCE; PARTY_CLASSIFICATION; PARTY_SURVEY_RESPONSE
Risk Management & Regulation,Reporting & BI,Model Performance Analytics,Customer Segments,Party,PARTY_CLASSIFICATION; PARTY_SEGMENT; PARTY_CLASSIFICATION_VALUE
Risk Management & Regulation,Reporting & BI,Model Performance Analytics,Customer Contact Preferences,Party,PARTY_PREFERENCE; PARTY_CONTACT_POINT; ELECTRONIC_ADDRESS; POSTAL_ADDRESS
Risk Management & Regulation,Reporting & BI,Model Performance Analytics,Customer Marketing Preferences,Party,PARTY_PREFERENCE; PARTY_MARKETING_PREFERENCE; PARTY_CONSENT
Risk Management & Regulation,Reporting & BI,Model Performance Analytics,Customer Satisfaction Measurement (E.g. NPS),Party,PARTY_SURVEY_RESPONSE; SURVEY; SURVEY_QUESTION_RESPONSE
Risk Management & Regulation,Reporting & BI,Model Performance Analytics,Economic Forecast Data,Party,ECONOMIC_INDEX; ECONOMIC_INDEX_VALUE; MARKET_INDEX
Risk Management & Regulation,Reporting & BI,Model Performance Analytics,Legal Actions,Party,PARTY_LEGAL_ACTION; LEGAL_ACTION; PARTY_LITIGATION
Risk Management & Regulation,Reporting & BI,Model Performance Analytics,External Prospect Data / Lists,Party,PARTY; PROSPECT; PARTY_LIST; PARTY_LIST_MEMBERSHIP
Risk Management & Regulation,Reporting & BI,Model Performance Analytics,External Data - Social Media Data,Party,SOCIAL_MEDIA_ACCOUNT; SOCIAL_MEDIA_TRANSFER; SOCIAL_MEDIA_POST
Risk Management & Regulation,Reporting & BI,Model Performance Analytics,External Data - Bureau data,Party,PARTY_CREDIT_BUREAU_REPORT; CREDIT_BUREAU_SCORE; PARTY_EXTERNAL_RATING
Risk Management & Regulation,Reporting & BI,Model Performance Analytics,External Data - Credit Rating,Party,PARTY_EXTERNAL_RATING; PARTY_LIABILITY_CREDIT_RATING; CREDIT_BUREAU_SCORE
Risk Management & Regulation,Reporting & BI,Model Performance Analytics,"External Economic Data (E.g. Property Prices, Salary)",Party,ECONOMIC_INDEX; ECONOMIC_INDEX_VALUE; MARKET_INDEX; MARKET_INDEX_VALUE
Risk Management & Regulation,Reporting & BI,Model Performance Analytics,Master & Reference Data - staff / colleague,Party,INDIVIDUAL; ASSOCIATE; ASSOCIATE_ASSIGNMENT; INTERNAL_ORGANIZATION_UNIT
Risk Management & Regulation,Reporting & BI,Model Performance Analytics,"Sales and Performance Forecasts, Targets & KPIs",Party,PERFORMANCE_METRIC; PERFORMANCE_TARGET; ORGANIZATION_PERFORMANCE
Risk Management & Regulation,Reporting & BI,Model Performance Analytics,HR Performance Data,Party,ASSOCIATE; ASSOCIATE_PERFORMANCE_REVIEW; ASSOCIATE_ASSIGNMENT
Risk Management & Regulation,Reporting & BI,Model Performance Analytics,Customer Core Contact Details,Location,PARTY_CONTACT_POINT; ELECTRONIC_ADDRESS; POSTAL_ADDRESS; TELEPHONE_NUMBER
Risk Management & Regulation,Reporting & BI,Model Performance Analytics,Master & Reference Data - geography / location,Location,GEOGRAPHICAL_AREA; GEOGRAPHICAL_UNIT; SITE; POSTAL_ADDRESS
Risk Management & Regulation,Reporting & BI,Model Performance Analytics,Master & Reference Data - product,Product,Not mapped
Risk Management & Regulation,Reporting & BI,Model Performance Analytics,Master & Reference Data - FTP rates,Product,INTEREST_RATE; INTEREST_RATE_INDEX; PRODUCT_INTEREST_RATE
Risk Management & Regulation,Reporting & BI,Model Performance Analytics,Master & Reference Data - exchange rates,Product,CURRENCY; CURRENCY_EXCHANGE_RATE; CURRENCY_PAIR
Risk Management & Regulation,Reporting & BI,Model Performance Analytics,"Product Revenue, Cost & Margin",Product,PRODUCT; PRODUCT_PRICING; PRODUCT_COST; AGREEMENT_SUMMARY
Risk Management & Regulation,Reporting & BI,Model Performance Analytics,Product NPV's,Product,PRODUCT; PRODUCT_VALUATION; AGREEMENT_SUMMARY
Risk Management & Regulation,Reporting & BI,Model Performance Analytics,External Data - market interest rates,Product,INTEREST_RATE_INDEX; INTEREST_RATE; MARKET_INDEX; MARKET_INDEX_VALUE
Risk Management & Regulation,Reporting & BI,Model Performance Analytics,"External Data - market prices (E.g. equities, bonds, commodities)",Product,MARKET_INDEX; MARKET_INDEX_VALUE; INVESTMENT_PRODUCT; INVESTMENT_PRODUCT_PRICE
Risk Management & Regulation,Reporting & BI,Model Performance Analytics,External Data - Competitor Product & Pricing,Party & Product,PRODUCT; MARKET_INDEX
Risk Management & Regulation,Reporting & BI,Model Performance Analytics,Account / Policy / Service Holdings,Agreement,AGREEMENT; PARTY_AGREEMENT_ROLE; AGREEMENT_PARTY_ROLE; AGREEMENT_RELATIONSHIP
Risk Management & Regulation,Reporting & BI,Model Performance Analytics,Account / Policy / Service Detail,Agreement,AGREEMENT; LOAN_TERM_AGREEMENT; DEPOSIT_AGREEMENT; INSURANCE_AGREEMENT; CREDIT_CARD_AGREEMENT
Risk Management & Regulation,Reporting & BI,Model Performance Analytics,Account Status (open closed active / domant /inactive / closure reason ),Agreement,AGREEMENT; AGREEMENT_STATUS; AGREEMENT_STATUS_HISTORY
Risk Management & Regulation,Reporting & BI,Model Performance Analytics,Account Terms & Conditions,Agreement,AGREEMENT; AGREEMENT_CONDITION; AGREEMENT_TERM
Risk Management & Regulation,Reporting & BI,Model Performance Analytics,Account Feature Usage,Agreement,AGREEMENT_FEATURE; FEATURE; DESCRIPTIVE_FEATURE
Risk Management & Regulation,Reporting & BI,Model Performance Analytics,"Application Data (New Customer, New Product)",Agreement,APPLICATION; APPLICATION_STATUS; APPLICATION_PARTY_ROLE
Risk Management & Regulation,Reporting & BI,Model Performance Analytics,Coverage (insurance),Agreement,INSURANCE_COVERAGE; INSURANCE_AGREEMENT; COVERAGE_TYPE
Risk Management & Regulation,Reporting & BI,Model Performance Analytics,Account Balances,Agreement,AGREEMENT_SUMMARY; BALANCE_SUMMARY; AGREEMENT_BALANCE
Risk Management & Regulation,Reporting & BI,Model Performance Analytics,Investment Value,Agreement,INVESTMENT_ACCOUNT; INVESTMENT_HOLDING; INVESTMENT_PRODUCT_PRICE
Risk Management & Regulation,Reporting & BI,Model Performance Analytics,Market / Trading Book Positions,Agreement,TRADE_ORDER; TRADE_EXECUTION; TRADING_POSITION
Risk Management & Regulation,Reporting & BI,Model Performance Analytics,Mark to market valuations,Agreement,INVESTMENT_PRODUCT_PRICE; MARKET_INDEX_VALUE; AGREEMENT_VALUATION
Risk Management & Regulation,Reporting & BI,Model Performance Analytics,Cashflow Projections,Agreement,AGREEMENT_CASHFLOW; CASHFLOW_SCHEDULE; AGREEMENT_SUMMARY
Risk Management & Regulation,Reporting & BI,Model Performance Analytics,Account Maturity Dates & Repricing Schedules,Agreement,AGREEMENT; AGREEMENT_TERM; AGREEMENT_REPRICING_SCHEDULE
Risk Management & Regulation,Reporting & BI,Model Performance Analytics,Account Repayment Schedules,Agreement,AGREEMENT_REPAYMENT_SCHEDULE; LOAN_TERM_AGREEMENT
Risk Management & Regulation,Reporting & BI,Model Performance Analytics,Amortisation Schedules,Agreement,AGREEMENT_AMORTIZATION_SCHEDULE; LOAN_TERM_AGREEMENT
Risk Management & Regulation,Reporting & BI,Model Performance Analytics,Customer Illustrations,Agreement,DOCUMENT; PARTY_DOCUMENT
Risk Management & Regulation,Reporting & BI,Model Performance Analytics,Customer Quotes,Agreement,APPLICATION; QUOTE; DOCUMENT
Risk Management & Regulation,Reporting & BI,Model Performance Analytics,Collateral Agreements,Agreement,COLLATERAL_AGREEMENT; COLLATERAL; COLLATERAL_VALUATION; PARTY_ASSET
Risk Management & Regulation,Reporting & BI,Model Performance Analytics,Risk Exposures,Agreement,AGREEMENT_RISK_METRIC; RISK_EXPOSURE; CREDIT_RISK_SUMMARY
Risk Management & Regulation,Reporting & BI,Model Performance Analytics,Risk Weighted Assets & Capital Results,Agreement,AGREEMENT_RISK_METRIC; BANK_CAPITAL_SUMMARY; CAPITAL_REQUIREMENTS_SUMMARY
Risk Management & Regulation,Reporting & BI,Model Performance Analytics,Profitability Results,Agreement,AGREEMENT_SUMMARY; AGREEMENT_PROFITABILITY; PRODUCT_PROFITABILITY
Risk Management & Regulation,Reporting & BI,Model Performance Analytics,Account Limits,Cross Subject  -  Limits,AGREEMENT_LIMIT; LIMIT; PARTY_LIMIT
Risk Management & Regulation,Reporting & BI,Model Performance Analytics,Predictive Models - propensity to buy,Party or Agreement,ANALYTICAL_MODEL; MODEL_RUN; MODEL_SCORE; PARTY_MODEL_SCORE
Risk Management & Regulation,Reporting & BI,Model Performance Analytics,Predictive Models - attrition,Party or Agreement,ANALYTICAL_MODEL; MODEL_RUN; MODEL_SCORE; PARTY_MODEL_SCORE
Risk Management & Regulation,Reporting & BI,Model Performance Analytics,Predictive Models - price elasticity,Party or Agreement,ANALYTICAL_MODEL; MODEL_RUN; MODEL_SCORE
Risk Management & Regulation,Reporting & BI,Model Performance Analytics,Attribution Models - response,Party or Agreement,ANALYTICAL_MODEL; MODEL_RUN; CAMPAIGN_RESPONSE
Risk Management & Regulation,Reporting & BI,Model Performance Analytics,Lead Foodchain data,Party or Agreement,OPPORTUNITY; OPPORTUNITY_STATUS; OPPORTUNITY_PARTY_ROLE
Risk Management & Regulation,Reporting & BI,Model Performance Analytics,Predictive Models - risk,Party or Agreement,ANALYTICAL_MODEL; MODEL_RUN; MODEL_SCORE; PARTY_LIABILITY_CREDIT_RATING
Risk Management & Regulation,Reporting & BI,Model Performance Analytics,"Risk Segments, Cohorts & Groupings",Party or Agreement,PARTY_CLASSIFICATION; RISK_GRADE_VALUE; RISK_GRADE_SCHEME
Risk Management & Regulation,Reporting & BI,Model Performance Analytics,"Provisions, Losses & Writeoffs",Party or Agreement,AGREEMENT_RISK_METRIC; PROVISION; WRITE_OFF; LOSS_EVENT
Risk Management & Regulation,Reporting & BI,Model Performance Analytics,Financial Transactions,Event,MONETARY_TRANSACTION; TRANSACTION_TYPE; FINANCIAL_TRANSACTION; PAYMENT
Risk Management & Regulation,Reporting & BI,Model Performance Analytics,"Account Fees, Commissions & Charges",Event,MONETARY_TRANSACTION; FEE_TRANSACTION; COMMISSION_TRANSACTION; AGREEMENT_FEE
Risk Management & Regulation,Reporting & BI,Model Performance Analytics,Financial Interbank Payments,Event,PAYMENT; INTERBANK_PAYMENT; FINANCIAL_TRANSACTION
Risk Management & Regulation,Reporting & BI,Model Performance Analytics,Non-Financial Transactions,Event,EVENT; NON_MONETARY_EVENT; DIRECT_CONTACT_EVENT
Risk Management & Regulation,Reporting & BI,Model Performance Analytics,Service Usage,Event,CHANNEL_USAGE_METRIC; SERVICE_USAGE_EVENT; CHANNEL_INSTANCE
Risk Management & Regulation,Reporting & BI,Model Performance Analytics,Complaint Data,Event,COMPLAINT; COMPLAINT_STATUS; COMPLAINT_RESOLUTION
Risk Management & Regulation,Reporting & BI,Model Performance Analytics,Offline Customer Interactions - Branch,Event,DIRECT_CONTACT_EVENT; BRANCH_VISIT_EVENT; CHANNEL_INSTANCE
Risk Management & Regulation,Reporting & BI,Model Performance Analytics,Offline Customer Interactions - Call Centre,Event,DIRECT_CONTACT_EVENT; CALL_EVENT; CHANNEL_INSTANCE
Risk Management & Regulation,Reporting & BI,Model Performance Analytics,Offline Customer Interactions - letters,Event,DIRECT_CONTACT_EVENT; CORRESPONDENCE_EVENT; DOCUMENT
Risk Management & Regulation,Reporting & BI,Model Performance Analytics,Offline Customer Interactions - sms text,Event,DIRECT_CONTACT_EVENT; SMS_EVENT; ELECTRONIC_ADDRESS
Risk Management & Regulation,Reporting & BI,Model Performance Analytics,Online Interactions -  webchat (internal & external),Event,WEB_VISIT; WEB_PAGE_VIEW; ONLINE_INTERACTION_EVENT
Risk Management & Regulation,Reporting & BI,Model Performance Analytics,Online Interactions colleague intranet,Event,WEB_VISIT; WEB_PAGE_VIEW
Risk Management & Regulation,Reporting & BI,Model Performance Analytics,Online Interactions customer digital banking site (web log),Event,WEB_VISIT; WEB_PAGE_VIEW; EXTENDED_SESSION_INFORMATION; ONLINE_APPLICATION_ACCESS
Risk Management & Regulation,Reporting & BI,Model Performance Analytics,Online Interactions customer general banking site,Event,WEB_VISIT; WEB_PAGE_VIEW; ONLINE_INTERACTION_EVENT
Risk Management & Regulation,Reporting & BI,Model Performance Analytics,Online Interactions email - customer & employee,Event,DIRECT_CONTACT_EVENT; EMAIL_EVENT; ELECTRONIC_ADDRESS
Risk Management & Regulation,Reporting & BI,Model Performance Analytics,Online Interactions mobile app,Event,WEB_VISIT; WEB_PAGE_VIEW; MOBILE_APP_EVENT; CHANNEL_INSTANCE
Risk Management & Regulation,Reporting & BI,Model Performance Analytics,Online Interactions off-site - ad server,Event,AD; AD_PLACEMENT; AD_IMPRESSION; AD_CAMPAIGN_OBJECTIVE
Risk Management & Regulation,Reporting & BI,Model Performance Analytics,Online Interactions prospect / unidentified customer (web log),Event,WEB_VISIT; WEB_PAGE_VIEW; VISITOR_INTERACTION_EVENT
Risk Management & Regulation,Reporting & BI,Model Performance Analytics,"Case History (Fraud, Money Laundering, Complaint)",Event,CASE; CASE_EVENT; CASE_PARTY_ROLE; FRAUD_CASE
Risk Management & Regulation,Reporting & BI,Model Performance Analytics,Claims,Event,CLAIM; CLAIM_STATUS; CLAIM_PARTY_ROLE; CLAIM_PAYMENT
Risk Management & Regulation,Reporting & BI,Model Performance Analytics,Defaults & Limit Breaches,Event,AGREEMENT_STATUS; DEFAULT_EVENT; LIMIT_BREACH_EVENT; AGREEMENT_RISK_METRIC
Risk Management & Regulation,Reporting & BI,Model Performance Analytics,Closed Loop Outcomes / Channel Responses,Event,CAMPAIGN_RESPONSE; CAMPAIGN_OFFER_RESPONSE; DIRECT_CONTACT_EVENT
Risk Management & Regulation,Reporting & BI,Model Performance Analytics,External Data - Corporate Actions,Event,CORPORATE_ACTION; INVESTMENT_PRODUCT
Risk Management & Regulation,Reporting & BI,Model Performance Analytics,Internal Process Activity Data,Event,EVENT; PROCESS_EVENT; OPERATIONAL_EVENT
Risk Management & Regulation,Reporting & BI,Model Performance Analytics,Master & Reference Data - merchant / transaction,Event,MERCHANT; MERCHANT_CATEGORY; TRANSACTION_TYPE
Risk Management & Regulation,Reporting & BI,Model Performance Analytics,Customer interview / fact find,Event or Cross Subject - Document,DOCUMENT; SURVEY; SURVEY_QUESTION_RESPONSE; PARTY_DOCUMENT
Risk Management & Regulation,Reporting & BI,Model Performance Analytics,Physical Assets,Party Asset,PARTY_ASSET; FIXED_ASSET; REAL_PROPERTY
Risk Management & Regulation,Reporting & BI,Model Performance Analytics,Physical Asset Valuations,Party Asset,PARTY_ASSET_VALUATION; COLLATERAL_VALUATION; REAL_PROPERTY_VALUATION
Risk Management & Regulation,Reporting & BI,Model Performance Analytics,Master & Reference Data - organisation hierarchy,Internal Organisation,ORGANIZATION; INTERNAL_ORGANIZATION_UNIT; ORGANIZATION_UNIT_RELATIONSHIP; ORGANIZATION_BUSINESS_TYPE
Risk Management & Regulation,Reporting & BI,Model Performance Analytics,Master & Reference Data - Campaign,Campaign,CAMPAIGN; CAMPAIGN_TYPE; CAMPAIGN_STATUS; CAMPAIGN_WAVE
Risk Management & Regulation,Reporting & BI,Model Performance Analytics,Master & Reference Data - Channel,Channel,CHANNEL_TYPE; CHANNEL_INSTANCE; CHANNEL_CLASSIFICATION
Risk Management & Regulation,Reporting & BI,Model Performance Analytics,"Model Metadata (E.g. defintion, assumptions, metrics)",Analytical Model,ANALYTICAL_MODEL; MODEL_RUN; MODEL_PARAMETER
Risk Management & Regulation,Reporting & BI,Model Performance Analytics,Risk Scenario & Stress Testing Results,Analytical Model,RISK_CALCULATION_SCENARIO; RISK_SCENARIO_RESULT; STRESS_TEST_RESULT
Risk Management & Regulation,Reporting & BI,Model Performance Analytics,"Documents - Structured Data Capture (Survey, Application Forms)",Cross Subject - Document,DOCUMENT; DOCUMENT_TYPE; SURVEY; APPLICATION
Risk Management & Regulation,Reporting & BI,Model Performance Analytics,Text Data,Cross Subject - Document,DOCUMENT; TEXT_CONTENT; DIGITAL_CONTENT
Risk Management & Regulation,Reporting & BI,Model Performance Analytics,External Data - News / Industry Feeds E.g. Reuters,Cross Subject - Document,DOCUMENT; NEWS_FEED; MARKET_INDEX
Risk Management & Regulation,Reporting & BI,Model Performance Analytics,Master & Reference Data - Risk Policy Rules,Cross Subject - Document,RISK_GRADE_SCHEME; RISK_GRADE_VALUE; RISK_POLICY; BUSINESS_RULE
Risk Management & Regulation,Reporting & BI,Portfolio MI & Portfolio Performance Analytics,Single Customer View (Master Record),Party,PARTY; INDIVIDUAL; ORGANIZATION; HOUSEHOLD; PARTY_RELATIONSHIP; PARTY_IDENTIFICATION
Risk Management & Regulation,Reporting & BI,Portfolio MI & Portfolio Performance Analytics,KYC Data,Party,PARTY_IDENTIFICATION; PARTY_CLASSIFICATION; PARTY_IDENTITY_DOCUMENT; PARTY_COMPLIANCE_VERIFICATION
Risk Management & Regulation,Reporting & BI,Portfolio MI & Portfolio Performance Analytics,Customer Demographics,Party,INDIVIDUAL; PARTY_DEMOGRAPHIC; PARTY_CLASSIFICATION; PARTY_PREFERENCE
Risk Management & Regulation,Reporting & BI,Portfolio MI & Portfolio Performance Analytics,Customer Attitudinal Data,Party,PARTY_PREFERENCE; PARTY_CLASSIFICATION; PARTY_SURVEY_RESPONSE
Risk Management & Regulation,Reporting & BI,Portfolio MI & Portfolio Performance Analytics,Customer Segments,Party,PARTY_CLASSIFICATION; PARTY_SEGMENT; PARTY_CLASSIFICATION_VALUE
Risk Management & Regulation,Reporting & BI,Portfolio MI & Portfolio Performance Analytics,Customer Contact Preferences,Party,PARTY_PREFERENCE; PARTY_CONTACT_POINT; ELECTRONIC_ADDRESS; POSTAL_ADDRESS
Risk Management & Regulation,Reporting & BI,Portfolio MI & Portfolio Performance Analytics,Customer Marketing Preferences,Party,PARTY_PREFERENCE; PARTY_MARKETING_PREFERENCE; PARTY_CONSENT
Risk Management & Regulation,Reporting & BI,Portfolio MI & Portfolio Performance Analytics,Customer Satisfaction Measurement (E.g. NPS),Party,PARTY_SURVEY_RESPONSE; SURVEY; SURVEY_QUESTION_RESPONSE
Risk Management & Regulation,Reporting & BI,Portfolio MI & Portfolio Performance Analytics,Economic Forecast Data,Party,ECONOMIC_INDEX; ECONOMIC_INDEX_VALUE; MARKET_INDEX
Risk Management & Regulation,Reporting & BI,Portfolio MI & Portfolio Performance Analytics,Legal Actions,Party,PARTY_LEGAL_ACTION; LEGAL_ACTION; PARTY_LITIGATION
Risk Management & Regulation,Reporting & BI,Portfolio MI & Portfolio Performance Analytics,External Prospect Data / Lists,Party,PARTY; PROSPECT; PARTY_LIST; PARTY_LIST_MEMBERSHIP
Risk Management & Regulation,Reporting & BI,Portfolio MI & Portfolio Performance Analytics,External Data - Social Media Data,Party,SOCIAL_MEDIA_ACCOUNT; SOCIAL_MEDIA_TRANSFER; SOCIAL_MEDIA_POST
Risk Management & Regulation,Reporting & BI,Portfolio MI & Portfolio Performance Analytics,External Data - Bureau data,Party,PARTY_CREDIT_BUREAU_REPORT; CREDIT_BUREAU_SCORE; PARTY_EXTERNAL_RATING
Risk Management & Regulation,Reporting & BI,Portfolio MI & Portfolio Performance Analytics,External Data - Credit Rating,Party,PARTY_EXTERNAL_RATING; PARTY_LIABILITY_CREDIT_RATING; CREDIT_BUREAU_SCORE
Risk Management & Regulation,Reporting & BI,Portfolio MI & Portfolio Performance Analytics,"External Economic Data (E.g. Property Prices, Salary)",Party,ECONOMIC_INDEX; ECONOMIC_INDEX_VALUE; MARKET_INDEX; MARKET_INDEX_VALUE
Risk Management & Regulation,Reporting & BI,Portfolio MI & Portfolio Performance Analytics,"Sales and Performance Forecasts, Targets & KPIs",Party,PERFORMANCE_METRIC; PERFORMANCE_TARGET; ORGANIZATION_PERFORMANCE
Risk Management & Regulation,Reporting & BI,Portfolio MI & Portfolio Performance Analytics,Master & Reference Data - geography / location,Location,GEOGRAPHICAL_AREA; GEOGRAPHICAL_UNIT; SITE; POSTAL_ADDRESS
Risk Management & Regulation,Reporting & BI,Portfolio MI & Portfolio Performance Analytics,Master & Reference Data - product,Product,Not mapped
Risk Management & Regulation,Reporting & BI,Portfolio MI & Portfolio Performance Analytics,Master & Reference Data - FTP rates,Product,INTEREST_RATE; INTEREST_RATE_INDEX; PRODUCT_INTEREST_RATE
Risk Management & Regulation,Reporting & BI,Portfolio MI & Portfolio Performance Analytics,Master & Reference Data - exchange rates,Product,CURRENCY; CURRENCY_EXCHANGE_RATE; CURRENCY_PAIR
Risk Management & Regulation,Reporting & BI,Portfolio MI & Portfolio Performance Analytics,"Product Revenue, Cost & Margin",Product,PRODUCT; PRODUCT_PRICING; PRODUCT_COST; AGREEMENT_SUMMARY
Risk Management & Regulation,Reporting & BI,Portfolio MI & Portfolio Performance Analytics,Product NPV's,Product,PRODUCT; PRODUCT_VALUATION; AGREEMENT_SUMMARY
Risk Management & Regulation,Reporting & BI,Portfolio MI & Portfolio Performance Analytics,External Data - market interest rates,Product,INTEREST_RATE_INDEX; INTEREST_RATE; MARKET_INDEX; MARKET_INDEX_VALUE
Risk Management & Regulation,Reporting & BI,Portfolio MI & Portfolio Performance Analytics,"External Data - market prices (E.g. equities, bonds, commodities)",Product,MARKET_INDEX; MARKET_INDEX_VALUE; INVESTMENT_PRODUCT; INVESTMENT_PRODUCT_PRICE
Risk Management & Regulation,Reporting & BI,Portfolio MI & Portfolio Performance Analytics,External Data - Competitor Product & Pricing,Party & Product,PRODUCT; MARKET_INDEX
Risk Management & Regulation,Reporting & BI,Portfolio MI & Portfolio Performance Analytics,Account / Policy / Service Holdings,Agreement,AGREEMENT; PARTY_AGREEMENT_ROLE; AGREEMENT_PARTY_ROLE; AGREEMENT_RELATIONSHIP
Risk Management & Regulation,Reporting & BI,Portfolio MI & Portfolio Performance Analytics,Account / Policy / Service Detail,Agreement,AGREEMENT; LOAN_TERM_AGREEMENT; DEPOSIT_AGREEMENT; INSURANCE_AGREEMENT; CREDIT_CARD_AGREEMENT
Risk Management & Regulation,Reporting & BI,Portfolio MI & Portfolio Performance Analytics,Account Status (open closed active / domant /inactive / closure reason ),Agreement,AGREEMENT; AGREEMENT_STATUS; AGREEMENT_STATUS_HISTORY
Risk Management & Regulation,Reporting & BI,Portfolio MI & Portfolio Performance Analytics,Account Terms & Conditions,Agreement,AGREEMENT; AGREEMENT_CONDITION; AGREEMENT_TERM
Risk Management & Regulation,Reporting & BI,Portfolio MI & Portfolio Performance Analytics,Account Feature Usage,Agreement,AGREEMENT_FEATURE; FEATURE; DESCRIPTIVE_FEATURE
Risk Management & Regulation,Reporting & BI,Portfolio MI & Portfolio Performance Analytics,"Application Data (New Customer, New Product)",Agreement,APPLICATION; APPLICATION_STATUS; APPLICATION_PARTY_ROLE
Risk Management & Regulation,Reporting & BI,Portfolio MI & Portfolio Performance Analytics,Coverage (insurance),Agreement,INSURANCE_COVERAGE; INSURANCE_AGREEMENT; COVERAGE_TYPE
Risk Management & Regulation,Reporting & BI,Portfolio MI & Portfolio Performance Analytics,Account Balances,Agreement,AGREEMENT_SUMMARY; BALANCE_SUMMARY; AGREEMENT_BALANCE
Risk Management & Regulation,Reporting & BI,Portfolio MI & Portfolio Performance Analytics,Market / Trading Book Positions,Agreement,TRADE_ORDER; TRADE_EXECUTION; TRADING_POSITION
Risk Management & Regulation,Reporting & BI,Portfolio MI & Portfolio Performance Analytics,Mark to market valuations,Agreement,INVESTMENT_PRODUCT_PRICE; MARKET_INDEX_VALUE; AGREEMENT_VALUATION
Risk Management & Regulation,Reporting & BI,Portfolio MI & Portfolio Performance Analytics,Cashflow Projections,Agreement,AGREEMENT_CASHFLOW; CASHFLOW_SCHEDULE; AGREEMENT_SUMMARY
Risk Management & Regulation,Reporting & BI,Portfolio MI & Portfolio Performance Analytics,Account Maturity Dates & Repricing Schedules,Agreement,AGREEMENT; AGREEMENT_TERM; AGREEMENT_REPRICING_SCHEDULE
Risk Management & Regulation,Reporting & BI,Portfolio MI & Portfolio Performance Analytics,Account Repayment Schedules,Agreement,AGREEMENT_REPAYMENT_SCHEDULE; LOAN_TERM_AGREEMENT
Risk Management & Regulation,Reporting & BI,Portfolio MI & Portfolio Performance Analytics,Amortisation Schedules,Agreement,AGREEMENT_AMORTIZATION_SCHEDULE; LOAN_TERM_AGREEMENT
Risk Management & Regulation,Reporting & BI,Portfolio MI & Portfolio Performance Analytics,Customer Illustrations,Agreement,DOCUMENT; PARTY_DOCUMENT
Risk Management & Regulation,Reporting & BI,Portfolio MI & Portfolio Performance Analytics,Customer Quotes,Agreement,APPLICATION; QUOTE; DOCUMENT
Risk Management & Regulation,Reporting & BI,Portfolio MI & Portfolio Performance Analytics,Collateral Agreements,Agreement,COLLATERAL_AGREEMENT; COLLATERAL; COLLATERAL_VALUATION; PARTY_ASSET
Risk Management & Regulation,Reporting & BI,Portfolio MI & Portfolio Performance Analytics,Risk Exposures,Agreement,AGREEMENT_RISK_METRIC; RISK_EXPOSURE; CREDIT_RISK_SUMMARY
Risk Management & Regulation,Reporting & BI,Portfolio MI & Portfolio Performance Analytics,Risk Weighted Assets & Capital Results,Agreement,AGREEMENT_RISK_METRIC; BANK_CAPITAL_SUMMARY; CAPITAL_REQUIREMENTS_SUMMARY
Risk Management & Regulation,Reporting & BI,Portfolio MI & Portfolio Performance Analytics,Profitability Results,Agreement,AGREEMENT_SUMMARY; AGREEMENT_PROFITABILITY; PRODUCT_PROFITABILITY
Risk Management & Regulation,Reporting & BI,Portfolio MI & Portfolio Performance Analytics,Account Limits,Cross Subject  -  Limits,AGREEMENT_LIMIT; LIMIT; PARTY_LIMIT
Risk Management & Regulation,Reporting & BI,Portfolio MI & Portfolio Performance Analytics,Predictive Models - propensity to buy,Party or Agreement,ANALYTICAL_MODEL; MODEL_RUN; MODEL_SCORE; PARTY_MODEL_SCORE
Risk Management & Regulation,Reporting & BI,Portfolio MI & Portfolio Performance Analytics,Predictive Models - attrition,Party or Agreement,ANALYTICAL_MODEL; MODEL_RUN; MODEL_SCORE; PARTY_MODEL_SCORE
Risk Management & Regulation,Reporting & BI,Portfolio MI & Portfolio Performance Analytics,Predictive Models - price elasticity,Party or Agreement,ANALYTICAL_MODEL; MODEL_RUN; MODEL_SCORE
Risk Management & Regulation,Reporting & BI,Portfolio MI & Portfolio Performance Analytics,Attribution Models - response,Party or Agreement,ANALYTICAL_MODEL; MODEL_RUN; CAMPAIGN_RESPONSE
Risk Management & Regulation,Reporting & BI,Portfolio MI & Portfolio Performance Analytics,Lead Foodchain data,Party or Agreement,OPPORTUNITY; OPPORTUNITY_STATUS; OPPORTUNITY_PARTY_ROLE
Risk Management & Regulation,Reporting & BI,Portfolio MI & Portfolio Performance Analytics,Predictive Models - risk,Party or Agreement,ANALYTICAL_MODEL; MODEL_RUN; MODEL_SCORE; PARTY_LIABILITY_CREDIT_RATING
Risk Management & Regulation,Reporting & BI,Portfolio MI & Portfolio Performance Analytics,"Risk Segments, Cohorts & Groupings",Party or Agreement,PARTY_CLASSIFICATION; RISK_GRADE_VALUE; RISK_GRADE_SCHEME
Risk Management & Regulation,Reporting & BI,Portfolio MI & Portfolio Performance Analytics,"Provisions, Losses & Writeoffs",Party or Agreement,AGREEMENT_RISK_METRIC; PROVISION; WRITE_OFF; LOSS_EVENT
Risk Management & Regulation,Reporting & BI,Portfolio MI & Portfolio Performance Analytics,Financial Transactions,Event,MONETARY_TRANSACTION; TRANSACTION_TYPE; FINANCIAL_TRANSACTION; PAYMENT
Risk Management & Regulation,Reporting & BI,Portfolio MI & Portfolio Performance Analytics,"Account Fees, Commissions & Charges",Event,MONETARY_TRANSACTION; FEE_TRANSACTION; COMMISSION_TRANSACTION; AGREEMENT_FEE
Risk Management & Regulation,Reporting & BI,Portfolio MI & Portfolio Performance Analytics,Service Usage,Event,CHANNEL_USAGE_METRIC; SERVICE_USAGE_EVENT; CHANNEL_INSTANCE
Risk Management & Regulation,Reporting & BI,Portfolio MI & Portfolio Performance Analytics,Complaint Data,Event,COMPLAINT; COMPLAINT_STATUS; COMPLAINT_RESOLUTION
Risk Management & Regulation,Reporting & BI,Portfolio MI & Portfolio Performance Analytics,Offline Customer Interactions - Branch,Event,DIRECT_CONTACT_EVENT; BRANCH_VISIT_EVENT; CHANNEL_INSTANCE
Risk Management & Regulation,Reporting & BI,Portfolio MI & Portfolio Performance Analytics,Offline Customer Interactions - Call Centre,Event,DIRECT_CONTACT_EVENT; CALL_EVENT; CHANNEL_INSTANCE
Risk Management & Regulation,Reporting & BI,Portfolio MI & Portfolio Performance Analytics,Offline Customer Interactions - letters,Event,DIRECT_CONTACT_EVENT; CORRESPONDENCE_EVENT; DOCUMENT
Risk Management & Regulation,Reporting & BI,Portfolio MI & Portfolio Performance Analytics,Offline Customer Interactions - sms text,Event,DIRECT_CONTACT_EVENT; SMS_EVENT; ELECTRONIC_ADDRESS
Risk Management & Regulation,Reporting & BI,Portfolio MI & Portfolio Performance Analytics,Online Interactions -  webchat (internal & external),Event,WEB_VISIT; WEB_PAGE_VIEW; ONLINE_INTERACTION_EVENT
Risk Management & Regulation,Reporting & BI,Portfolio MI & Portfolio Performance Analytics,Online Interactions customer digital banking site (web log),Event,WEB_VISIT; WEB_PAGE_VIEW; EXTENDED_SESSION_INFORMATION; ONLINE_APPLICATION_ACCESS
Risk Management & Regulation,Reporting & BI,Portfolio MI & Portfolio Performance Analytics,Online Interactions customer general banking site,Event,WEB_VISIT; WEB_PAGE_VIEW; ONLINE_INTERACTION_EVENT
Risk Management & Regulation,Reporting & BI,Portfolio MI & Portfolio Performance Analytics,Online Interactions email - customer & employee,Event,DIRECT_CONTACT_EVENT; EMAIL_EVENT; ELECTRONIC_ADDRESS
Risk Management & Regulation,Reporting & BI,Portfolio MI & Portfolio Performance Analytics,Online Interactions mobile app,Event,WEB_VISIT; WEB_PAGE_VIEW; MOBILE_APP_EVENT; CHANNEL_INSTANCE
Risk Management & Regulation,Reporting & BI,Portfolio MI & Portfolio Performance Analytics,"Case History (Fraud, Money Laundering, Complaint)",Event,CASE; CASE_EVENT; CASE_PARTY_ROLE; FRAUD_CASE
Risk Management & Regulation,Reporting & BI,Portfolio MI & Portfolio Performance Analytics,Claims,Event,CLAIM; CLAIM_STATUS; CLAIM_PARTY_ROLE; CLAIM_PAYMENT
Risk Management & Regulation,Reporting & BI,Portfolio MI & Portfolio Performance Analytics,Defaults & Limit Breaches,Event,AGREEMENT_STATUS; DEFAULT_EVENT; LIMIT_BREACH_EVENT; AGREEMENT_RISK_METRIC
Risk Management & Regulation,Reporting & BI,Portfolio MI & Portfolio Performance Analytics,Closed Loop Outcomes / Channel Responses,Event,CAMPAIGN_RESPONSE; CAMPAIGN_OFFER_RESPONSE; DIRECT_CONTACT_EVENT
Risk Management & Regulation,Reporting & BI,Portfolio MI & Portfolio Performance Analytics,External Data - Corporate Actions,Event,CORPORATE_ACTION; INVESTMENT_PRODUCT
Risk Management & Regulation,Reporting & BI,Portfolio MI & Portfolio Performance Analytics,Customer interview / fact find,Event or Cross Subject - Document,DOCUMENT; SURVEY; SURVEY_QUESTION_RESPONSE; PARTY_DOCUMENT
Risk Management & Regulation,Reporting & BI,Portfolio MI & Portfolio Performance Analytics,Physical Assets,Party Asset,PARTY_ASSET; FIXED_ASSET; REAL_PROPERTY
Risk Management & Regulation,Reporting & BI,Portfolio MI & Portfolio Performance Analytics,Physical Asset Valuations,Party Asset,PARTY_ASSET_VALUATION; COLLATERAL_VALUATION; REAL_PROPERTY_VALUATION
Risk Management & Regulation,Reporting & BI,Portfolio MI & Portfolio Performance Analytics,Master & Reference Data - organisation hierarchy,Internal Organisation,ORGANIZATION; INTERNAL_ORGANIZATION_UNIT; ORGANIZATION_UNIT_RELATIONSHIP; ORGANIZATION_BUSINESS_TYPE
Risk Management & Regulation,Reporting & BI,Portfolio MI & Portfolio Performance Analytics,Master & Reference Data - Campaign,Campaign,CAMPAIGN; CAMPAIGN_TYPE; CAMPAIGN_STATUS; CAMPAIGN_WAVE
Risk Management & Regulation,Reporting & BI,Portfolio MI & Portfolio Performance Analytics,Master & Reference Data - Channel,Channel,CHANNEL_TYPE; CHANNEL_INSTANCE; CHANNEL_CLASSIFICATION
Risk Management & Regulation,Reporting & BI,Portfolio MI & Portfolio Performance Analytics,"Model Metadata (E.g. defintion, assumptions, metrics)",Analytical Model,ANALYTICAL_MODEL; MODEL_RUN; MODEL_PARAMETER
Risk Management & Regulation,Reporting & BI,Portfolio MI & Portfolio Performance Analytics,Risk Scenario & Stress Testing Results,Analytical Model,RISK_CALCULATION_SCENARIO; RISK_SCENARIO_RESULT; STRESS_TEST_RESULT
Risk Management & Regulation,Reporting & BI,Portfolio MI & Portfolio Performance Analytics,"Documents - Structured Data Capture (Survey, Application Forms)",Cross Subject - Document,DOCUMENT; DOCUMENT_TYPE; SURVEY; APPLICATION
Risk Management & Regulation,Reporting & BI,Portfolio MI & Portfolio Performance Analytics,Text Data,Cross Subject - Document,DOCUMENT; TEXT_CONTENT; DIGITAL_CONTENT
Risk Management & Regulation,Reporting & BI,Portfolio MI & Portfolio Performance Analytics,External Data - News / Industry Feeds E.g. Reuters,Cross Subject - Document,DOCUMENT; NEWS_FEED; MARKET_INDEX
Risk Management & Regulation,Reporting & BI,Portfolio MI & Portfolio Performance Analytics,Master & Reference Data - Risk Policy Rules,Cross Subject - Document,RISK_GRADE_SCHEME; RISK_GRADE_VALUE; RISK_POLICY; BUSINESS_RULE
Risk Management & Regulation,Reporting & BI,Collections MI,Single Customer View (Master Record),Party,PARTY; INDIVIDUAL; ORGANIZATION; HOUSEHOLD; PARTY_RELATIONSHIP; PARTY_IDENTIFICATION
Risk Management & Regulation,Reporting & BI,Collections MI,KYC Data,Party,PARTY_IDENTIFICATION; PARTY_CLASSIFICATION; PARTY_IDENTITY_DOCUMENT; PARTY_COMPLIANCE_VERIFICATION
Risk Management & Regulation,Reporting & BI,Collections MI,Customer Demographics,Party,INDIVIDUAL; PARTY_DEMOGRAPHIC; PARTY_CLASSIFICATION; PARTY_PREFERENCE
Risk Management & Regulation,Reporting & BI,Collections MI,Customer Attitudinal Data,Party,PARTY_PREFERENCE; PARTY_CLASSIFICATION; PARTY_SURVEY_RESPONSE
Risk Management & Regulation,Reporting & BI,Collections MI,Customer Segments,Party,PARTY_CLASSIFICATION; PARTY_SEGMENT; PARTY_CLASSIFICATION_VALUE
Risk Management & Regulation,Reporting & BI,Collections MI,Customer Contact Preferences,Party,PARTY_PREFERENCE; PARTY_CONTACT_POINT; ELECTRONIC_ADDRESS; POSTAL_ADDRESS
Risk Management & Regulation,Reporting & BI,Collections MI,Customer Marketing Preferences,Party,PARTY_PREFERENCE; PARTY_MARKETING_PREFERENCE; PARTY_CONSENT
Risk Management & Regulation,Reporting & BI,Collections MI,Customer Satisfaction Measurement (E.g. NPS),Party,PARTY_SURVEY_RESPONSE; SURVEY; SURVEY_QUESTION_RESPONSE
Risk Management & Regulation,Reporting & BI,Collections MI,Economic Forecast Data,Party,ECONOMIC_INDEX; ECONOMIC_INDEX_VALUE; MARKET_INDEX
Risk Management & Regulation,Reporting & BI,Collections MI,Legal Actions,Party,PARTY_LEGAL_ACTION; LEGAL_ACTION; PARTY_LITIGATION
Risk Management & Regulation,Reporting & BI,Collections MI,External Data - Social Media Data,Party,SOCIAL_MEDIA_ACCOUNT; SOCIAL_MEDIA_TRANSFER; SOCIAL_MEDIA_POST
Risk Management & Regulation,Reporting & BI,Collections MI,External Data - Bureau data,Party,PARTY_CREDIT_BUREAU_REPORT; CREDIT_BUREAU_SCORE; PARTY_EXTERNAL_RATING
Risk Management & Regulation,Reporting & BI,Collections MI,External Data - Credit Rating,Party,PARTY_EXTERNAL_RATING; PARTY_LIABILITY_CREDIT_RATING; CREDIT_BUREAU_SCORE
Risk Management & Regulation,Reporting & BI,Collections MI,"External Economic Data (E.g. Property Prices, Salary)",Party,ECONOMIC_INDEX; ECONOMIC_INDEX_VALUE; MARKET_INDEX; MARKET_INDEX_VALUE
Risk Management & Regulation,Reporting & BI,Collections MI,Customer Core Contact Details,Location,PARTY_CONTACT_POINT; ELECTRONIC_ADDRESS; POSTAL_ADDRESS; TELEPHONE_NUMBER
Risk Management & Regulation,Reporting & BI,Collections MI,Master & Reference Data - geography / location,Location,GEOGRAPHICAL_AREA; GEOGRAPHICAL_UNIT; SITE; POSTAL_ADDRESS
Risk Management & Regulation,Reporting & BI,Collections MI,Master & Reference Data - product,Product,Not mapped
Risk Management & Regulation,Reporting & BI,Collections MI,Master & Reference Data - exchange rates,Product,CURRENCY; CURRENCY_EXCHANGE_RATE; CURRENCY_PAIR
Risk Management & Regulation,Reporting & BI,Collections MI,Account / Policy / Service Holdings,Agreement,AGREEMENT; PARTY_AGREEMENT_ROLE; AGREEMENT_PARTY_ROLE; AGREEMENT_RELATIONSHIP
Risk Management & Regulation,Reporting & BI,Collections MI,Account / Policy / Service Detail,Agreement,AGREEMENT; LOAN_TERM_AGREEMENT; DEPOSIT_AGREEMENT; INSURANCE_AGREEMENT; CREDIT_CARD_AGREEMENT
Risk Management & Regulation,Reporting & BI,Collections MI,Account Status (open closed active / domant /inactive / closure reason ),Agreement,AGREEMENT; AGREEMENT_STATUS; AGREEMENT_STATUS_HISTORY
Risk Management & Regulation,Reporting & BI,Collections MI,Account Terms & Conditions,Agreement,AGREEMENT; AGREEMENT_CONDITION; AGREEMENT_TERM
Risk Management & Regulation,Reporting & BI,Collections MI,Account Feature Usage,Agreement,AGREEMENT_FEATURE; FEATURE; DESCRIPTIVE_FEATURE
Risk Management & Regulation,Reporting & BI,Collections MI,"Application Data (New Customer, New Product)",Agreement,APPLICATION; APPLICATION_STATUS; APPLICATION_PARTY_ROLE
Risk Management & Regulation,Reporting & BI,Collections MI,Coverage (insurance),Agreement,INSURANCE_COVERAGE; INSURANCE_AGREEMENT; COVERAGE_TYPE
Risk Management & Regulation,Reporting & BI,Collections MI,Account Balances,Agreement,AGREEMENT_SUMMARY; BALANCE_SUMMARY; AGREEMENT_BALANCE
Risk Management & Regulation,Reporting & BI,Collections MI,Market / Trading Book Positions,Agreement,TRADE_ORDER; TRADE_EXECUTION; TRADING_POSITION
Risk Management & Regulation,Reporting & BI,Collections MI,Mark to market valuations,Agreement,INVESTMENT_PRODUCT_PRICE; MARKET_INDEX_VALUE; AGREEMENT_VALUATION
Risk Management & Regulation,Reporting & BI,Collections MI,Account Maturity Dates & Repricing Schedules,Agreement,AGREEMENT; AGREEMENT_TERM; AGREEMENT_REPRICING_SCHEDULE
Risk Management & Regulation,Reporting & BI,Collections MI,Account Repayment Schedules,Agreement,AGREEMENT_REPAYMENT_SCHEDULE; LOAN_TERM_AGREEMENT
Risk Management & Regulation,Reporting & BI,Collections MI,Collateral Agreements,Agreement,COLLATERAL_AGREEMENT; COLLATERAL; COLLATERAL_VALUATION; PARTY_ASSET
Risk Management & Regulation,Reporting & BI,Collections MI,Risk Exposures,Agreement,AGREEMENT_RISK_METRIC; RISK_EXPOSURE; CREDIT_RISK_SUMMARY
Risk Management & Regulation,Reporting & BI,Collections MI,Account Limits,Cross Subject  -  Limits,AGREEMENT_LIMIT; LIMIT; PARTY_LIMIT
Risk Management & Regulation,Reporting & BI,Collections MI,Predictive Models - risk,Party or Agreement,ANALYTICAL_MODEL; MODEL_RUN; MODEL_SCORE; PARTY_LIABILITY_CREDIT_RATING
Risk Management & Regulation,Reporting & BI,Collections MI,"Risk Segments, Cohorts & Groupings",Party or Agreement,PARTY_CLASSIFICATION; RISK_GRADE_VALUE; RISK_GRADE_SCHEME
Risk Management & Regulation,Reporting & BI,Collections MI,"Provisions, Losses & Writeoffs",Party or Agreement,AGREEMENT_RISK_METRIC; PROVISION; WRITE_OFF; LOSS_EVENT
Risk Management & Regulation,Reporting & BI,Collections MI,Financial Transactions,Event,MONETARY_TRANSACTION; TRANSACTION_TYPE; FINANCIAL_TRANSACTION; PAYMENT
Risk Management & Regulation,Reporting & BI,Collections MI,"Account Fees, Commissions & Charges",Event,MONETARY_TRANSACTION; FEE_TRANSACTION; COMMISSION_TRANSACTION; AGREEMENT_FEE
Risk Management & Regulation,Reporting & BI,Collections MI,Service Usage,Event,CHANNEL_USAGE_METRIC; SERVICE_USAGE_EVENT; CHANNEL_INSTANCE
Risk Management & Regulation,Reporting & BI,Collections MI,Complaint Data,Event,COMPLAINT; COMPLAINT_STATUS; COMPLAINT_RESOLUTION
Risk Management & Regulation,Reporting & BI,Collections MI,Offline Customer Interactions - Branch,Event,DIRECT_CONTACT_EVENT; BRANCH_VISIT_EVENT; CHANNEL_INSTANCE
Risk Management & Regulation,Reporting & BI,Collections MI,Offline Customer Interactions - Call Centre,Event,DIRECT_CONTACT_EVENT; CALL_EVENT; CHANNEL_INSTANCE
Risk Management & Regulation,Reporting & BI,Collections MI,Offline Customer Interactions - letters,Event,DIRECT_CONTACT_EVENT; CORRESPONDENCE_EVENT; DOCUMENT
Risk Management & Regulation,Reporting & BI,Collections MI,Offline Customer Interactions - sms text,Event,DIRECT_CONTACT_EVENT; SMS_EVENT; ELECTRONIC_ADDRESS
Risk Management & Regulation,Reporting & BI,Collections MI,Online Interactions -  webchat (internal & external),Event,WEB_VISIT; WEB_PAGE_VIEW; ONLINE_INTERACTION_EVENT
Risk Management & Regulation,Reporting & BI,Collections MI,Online Interactions customer digital banking site (web log),Event,WEB_VISIT; WEB_PAGE_VIEW; EXTENDED_SESSION_INFORMATION; ONLINE_APPLICATION_ACCESS
Risk Management & Regulation,Reporting & BI,Collections MI,Online Interactions customer general banking site,Event,WEB_VISIT; WEB_PAGE_VIEW; ONLINE_INTERACTION_EVENT
Risk Management & Regulation,Reporting & BI,Collections MI,Online Interactions email - customer & employee,Event,DIRECT_CONTACT_EVENT; EMAIL_EVENT; ELECTRONIC_ADDRESS
Risk Management & Regulation,Reporting & BI,Collections MI,Online Interactions mobile app,Event,WEB_VISIT; WEB_PAGE_VIEW; MOBILE_APP_EVENT; CHANNEL_INSTANCE
Risk Management & Regulation,Reporting & BI,Collections MI,"Case History (Fraud, Money Laundering, Complaint)",Event,CASE; CASE_EVENT; CASE_PARTY_ROLE; FRAUD_CASE
Risk Management & Regulation,Reporting & BI,Collections MI,Claims,Event,CLAIM; CLAIM_STATUS; CLAIM_PARTY_ROLE; CLAIM_PAYMENT
Risk Management & Regulation,Reporting & BI,Collections MI,Defaults & Limit Breaches,Event,AGREEMENT_STATUS; DEFAULT_EVENT; LIMIT_BREACH_EVENT; AGREEMENT_RISK_METRIC
Risk Management & Regulation,Reporting & BI,Collections MI,Closed Loop Outcomes / Channel Responses,Event,CAMPAIGN_RESPONSE; CAMPAIGN_OFFER_RESPONSE; DIRECT_CONTACT_EVENT
Risk Management & Regulation,Reporting & BI,Collections MI,External Data - Corporate Actions,Event,CORPORATE_ACTION; INVESTMENT_PRODUCT
Risk Management & Regulation,Reporting & BI,Collections MI,Customer interview / fact find,Event or Cross Subject - Document,DOCUMENT; SURVEY; SURVEY_QUESTION_RESPONSE; PARTY_DOCUMENT
Risk Management & Regulation,Reporting & BI,Collections MI,Physical Assets,Party Asset,PARTY_ASSET; FIXED_ASSET; REAL_PROPERTY
Risk Management & Regulation,Reporting & BI,Collections MI,Physical Asset Valuations,Party Asset,PARTY_ASSET_VALUATION; COLLATERAL_VALUATION; REAL_PROPERTY_VALUATION
Risk Management & Regulation,Reporting & BI,Collections MI,Master & Reference Data - organisation hierarchy,Internal Organisation,ORGANIZATION; INTERNAL_ORGANIZATION_UNIT; ORGANIZATION_UNIT_RELATIONSHIP; ORGANIZATION_BUSINESS_TYPE
Risk Management & Regulation,Reporting & BI,Collections MI,Master & Reference Data - Channel,Channel,CHANNEL_TYPE; CHANNEL_INSTANCE; CHANNEL_CLASSIFICATION
Risk Management & Regulation,Reporting & BI,Collections MI,"Model Metadata (E.g. defintion, assumptions, metrics)",Analytical Model,ANALYTICAL_MODEL; MODEL_RUN; MODEL_PARAMETER
Risk Management & Regulation,Reporting & BI,Collections MI,Risk Scenario & Stress Testing Results,Analytical Model,RISK_CALCULATION_SCENARIO; RISK_SCENARIO_RESULT; STRESS_TEST_RESULT
Risk Management & Regulation,Reporting & BI,Collections MI,"Documents - Structured Data Capture (Survey, Application Forms)",Cross Subject - Document,DOCUMENT; DOCUMENT_TYPE; SURVEY; APPLICATION
Risk Management & Regulation,Reporting & BI,Collections MI,Text Data,Cross Subject - Document,DOCUMENT; TEXT_CONTENT; DIGITAL_CONTENT
Risk Management & Regulation,Reporting & BI,Collections MI,External Data - News / Industry Feeds E.g. Reuters,Cross Subject - Document,DOCUMENT; NEWS_FEED; MARKET_INDEX
Risk Management & Regulation,Reporting & BI,Collections MI,Master & Reference Data - Risk Policy Rules,Cross Subject - Document,RISK_GRADE_SCHEME; RISK_GRADE_VALUE; RISK_POLICY; BUSINESS_RULE
Risk Management & Regulation,Reporting & BI,Regulatory Reporting and Information Sharing,Single Customer View (Master Record),Party,PARTY; INDIVIDUAL; ORGANIZATION; HOUSEHOLD; PARTY_RELATIONSHIP; PARTY_IDENTIFICATION
Risk Management & Regulation,Reporting & BI,Regulatory Reporting and Information Sharing,KYC Data,Party,PARTY_IDENTIFICATION; PARTY_CLASSIFICATION; PARTY_IDENTITY_DOCUMENT; PARTY_COMPLIANCE_VERIFICATION
Risk Management & Regulation,Reporting & BI,Regulatory Reporting and Information Sharing,Customer Demographics,Party,INDIVIDUAL; PARTY_DEMOGRAPHIC; PARTY_CLASSIFICATION; PARTY_PREFERENCE
Risk Management & Regulation,Reporting & BI,Regulatory Reporting and Information Sharing,Customer Segments,Party,PARTY_CLASSIFICATION; PARTY_SEGMENT; PARTY_CLASSIFICATION_VALUE
Risk Management & Regulation,Reporting & BI,Regulatory Reporting and Information Sharing,Legal Actions,Party,PARTY_LEGAL_ACTION; LEGAL_ACTION; PARTY_LITIGATION
Risk Management & Regulation,Reporting & BI,Regulatory Reporting and Information Sharing,External Data - Bureau data,Party,PARTY_CREDIT_BUREAU_REPORT; CREDIT_BUREAU_SCORE; PARTY_EXTERNAL_RATING
Risk Management & Regulation,Reporting & BI,Regulatory Reporting and Information Sharing,External Data - Credit Rating,Party,PARTY_EXTERNAL_RATING; PARTY_LIABILITY_CREDIT_RATING; CREDIT_BUREAU_SCORE
Risk Management & Regulation,Reporting & BI,Regulatory Reporting and Information Sharing,Master & Reference Data - staff / colleague,Party,INDIVIDUAL; ASSOCIATE; ASSOCIATE_ASSIGNMENT; INTERNAL_ORGANIZATION_UNIT
Risk Management & Regulation,Reporting & BI,Regulatory Reporting and Information Sharing,HR Performance Data,Party,ASSOCIATE; ASSOCIATE_PERFORMANCE_REVIEW; ASSOCIATE_ASSIGNMENT
Risk Management & Regulation,Reporting & BI,Regulatory Reporting and Information Sharing,Customer Core Contact Details,Location,PARTY_CONTACT_POINT; ELECTRONIC_ADDRESS; POSTAL_ADDRESS; TELEPHONE_NUMBER
Risk Management & Regulation,Reporting & BI,Regulatory Reporting and Information Sharing,Master & Reference Data - geography / location,Location,GEOGRAPHICAL_AREA; GEOGRAPHICAL_UNIT; SITE; POSTAL_ADDRESS
Risk Management & Regulation,Reporting & BI,Regulatory Reporting and Information Sharing,Master & Reference Data - product,Product,Not mapped
Risk Management & Regulation,Reporting & BI,Regulatory Reporting and Information Sharing,Master & Reference Data - FTP rates,Product,INTEREST_RATE; INTEREST_RATE_INDEX; PRODUCT_INTEREST_RATE
Risk Management & Regulation,Reporting & BI,Regulatory Reporting and Information Sharing,Master & Reference Data - exchange rates,Product,CURRENCY; CURRENCY_EXCHANGE_RATE; CURRENCY_PAIR
Risk Management & Regulation,Reporting & BI,Regulatory Reporting and Information Sharing,External Data - market interest rates,Product,INTEREST_RATE_INDEX; INTEREST_RATE; MARKET_INDEX; MARKET_INDEX_VALUE
Risk Management & Regulation,Reporting & BI,Regulatory Reporting and Information Sharing,"External Data - market prices (E.g. equities, bonds, commodities)",Product,MARKET_INDEX; MARKET_INDEX_VALUE; INVESTMENT_PRODUCT; INVESTMENT_PRODUCT_PRICE
Risk Management & Regulation,Reporting & BI,Regulatory Reporting and Information Sharing,Account / Policy / Service Holdings,Agreement,AGREEMENT; PARTY_AGREEMENT_ROLE; AGREEMENT_PARTY_ROLE; AGREEMENT_RELATIONSHIP
Risk Management & Regulation,Reporting & BI,Regulatory Reporting and Information Sharing,Account / Policy / Service Detail,Agreement,AGREEMENT; LOAN_TERM_AGREEMENT; DEPOSIT_AGREEMENT; INSURANCE_AGREEMENT; CREDIT_CARD_AGREEMENT
Risk Management & Regulation,Reporting & BI,Regulatory Reporting and Information Sharing,Account Status (open closed active / domant /inactive / closure reason ),Agreement,AGREEMENT; AGREEMENT_STATUS; AGREEMENT_STATUS_HISTORY
Risk Management & Regulation,Reporting & BI,Regulatory Reporting and Information Sharing,Account Terms & Conditions,Agreement,AGREEMENT; AGREEMENT_CONDITION; AGREEMENT_TERM
Risk Management & Regulation,Reporting & BI,Regulatory Reporting and Information Sharing,Account Feature Usage,Agreement,AGREEMENT_FEATURE; FEATURE; DESCRIPTIVE_FEATURE
Risk Management & Regulation,Reporting & BI,Regulatory Reporting and Information Sharing,"Application Data (New Customer, New Product)",Agreement,APPLICATION; APPLICATION_STATUS; APPLICATION_PARTY_ROLE
Risk Management & Regulation,Reporting & BI,Regulatory Reporting and Information Sharing,Coverage (insurance),Agreement,INSURANCE_COVERAGE; INSURANCE_AGREEMENT; COVERAGE_TYPE
Risk Management & Regulation,Reporting & BI,Regulatory Reporting and Information Sharing,Account Balances,Agreement,AGREEMENT_SUMMARY; BALANCE_SUMMARY; AGREEMENT_BALANCE
Risk Management & Regulation,Reporting & BI,Regulatory Reporting and Information Sharing,Investment Value,Agreement,INVESTMENT_ACCOUNT; INVESTMENT_HOLDING; INVESTMENT_PRODUCT_PRICE
Risk Management & Regulation,Reporting & BI,Regulatory Reporting and Information Sharing,Market / Trading Book Positions,Agreement,TRADE_ORDER; TRADE_EXECUTION; TRADING_POSITION
Risk Management & Regulation,Reporting & BI,Regulatory Reporting and Information Sharing,Mark to market valuations,Agreement,INVESTMENT_PRODUCT_PRICE; MARKET_INDEX_VALUE; AGREEMENT_VALUATION
Risk Management & Regulation,Reporting & BI,Regulatory Reporting and Information Sharing,Cashflow Projections,Agreement,AGREEMENT_CASHFLOW; CASHFLOW_SCHEDULE; AGREEMENT_SUMMARY
Risk Management & Regulation,Reporting & BI,Regulatory Reporting and Information Sharing,Account Maturity Dates & Repricing Schedules,Agreement,AGREEMENT; AGREEMENT_TERM; AGREEMENT_REPRICING_SCHEDULE
Risk Management & Regulation,Reporting & BI,Regulatory Reporting and Information Sharing,Account Repayment Schedules,Agreement,AGREEMENT_REPAYMENT_SCHEDULE; LOAN_TERM_AGREEMENT
Risk Management & Regulation,Reporting & BI,Regulatory Reporting and Information Sharing,Amortisation Schedules,Agreement,AGREEMENT_AMORTIZATION_SCHEDULE; LOAN_TERM_AGREEMENT
Risk Management & Regulation,Reporting & BI,Regulatory Reporting and Information Sharing,Customer Illustrations,Agreement,DOCUMENT; PARTY_DOCUMENT
Risk Management & Regulation,Reporting & BI,Regulatory Reporting and Information Sharing,Customer Quotes,Agreement,APPLICATION; QUOTE; DOCUMENT
Risk Management & Regulation,Reporting & BI,Regulatory Reporting and Information Sharing,Collateral Agreements,Agreement,COLLATERAL_AGREEMENT; COLLATERAL; COLLATERAL_VALUATION; PARTY_ASSET
Risk Management & Regulation,Reporting & BI,Regulatory Reporting and Information Sharing,Risk Exposures,Agreement,AGREEMENT_RISK_METRIC; RISK_EXPOSURE; CREDIT_RISK_SUMMARY
Risk Management & Regulation,Reporting & BI,Regulatory Reporting and Information Sharing,Risk Weighted Assets & Capital Results,Agreement,AGREEMENT_RISK_METRIC; BANK_CAPITAL_SUMMARY; CAPITAL_REQUIREMENTS_SUMMARY
Risk Management & Regulation,Reporting & BI,Regulatory Reporting and Information Sharing,Account Limits,Cross Subject  -  Limits,AGREEMENT_LIMIT; LIMIT; PARTY_LIMIT
Risk Management & Regulation,Reporting & BI,Regulatory Reporting and Information Sharing,Predictive Models - risk,Party or Agreement,ANALYTICAL_MODEL; MODEL_RUN; MODEL_SCORE; PARTY_LIABILITY_CREDIT_RATING
Risk Management & Regulation,Reporting & BI,Regulatory Reporting and Information Sharing,"Risk Segments, Cohorts & Groupings",Party or Agreement,PARTY_CLASSIFICATION; RISK_GRADE_VALUE; RISK_GRADE_SCHEME
Risk Management & Regulation,Reporting & BI,Regulatory Reporting and Information Sharing,"Provisions, Losses & Writeoffs",Party or Agreement,AGREEMENT_RISK_METRIC; PROVISION; WRITE_OFF; LOSS_EVENT
Risk Management & Regulation,Reporting & BI,Regulatory Reporting and Information Sharing,Financial Transactions,Event,MONETARY_TRANSACTION; TRANSACTION_TYPE; FINANCIAL_TRANSACTION; PAYMENT
Risk Management & Regulation,Reporting & BI,Regulatory Reporting and Information Sharing,"Account Fees, Commissions & Charges",Event,MONETARY_TRANSACTION; FEE_TRANSACTION; COMMISSION_TRANSACTION; AGREEMENT_FEE
Risk Management & Regulation,Reporting & BI,Regulatory Reporting and Information Sharing,Financial Interbank Payments,Event,PAYMENT; INTERBANK_PAYMENT; FINANCIAL_TRANSACTION
Risk Management & Regulation,Reporting & BI,Regulatory Reporting and Information Sharing,Non-Financial Transactions,Event,EVENT; NON_MONETARY_EVENT; DIRECT_CONTACT_EVENT
Risk Management & Regulation,Reporting & BI,Regulatory Reporting and Information Sharing,Service Usage,Event,CHANNEL_USAGE_METRIC; SERVICE_USAGE_EVENT; CHANNEL_INSTANCE
Risk Management & Regulation,Reporting & BI,Regulatory Reporting and Information Sharing,Complaint Data,Event,COMPLAINT; COMPLAINT_STATUS; COMPLAINT_RESOLUTION
Risk Management & Regulation,Reporting & BI,Regulatory Reporting and Information Sharing,Offline Customer Interactions - Branch,Event,DIRECT_CONTACT_EVENT; BRANCH_VISIT_EVENT; CHANNEL_INSTANCE
Risk Management & Regulation,Reporting & BI,Regulatory Reporting and Information Sharing,Offline Customer Interactions - Call Centre,Event,DIRECT_CONTACT_EVENT; CALL_EVENT; CHANNEL_INSTANCE
Risk Management & Regulation,Reporting & BI,Regulatory Reporting and Information Sharing,Offline Customer Interactions - letters,Event,DIRECT_CONTACT_EVENT; CORRESPONDENCE_EVENT; DOCUMENT
Risk Management & Regulation,Reporting & BI,Regulatory Reporting and Information Sharing,Offline Customer Interactions - sms text,Event,DIRECT_CONTACT_EVENT; SMS_EVENT; ELECTRONIC_ADDRESS
Risk Management & Regulation,Reporting & BI,Regulatory Reporting and Information Sharing,Online Interactions -  webchat (internal & external),Event,WEB_VISIT; WEB_PAGE_VIEW; ONLINE_INTERACTION_EVENT
Risk Management & Regulation,Reporting & BI,Regulatory Reporting and Information Sharing,Online Interactions colleague intranet,Event,WEB_VISIT; WEB_PAGE_VIEW
Risk Management & Regulation,Reporting & BI,Regulatory Reporting and Information Sharing,Online Interactions customer digital banking site (web log),Event,WEB_VISIT; WEB_PAGE_VIEW; EXTENDED_SESSION_INFORMATION; ONLINE_APPLICATION_ACCESS
Risk Management & Regulation,Reporting & BI,Regulatory Reporting and Information Sharing,Online Interactions customer general banking site,Event,WEB_VISIT; WEB_PAGE_VIEW; ONLINE_INTERACTION_EVENT
Risk Management & Regulation,Reporting & BI,Regulatory Reporting and Information Sharing,Online Interactions email - customer & employee,Event,DIRECT_CONTACT_EVENT; EMAIL_EVENT; ELECTRONIC_ADDRESS
Risk Management & Regulation,Reporting & BI,Regulatory Reporting and Information Sharing,Online Interactions mobile app,Event,WEB_VISIT; WEB_PAGE_VIEW; MOBILE_APP_EVENT; CHANNEL_INSTANCE
Risk Management & Regulation,Reporting & BI,Regulatory Reporting and Information Sharing,Online Interactions off-site - ad server,Event,AD; AD_PLACEMENT; AD_IMPRESSION; AD_CAMPAIGN_OBJECTIVE
Risk Management & Regulation,Reporting & BI,Regulatory Reporting and Information Sharing,Online Interactions prospect / unidentified customer (web log),Event,WEB_VISIT; WEB_PAGE_VIEW; VISITOR_INTERACTION_EVENT
Risk Management & Regulation,Reporting & BI,Regulatory Reporting and Information Sharing,"Case History (Fraud, Money Laundering, Complaint)",Event,CASE; CASE_EVENT; CASE_PARTY_ROLE; FRAUD_CASE
Risk Management & Regulation,Reporting & BI,Regulatory Reporting and Information Sharing,Claims,Event,CLAIM; CLAIM_STATUS; CLAIM_PARTY_ROLE; CLAIM_PAYMENT
Risk Management & Regulation,Reporting & BI,Regulatory Reporting and Information Sharing,Defaults & Limit Breaches,Event,AGREEMENT_STATUS; DEFAULT_EVENT; LIMIT_BREACH_EVENT; AGREEMENT_RISK_METRIC
Risk Management & Regulation,Reporting & BI,Regulatory Reporting and Information Sharing,Master & Reference Data - merchant / transaction,Event,MERCHANT; MERCHANT_CATEGORY; TRANSACTION_TYPE
Risk Management & Regulation,Reporting & BI,Regulatory Reporting and Information Sharing,Customer interview / fact find,Event or Cross Subject - Document,DOCUMENT; SURVEY; SURVEY_QUESTION_RESPONSE; PARTY_DOCUMENT
Risk Management & Regulation,Reporting & BI,Regulatory Reporting and Information Sharing,Physical Assets,Party Asset,PARTY_ASSET; FIXED_ASSET; REAL_PROPERTY
Risk Management & Regulation,Reporting & BI,Regulatory Reporting and Information Sharing,Physical Asset Valuations,Party Asset,PARTY_ASSET_VALUATION; COLLATERAL_VALUATION; REAL_PROPERTY_VALUATION
Risk Management & Regulation,Reporting & BI,Regulatory Reporting and Information Sharing,Master & Reference Data - organisation hierarchy,Internal Organisation,ORGANIZATION; INTERNAL_ORGANIZATION_UNIT; ORGANIZATION_UNIT_RELATIONSHIP; ORGANIZATION_BUSINESS_TYPE
Risk Management & Regulation,Reporting & BI,Regulatory Reporting and Information Sharing,Master & Reference Data - Channel,Channel,CHANNEL_TYPE; CHANNEL_INSTANCE; CHANNEL_CLASSIFICATION
Risk Management & Regulation,Reporting & BI,Regulatory Reporting and Information Sharing,Finance Systems - General Ledger,Finance,Not mapped
Risk Management & Regulation,Reporting & BI,Regulatory Reporting and Information Sharing,Finance Systems - ERP,Finance,GL_ACCOUNT; GL_MAIN_ACCOUNT; VENDOR; VENDOR_INVOICE
Risk Management & Regulation,Reporting & BI,Regulatory Reporting and Information Sharing,"Model Metadata (E.g. defintion, assumptions, metrics)",Analytical Model,ANALYTICAL_MODEL; MODEL_RUN; MODEL_PARAMETER
Risk Management & Regulation,Reporting & BI,Regulatory Reporting and Information Sharing,Risk Scenario & Stress Testing Results,Analytical Model,RISK_CALCULATION_SCENARIO; RISK_SCENARIO_RESULT; STRESS_TEST_RESULT
Risk Management & Regulation,Reporting & BI,Regulatory Reporting and Information Sharing,"Documents - Structured Data Capture (Survey, Application Forms)",Cross Subject - Document,DOCUMENT; DOCUMENT_TYPE; SURVEY; APPLICATION
Risk Management & Regulation,Reporting & BI,Regulatory Reporting and Information Sharing,Document Image,Cross Subject - Document,Not mapped
Risk Management & Regulation,Reporting & BI,Regulatory Reporting and Information Sharing,Text Data,Cross Subject - Document,DOCUMENT; TEXT_CONTENT; DIGITAL_CONTENT
Risk Management & Regulation,Reporting & BI,Regulatory Reporting and Information Sharing,Master & Reference Data - Risk Policy Rules,Cross Subject - Document,RISK_GRADE_SCHEME; RISK_GRADE_VALUE; RISK_POLICY; BUSINESS_RULE
Risk Management & Regulation,Reporting & BI,Regulatory Reporting and Information Sharing,Rich Media from all sources,Cross Subject - Multi-media object,DIGITAL_CONTENT; MEDIA_ASSET; DOCUMENT
Risk Management & Regulation,Reporting & BI,Regulatory Reporting and Information Sharing,External Data - Fraud Watch Lists,Cross Subject - Watch List,WATCH_LIST; WATCH_LIST_ENTRY; PARTY_WATCH_LIST_CHECK
Risk Management & Regulation,Reporting & BI,Regulatory Reporting and Information Sharing,Compliance Approvals,Cross Subject,COMPLIANCE_EVENT; APPROVAL; PARTY_COMPLIANCE_VERIFICATION
Risk Management & Regulation,Reporting & BI,Regulatory Reporting and Information Sharing,External Data - External Loss Data,Not Covered,LOSS_EVENT; OPERATIONAL_LOSS_EVENT
Risk Management & Regulation,Reporting & BI,Regulatory Reporting and Information Sharing,"System Log Files (E.g. Firewall, Webserver)",Not Covered,WEB_VISIT; SYSTEM_EVENT
Risk Management & Regulation,Reporting & BI,Strategy (Rules) Performance MI,Single Customer View (Master Record),Party,PARTY; INDIVIDUAL; ORGANIZATION; HOUSEHOLD; PARTY_RELATIONSHIP; PARTY_IDENTIFICATION
Risk Management & Regulation,Reporting & BI,Strategy (Rules) Performance MI,KYC Data,Party,PARTY_IDENTIFICATION; PARTY_CLASSIFICATION; PARTY_IDENTITY_DOCUMENT; PARTY_COMPLIANCE_VERIFICATION
Risk Management & Regulation,Reporting & BI,Strategy (Rules) Performance MI,Customer Demographics,Party,INDIVIDUAL; PARTY_DEMOGRAPHIC; PARTY_CLASSIFICATION; PARTY_PREFERENCE
Risk Management & Regulation,Reporting & BI,Strategy (Rules) Performance MI,Customer Attitudinal Data,Party,PARTY_PREFERENCE; PARTY_CLASSIFICATION; PARTY_SURVEY_RESPONSE
Risk Management & Regulation,Reporting & BI,Strategy (Rules) Performance MI,Customer Segments,Party,PARTY_CLASSIFICATION; PARTY_SEGMENT; PARTY_CLASSIFICATION_VALUE
Risk Management & Regulation,Reporting & BI,Strategy (Rules) Performance MI,Customer Contact Preferences,Party,PARTY_PREFERENCE; PARTY_CONTACT_POINT; ELECTRONIC_ADDRESS; POSTAL_ADDRESS
Risk Management & Regulation,Reporting & BI,Strategy (Rules) Performance MI,Customer Marketing Preferences,Party,PARTY_PREFERENCE; PARTY_MARKETING_PREFERENCE; PARTY_CONSENT
Risk Management & Regulation,Reporting & BI,Strategy (Rules) Performance MI,Customer Satisfaction Measurement (E.g. NPS),Party,PARTY_SURVEY_RESPONSE; SURVEY; SURVEY_QUESTION_RESPONSE
Risk Management & Regulation,Reporting & BI,Strategy (Rules) Performance MI,Legal Actions,Party,PARTY_LEGAL_ACTION; LEGAL_ACTION; PARTY_LITIGATION
Risk Management & Regulation,Reporting & BI,Strategy (Rules) Performance MI,External Data - Social Media Data,Party,SOCIAL_MEDIA_ACCOUNT; SOCIAL_MEDIA_TRANSFER; SOCIAL_MEDIA_POST
Risk Management & Regulation,Reporting & BI,Strategy (Rules) Performance MI,External Data - Bureau data,Party,PARTY_CREDIT_BUREAU_REPORT; CREDIT_BUREAU_SCORE; PARTY_EXTERNAL_RATING
Risk Management & Regulation,Reporting & BI,Strategy (Rules) Performance MI,External Data - Credit Rating,Party,PARTY_EXTERNAL_RATING; PARTY_LIABILITY_CREDIT_RATING; CREDIT_BUREAU_SCORE
Risk Management & Regulation,Reporting & BI,Strategy (Rules) Performance MI,"External Economic Data (E.g. Property Prices, Salary)",Party,ECONOMIC_INDEX; ECONOMIC_INDEX_VALUE; MARKET_INDEX; MARKET_INDEX_VALUE
Risk Management & Regulation,Reporting & BI,Strategy (Rules) Performance MI,Master & Reference Data - geography / location,Location,GEOGRAPHICAL_AREA; GEOGRAPHICAL_UNIT; SITE; POSTAL_ADDRESS
Risk Management & Regulation,Reporting & BI,Strategy (Rules) Performance MI,Master & Reference Data - product,Product,Not mapped
Risk Management & Regulation,Reporting & BI,Strategy (Rules) Performance MI,Master & Reference Data - exchange rates,Product,CURRENCY; CURRENCY_EXCHANGE_RATE; CURRENCY_PAIR
Risk Management & Regulation,Reporting & BI,Strategy (Rules) Performance MI,Account / Policy / Service Holdings,Agreement,AGREEMENT; PARTY_AGREEMENT_ROLE; AGREEMENT_PARTY_ROLE; AGREEMENT_RELATIONSHIP
Risk Management & Regulation,Reporting & BI,Strategy (Rules) Performance MI,Account / Policy / Service Detail,Agreement,AGREEMENT; LOAN_TERM_AGREEMENT; DEPOSIT_AGREEMENT; INSURANCE_AGREEMENT; CREDIT_CARD_AGREEMENT
Risk Management & Regulation,Reporting & BI,Strategy (Rules) Performance MI,Account Status (open closed active / domant /inactive / closure reason ),Agreement,AGREEMENT; AGREEMENT_STATUS; AGREEMENT_STATUS_HISTORY
Risk Management & Regulation,Reporting & BI,Strategy (Rules) Performance MI,Account Terms & Conditions,Agreement,AGREEMENT; AGREEMENT_CONDITION; AGREEMENT_TERM
Risk Management & Regulation,Reporting & BI,Strategy (Rules) Performance MI,"Application Data (New Customer, New Product)",Agreement,APPLICATION; APPLICATION_STATUS; APPLICATION_PARTY_ROLE
Risk Management & Regulation,Reporting & BI,Strategy (Rules) Performance MI,Coverage (insurance),Agreement,INSURANCE_COVERAGE; INSURANCE_AGREEMENT; COVERAGE_TYPE
Risk Management & Regulation,Reporting & BI,Strategy (Rules) Performance MI,Account Balances,Agreement,AGREEMENT_SUMMARY; BALANCE_SUMMARY; AGREEMENT_BALANCE
Risk Management & Regulation,Reporting & BI,Strategy (Rules) Performance MI,Market / Trading Book Positions,Agreement,TRADE_ORDER; TRADE_EXECUTION; TRADING_POSITION
Risk Management & Regulation,Reporting & BI,Strategy (Rules) Performance MI,Mark to market valuations,Agreement,INVESTMENT_PRODUCT_PRICE; MARKET_INDEX_VALUE; AGREEMENT_VALUATION
Risk Management & Regulation,Reporting & BI,Strategy (Rules) Performance MI,Account Maturity Dates & Repricing Schedules,Agreement,AGREEMENT; AGREEMENT_TERM; AGREEMENT_REPRICING_SCHEDULE
Risk Management & Regulation,Reporting & BI,Strategy (Rules) Performance MI,Account Repayment Schedules,Agreement,AGREEMENT_REPAYMENT_SCHEDULE; LOAN_TERM_AGREEMENT
Risk Management & Regulation,Reporting & BI,Strategy (Rules) Performance MI,Collateral Agreements,Agreement,COLLATERAL_AGREEMENT; COLLATERAL; COLLATERAL_VALUATION; PARTY_ASSET
Risk Management & Regulation,Reporting & BI,Strategy (Rules) Performance MI,Risk Exposures,Agreement,AGREEMENT_RISK_METRIC; RISK_EXPOSURE; CREDIT_RISK_SUMMARY
Risk Management & Regulation,Reporting & BI,Strategy (Rules) Performance MI,Account Limits,Cross Subject  -  Limits,AGREEMENT_LIMIT; LIMIT; PARTY_LIMIT
Risk Management & Regulation,Reporting & BI,Strategy (Rules) Performance MI,Predictive Models - risk,Party or Agreement,ANALYTICAL_MODEL; MODEL_RUN; MODEL_SCORE; PARTY_LIABILITY_CREDIT_RATING
Risk Management & Regulation,Reporting & BI,Strategy (Rules) Performance MI,"Risk Segments, Cohorts & Groupings",Party or Agreement,PARTY_CLASSIFICATION; RISK_GRADE_VALUE; RISK_GRADE_SCHEME
Risk Management & Regulation,Reporting & BI,Strategy (Rules) Performance MI,"Provisions, Losses & Writeoffs",Party or Agreement,AGREEMENT_RISK_METRIC; PROVISION; WRITE_OFF; LOSS_EVENT
Risk Management & Regulation,Reporting & BI,Strategy (Rules) Performance MI,Financial Transactions,Event,MONETARY_TRANSACTION; TRANSACTION_TYPE; FINANCIAL_TRANSACTION; PAYMENT
Risk Management & Regulation,Reporting & BI,Strategy (Rules) Performance MI,Offline Customer Interactions - Branch,Event,DIRECT_CONTACT_EVENT; BRANCH_VISIT_EVENT; CHANNEL_INSTANCE
Risk Management & Regulation,Reporting & BI,Strategy (Rules) Performance MI,Offline Customer Interactions - Call Centre,Event,DIRECT_CONTACT_EVENT; CALL_EVENT; CHANNEL_INSTANCE
Risk Management & Regulation,Reporting & BI,Strategy (Rules) Performance MI,Offline Customer Interactions - letters,Event,DIRECT_CONTACT_EVENT; CORRESPONDENCE_EVENT; DOCUMENT
Risk Management & Regulation,Reporting & BI,Strategy (Rules) Performance MI,Offline Customer Interactions - sms text,Event,DIRECT_CONTACT_EVENT; SMS_EVENT; ELECTRONIC_ADDRESS
Risk Management & Regulation,Reporting & BI,Strategy (Rules) Performance MI,Online Interactions -  webchat (internal & external),Event,WEB_VISIT; WEB_PAGE_VIEW; ONLINE_INTERACTION_EVENT
Risk Management & Regulation,Reporting & BI,Strategy (Rules) Performance MI,Online Interactions customer digital banking site (web log),Event,WEB_VISIT; WEB_PAGE_VIEW; EXTENDED_SESSION_INFORMATION; ONLINE_APPLICATION_ACCESS
Risk Management & Regulation,Reporting & BI,Strategy (Rules) Performance MI,Online Interactions customer general banking site,Event,WEB_VISIT; WEB_PAGE_VIEW; ONLINE_INTERACTION_EVENT
Risk Management & Regulation,Reporting & BI,Strategy (Rules) Performance MI,Online Interactions email - customer & employee,Event,DIRECT_CONTACT_EVENT; EMAIL_EVENT; ELECTRONIC_ADDRESS
Risk Management & Regulation,Reporting & BI,Strategy (Rules) Performance MI,Online Interactions mobile app,Event,WEB_VISIT; WEB_PAGE_VIEW; MOBILE_APP_EVENT; CHANNEL_INSTANCE
Risk Management & Regulation,Reporting & BI,Strategy (Rules) Performance MI,"Case History (Fraud, Money Laundering, Complaint)",Event,CASE; CASE_EVENT; CASE_PARTY_ROLE; FRAUD_CASE
Risk Management & Regulation,Reporting & BI,Strategy (Rules) Performance MI,Claims,Event,CLAIM; CLAIM_STATUS; CLAIM_PARTY_ROLE; CLAIM_PAYMENT
Risk Management & Regulation,Reporting & BI,Strategy (Rules) Performance MI,Defaults & Limit Breaches,Event,AGREEMENT_STATUS; DEFAULT_EVENT; LIMIT_BREACH_EVENT; AGREEMENT_RISK_METRIC
Risk Management & Regulation,Reporting & BI,Strategy (Rules) Performance MI,Closed Loop Outcomes / Channel Responses,Event,CAMPAIGN_RESPONSE; CAMPAIGN_OFFER_RESPONSE; DIRECT_CONTACT_EVENT
Risk Management & Regulation,Reporting & BI,Strategy (Rules) Performance MI,External Data - Corporate Actions,Event,CORPORATE_ACTION; INVESTMENT_PRODUCT
Risk Management & Regulation,Reporting & BI,Strategy (Rules) Performance MI,Customer interview / fact find,Event or Cross Subject - Document,DOCUMENT; SURVEY; SURVEY_QUESTION_RESPONSE; PARTY_DOCUMENT
Risk Management & Regulation,Reporting & BI,Strategy (Rules) Performance MI,Physical Assets,Party Asset,PARTY_ASSET; FIXED_ASSET; REAL_PROPERTY
Risk Management & Regulation,Reporting & BI,Strategy (Rules) Performance MI,Physical Asset Valuations,Party Asset,PARTY_ASSET_VALUATION; COLLATERAL_VALUATION; REAL_PROPERTY_VALUATION
Risk Management & Regulation,Reporting & BI,Strategy (Rules) Performance MI,Master & Reference Data - organisation hierarchy,Internal Organisation,ORGANIZATION; INTERNAL_ORGANIZATION_UNIT; ORGANIZATION_UNIT_RELATIONSHIP; ORGANIZATION_BUSINESS_TYPE
Risk Management & Regulation,Reporting & BI,Strategy (Rules) Performance MI,Master & Reference Data - Campaign,Campaign,CAMPAIGN; CAMPAIGN_TYPE; CAMPAIGN_STATUS; CAMPAIGN_WAVE
Risk Management & Regulation,Reporting & BI,Strategy (Rules) Performance MI,Master & Reference Data - Channel,Channel,CHANNEL_TYPE; CHANNEL_INSTANCE; CHANNEL_CLASSIFICATION
Risk Management & Regulation,Reporting & BI,Strategy (Rules) Performance MI,"Model Metadata (E.g. defintion, assumptions, metrics)",Analytical Model,ANALYTICAL_MODEL; MODEL_RUN; MODEL_PARAMETER
Risk Management & Regulation,Reporting & BI,Strategy (Rules) Performance MI,Risk Scenario & Stress Testing Results,Analytical Model,RISK_CALCULATION_SCENARIO; RISK_SCENARIO_RESULT; STRESS_TEST_RESULT
Risk Management & Regulation,Reporting & BI,Strategy (Rules) Performance MI,"Documents - Structured Data Capture (Survey, Application Forms)",Cross Subject - Document,DOCUMENT; DOCUMENT_TYPE; SURVEY; APPLICATION
Risk Management & Regulation,Reporting & BI,Strategy (Rules) Performance MI,Text Data,Cross Subject - Document,DOCUMENT; TEXT_CONTENT; DIGITAL_CONTENT
Risk Management & Regulation,Reporting & BI,Strategy (Rules) Performance MI,External Data - News / Industry Feeds E.g. Reuters,Cross Subject - Document,DOCUMENT; NEWS_FEED; MARKET_INDEX
Risk Management & Regulation,Reporting & BI,Strategy (Rules) Performance MI,Master & Reference Data - Risk Policy Rules,Cross Subject - Document,RISK_GRADE_SCHEME; RISK_GRADE_VALUE; RISK_POLICY; BUSINESS_RULE
Risk Management & Regulation,Reporting & BI,Strategy (Rules) Performance MI,External Data - Fraud Watch Lists,Cross Subject - Watch List,WATCH_LIST; WATCH_LIST_ENTRY; PARTY_WATCH_LIST_CHECK
Finance & Peformance Management,Financial Accounting,Financial Accounting / Accounting Hub,Customer Demographics,Party,INDIVIDUAL; PARTY_DEMOGRAPHIC; PARTY_CLASSIFICATION; PARTY_PREFERENCE
Finance & Peformance Management,Financial Accounting,Financial Accounting / Accounting Hub,Customer Segments,Party,PARTY_CLASSIFICATION; PARTY_SEGMENT; PARTY_CLASSIFICATION_VALUE
Finance & Peformance Management,Financial Accounting,Financial Accounting / Accounting Hub,Master & Reference Data - geography / location,Location,GEOGRAPHICAL_AREA; GEOGRAPHICAL_UNIT; SITE; POSTAL_ADDRESS
Finance & Peformance Management,Financial Accounting,Financial Accounting / Accounting Hub,Master & Reference Data - product,Product,Not mapped
Finance & Peformance Management,Financial Accounting,Financial Accounting / Accounting Hub,Master & Reference Data - FTP rates,Product,INTEREST_RATE; INTEREST_RATE_INDEX; PRODUCT_INTEREST_RATE
Finance & Peformance Management,Financial Accounting,Financial Accounting / Accounting Hub,Master & Reference Data - exchange rates,Product,CURRENCY; CURRENCY_EXCHANGE_RATE; CURRENCY_PAIR
Finance & Peformance Management,Financial Accounting,Financial Accounting / Accounting Hub,External Data - market interest rates,Product,INTEREST_RATE_INDEX; INTEREST_RATE; MARKET_INDEX; MARKET_INDEX_VALUE
Finance & Peformance Management,Financial Accounting,Financial Accounting / Accounting Hub,"External Data - market prices (E.g. equities, bonds, commodities)",Product,MARKET_INDEX; MARKET_INDEX_VALUE; INVESTMENT_PRODUCT; INVESTMENT_PRODUCT_PRICE
Finance & Peformance Management,Financial Accounting,Financial Accounting / Accounting Hub,Account / Policy / Service Holdings,Agreement,AGREEMENT; PARTY_AGREEMENT_ROLE; AGREEMENT_PARTY_ROLE; AGREEMENT_RELATIONSHIP
Finance & Peformance Management,Financial Accounting,Financial Accounting / Accounting Hub,Account / Policy / Service Detail,Agreement,AGREEMENT; LOAN_TERM_AGREEMENT; DEPOSIT_AGREEMENT; INSURANCE_AGREEMENT; CREDIT_CARD_AGREEMENT
Finance & Peformance Management,Financial Accounting,Financial Accounting / Accounting Hub,Account Status (open closed active / domant /inactive / closure reason ),Agreement,AGREEMENT; AGREEMENT_STATUS; AGREEMENT_STATUS_HISTORY
Finance & Peformance Management,Financial Accounting,Financial Accounting / Accounting Hub,Account Terms & Conditions,Agreement,AGREEMENT; AGREEMENT_CONDITION; AGREEMENT_TERM
Finance & Peformance Management,Financial Accounting,Financial Accounting / Accounting Hub,Account Feature Usage,Agreement,AGREEMENT_FEATURE; FEATURE; DESCRIPTIVE_FEATURE
Finance & Peformance Management,Financial Accounting,Financial Accounting / Accounting Hub,Coverage (insurance),Agreement,INSURANCE_COVERAGE; INSURANCE_AGREEMENT; COVERAGE_TYPE
Finance & Peformance Management,Financial Accounting,Financial Accounting / Accounting Hub,Account Balances,Agreement,AGREEMENT_SUMMARY; BALANCE_SUMMARY; AGREEMENT_BALANCE
Finance & Peformance Management,Financial Accounting,Financial Accounting / Accounting Hub,Investment Value,Agreement,INVESTMENT_ACCOUNT; INVESTMENT_HOLDING; INVESTMENT_PRODUCT_PRICE
Finance & Peformance Management,Financial Accounting,Financial Accounting / Accounting Hub,Market / Trading Book Positions,Agreement,TRADE_ORDER; TRADE_EXECUTION; TRADING_POSITION
Finance & Peformance Management,Financial Accounting,Financial Accounting / Accounting Hub,Mark to market valuations,Agreement,INVESTMENT_PRODUCT_PRICE; MARKET_INDEX_VALUE; AGREEMENT_VALUATION
Finance & Peformance Management,Financial Accounting,Financial Accounting / Accounting Hub,Cashflow Projections,Agreement,AGREEMENT_CASHFLOW; CASHFLOW_SCHEDULE; AGREEMENT_SUMMARY
Finance & Peformance Management,Financial Accounting,Financial Accounting / Accounting Hub,Account Maturity Dates & Repricing Schedules,Agreement,AGREEMENT; AGREEMENT_TERM; AGREEMENT_REPRICING_SCHEDULE
Finance & Peformance Management,Financial Accounting,Financial Accounting / Accounting Hub,Account Repayment Schedules,Agreement,AGREEMENT_REPAYMENT_SCHEDULE; LOAN_TERM_AGREEMENT
Finance & Peformance Management,Financial Accounting,Financial Accounting / Accounting Hub,Amortisation Schedules,Agreement,AGREEMENT_AMORTIZATION_SCHEDULE; LOAN_TERM_AGREEMENT
Finance & Peformance Management,Financial Accounting,Financial Accounting / Accounting Hub,Collateral Agreements,Agreement,COLLATERAL_AGREEMENT; COLLATERAL; COLLATERAL_VALUATION; PARTY_ASSET
Finance & Peformance Management,Financial Accounting,Financial Accounting / Accounting Hub,Risk Exposures,Agreement,AGREEMENT_RISK_METRIC; RISK_EXPOSURE; CREDIT_RISK_SUMMARY
Finance & Peformance Management,Financial Accounting,Financial Accounting / Accounting Hub,Account Limits,Cross Subject  -  Limits,AGREEMENT_LIMIT; LIMIT; PARTY_LIMIT
Finance & Peformance Management,Financial Accounting,Financial Accounting / Accounting Hub,"Risk Segments, Cohorts & Groupings",Party or Agreement,PARTY_CLASSIFICATION; RISK_GRADE_VALUE; RISK_GRADE_SCHEME
Finance & Peformance Management,Financial Accounting,Financial Accounting / Accounting Hub,"Provisions, Losses & Writeoffs",Party or Agreement,AGREEMENT_RISK_METRIC; PROVISION; WRITE_OFF; LOSS_EVENT
Finance & Peformance Management,Financial Accounting,Financial Accounting / Accounting Hub,Financial Transactions,Event,MONETARY_TRANSACTION; TRANSACTION_TYPE; FINANCIAL_TRANSACTION; PAYMENT
Finance & Peformance Management,Financial Accounting,Financial Accounting / Accounting Hub,"Account Fees, Commissions & Charges",Event,MONETARY_TRANSACTION; FEE_TRANSACTION; COMMISSION_TRANSACTION; AGREEMENT_FEE
Finance & Peformance Management,Financial Accounting,Financial Accounting / Accounting Hub,Financial Interbank Payments,Event,PAYMENT; INTERBANK_PAYMENT; FINANCIAL_TRANSACTION
Finance & Peformance Management,Financial Accounting,Financial Accounting / Accounting Hub,Service Usage,Event,CHANNEL_USAGE_METRIC; SERVICE_USAGE_EVENT; CHANNEL_INSTANCE
Finance & Peformance Management,Financial Accounting,Financial Accounting / Accounting Hub,Claims,Event,CLAIM; CLAIM_STATUS; CLAIM_PARTY_ROLE; CLAIM_PAYMENT
Finance & Peformance Management,Financial Accounting,Financial Accounting / Accounting Hub,Defaults & Limit Breaches,Event,AGREEMENT_STATUS; DEFAULT_EVENT; LIMIT_BREACH_EVENT; AGREEMENT_RISK_METRIC
Finance & Peformance Management,Financial Accounting,Financial Accounting / Accounting Hub,Master & Reference Data - merchant / transaction,Event,MERCHANT; MERCHANT_CATEGORY; TRANSACTION_TYPE
Finance & Peformance Management,Financial Accounting,Financial Accounting / Accounting Hub,Physical Assets,Party Asset,PARTY_ASSET; FIXED_ASSET; REAL_PROPERTY
Finance & Peformance Management,Financial Accounting,Financial Accounting / Accounting Hub,Physical Asset Valuations,Party Asset,PARTY_ASSET_VALUATION; COLLATERAL_VALUATION; REAL_PROPERTY_VALUATION
Finance & Peformance Management,Financial Accounting,Financial Accounting / Accounting Hub,Master & Reference Data - organisation hierarchy,Internal Organisation,ORGANIZATION; INTERNAL_ORGANIZATION_UNIT; ORGANIZATION_UNIT_RELATIONSHIP; ORGANIZATION_BUSINESS_TYPE
Finance & Peformance Management,Financial Accounting,Financial Accounting / Accounting Hub,Master & Reference Data - Channel,Channel,CHANNEL_TYPE; CHANNEL_INSTANCE; CHANNEL_CLASSIFICATION
Finance & Peformance Management,Financial Accounting,Financial Accounting / Accounting Hub,Finance Systems - General Ledger,Finance,Not mapped
Finance & Peformance Management,Financial Accounting,Financial Accounting / Accounting Hub,Finance Systems - ERP,Finance,GL_ACCOUNT; GL_MAIN_ACCOUNT; VENDOR; VENDOR_INVOICE
Finance & Peformance Management,Financial Accounting,Financial Consolidation,Master & Reference Data - geography / location,Location,GEOGRAPHICAL_AREA; GEOGRAPHICAL_UNIT; SITE; POSTAL_ADDRESS
Finance & Peformance Management,Financial Accounting,Financial Consolidation,Master & Reference Data - product,Product,Not mapped
Finance & Peformance Management,Financial Accounting,Financial Consolidation,Master & Reference Data - exchange rates,Product,CURRENCY; CURRENCY_EXCHANGE_RATE; CURRENCY_PAIR
Finance & Peformance Management,Financial Accounting,Financial Consolidation,Master & Reference Data - organisation hierarchy,Internal Organisation,ORGANIZATION; INTERNAL_ORGANIZATION_UNIT; ORGANIZATION_UNIT_RELATIONSHIP; ORGANIZATION_BUSINESS_TYPE
Finance & Peformance Management,Financial Accounting,Financial Consolidation,Finance Systems - General Ledger,Finance,Not mapped
Finance & Peformance Management,Financial Accounting,Financial Consolidation,Finance Systems - ERP,Finance,GL_ACCOUNT; GL_MAIN_ACCOUNT; VENDOR; VENDOR_INVOICE
Finance & Peformance Management,Financial Accounting,Functional Profit & Loss Statement (P&L),Customer Demographics,Party,INDIVIDUAL; PARTY_DEMOGRAPHIC; PARTY_CLASSIFICATION; PARTY_PREFERENCE
Finance & Peformance Management,Financial Accounting,Functional Profit & Loss Statement (P&L),Customer Segments,Party,PARTY_CLASSIFICATION; PARTY_SEGMENT; PARTY_CLASSIFICATION_VALUE
Finance & Peformance Management,Financial Accounting,Functional Profit & Loss Statement (P&L),Master & Reference Data - geography / location,Location,GEOGRAPHICAL_AREA; GEOGRAPHICAL_UNIT; SITE; POSTAL_ADDRESS
Finance & Peformance Management,Financial Accounting,Functional Profit & Loss Statement (P&L),Master & Reference Data - product,Product,Not mapped
Finance & Peformance Management,Financial Accounting,Functional Profit & Loss Statement (P&L),Master & Reference Data - FTP rates,Product,INTEREST_RATE; INTEREST_RATE_INDEX; PRODUCT_INTEREST_RATE
Finance & Peformance Management,Financial Accounting,Functional Profit & Loss Statement (P&L),Master & Reference Data - exchange rates,Product,CURRENCY; CURRENCY_EXCHANGE_RATE; CURRENCY_PAIR
Finance & Peformance Management,Financial Accounting,Functional Profit & Loss Statement (P&L),External Data - market interest rates,Product,INTEREST_RATE_INDEX; INTEREST_RATE; MARKET_INDEX; MARKET_INDEX_VALUE
Finance & Peformance Management,Financial Accounting,Functional Profit & Loss Statement (P&L),"External Data - market prices (E.g. equities, bonds, commodities)",Product,MARKET_INDEX; MARKET_INDEX_VALUE; INVESTMENT_PRODUCT; INVESTMENT_PRODUCT_PRICE
Finance & Peformance Management,Financial Accounting,Functional Profit & Loss Statement (P&L),Account / Policy / Service Holdings,Agreement,AGREEMENT; PARTY_AGREEMENT_ROLE; AGREEMENT_PARTY_ROLE; AGREEMENT_RELATIONSHIP
Finance & Peformance Management,Financial Accounting,Functional Profit & Loss Statement (P&L),Account / Policy / Service Detail,Agreement,AGREEMENT; LOAN_TERM_AGREEMENT; DEPOSIT_AGREEMENT; INSURANCE_AGREEMENT; CREDIT_CARD_AGREEMENT
Finance & Peformance Management,Financial Accounting,Functional Profit & Loss Statement (P&L),Account Status (open closed active / domant /inactive / closure reason ),Agreement,AGREEMENT; AGREEMENT_STATUS; AGREEMENT_STATUS_HISTORY
Finance & Peformance Management,Financial Accounting,Functional Profit & Loss Statement (P&L),Account Terms & Conditions,Agreement,AGREEMENT; AGREEMENT_CONDITION; AGREEMENT_TERM
Finance & Peformance Management,Financial Accounting,Functional Profit & Loss Statement (P&L),Account Feature Usage,Agreement,AGREEMENT_FEATURE; FEATURE; DESCRIPTIVE_FEATURE
Finance & Peformance Management,Financial Accounting,Functional Profit & Loss Statement (P&L),Coverage (insurance),Agreement,INSURANCE_COVERAGE; INSURANCE_AGREEMENT; COVERAGE_TYPE
Finance & Peformance Management,Financial Accounting,Functional Profit & Loss Statement (P&L),Account Balances,Agreement,AGREEMENT_SUMMARY; BALANCE_SUMMARY; AGREEMENT_BALANCE
Finance & Peformance Management,Financial Accounting,Functional Profit & Loss Statement (P&L),Investment Value,Agreement,INVESTMENT_ACCOUNT; INVESTMENT_HOLDING; INVESTMENT_PRODUCT_PRICE
Finance & Peformance Management,Financial Accounting,Functional Profit & Loss Statement (P&L),Market / Trading Book Positions,Agreement,TRADE_ORDER; TRADE_EXECUTION; TRADING_POSITION
Finance & Peformance Management,Financial Accounting,Functional Profit & Loss Statement (P&L),Mark to market valuations,Agreement,INVESTMENT_PRODUCT_PRICE; MARKET_INDEX_VALUE; AGREEMENT_VALUATION
Finance & Peformance Management,Financial Accounting,Functional Profit & Loss Statement (P&L),Cashflow Projections,Agreement,AGREEMENT_CASHFLOW; CASHFLOW_SCHEDULE; AGREEMENT_SUMMARY
Finance & Peformance Management,Financial Accounting,Functional Profit & Loss Statement (P&L),Account Maturity Dates & Repricing Schedules,Agreement,AGREEMENT; AGREEMENT_TERM; AGREEMENT_REPRICING_SCHEDULE
Finance & Peformance Management,Financial Accounting,Functional Profit & Loss Statement (P&L),Account Repayment Schedules,Agreement,AGREEMENT_REPAYMENT_SCHEDULE; LOAN_TERM_AGREEMENT
Finance & Peformance Management,Financial Accounting,Functional Profit & Loss Statement (P&L),Amortisation Schedules,Agreement,AGREEMENT_AMORTIZATION_SCHEDULE; LOAN_TERM_AGREEMENT
Finance & Peformance Management,Financial Accounting,Functional Profit & Loss Statement (P&L),Collateral Agreements,Agreement,COLLATERAL_AGREEMENT; COLLATERAL; COLLATERAL_VALUATION; PARTY_ASSET
Finance & Peformance Management,Financial Accounting,Functional Profit & Loss Statement (P&L),Risk Exposures,Agreement,AGREEMENT_RISK_METRIC; RISK_EXPOSURE; CREDIT_RISK_SUMMARY
Finance & Peformance Management,Financial Accounting,Functional Profit & Loss Statement (P&L),Account Limits,Cross Subject  -  Limits,AGREEMENT_LIMIT; LIMIT; PARTY_LIMIT
Finance & Peformance Management,Financial Accounting,Functional Profit & Loss Statement (P&L),"Risk Segments, Cohorts & Groupings",Party or Agreement,PARTY_CLASSIFICATION; RISK_GRADE_VALUE; RISK_GRADE_SCHEME
Finance & Peformance Management,Financial Accounting,Functional Profit & Loss Statement (P&L),"Provisions, Losses & Writeoffs",Party or Agreement,AGREEMENT_RISK_METRIC; PROVISION; WRITE_OFF; LOSS_EVENT
Finance & Peformance Management,Financial Accounting,Functional Profit & Loss Statement (P&L),Financial Transactions,Event,MONETARY_TRANSACTION; TRANSACTION_TYPE; FINANCIAL_TRANSACTION; PAYMENT
Finance & Peformance Management,Financial Accounting,Functional Profit & Loss Statement (P&L),"Account Fees, Commissions & Charges",Event,MONETARY_TRANSACTION; FEE_TRANSACTION; COMMISSION_TRANSACTION; AGREEMENT_FEE
Finance & Peformance Management,Financial Accounting,Functional Profit & Loss Statement (P&L),Financial Interbank Payments,Event,PAYMENT; INTERBANK_PAYMENT; FINANCIAL_TRANSACTION
Finance & Peformance Management,Financial Accounting,Functional Profit & Loss Statement (P&L),Service Usage,Event,CHANNEL_USAGE_METRIC; SERVICE_USAGE_EVENT; CHANNEL_INSTANCE
Finance & Peformance Management,Financial Accounting,Functional Profit & Loss Statement (P&L),Claims,Event,CLAIM; CLAIM_STATUS; CLAIM_PARTY_ROLE; CLAIM_PAYMENT
Finance & Peformance Management,Financial Accounting,Functional Profit & Loss Statement (P&L),Defaults & Limit Breaches,Event,AGREEMENT_STATUS; DEFAULT_EVENT; LIMIT_BREACH_EVENT; AGREEMENT_RISK_METRIC
Finance & Peformance Management,Financial Accounting,Functional Profit & Loss Statement (P&L),Master & Reference Data - merchant / transaction,Event,MERCHANT; MERCHANT_CATEGORY; TRANSACTION_TYPE
Finance & Peformance Management,Financial Accounting,Functional Profit & Loss Statement (P&L),Physical Assets,Party Asset,PARTY_ASSET; FIXED_ASSET; REAL_PROPERTY
Finance & Peformance Management,Financial Accounting,Functional Profit & Loss Statement (P&L),Physical Asset Valuations,Party Asset,PARTY_ASSET_VALUATION; COLLATERAL_VALUATION; REAL_PROPERTY_VALUATION
Finance & Peformance Management,Financial Accounting,Functional Profit & Loss Statement (P&L),Master & Reference Data - organisation hierarchy,Internal Organisation,ORGANIZATION; INTERNAL_ORGANIZATION_UNIT; ORGANIZATION_UNIT_RELATIONSHIP; ORGANIZATION_BUSINESS_TYPE
Finance & Peformance Management,Financial Accounting,Functional Profit & Loss Statement (P&L),Master & Reference Data - Channel,Channel,CHANNEL_TYPE; CHANNEL_INSTANCE; CHANNEL_CLASSIFICATION
Finance & Peformance Management,Financial Accounting,Functional Profit & Loss Statement (P&L),Finance Systems - General Ledger,Finance,Not mapped
Finance & Peformance Management,Financial Accounting,Functional Profit & Loss Statement (P&L),Finance Systems - ERP,Finance,GL_ACCOUNT; GL_MAIN_ACCOUNT; VENDOR; VENDOR_INVOICE
Finance & Peformance Management,Financial Accounting,Fair Value & Hedge Accounting,Single Customer View (Master Record),Party,PARTY; INDIVIDUAL; ORGANIZATION; HOUSEHOLD; PARTY_RELATIONSHIP; PARTY_IDENTIFICATION
Finance & Peformance Management,Financial Accounting,Fair Value & Hedge Accounting,Customer Demographics,Party,INDIVIDUAL; PARTY_DEMOGRAPHIC; PARTY_CLASSIFICATION; PARTY_PREFERENCE
Finance & Peformance Management,Financial Accounting,Fair Value & Hedge Accounting,Customer Segments,Party,PARTY_CLASSIFICATION; PARTY_SEGMENT; PARTY_CLASSIFICATION_VALUE
Finance & Peformance Management,Financial Accounting,Fair Value & Hedge Accounting,Master & Reference Data - geography / location,Location,GEOGRAPHICAL_AREA; GEOGRAPHICAL_UNIT; SITE; POSTAL_ADDRESS
Finance & Peformance Management,Financial Accounting,Fair Value & Hedge Accounting,Master & Reference Data - product,Product,Not mapped
Finance & Peformance Management,Financial Accounting,Fair Value & Hedge Accounting,Master & Reference Data - FTP rates,Product,INTEREST_RATE; INTEREST_RATE_INDEX; PRODUCT_INTEREST_RATE
Finance & Peformance Management,Financial Accounting,Fair Value & Hedge Accounting,Master & Reference Data - exchange rates,Product,CURRENCY; CURRENCY_EXCHANGE_RATE; CURRENCY_PAIR
Finance & Peformance Management,Financial Accounting,Fair Value & Hedge Accounting,External Data - market interest rates,Product,INTEREST_RATE_INDEX; INTEREST_RATE; MARKET_INDEX; MARKET_INDEX_VALUE
Finance & Peformance Management,Financial Accounting,Fair Value & Hedge Accounting,"External Data - market prices (E.g. equities, bonds, commodities)",Product,MARKET_INDEX; MARKET_INDEX_VALUE; INVESTMENT_PRODUCT; INVESTMENT_PRODUCT_PRICE
Finance & Peformance Management,Financial Accounting,Fair Value & Hedge Accounting,Account / Policy / Service Holdings,Agreement,AGREEMENT; PARTY_AGREEMENT_ROLE; AGREEMENT_PARTY_ROLE; AGREEMENT_RELATIONSHIP
Finance & Peformance Management,Financial Accounting,Fair Value & Hedge Accounting,Account / Policy / Service Detail,Agreement,AGREEMENT; LOAN_TERM_AGREEMENT; DEPOSIT_AGREEMENT; INSURANCE_AGREEMENT; CREDIT_CARD_AGREEMENT
Finance & Peformance Management,Financial Accounting,Fair Value & Hedge Accounting,Account Status (open closed active / domant /inactive / closure reason ),Agreement,AGREEMENT; AGREEMENT_STATUS; AGREEMENT_STATUS_HISTORY
Finance & Peformance Management,Financial Accounting,Fair Value & Hedge Accounting,Account Terms & Conditions,Agreement,AGREEMENT; AGREEMENT_CONDITION; AGREEMENT_TERM
Finance & Peformance Management,Financial Accounting,Fair Value & Hedge Accounting,Account Feature Usage,Agreement,AGREEMENT_FEATURE; FEATURE; DESCRIPTIVE_FEATURE
Finance & Peformance Management,Financial Accounting,Fair Value & Hedge Accounting,Coverage (insurance),Agreement,INSURANCE_COVERAGE; INSURANCE_AGREEMENT; COVERAGE_TYPE
Finance & Peformance Management,Financial Accounting,Fair Value & Hedge Accounting,Account Balances,Agreement,AGREEMENT_SUMMARY; BALANCE_SUMMARY; AGREEMENT_BALANCE
Finance & Peformance Management,Financial Accounting,Fair Value & Hedge Accounting,Investment Value,Agreement,INVESTMENT_ACCOUNT; INVESTMENT_HOLDING; INVESTMENT_PRODUCT_PRICE
Finance & Peformance Management,Financial Accounting,Fair Value & Hedge Accounting,Market / Trading Book Positions,Agreement,TRADE_ORDER; TRADE_EXECUTION; TRADING_POSITION
Finance & Peformance Management,Financial Accounting,Fair Value & Hedge Accounting,Mark to market valuations,Agreement,INVESTMENT_PRODUCT_PRICE; MARKET_INDEX_VALUE; AGREEMENT_VALUATION
Finance & Peformance Management,Financial Accounting,Fair Value & Hedge Accounting,Cashflow Projections,Agreement,AGREEMENT_CASHFLOW; CASHFLOW_SCHEDULE; AGREEMENT_SUMMARY
Finance & Peformance Management,Financial Accounting,Fair Value & Hedge Accounting,Account Maturity Dates & Repricing Schedules,Agreement,AGREEMENT; AGREEMENT_TERM; AGREEMENT_REPRICING_SCHEDULE
Finance & Peformance Management,Financial Accounting,Fair Value & Hedge Accounting,Account Repayment Schedules,Agreement,AGREEMENT_REPAYMENT_SCHEDULE; LOAN_TERM_AGREEMENT
Finance & Peformance Management,Financial Accounting,Fair Value & Hedge Accounting,Amortisation Schedules,Agreement,AGREEMENT_AMORTIZATION_SCHEDULE; LOAN_TERM_AGREEMENT
Finance & Peformance Management,Financial Accounting,Fair Value & Hedge Accounting,Collateral Agreements,Agreement,COLLATERAL_AGREEMENT; COLLATERAL; COLLATERAL_VALUATION; PARTY_ASSET
Finance & Peformance Management,Financial Accounting,Fair Value & Hedge Accounting,Risk Exposures,Agreement,AGREEMENT_RISK_METRIC; RISK_EXPOSURE; CREDIT_RISK_SUMMARY
Finance & Peformance Management,Financial Accounting,Fair Value & Hedge Accounting,Account Limits,Cross Subject  -  Limits,AGREEMENT_LIMIT; LIMIT; PARTY_LIMIT
Finance & Peformance Management,Financial Accounting,Fair Value & Hedge Accounting,"Risk Segments, Cohorts & Groupings",Party or Agreement,PARTY_CLASSIFICATION; RISK_GRADE_VALUE; RISK_GRADE_SCHEME
Finance & Peformance Management,Financial Accounting,Fair Value & Hedge Accounting,"Provisions, Losses & Writeoffs",Party or Agreement,AGREEMENT_RISK_METRIC; PROVISION; WRITE_OFF; LOSS_EVENT
Finance & Peformance Management,Financial Accounting,Fair Value & Hedge Accounting,Financial Transactions,Event,MONETARY_TRANSACTION; TRANSACTION_TYPE; FINANCIAL_TRANSACTION; PAYMENT
Finance & Peformance Management,Financial Accounting,Fair Value & Hedge Accounting,"Account Fees, Commissions & Charges",Event,MONETARY_TRANSACTION; FEE_TRANSACTION; COMMISSION_TRANSACTION; AGREEMENT_FEE
Finance & Peformance Management,Financial Accounting,Fair Value & Hedge Accounting,Financial Interbank Payments,Event,PAYMENT; INTERBANK_PAYMENT; FINANCIAL_TRANSACTION
Finance & Peformance Management,Financial Accounting,Fair Value & Hedge Accounting,Defaults & Limit Breaches,Event,AGREEMENT_STATUS; DEFAULT_EVENT; LIMIT_BREACH_EVENT; AGREEMENT_RISK_METRIC
Finance & Peformance Management,Financial Accounting,Fair Value & Hedge Accounting,Master & Reference Data - merchant / transaction,Event,MERCHANT; MERCHANT_CATEGORY; TRANSACTION_TYPE
Finance & Peformance Management,Financial Accounting,Fair Value & Hedge Accounting,Physical Assets,Party Asset,PARTY_ASSET; FIXED_ASSET; REAL_PROPERTY
Finance & Peformance Management,Financial Accounting,Fair Value & Hedge Accounting,Physical Asset Valuations,Party Asset,PARTY_ASSET_VALUATION; COLLATERAL_VALUATION; REAL_PROPERTY_VALUATION
Finance & Peformance Management,Financial Accounting,Fair Value & Hedge Accounting,Master & Reference Data - organisation hierarchy,Internal Organisation,ORGANIZATION; INTERNAL_ORGANIZATION_UNIT; ORGANIZATION_UNIT_RELATIONSHIP; ORGANIZATION_BUSINESS_TYPE
Finance & Peformance Management,Financial Accounting,Fair Value & Hedge Accounting,Finance Systems - General Ledger,Finance,Not mapped
Finance & Peformance Management,Financial Accounting,Fair Value & Hedge Accounting,Finance Systems - ERP,Finance,GL_ACCOUNT; GL_MAIN_ACCOUNT; VENDOR; VENDOR_INVOICE
Finance & Peformance Management,Financial Accounting,"Reconciliation, Validation & Adjustments",Single Customer View (Master Record),Party,PARTY; INDIVIDUAL; ORGANIZATION; HOUSEHOLD; PARTY_RELATIONSHIP; PARTY_IDENTIFICATION
Finance & Peformance Management,Financial Accounting,"Reconciliation, Validation & Adjustments",Customer Demographics,Party,INDIVIDUAL; PARTY_DEMOGRAPHIC; PARTY_CLASSIFICATION; PARTY_PREFERENCE
Finance & Peformance Management,Financial Accounting,"Reconciliation, Validation & Adjustments",Customer Segments,Party,PARTY_CLASSIFICATION; PARTY_SEGMENT; PARTY_CLASSIFICATION_VALUE
Finance & Peformance Management,Financial Accounting,"Reconciliation, Validation & Adjustments",Master & Reference Data - geography / location,Location,GEOGRAPHICAL_AREA; GEOGRAPHICAL_UNIT; SITE; POSTAL_ADDRESS
Finance & Peformance Management,Financial Accounting,"Reconciliation, Validation & Adjustments",Master & Reference Data - product,Product,Not mapped
Finance & Peformance Management,Financial Accounting,"Reconciliation, Validation & Adjustments",Master & Reference Data - FTP rates,Product,INTEREST_RATE; INTEREST_RATE_INDEX; PRODUCT_INTEREST_RATE
Finance & Peformance Management,Financial Accounting,"Reconciliation, Validation & Adjustments",Master & Reference Data - exchange rates,Product,CURRENCY; CURRENCY_EXCHANGE_RATE; CURRENCY_PAIR
Finance & Peformance Management,Financial Accounting,"Reconciliation, Validation & Adjustments",Account / Policy / Service Holdings,Agreement,AGREEMENT; PARTY_AGREEMENT_ROLE; AGREEMENT_PARTY_ROLE; AGREEMENT_RELATIONSHIP
Finance & Peformance Management,Financial Accounting,"Reconciliation, Validation & Adjustments",Account / Policy / Service Detail,Agreement,AGREEMENT; LOAN_TERM_AGREEMENT; DEPOSIT_AGREEMENT; INSURANCE_AGREEMENT; CREDIT_CARD_AGREEMENT
Finance & Peformance Management,Financial Accounting,"Reconciliation, Validation & Adjustments",Account Status (open closed active / domant /inactive / closure reason ),Agreement,AGREEMENT; AGREEMENT_STATUS; AGREEMENT_STATUS_HISTORY
Finance & Peformance Management,Financial Accounting,"Reconciliation, Validation & Adjustments",Account Terms & Conditions,Agreement,AGREEMENT; AGREEMENT_CONDITION; AGREEMENT_TERM
Finance & Peformance Management,Financial Accounting,"Reconciliation, Validation & Adjustments",Account Feature Usage,Agreement,AGREEMENT_FEATURE; FEATURE; DESCRIPTIVE_FEATURE
Finance & Peformance Management,Financial Accounting,"Reconciliation, Validation & Adjustments",Account Balances,Agreement,AGREEMENT_SUMMARY; BALANCE_SUMMARY; AGREEMENT_BALANCE
Finance & Peformance Management,Financial Accounting,"Reconciliation, Validation & Adjustments",Investment Value,Agreement,INVESTMENT_ACCOUNT; INVESTMENT_HOLDING; INVESTMENT_PRODUCT_PRICE
Finance & Peformance Management,Financial Accounting,"Reconciliation, Validation & Adjustments",Market / Trading Book Positions,Agreement,TRADE_ORDER; TRADE_EXECUTION; TRADING_POSITION
Finance & Peformance Management,Financial Accounting,"Reconciliation, Validation & Adjustments",Mark to market valuations,Agreement,INVESTMENT_PRODUCT_PRICE; MARKET_INDEX_VALUE; AGREEMENT_VALUATION
Finance & Peformance Management,Financial Accounting,"Reconciliation, Validation & Adjustments",Collateral Agreements,Agreement,COLLATERAL_AGREEMENT; COLLATERAL; COLLATERAL_VALUATION; PARTY_ASSET
Finance & Peformance Management,Financial Accounting,"Reconciliation, Validation & Adjustments",Risk Exposures,Agreement,AGREEMENT_RISK_METRIC; RISK_EXPOSURE; CREDIT_RISK_SUMMARY
Finance & Peformance Management,Financial Accounting,"Reconciliation, Validation & Adjustments",Account Limits,Cross Subject  -  Limits,AGREEMENT_LIMIT; LIMIT; PARTY_LIMIT
Finance & Peformance Management,Financial Accounting,"Reconciliation, Validation & Adjustments","Provisions, Losses & Writeoffs",Party or Agreement,AGREEMENT_RISK_METRIC; PROVISION; WRITE_OFF; LOSS_EVENT
Finance & Peformance Management,Financial Accounting,"Reconciliation, Validation & Adjustments",Financial Transactions,Event,MONETARY_TRANSACTION; TRANSACTION_TYPE; FINANCIAL_TRANSACTION; PAYMENT
Finance & Peformance Management,Financial Accounting,"Reconciliation, Validation & Adjustments","Account Fees, Commissions & Charges",Event,MONETARY_TRANSACTION; FEE_TRANSACTION; COMMISSION_TRANSACTION; AGREEMENT_FEE
Finance & Peformance Management,Financial Accounting,"Reconciliation, Validation & Adjustments",Financial Interbank Payments,Event,PAYMENT; INTERBANK_PAYMENT; FINANCIAL_TRANSACTION
Finance & Peformance Management,Financial Accounting,"Reconciliation, Validation & Adjustments",Service Usage,Event,CHANNEL_USAGE_METRIC; SERVICE_USAGE_EVENT; CHANNEL_INSTANCE
Finance & Peformance Management,Financial Accounting,"Reconciliation, Validation & Adjustments",Claims,Event,CLAIM; CLAIM_STATUS; CLAIM_PARTY_ROLE; CLAIM_PAYMENT
Finance & Peformance Management,Financial Accounting,"Reconciliation, Validation & Adjustments",Physical Assets,Party Asset,PARTY_ASSET; FIXED_ASSET; REAL_PROPERTY
Finance & Peformance Management,Financial Accounting,"Reconciliation, Validation & Adjustments",Physical Asset Valuations,Party Asset,PARTY_ASSET_VALUATION; COLLATERAL_VALUATION; REAL_PROPERTY_VALUATION
Finance & Peformance Management,Financial Accounting,"Reconciliation, Validation & Adjustments",Master & Reference Data - Channel,Channel,CHANNEL_TYPE; CHANNEL_INSTANCE; CHANNEL_CLASSIFICATION
Finance & Peformance Management,Financial Accounting,"Reconciliation, Validation & Adjustments",Finance Systems - General Ledger,Finance,Not mapped
Finance & Peformance Management,Financial Accounting,"Reconciliation, Validation & Adjustments",Finance Systems - ERP,Finance,GL_ACCOUNT; GL_MAIN_ACCOUNT; VENDOR; VENDOR_INVOICE
Finance & Peformance Management,Financial Accounting,Tax Management & Optimisation,Customer Demographics,Party,INDIVIDUAL; PARTY_DEMOGRAPHIC; PARTY_CLASSIFICATION; PARTY_PREFERENCE
Finance & Peformance Management,Financial Accounting,Tax Management & Optimisation,Customer Segments,Party,PARTY_CLASSIFICATION; PARTY_SEGMENT; PARTY_CLASSIFICATION_VALUE
Finance & Peformance Management,Financial Accounting,Tax Management & Optimisation,Master & Reference Data - geography / location,Location,GEOGRAPHICAL_AREA; GEOGRAPHICAL_UNIT; SITE; POSTAL_ADDRESS
Finance & Peformance Management,Financial Accounting,Tax Management & Optimisation,Master & Reference Data - product,Product,Not mapped
Finance & Peformance Management,Financial Accounting,Tax Management & Optimisation,Master & Reference Data - FTP rates,Product,INTEREST_RATE; INTEREST_RATE_INDEX; PRODUCT_INTEREST_RATE
Finance & Peformance Management,Financial Accounting,Tax Management & Optimisation,Master & Reference Data - exchange rates,Product,CURRENCY; CURRENCY_EXCHANGE_RATE; CURRENCY_PAIR
Finance & Peformance Management,Financial Accounting,Tax Management & Optimisation,External Data - market interest rates,Product,INTEREST_RATE_INDEX; INTEREST_RATE; MARKET_INDEX; MARKET_INDEX_VALUE
Finance & Peformance Management,Financial Accounting,Tax Management & Optimisation,"External Data - market prices (E.g. equities, bonds, commodities)",Product,MARKET_INDEX; MARKET_INDEX_VALUE; INVESTMENT_PRODUCT; INVESTMENT_PRODUCT_PRICE
Finance & Peformance Management,Financial Accounting,Tax Management & Optimisation,Account / Policy / Service Holdings,Agreement,AGREEMENT; PARTY_AGREEMENT_ROLE; AGREEMENT_PARTY_ROLE; AGREEMENT_RELATIONSHIP
Finance & Peformance Management,Financial Accounting,Tax Management & Optimisation,Account / Policy / Service Detail,Agreement,AGREEMENT; LOAN_TERM_AGREEMENT; DEPOSIT_AGREEMENT; INSURANCE_AGREEMENT; CREDIT_CARD_AGREEMENT
Finance & Peformance Management,Financial Accounting,Tax Management & Optimisation,Account Status (open closed active / domant /inactive / closure reason ),Agreement,AGREEMENT; AGREEMENT_STATUS; AGREEMENT_STATUS_HISTORY
Finance & Peformance Management,Financial Accounting,Tax Management & Optimisation,Account Terms & Conditions,Agreement,AGREEMENT; AGREEMENT_CONDITION; AGREEMENT_TERM
Finance & Peformance Management,Financial Accounting,Tax Management & Optimisation,Account Feature Usage,Agreement,AGREEMENT_FEATURE; FEATURE; DESCRIPTIVE_FEATURE
Finance & Peformance Management,Financial Accounting,Tax Management & Optimisation,Coverage (insurance),Agreement,INSURANCE_COVERAGE; INSURANCE_AGREEMENT; COVERAGE_TYPE
Finance & Peformance Management,Financial Accounting,Tax Management & Optimisation,Account Balances,Agreement,AGREEMENT_SUMMARY; BALANCE_SUMMARY; AGREEMENT_BALANCE
Finance & Peformance Management,Financial Accounting,Tax Management & Optimisation,Investment Value,Agreement,INVESTMENT_ACCOUNT; INVESTMENT_HOLDING; INVESTMENT_PRODUCT_PRICE
Finance & Peformance Management,Financial Accounting,Tax Management & Optimisation,Market / Trading Book Positions,Agreement,TRADE_ORDER; TRADE_EXECUTION; TRADING_POSITION
Finance & Peformance Management,Financial Accounting,Tax Management & Optimisation,Mark to market valuations,Agreement,INVESTMENT_PRODUCT_PRICE; MARKET_INDEX_VALUE; AGREEMENT_VALUATION
Finance & Peformance Management,Financial Accounting,Tax Management & Optimisation,Cashflow Projections,Agreement,AGREEMENT_CASHFLOW; CASHFLOW_SCHEDULE; AGREEMENT_SUMMARY
Finance & Peformance Management,Financial Accounting,Tax Management & Optimisation,Account Maturity Dates & Repricing Schedules,Agreement,AGREEMENT; AGREEMENT_TERM; AGREEMENT_REPRICING_SCHEDULE
Finance & Peformance Management,Financial Accounting,Tax Management & Optimisation,Account Repayment Schedules,Agreement,AGREEMENT_REPAYMENT_SCHEDULE; LOAN_TERM_AGREEMENT
Finance & Peformance Management,Financial Accounting,Tax Management & Optimisation,Amortisation Schedules,Agreement,AGREEMENT_AMORTIZATION_SCHEDULE; LOAN_TERM_AGREEMENT
Finance & Peformance Management,Financial Accounting,Tax Management & Optimisation,Collateral Agreements,Agreement,COLLATERAL_AGREEMENT; COLLATERAL; COLLATERAL_VALUATION; PARTY_ASSET
Finance & Peformance Management,Financial Accounting,Tax Management & Optimisation,Risk Exposures,Agreement,AGREEMENT_RISK_METRIC; RISK_EXPOSURE; CREDIT_RISK_SUMMARY
Finance & Peformance Management,Financial Accounting,Tax Management & Optimisation,Account Limits,Cross Subject  -  Limits,AGREEMENT_LIMIT; LIMIT; PARTY_LIMIT
Finance & Peformance Management,Financial Accounting,Tax Management & Optimisation,"Risk Segments, Cohorts & Groupings",Party or Agreement,PARTY_CLASSIFICATION; RISK_GRADE_VALUE; RISK_GRADE_SCHEME
Finance & Peformance Management,Financial Accounting,Tax Management & Optimisation,"Provisions, Losses & Writeoffs",Party or Agreement,AGREEMENT_RISK_METRIC; PROVISION; WRITE_OFF; LOSS_EVENT
Finance & Peformance Management,Financial Accounting,Tax Management & Optimisation,Financial Transactions,Event,MONETARY_TRANSACTION; TRANSACTION_TYPE; FINANCIAL_TRANSACTION; PAYMENT
Finance & Peformance Management,Financial Accounting,Tax Management & Optimisation,"Account Fees, Commissions & Charges",Event,MONETARY_TRANSACTION; FEE_TRANSACTION; COMMISSION_TRANSACTION; AGREEMENT_FEE
Finance & Peformance Management,Financial Accounting,Tax Management & Optimisation,Financial Interbank Payments,Event,PAYMENT; INTERBANK_PAYMENT; FINANCIAL_TRANSACTION
Finance & Peformance Management,Financial Accounting,Tax Management & Optimisation,Service Usage,Event,CHANNEL_USAGE_METRIC; SERVICE_USAGE_EVENT; CHANNEL_INSTANCE
Finance & Peformance Management,Financial Accounting,Tax Management & Optimisation,Claims,Event,CLAIM; CLAIM_STATUS; CLAIM_PARTY_ROLE; CLAIM_PAYMENT
Finance & Peformance Management,Financial Accounting,Tax Management & Optimisation,Defaults & Limit Breaches,Event,AGREEMENT_STATUS; DEFAULT_EVENT; LIMIT_BREACH_EVENT; AGREEMENT_RISK_METRIC
Finance & Peformance Management,Financial Accounting,Tax Management & Optimisation,Master & Reference Data - merchant / transaction,Event,MERCHANT; MERCHANT_CATEGORY; TRANSACTION_TYPE
Finance & Peformance Management,Financial Accounting,Tax Management & Optimisation,Physical Assets,Party Asset,PARTY_ASSET; FIXED_ASSET; REAL_PROPERTY
Finance & Peformance Management,Financial Accounting,Tax Management & Optimisation,Physical Asset Valuations,Party Asset,PARTY_ASSET_VALUATION; COLLATERAL_VALUATION; REAL_PROPERTY_VALUATION
Finance & Peformance Management,Financial Accounting,Tax Management & Optimisation,Master & Reference Data - organisation hierarchy,Internal Organisation,ORGANIZATION; INTERNAL_ORGANIZATION_UNIT; ORGANIZATION_UNIT_RELATIONSHIP; ORGANIZATION_BUSINESS_TYPE
Finance & Peformance Management,Financial Accounting,Tax Management & Optimisation,Master & Reference Data - Channel,Channel,CHANNEL_TYPE; CHANNEL_INSTANCE; CHANNEL_CLASSIFICATION
Finance & Peformance Management,Financial Accounting,Tax Management & Optimisation,Finance Systems - General Ledger,Finance,Not mapped
Finance & Peformance Management,Financial Accounting,Tax Management & Optimisation,Finance Systems - ERP,Finance,GL_ACCOUNT; GL_MAIN_ACCOUNT; VENDOR; VENDOR_INVOICE
Finance & Peformance Management,Financial Accounting,Tax Management & Optimisation,"Documents - Structured Data Capture (Survey, Application Forms)",Cross Subject - Document,DOCUMENT; DOCUMENT_TYPE; SURVEY; APPLICATION
Finance & Peformance Management,Financial Accounting,Tax Management & Optimisation,Document Image,Cross Subject - Document,Not mapped
Finance & Peformance Management,Financial Accounting,Third Party Settlement Controls,Account / Policy / Service Holdings,Agreement,AGREEMENT; PARTY_AGREEMENT_ROLE; AGREEMENT_PARTY_ROLE; AGREEMENT_RELATIONSHIP
Finance & Peformance Management,Financial Accounting,Third Party Settlement Controls,Account / Policy / Service Detail,Agreement,AGREEMENT; LOAN_TERM_AGREEMENT; DEPOSIT_AGREEMENT; INSURANCE_AGREEMENT; CREDIT_CARD_AGREEMENT
Finance & Peformance Management,Financial Accounting,Third Party Settlement Controls,Account Balances,Agreement,AGREEMENT_SUMMARY; BALANCE_SUMMARY; AGREEMENT_BALANCE
Finance & Peformance Management,Financial Accounting,Third Party Settlement Controls,Market / Trading Book Positions,Agreement,TRADE_ORDER; TRADE_EXECUTION; TRADING_POSITION
Finance & Peformance Management,Financial Accounting,Third Party Settlement Controls,Financial Transactions,Event,MONETARY_TRANSACTION; TRANSACTION_TYPE; FINANCIAL_TRANSACTION; PAYMENT
Finance & Peformance Management,Financial Accounting,Third Party Settlement Controls,Financial Interbank Payments,Event,PAYMENT; INTERBANK_PAYMENT; FINANCIAL_TRANSACTION
Finance & Peformance Management,Financial Accounting,Third Party Settlement Controls,Finance Systems - General Ledger,Finance,Not mapped
Finance & Peformance Management,Financial Accounting,Third Party Settlement Controls,Finance Systems - ERP,Finance,GL_ACCOUNT; GL_MAIN_ACCOUNT; VENDOR; VENDOR_INVOICE
Finance & Peformance Management,Financial Accounting,Third Party Settlement Controls,"Documents - Structured Data Capture (Survey, Application Forms)",Cross Subject - Document,DOCUMENT; DOCUMENT_TYPE; SURVEY; APPLICATION
Finance & Peformance Management,Financial Accounting,Third Party Settlement Controls,Document Image,Cross Subject - Document,Not mapped
Finance & Peformance Management,Financial Accounting,Fixed Assets Management,Master & Reference Data - staff / colleague,Party,INDIVIDUAL; ASSOCIATE; ASSOCIATE_ASSIGNMENT; INTERNAL_ORGANIZATION_UNIT
Finance & Peformance Management,Financial Accounting,Fixed Assets Management,Coverage (insurance),Agreement,INSURANCE_COVERAGE; INSURANCE_AGREEMENT; COVERAGE_TYPE
Finance & Peformance Management,Financial Accounting,Fixed Assets Management,Amortisation Schedules,Agreement,AGREEMENT_AMORTIZATION_SCHEDULE; LOAN_TERM_AGREEMENT
Finance & Peformance Management,Financial Accounting,Fixed Assets Management,Claims,Event,CLAIM; CLAIM_STATUS; CLAIM_PARTY_ROLE; CLAIM_PAYMENT
Finance & Peformance Management,Financial Accounting,Fixed Assets Management,Physical Assets,Party Asset,PARTY_ASSET; FIXED_ASSET; REAL_PROPERTY
Finance & Peformance Management,Financial Accounting,Fixed Assets Management,Physical Asset Valuations,Party Asset,PARTY_ASSET_VALUATION; COLLATERAL_VALUATION; REAL_PROPERTY_VALUATION
Finance & Peformance Management,Financial Accounting,Fixed Assets Management,Master & Reference Data - organisation hierarchy,Internal Organisation,ORGANIZATION; INTERNAL_ORGANIZATION_UNIT; ORGANIZATION_UNIT_RELATIONSHIP; ORGANIZATION_BUSINESS_TYPE
Finance & Peformance Management,Financial Accounting,Fixed Assets Management,Finance Systems - General Ledger,Finance,Not mapped
Finance & Peformance Management,Financial Accounting,Fixed Assets Management,Finance Systems - ERP,Finance,GL_ACCOUNT; GL_MAIN_ACCOUNT; VENDOR; VENDOR_INVOICE
Finance & Peformance Management,Financial Accounting,Fixed Assets Management,"Documents - Structured Data Capture (Survey, Application Forms)",Cross Subject - Document,DOCUMENT; DOCUMENT_TYPE; SURVEY; APPLICATION
Finance & Peformance Management,Financial Accounting,Fixed Assets Management,Document Image,Cross Subject - Document,Not mapped
Finance & Peformance Management,Financial Planning & Controlling,Activity Based Costing,Single Customer View (Master Record),Party,PARTY; INDIVIDUAL; ORGANIZATION; HOUSEHOLD; PARTY_RELATIONSHIP; PARTY_IDENTIFICATION
Finance & Peformance Management,Financial Planning & Controlling,Activity Based Costing,Customer Demographics,Party,INDIVIDUAL; PARTY_DEMOGRAPHIC; PARTY_CLASSIFICATION; PARTY_PREFERENCE
Finance & Peformance Management,Financial Planning & Controlling,Activity Based Costing,Customer Segments,Party,PARTY_CLASSIFICATION; PARTY_SEGMENT; PARTY_CLASSIFICATION_VALUE
Finance & Peformance Management,Financial Planning & Controlling,Activity Based Costing,Economic Forecast Data,Party,ECONOMIC_INDEX; ECONOMIC_INDEX_VALUE; MARKET_INDEX
Finance & Peformance Management,Financial Planning & Controlling,Activity Based Costing,Legal Actions,Party,PARTY_LEGAL_ACTION; LEGAL_ACTION; PARTY_LITIGATION
Finance & Peformance Management,Financial Planning & Controlling,Activity Based Costing,Master & Reference Data - staff / colleague,Party,INDIVIDUAL; ASSOCIATE; ASSOCIATE_ASSIGNMENT; INTERNAL_ORGANIZATION_UNIT
Finance & Peformance Management,Financial Planning & Controlling,Activity Based Costing,Master & Reference Data - geography / location,Location,GEOGRAPHICAL_AREA; GEOGRAPHICAL_UNIT; SITE; POSTAL_ADDRESS
Finance & Peformance Management,Financial Planning & Controlling,Activity Based Costing,Master & Reference Data - product,Product,Not mapped
Finance & Peformance Management,Financial Planning & Controlling,Activity Based Costing,"Product Revenue, Cost & Margin",Product,PRODUCT; PRODUCT_PRICING; PRODUCT_COST; AGREEMENT_SUMMARY
Finance & Peformance Management,Financial Planning & Controlling,Activity Based Costing,Account / Policy / Service Holdings,Agreement,AGREEMENT; PARTY_AGREEMENT_ROLE; AGREEMENT_PARTY_ROLE; AGREEMENT_RELATIONSHIP
Finance & Peformance Management,Financial Planning & Controlling,Activity Based Costing,Account / Policy / Service Detail,Agreement,AGREEMENT; LOAN_TERM_AGREEMENT; DEPOSIT_AGREEMENT; INSURANCE_AGREEMENT; CREDIT_CARD_AGREEMENT
Finance & Peformance Management,Financial Planning & Controlling,Activity Based Costing,Account Status (open closed active / domant /inactive / closure reason ),Agreement,AGREEMENT; AGREEMENT_STATUS; AGREEMENT_STATUS_HISTORY
Finance & Peformance Management,Financial Planning & Controlling,Activity Based Costing,Account Terms & Conditions,Agreement,AGREEMENT; AGREEMENT_CONDITION; AGREEMENT_TERM
Finance & Peformance Management,Financial Planning & Controlling,Activity Based Costing,Account Feature Usage,Agreement,AGREEMENT_FEATURE; FEATURE; DESCRIPTIVE_FEATURE
Finance & Peformance Management,Financial Planning & Controlling,Activity Based Costing,"Application Data (New Customer, New Product)",Agreement,APPLICATION; APPLICATION_STATUS; APPLICATION_PARTY_ROLE
Finance & Peformance Management,Financial Planning & Controlling,Activity Based Costing,Coverage (insurance),Agreement,INSURANCE_COVERAGE; INSURANCE_AGREEMENT; COVERAGE_TYPE
Finance & Peformance Management,Financial Planning & Controlling,Activity Based Costing,Account Maturity Dates & Repricing Schedules,Agreement,AGREEMENT; AGREEMENT_TERM; AGREEMENT_REPRICING_SCHEDULE
Finance & Peformance Management,Financial Planning & Controlling,Activity Based Costing,Account Repayment Schedules,Agreement,AGREEMENT_REPAYMENT_SCHEDULE; LOAN_TERM_AGREEMENT
Finance & Peformance Management,Financial Planning & Controlling,Activity Based Costing,Amortisation Schedules,Agreement,AGREEMENT_AMORTIZATION_SCHEDULE; LOAN_TERM_AGREEMENT
Finance & Peformance Management,Financial Planning & Controlling,Activity Based Costing,Customer Illustrations,Agreement,DOCUMENT; PARTY_DOCUMENT
Finance & Peformance Management,Financial Planning & Controlling,Activity Based Costing,Customer Quotes,Agreement,APPLICATION; QUOTE; DOCUMENT
Finance & Peformance Management,Financial Planning & Controlling,Activity Based Costing,Collateral Agreements,Agreement,COLLATERAL_AGREEMENT; COLLATERAL; COLLATERAL_VALUATION; PARTY_ASSET
Finance & Peformance Management,Financial Planning & Controlling,Activity Based Costing,"Risk Segments, Cohorts & Groupings",Party or Agreement,PARTY_CLASSIFICATION; RISK_GRADE_VALUE; RISK_GRADE_SCHEME
Finance & Peformance Management,Financial Planning & Controlling,Activity Based Costing,"Provisions, Losses & Writeoffs",Party or Agreement,AGREEMENT_RISK_METRIC; PROVISION; WRITE_OFF; LOSS_EVENT
Finance & Peformance Management,Financial Planning & Controlling,Activity Based Costing,Financial Transactions,Event,MONETARY_TRANSACTION; TRANSACTION_TYPE; FINANCIAL_TRANSACTION; PAYMENT
Finance & Peformance Management,Financial Planning & Controlling,Activity Based Costing,"Account Fees, Commissions & Charges",Event,MONETARY_TRANSACTION; FEE_TRANSACTION; COMMISSION_TRANSACTION; AGREEMENT_FEE
Finance & Peformance Management,Financial Planning & Controlling,Activity Based Costing,Financial Interbank Payments,Event,PAYMENT; INTERBANK_PAYMENT; FINANCIAL_TRANSACTION
Finance & Peformance Management,Financial Planning & Controlling,Activity Based Costing,Non-Financial Transactions,Event,EVENT; NON_MONETARY_EVENT; DIRECT_CONTACT_EVENT
Finance & Peformance Management,Financial Planning & Controlling,Activity Based Costing,Service Usage,Event,CHANNEL_USAGE_METRIC; SERVICE_USAGE_EVENT; CHANNEL_INSTANCE
Finance & Peformance Management,Financial Planning & Controlling,Activity Based Costing,Complaint Data,Event,COMPLAINT; COMPLAINT_STATUS; COMPLAINT_RESOLUTION
Finance & Peformance Management,Financial Planning & Controlling,Activity Based Costing,Offline Customer Interactions - Branch,Event,DIRECT_CONTACT_EVENT; BRANCH_VISIT_EVENT; CHANNEL_INSTANCE
Finance & Peformance Management,Financial Planning & Controlling,Activity Based Costing,Offline Customer Interactions - Call Centre,Event,DIRECT_CONTACT_EVENT; CALL_EVENT; CHANNEL_INSTANCE
Finance & Peformance Management,Financial Planning & Controlling,Activity Based Costing,Offline Customer Interactions - letters,Event,DIRECT_CONTACT_EVENT; CORRESPONDENCE_EVENT; DOCUMENT
Finance & Peformance Management,Financial Planning & Controlling,Activity Based Costing,Offline Customer Interactions - sms text,Event,DIRECT_CONTACT_EVENT; SMS_EVENT; ELECTRONIC_ADDRESS
Finance & Peformance Management,Financial Planning & Controlling,Activity Based Costing,Online Interactions -  webchat (internal & external),Event,WEB_VISIT; WEB_PAGE_VIEW; ONLINE_INTERACTION_EVENT
Finance & Peformance Management,Financial Planning & Controlling,Activity Based Costing,Online Interactions colleague intranet,Event,WEB_VISIT; WEB_PAGE_VIEW
Finance & Peformance Management,Financial Planning & Controlling,Activity Based Costing,Online Interactions customer digital banking site (web log),Event,WEB_VISIT; WEB_PAGE_VIEW; EXTENDED_SESSION_INFORMATION; ONLINE_APPLICATION_ACCESS
Finance & Peformance Management,Financial Planning & Controlling,Activity Based Costing,Online Interactions customer general banking site,Event,WEB_VISIT; WEB_PAGE_VIEW; ONLINE_INTERACTION_EVENT
Finance & Peformance Management,Financial Planning & Controlling,Activity Based Costing,Online Interactions email - customer & employee,Event,DIRECT_CONTACT_EVENT; EMAIL_EVENT; ELECTRONIC_ADDRESS
Finance & Peformance Management,Financial Planning & Controlling,Activity Based Costing,Online Interactions mobile app,Event,WEB_VISIT; WEB_PAGE_VIEW; MOBILE_APP_EVENT; CHANNEL_INSTANCE
Finance & Peformance Management,Financial Planning & Controlling,Activity Based Costing,Online Interactions off-site - ad server,Event,AD; AD_PLACEMENT; AD_IMPRESSION; AD_CAMPAIGN_OBJECTIVE
Finance & Peformance Management,Financial Planning & Controlling,Activity Based Costing,Online Interactions prospect / unidentified customer (web log),Event,WEB_VISIT; WEB_PAGE_VIEW; VISITOR_INTERACTION_EVENT
Finance & Peformance Management,Financial Planning & Controlling,Activity Based Costing,"Case History (Fraud, Money Laundering, Complaint)",Event,CASE; CASE_EVENT; CASE_PARTY_ROLE; FRAUD_CASE
Finance & Peformance Management,Financial Planning & Controlling,Activity Based Costing,Claims,Event,CLAIM; CLAIM_STATUS; CLAIM_PARTY_ROLE; CLAIM_PAYMENT
Finance & Peformance Management,Financial Planning & Controlling,Activity Based Costing,Defaults & Limit Breaches,Event,AGREEMENT_STATUS; DEFAULT_EVENT; LIMIT_BREACH_EVENT; AGREEMENT_RISK_METRIC
Finance & Peformance Management,Financial Planning & Controlling,Activity Based Costing,Closed Loop Outcomes / Channel Responses,Event,CAMPAIGN_RESPONSE; CAMPAIGN_OFFER_RESPONSE; DIRECT_CONTACT_EVENT
Finance & Peformance Management,Financial Planning & Controlling,Activity Based Costing,Internal Process Activity Data,Event,EVENT; PROCESS_EVENT; OPERATIONAL_EVENT
Finance & Peformance Management,Financial Planning & Controlling,Activity Based Costing,Master & Reference Data - merchant / transaction,Event,MERCHANT; MERCHANT_CATEGORY; TRANSACTION_TYPE
Finance & Peformance Management,Financial Planning & Controlling,Activity Based Costing,Customer interview / fact find,Event or Cross Subject - Document,DOCUMENT; SURVEY; SURVEY_QUESTION_RESPONSE; PARTY_DOCUMENT
Finance & Peformance Management,Financial Planning & Controlling,Activity Based Costing,Master & Reference Data - organisation hierarchy,Internal Organisation,ORGANIZATION; INTERNAL_ORGANIZATION_UNIT; ORGANIZATION_UNIT_RELATIONSHIP; ORGANIZATION_BUSINESS_TYPE
Finance & Peformance Management,Financial Planning & Controlling,Activity Based Costing,"Operational metrics (E.g. Wait times, queue length)",Internal Organisation,CHANNEL_USAGE_METRIC; OPERATIONAL_EVENT; SERVICE_LEVEL_METRIC
Finance & Peformance Management,Financial Planning & Controlling,Activity Based Costing,Master & Reference Data - Campaign,Campaign,CAMPAIGN; CAMPAIGN_TYPE; CAMPAIGN_STATUS; CAMPAIGN_WAVE
Finance & Peformance Management,Financial Planning & Controlling,Activity Based Costing,Campaign Production Costs,Campaign,CAMPAIGN; CAMPAIGN_COST; CAMPAIGN_BUDGET
Finance & Peformance Management,Financial Planning & Controlling,Activity Based Costing,Campaign History Data,Campaign,CAMPAIGN; CAMPAIGN_RESPONSE; CAMPAIGN_OFFER_RESPONSE; CAMPAIGN_WAVE
Finance & Peformance Management,Financial Planning & Controlling,Activity Based Costing,Campaign Promotional Calendar,Campaign,CAMPAIGN; CAMPAIGN_WAVE; CAMPAIGN_SCHEDULE
Finance & Peformance Management,Financial Planning & Controlling,Activity Based Costing,Master & Reference Data - Channel,Channel,CHANNEL_TYPE; CHANNEL_INSTANCE; CHANNEL_CLASSIFICATION
Finance & Peformance Management,Financial Planning & Controlling,Activity Based Costing,Finance Systems - General Ledger,Finance,Not mapped
Finance & Peformance Management,Financial Planning & Controlling,Activity Based Costing,Finance Systems - ERP,Finance,GL_ACCOUNT; GL_MAIN_ACCOUNT; VENDOR; VENDOR_INVOICE
Finance & Peformance Management,Financial Planning & Controlling,Activity Based Costing,"Finance Systems - Budgets, Plans & Forecasts",Finance,GL_ACCOUNT; BUDGET; FORECAST; FINANCIAL_PLAN
Finance & Peformance Management,Financial Planning & Controlling,Activity Based Costing,Customer Research - Primary & Secondary,Cross Subject - Survey,SURVEY; SURVEY_QUESTION_RESPONSE; PARTY_SURVEY_RESPONSE
Finance & Peformance Management,Financial Planning & Controlling,Activity Based Costing,Business Process Definition,Not Covered,EVENT; PROCESS_EVENT
Finance & Peformance Management,Financial Planning & Controlling,Profitability Modelling,Single Customer View (Master Record),Party,PARTY; INDIVIDUAL; ORGANIZATION; HOUSEHOLD; PARTY_RELATIONSHIP; PARTY_IDENTIFICATION
Finance & Peformance Management,Financial Planning & Controlling,Profitability Modelling,Customer Demographics,Party,INDIVIDUAL; PARTY_DEMOGRAPHIC; PARTY_CLASSIFICATION; PARTY_PREFERENCE
Finance & Peformance Management,Financial Planning & Controlling,Profitability Modelling,Customer Segments,Party,PARTY_CLASSIFICATION; PARTY_SEGMENT; PARTY_CLASSIFICATION_VALUE
Finance & Peformance Management,Financial Planning & Controlling,Profitability Modelling,Legal Actions,Party,PARTY_LEGAL_ACTION; LEGAL_ACTION; PARTY_LITIGATION
Finance & Peformance Management,Financial Planning & Controlling,Profitability Modelling,Master & Reference Data - staff / colleague,Party,INDIVIDUAL; ASSOCIATE; ASSOCIATE_ASSIGNMENT; INTERNAL_ORGANIZATION_UNIT
Finance & Peformance Management,Financial Planning & Controlling,Profitability Modelling,Master & Reference Data - geography / location,Location,GEOGRAPHICAL_AREA; GEOGRAPHICAL_UNIT; SITE; POSTAL_ADDRESS
Finance & Peformance Management,Financial Planning & Controlling,Profitability Modelling,Master & Reference Data - product,Product,Not mapped
Finance & Peformance Management,Financial Planning & Controlling,Profitability Modelling,Master & Reference Data - FTP rates,Product,INTEREST_RATE; INTEREST_RATE_INDEX; PRODUCT_INTEREST_RATE
Finance & Peformance Management,Financial Planning & Controlling,Profitability Modelling,Master & Reference Data - exchange rates,Product,CURRENCY; CURRENCY_EXCHANGE_RATE; CURRENCY_PAIR
Finance & Peformance Management,Financial Planning & Controlling,Profitability Modelling,"Product Revenue, Cost & Margin",Product,PRODUCT; PRODUCT_PRICING; PRODUCT_COST; AGREEMENT_SUMMARY
Finance & Peformance Management,Financial Planning & Controlling,Profitability Modelling,Account / Policy / Service Holdings,Agreement,AGREEMENT; PARTY_AGREEMENT_ROLE; AGREEMENT_PARTY_ROLE; AGREEMENT_RELATIONSHIP
Finance & Peformance Management,Financial Planning & Controlling,Profitability Modelling,Account / Policy / Service Detail,Agreement,AGREEMENT; LOAN_TERM_AGREEMENT; DEPOSIT_AGREEMENT; INSURANCE_AGREEMENT; CREDIT_CARD_AGREEMENT
Finance & Peformance Management,Financial Planning & Controlling,Profitability Modelling,Account Status (open closed active / domant /inactive / closure reason ),Agreement,AGREEMENT; AGREEMENT_STATUS; AGREEMENT_STATUS_HISTORY
Finance & Peformance Management,Financial Planning & Controlling,Profitability Modelling,Account Terms & Conditions,Agreement,AGREEMENT; AGREEMENT_CONDITION; AGREEMENT_TERM
Finance & Peformance Management,Financial Planning & Controlling,Profitability Modelling,Account Feature Usage,Agreement,AGREEMENT_FEATURE; FEATURE; DESCRIPTIVE_FEATURE
Finance & Peformance Management,Financial Planning & Controlling,Profitability Modelling,"Application Data (New Customer, New Product)",Agreement,APPLICATION; APPLICATION_STATUS; APPLICATION_PARTY_ROLE
Finance & Peformance Management,Financial Planning & Controlling,Profitability Modelling,Coverage (insurance),Agreement,INSURANCE_COVERAGE; INSURANCE_AGREEMENT; COVERAGE_TYPE
Finance & Peformance Management,Financial Planning & Controlling,Profitability Modelling,Account Balances,Agreement,AGREEMENT_SUMMARY; BALANCE_SUMMARY; AGREEMENT_BALANCE
Finance & Peformance Management,Financial Planning & Controlling,Profitability Modelling,Investment Value,Agreement,INVESTMENT_ACCOUNT; INVESTMENT_HOLDING; INVESTMENT_PRODUCT_PRICE
Finance & Peformance Management,Financial Planning & Controlling,Profitability Modelling,Market / Trading Book Positions,Agreement,TRADE_ORDER; TRADE_EXECUTION; TRADING_POSITION
Finance & Peformance Management,Financial Planning & Controlling,Profitability Modelling,Mark to market valuations,Agreement,INVESTMENT_PRODUCT_PRICE; MARKET_INDEX_VALUE; AGREEMENT_VALUATION
Finance & Peformance Management,Financial Planning & Controlling,Profitability Modelling,Account Maturity Dates & Repricing Schedules,Agreement,AGREEMENT; AGREEMENT_TERM; AGREEMENT_REPRICING_SCHEDULE
Finance & Peformance Management,Financial Planning & Controlling,Profitability Modelling,Account Repayment Schedules,Agreement,AGREEMENT_REPAYMENT_SCHEDULE; LOAN_TERM_AGREEMENT
Finance & Peformance Management,Financial Planning & Controlling,Profitability Modelling,Amortisation Schedules,Agreement,AGREEMENT_AMORTIZATION_SCHEDULE; LOAN_TERM_AGREEMENT
Finance & Peformance Management,Financial Planning & Controlling,Profitability Modelling,Customer Illustrations,Agreement,DOCUMENT; PARTY_DOCUMENT
Finance & Peformance Management,Financial Planning & Controlling,Profitability Modelling,Customer Quotes,Agreement,APPLICATION; QUOTE; DOCUMENT
Finance & Peformance Management,Financial Planning & Controlling,Profitability Modelling,Collateral Agreements,Agreement,COLLATERAL_AGREEMENT; COLLATERAL; COLLATERAL_VALUATION; PARTY_ASSET
Finance & Peformance Management,Financial Planning & Controlling,Profitability Modelling,Risk Exposures,Agreement,AGREEMENT_RISK_METRIC; RISK_EXPOSURE; CREDIT_RISK_SUMMARY
Finance & Peformance Management,Financial Planning & Controlling,Profitability Modelling,Risk Weighted Assets & Capital Results,Agreement,AGREEMENT_RISK_METRIC; BANK_CAPITAL_SUMMARY; CAPITAL_REQUIREMENTS_SUMMARY
Finance & Peformance Management,Financial Planning & Controlling,Profitability Modelling,Account Limits,Cross Subject  -  Limits,AGREEMENT_LIMIT; LIMIT; PARTY_LIMIT
Finance & Peformance Management,Financial Planning & Controlling,Profitability Modelling,Predictive Models - risk,Party or Agreement,ANALYTICAL_MODEL; MODEL_RUN; MODEL_SCORE; PARTY_LIABILITY_CREDIT_RATING
Finance & Peformance Management,Financial Planning & Controlling,Profitability Modelling,"Risk Segments, Cohorts & Groupings",Party or Agreement,PARTY_CLASSIFICATION; RISK_GRADE_VALUE; RISK_GRADE_SCHEME
Finance & Peformance Management,Financial Planning & Controlling,Profitability Modelling,"Provisions, Losses & Writeoffs",Party or Agreement,AGREEMENT_RISK_METRIC; PROVISION; WRITE_OFF; LOSS_EVENT
Finance & Peformance Management,Financial Planning & Controlling,Profitability Modelling,Financial Transactions,Event,MONETARY_TRANSACTION; TRANSACTION_TYPE; FINANCIAL_TRANSACTION; PAYMENT
Finance & Peformance Management,Financial Planning & Controlling,Profitability Modelling,"Account Fees, Commissions & Charges",Event,MONETARY_TRANSACTION; FEE_TRANSACTION; COMMISSION_TRANSACTION; AGREEMENT_FEE
Finance & Peformance Management,Financial Planning & Controlling,Profitability Modelling,Financial Interbank Payments,Event,PAYMENT; INTERBANK_PAYMENT; FINANCIAL_TRANSACTION
Finance & Peformance Management,Financial Planning & Controlling,Profitability Modelling,Non-Financial Transactions,Event,EVENT; NON_MONETARY_EVENT; DIRECT_CONTACT_EVENT
Finance & Peformance Management,Financial Planning & Controlling,Profitability Modelling,Service Usage,Event,CHANNEL_USAGE_METRIC; SERVICE_USAGE_EVENT; CHANNEL_INSTANCE
Finance & Peformance Management,Financial Planning & Controlling,Profitability Modelling,Complaint Data,Event,COMPLAINT; COMPLAINT_STATUS; COMPLAINT_RESOLUTION
Finance & Peformance Management,Financial Planning & Controlling,Profitability Modelling,Offline Customer Interactions - Branch,Event,DIRECT_CONTACT_EVENT; BRANCH_VISIT_EVENT; CHANNEL_INSTANCE
Finance & Peformance Management,Financial Planning & Controlling,Profitability Modelling,Offline Customer Interactions - Call Centre,Event,DIRECT_CONTACT_EVENT; CALL_EVENT; CHANNEL_INSTANCE
Finance & Peformance Management,Financial Planning & Controlling,Profitability Modelling,Offline Customer Interactions - letters,Event,DIRECT_CONTACT_EVENT; CORRESPONDENCE_EVENT; DOCUMENT
Finance & Peformance Management,Financial Planning & Controlling,Profitability Modelling,Offline Customer Interactions - sms text,Event,DIRECT_CONTACT_EVENT; SMS_EVENT; ELECTRONIC_ADDRESS
Finance & Peformance Management,Financial Planning & Controlling,Profitability Modelling,Online Interactions -  webchat (internal & external),Event,WEB_VISIT; WEB_PAGE_VIEW; ONLINE_INTERACTION_EVENT
Finance & Peformance Management,Financial Planning & Controlling,Profitability Modelling,Online Interactions colleague intranet,Event,WEB_VISIT; WEB_PAGE_VIEW
Finance & Peformance Management,Financial Planning & Controlling,Profitability Modelling,Online Interactions customer digital banking site (web log),Event,WEB_VISIT; WEB_PAGE_VIEW; EXTENDED_SESSION_INFORMATION; ONLINE_APPLICATION_ACCESS
Finance & Peformance Management,Financial Planning & Controlling,Profitability Modelling,Online Interactions customer general banking site,Event,WEB_VISIT; WEB_PAGE_VIEW; ONLINE_INTERACTION_EVENT
Finance & Peformance Management,Financial Planning & Controlling,Profitability Modelling,Online Interactions email - customer & employee,Event,DIRECT_CONTACT_EVENT; EMAIL_EVENT; ELECTRONIC_ADDRESS
Finance & Peformance Management,Financial Planning & Controlling,Profitability Modelling,Online Interactions mobile app,Event,WEB_VISIT; WEB_PAGE_VIEW; MOBILE_APP_EVENT; CHANNEL_INSTANCE
Finance & Peformance Management,Financial Planning & Controlling,Profitability Modelling,Online Interactions off-site - ad server,Event,AD; AD_PLACEMENT; AD_IMPRESSION; AD_CAMPAIGN_OBJECTIVE
Finance & Peformance Management,Financial Planning & Controlling,Profitability Modelling,Online Interactions prospect / unidentified customer (web log),Event,WEB_VISIT; WEB_PAGE_VIEW; VISITOR_INTERACTION_EVENT
Finance & Peformance Management,Financial Planning & Controlling,Profitability Modelling,"Case History (Fraud, Money Laundering, Complaint)",Event,CASE; CASE_EVENT; CASE_PARTY_ROLE; FRAUD_CASE
Finance & Peformance Management,Financial Planning & Controlling,Profitability Modelling,Claims,Event,CLAIM; CLAIM_STATUS; CLAIM_PARTY_ROLE; CLAIM_PAYMENT
Finance & Peformance Management,Financial Planning & Controlling,Profitability Modelling,Defaults & Limit Breaches,Event,AGREEMENT_STATUS; DEFAULT_EVENT; LIMIT_BREACH_EVENT; AGREEMENT_RISK_METRIC
Finance & Peformance Management,Financial Planning & Controlling,Profitability Modelling,Closed Loop Outcomes / Channel Responses,Event,CAMPAIGN_RESPONSE; CAMPAIGN_OFFER_RESPONSE; DIRECT_CONTACT_EVENT
Finance & Peformance Management,Financial Planning & Controlling,Profitability Modelling,Internal Process Activity Data,Event,EVENT; PROCESS_EVENT; OPERATIONAL_EVENT
Finance & Peformance Management,Financial Planning & Controlling,Profitability Modelling,Master & Reference Data - merchant / transaction,Event,MERCHANT; MERCHANT_CATEGORY; TRANSACTION_TYPE
Finance & Peformance Management,Financial Planning & Controlling,Profitability Modelling,Customer interview / fact find,Event or Cross Subject - Document,DOCUMENT; SURVEY; SURVEY_QUESTION_RESPONSE; PARTY_DOCUMENT
Finance & Peformance Management,Financial Planning & Controlling,Profitability Modelling,Master & Reference Data - organisation hierarchy,Internal Organisation,ORGANIZATION; INTERNAL_ORGANIZATION_UNIT; ORGANIZATION_UNIT_RELATIONSHIP; ORGANIZATION_BUSINESS_TYPE
Finance & Peformance Management,Financial Planning & Controlling,Profitability Modelling,"Operational metrics (E.g. Wait times, queue length)",Internal Organisation,CHANNEL_USAGE_METRIC; OPERATIONAL_EVENT; SERVICE_LEVEL_METRIC
Finance & Peformance Management,Financial Planning & Controlling,Profitability Modelling,Master & Reference Data - Campaign,Campaign,CAMPAIGN; CAMPAIGN_TYPE; CAMPAIGN_STATUS; CAMPAIGN_WAVE
Finance & Peformance Management,Financial Planning & Controlling,Profitability Modelling,Campaign Production Costs,Campaign,CAMPAIGN; CAMPAIGN_COST; CAMPAIGN_BUDGET
Finance & Peformance Management,Financial Planning & Controlling,Profitability Modelling,Campaign History Data,Campaign,CAMPAIGN; CAMPAIGN_RESPONSE; CAMPAIGN_OFFER_RESPONSE; CAMPAIGN_WAVE
Finance & Peformance Management,Financial Planning & Controlling,Profitability Modelling,Master & Reference Data - Channel,Channel,CHANNEL_TYPE; CHANNEL_INSTANCE; CHANNEL_CLASSIFICATION
Finance & Peformance Management,Financial Planning & Controlling,Profitability Modelling,Finance Systems - General Ledger,Finance,Not mapped
Finance & Peformance Management,Financial Planning & Controlling,Profitability Modelling,Finance Systems - ERP,Finance,GL_ACCOUNT; GL_MAIN_ACCOUNT; VENDOR; VENDOR_INVOICE
Finance & Peformance Management,Financial Planning & Controlling,Profitability Modelling,"Finance Systems - Budgets, Plans & Forecasts",Finance,GL_ACCOUNT; BUDGET; FORECAST; FINANCIAL_PLAN
Finance & Peformance Management,Financial Planning & Controlling,Future / Lifetime Value,Single Customer View (Master Record),Party,PARTY; INDIVIDUAL; ORGANIZATION; HOUSEHOLD; PARTY_RELATIONSHIP; PARTY_IDENTIFICATION
Finance & Peformance Management,Financial Planning & Controlling,Future / Lifetime Value,Customer Demographics,Party,INDIVIDUAL; PARTY_DEMOGRAPHIC; PARTY_CLASSIFICATION; PARTY_PREFERENCE
Finance & Peformance Management,Financial Planning & Controlling,Future / Lifetime Value,Customer Segments,Party,PARTY_CLASSIFICATION; PARTY_SEGMENT; PARTY_CLASSIFICATION_VALUE
Finance & Peformance Management,Financial Planning & Controlling,Future / Lifetime Value,Economic Forecast Data,Party,ECONOMIC_INDEX; ECONOMIC_INDEX_VALUE; MARKET_INDEX
Finance & Peformance Management,Financial Planning & Controlling,Future / Lifetime Value,Master & Reference Data - product,Product,Not mapped
Finance & Peformance Management,Financial Planning & Controlling,Future / Lifetime Value,"Product Revenue, Cost & Margin",Product,PRODUCT; PRODUCT_PRICING; PRODUCT_COST; AGREEMENT_SUMMARY
Finance & Peformance Management,Financial Planning & Controlling,Future / Lifetime Value,External Data - market interest rates,Product,INTEREST_RATE_INDEX; INTEREST_RATE; MARKET_INDEX; MARKET_INDEX_VALUE
Finance & Peformance Management,Financial Planning & Controlling,Future / Lifetime Value,"External Data - market prices (E.g. equities, bonds, commodities)",Product,MARKET_INDEX; MARKET_INDEX_VALUE; INVESTMENT_PRODUCT; INVESTMENT_PRODUCT_PRICE
Finance & Peformance Management,Financial Planning & Controlling,Future / Lifetime Value,External Data - Competitor Product & Pricing,Party & Product,PRODUCT; MARKET_INDEX
Finance & Peformance Management,Financial Planning & Controlling,Future / Lifetime Value,Account / Policy / Service Holdings,Agreement,AGREEMENT; PARTY_AGREEMENT_ROLE; AGREEMENT_PARTY_ROLE; AGREEMENT_RELATIONSHIP
Finance & Peformance Management,Financial Planning & Controlling,Future / Lifetime Value,Account / Policy / Service Detail,Agreement,AGREEMENT; LOAN_TERM_AGREEMENT; DEPOSIT_AGREEMENT; INSURANCE_AGREEMENT; CREDIT_CARD_AGREEMENT
Finance & Peformance Management,Financial Planning & Controlling,Future / Lifetime Value,Account Status (open closed active / domant /inactive / closure reason ),Agreement,AGREEMENT; AGREEMENT_STATUS; AGREEMENT_STATUS_HISTORY
Finance & Peformance Management,Financial Planning & Controlling,Future / Lifetime Value,Account Terms & Conditions,Agreement,AGREEMENT; AGREEMENT_CONDITION; AGREEMENT_TERM
Finance & Peformance Management,Financial Planning & Controlling,Future / Lifetime Value,Account Feature Usage,Agreement,AGREEMENT_FEATURE; FEATURE; DESCRIPTIVE_FEATURE
Finance & Peformance Management,Financial Planning & Controlling,Future / Lifetime Value,"Application Data (New Customer, New Product)",Agreement,APPLICATION; APPLICATION_STATUS; APPLICATION_PARTY_ROLE
Finance & Peformance Management,Financial Planning & Controlling,Future / Lifetime Value,Coverage (insurance),Agreement,INSURANCE_COVERAGE; INSURANCE_AGREEMENT; COVERAGE_TYPE
Finance & Peformance Management,Financial Planning & Controlling,Future / Lifetime Value,Account Balances,Agreement,AGREEMENT_SUMMARY; BALANCE_SUMMARY; AGREEMENT_BALANCE
Finance & Peformance Management,Financial Planning & Controlling,Future / Lifetime Value,Investment Value,Agreement,INVESTMENT_ACCOUNT; INVESTMENT_HOLDING; INVESTMENT_PRODUCT_PRICE
Finance & Peformance Management,Financial Planning & Controlling,Future / Lifetime Value,Market / Trading Book Positions,Agreement,TRADE_ORDER; TRADE_EXECUTION; TRADING_POSITION
Finance & Peformance Management,Financial Planning & Controlling,Future / Lifetime Value,Mark to market valuations,Agreement,INVESTMENT_PRODUCT_PRICE; MARKET_INDEX_VALUE; AGREEMENT_VALUATION
Finance & Peformance Management,Financial Planning & Controlling,Future / Lifetime Value,Cashflow Projections,Agreement,AGREEMENT_CASHFLOW; CASHFLOW_SCHEDULE; AGREEMENT_SUMMARY
Finance & Peformance Management,Financial Planning & Controlling,Future / Lifetime Value,Account Maturity Dates & Repricing Schedules,Agreement,AGREEMENT; AGREEMENT_TERM; AGREEMENT_REPRICING_SCHEDULE
Finance & Peformance Management,Financial Planning & Controlling,Future / Lifetime Value,Account Repayment Schedules,Agreement,AGREEMENT_REPAYMENT_SCHEDULE; LOAN_TERM_AGREEMENT
Finance & Peformance Management,Financial Planning & Controlling,Future / Lifetime Value,Amortisation Schedules,Agreement,AGREEMENT_AMORTIZATION_SCHEDULE; LOAN_TERM_AGREEMENT
Finance & Peformance Management,Financial Planning & Controlling,Future / Lifetime Value,Risk Exposures,Agreement,AGREEMENT_RISK_METRIC; RISK_EXPOSURE; CREDIT_RISK_SUMMARY
Finance & Peformance Management,Financial Planning & Controlling,Future / Lifetime Value,Risk Weighted Assets & Capital Results,Agreement,AGREEMENT_RISK_METRIC; BANK_CAPITAL_SUMMARY; CAPITAL_REQUIREMENTS_SUMMARY
Finance & Peformance Management,Financial Planning & Controlling,Future / Lifetime Value,Profitability Results,Agreement,AGREEMENT_SUMMARY; AGREEMENT_PROFITABILITY; PRODUCT_PROFITABILITY
Finance & Peformance Management,Financial Planning & Controlling,Future / Lifetime Value,Account Limits,Cross Subject  -  Limits,AGREEMENT_LIMIT; LIMIT; PARTY_LIMIT
Finance & Peformance Management,Financial Planning & Controlling,Future / Lifetime Value,Predictive Models - propensity to buy,Party or Agreement,ANALYTICAL_MODEL; MODEL_RUN; MODEL_SCORE; PARTY_MODEL_SCORE
Finance & Peformance Management,Financial Planning & Controlling,Future / Lifetime Value,Predictive Models - attrition,Party or Agreement,ANALYTICAL_MODEL; MODEL_RUN; MODEL_SCORE; PARTY_MODEL_SCORE
Finance & Peformance Management,Financial Planning & Controlling,Future / Lifetime Value,Predictive Models - price elasticity,Party or Agreement,ANALYTICAL_MODEL; MODEL_RUN; MODEL_SCORE
Finance & Peformance Management,Financial Planning & Controlling,Future / Lifetime Value,Attribution Models - response,Party or Agreement,ANALYTICAL_MODEL; MODEL_RUN; CAMPAIGN_RESPONSE
Finance & Peformance Management,Financial Planning & Controlling,Future / Lifetime Value,Predictive Models - risk,Party or Agreement,ANALYTICAL_MODEL; MODEL_RUN; MODEL_SCORE; PARTY_LIABILITY_CREDIT_RATING
Finance & Peformance Management,Financial Planning & Controlling,Future / Lifetime Value,"Risk Segments, Cohorts & Groupings",Party or Agreement,PARTY_CLASSIFICATION; RISK_GRADE_VALUE; RISK_GRADE_SCHEME
Finance & Peformance Management,Financial Planning & Controlling,Future / Lifetime Value,"Provisions, Losses & Writeoffs",Party or Agreement,AGREEMENT_RISK_METRIC; PROVISION; WRITE_OFF; LOSS_EVENT
Finance & Peformance Management,Financial Planning & Controlling,Future / Lifetime Value,Financial Transactions,Event,MONETARY_TRANSACTION; TRANSACTION_TYPE; FINANCIAL_TRANSACTION; PAYMENT
Finance & Peformance Management,Financial Planning & Controlling,Future / Lifetime Value,"Account Fees, Commissions & Charges",Event,MONETARY_TRANSACTION; FEE_TRANSACTION; COMMISSION_TRANSACTION; AGREEMENT_FEE
Finance & Peformance Management,Financial Planning & Controlling,Future / Lifetime Value,Financial Interbank Payments,Event,PAYMENT; INTERBANK_PAYMENT; FINANCIAL_TRANSACTION
Finance & Peformance Management,Financial Planning & Controlling,Future / Lifetime Value,Non-Financial Transactions,Event,EVENT; NON_MONETARY_EVENT; DIRECT_CONTACT_EVENT
Finance & Peformance Management,Financial Planning & Controlling,Future / Lifetime Value,Service Usage,Event,CHANNEL_USAGE_METRIC; SERVICE_USAGE_EVENT; CHANNEL_INSTANCE
Finance & Peformance Management,Financial Planning & Controlling,Future / Lifetime Value,Complaint Data,Event,COMPLAINT; COMPLAINT_STATUS; COMPLAINT_RESOLUTION
Finance & Peformance Management,Financial Planning & Controlling,Future / Lifetime Value,Offline Customer Interactions - Branch,Event,DIRECT_CONTACT_EVENT; BRANCH_VISIT_EVENT; CHANNEL_INSTANCE
Finance & Peformance Management,Financial Planning & Controlling,Future / Lifetime Value,Offline Customer Interactions - Call Centre,Event,DIRECT_CONTACT_EVENT; CALL_EVENT; CHANNEL_INSTANCE
Finance & Peformance Management,Financial Planning & Controlling,Future / Lifetime Value,Offline Customer Interactions - letters,Event,DIRECT_CONTACT_EVENT; CORRESPONDENCE_EVENT; DOCUMENT
Finance & Peformance Management,Financial Planning & Controlling,Future / Lifetime Value,Offline Customer Interactions - sms text,Event,DIRECT_CONTACT_EVENT; SMS_EVENT; ELECTRONIC_ADDRESS
Finance & Peformance Management,Financial Planning & Controlling,Future / Lifetime Value,Online Interactions -  webchat (internal & external),Event,WEB_VISIT; WEB_PAGE_VIEW; ONLINE_INTERACTION_EVENT
Finance & Peformance Management,Financial Planning & Controlling,Future / Lifetime Value,Online Interactions colleague intranet,Event,WEB_VISIT; WEB_PAGE_VIEW
Finance & Peformance Management,Financial Planning & Controlling,Future / Lifetime Value,Online Interactions customer digital banking site (web log),Event,WEB_VISIT; WEB_PAGE_VIEW; EXTENDED_SESSION_INFORMATION; ONLINE_APPLICATION_ACCESS
Finance & Peformance Management,Financial Planning & Controlling,Future / Lifetime Value,Online Interactions customer general banking site,Event,WEB_VISIT; WEB_PAGE_VIEW; ONLINE_INTERACTION_EVENT
Finance & Peformance Management,Financial Planning & Controlling,Future / Lifetime Value,Online Interactions email - customer & employee,Event,DIRECT_CONTACT_EVENT; EMAIL_EVENT; ELECTRONIC_ADDRESS
Finance & Peformance Management,Financial Planning & Controlling,Future / Lifetime Value,Online Interactions mobile app,Event,WEB_VISIT; WEB_PAGE_VIEW; MOBILE_APP_EVENT; CHANNEL_INSTANCE
Finance & Peformance Management,Financial Planning & Controlling,Future / Lifetime Value,Online Interactions off-site - ad server,Event,AD; AD_PLACEMENT; AD_IMPRESSION; AD_CAMPAIGN_OBJECTIVE
Finance & Peformance Management,Financial Planning & Controlling,Future / Lifetime Value,Online Interactions prospect / unidentified customer (web log),Event,WEB_VISIT; WEB_PAGE_VIEW; VISITOR_INTERACTION_EVENT
Finance & Peformance Management,Financial Planning & Controlling,Future / Lifetime Value,"Case History (Fraud, Money Laundering, Complaint)",Event,CASE; CASE_EVENT; CASE_PARTY_ROLE; FRAUD_CASE
Finance & Peformance Management,Financial Planning & Controlling,Future / Lifetime Value,Claims,Event,CLAIM; CLAIM_STATUS; CLAIM_PARTY_ROLE; CLAIM_PAYMENT
Finance & Peformance Management,Financial Planning & Controlling,Future / Lifetime Value,Defaults & Limit Breaches,Event,AGREEMENT_STATUS; DEFAULT_EVENT; LIMIT_BREACH_EVENT; AGREEMENT_RISK_METRIC
Finance & Peformance Management,Financial Planning & Controlling,Future / Lifetime Value,Closed Loop Outcomes / Channel Responses,Event,CAMPAIGN_RESPONSE; CAMPAIGN_OFFER_RESPONSE; DIRECT_CONTACT_EVENT
Finance & Peformance Management,Financial Planning & Controlling,Future / Lifetime Value,Internal Process Activity Data,Event,EVENT; PROCESS_EVENT; OPERATIONAL_EVENT
Finance & Peformance Management,Financial Planning & Controlling,Future / Lifetime Value,Master & Reference Data - merchant / transaction,Event,MERCHANT; MERCHANT_CATEGORY; TRANSACTION_TYPE
Finance & Peformance Management,Financial Planning & Controlling,Future / Lifetime Value,Master & Reference Data - organisation hierarchy,Internal Organisation,ORGANIZATION; INTERNAL_ORGANIZATION_UNIT; ORGANIZATION_UNIT_RELATIONSHIP; ORGANIZATION_BUSINESS_TYPE
Finance & Peformance Management,Financial Planning & Controlling,Future / Lifetime Value,Master & Reference Data - Channel,Channel,CHANNEL_TYPE; CHANNEL_INSTANCE; CHANNEL_CLASSIFICATION
Finance & Peformance Management,Financial Planning & Controlling,Future / Lifetime Value,Finance Systems - General Ledger,Finance,Not mapped
Finance & Peformance Management,Financial Planning & Controlling,Future / Lifetime Value,Finance Systems - ERP,Finance,GL_ACCOUNT; GL_MAIN_ACCOUNT; VENDOR; VENDOR_INVOICE
Finance & Peformance Management,Financial Planning & Controlling,Future / Lifetime Value,"Finance Systems - Budgets, Plans & Forecasts",Finance,GL_ACCOUNT; BUDGET; FORECAST; FINANCIAL_PLAN
Finance & Peformance Management,Financial Planning & Controlling,Profitability Analytics and Optimisation,Single Customer View (Master Record),Party,PARTY; INDIVIDUAL; ORGANIZATION; HOUSEHOLD; PARTY_RELATIONSHIP; PARTY_IDENTIFICATION
Finance & Peformance Management,Financial Planning & Controlling,Profitability Analytics and Optimisation,Customer Demographics,Party,INDIVIDUAL; PARTY_DEMOGRAPHIC; PARTY_CLASSIFICATION; PARTY_PREFERENCE
Finance & Peformance Management,Financial Planning & Controlling,Profitability Analytics and Optimisation,Customer Attitudinal Data,Party,PARTY_PREFERENCE; PARTY_CLASSIFICATION; PARTY_SURVEY_RESPONSE
Finance & Peformance Management,Financial Planning & Controlling,Profitability Analytics and Optimisation,Customer Segments,Party,PARTY_CLASSIFICATION; PARTY_SEGMENT; PARTY_CLASSIFICATION_VALUE
Finance & Peformance Management,Financial Planning & Controlling,Profitability Analytics and Optimisation,Customer Satisfaction Measurement (E.g. NPS),Party,PARTY_SURVEY_RESPONSE; SURVEY; SURVEY_QUESTION_RESPONSE
Finance & Peformance Management,Financial Planning & Controlling,Profitability Analytics and Optimisation,Economic Forecast Data,Party,ECONOMIC_INDEX; ECONOMIC_INDEX_VALUE; MARKET_INDEX
Finance & Peformance Management,Financial Planning & Controlling,Profitability Analytics and Optimisation,Master & Reference Data - staff / colleague,Party,INDIVIDUAL; ASSOCIATE; ASSOCIATE_ASSIGNMENT; INTERNAL_ORGANIZATION_UNIT
Finance & Peformance Management,Financial Planning & Controlling,Profitability Analytics and Optimisation,"Sales and Performance Forecasts, Targets & KPIs",Party,PERFORMANCE_METRIC; PERFORMANCE_TARGET; ORGANIZATION_PERFORMANCE
Finance & Peformance Management,Financial Planning & Controlling,Profitability Analytics and Optimisation,HR Performance Data,Party,ASSOCIATE; ASSOCIATE_PERFORMANCE_REVIEW; ASSOCIATE_ASSIGNMENT
Finance & Peformance Management,Financial Planning & Controlling,Profitability Analytics and Optimisation,Master & Reference Data - geography / location,Location,GEOGRAPHICAL_AREA; GEOGRAPHICAL_UNIT; SITE; POSTAL_ADDRESS
Finance & Peformance Management,Financial Planning & Controlling,Profitability Analytics and Optimisation,Master & Reference Data - product,Product,Not mapped
Finance & Peformance Management,Financial Planning & Controlling,Profitability Analytics and Optimisation,Master & Reference Data - FTP rates,Product,INTEREST_RATE; INTEREST_RATE_INDEX; PRODUCT_INTEREST_RATE
Finance & Peformance Management,Financial Planning & Controlling,Profitability Analytics and Optimisation,Master & Reference Data - exchange rates,Product,CURRENCY; CURRENCY_EXCHANGE_RATE; CURRENCY_PAIR
Finance & Peformance Management,Financial Planning & Controlling,Profitability Analytics and Optimisation,"Product Revenue, Cost & Margin",Product,PRODUCT; PRODUCT_PRICING; PRODUCT_COST; AGREEMENT_SUMMARY
Finance & Peformance Management,Financial Planning & Controlling,Profitability Analytics and Optimisation,Product NPV's,Product,PRODUCT; PRODUCT_VALUATION; AGREEMENT_SUMMARY
Finance & Peformance Management,Financial Planning & Controlling,Profitability Analytics and Optimisation,External Data - Competitor Product & Pricing,Party & Product,PRODUCT; MARKET_INDEX
Finance & Peformance Management,Financial Planning & Controlling,Profitability Analytics and Optimisation,Account / Policy / Service Holdings,Agreement,AGREEMENT; PARTY_AGREEMENT_ROLE; AGREEMENT_PARTY_ROLE; AGREEMENT_RELATIONSHIP
Finance & Peformance Management,Financial Planning & Controlling,Profitability Analytics and Optimisation,Account / Policy / Service Detail,Agreement,AGREEMENT; LOAN_TERM_AGREEMENT; DEPOSIT_AGREEMENT; INSURANCE_AGREEMENT; CREDIT_CARD_AGREEMENT
Finance & Peformance Management,Financial Planning & Controlling,Profitability Analytics and Optimisation,Account Status (open closed active / domant /inactive / closure reason ),Agreement,AGREEMENT; AGREEMENT_STATUS; AGREEMENT_STATUS_HISTORY
Finance & Peformance Management,Financial Planning & Controlling,Profitability Analytics and Optimisation,Account Terms & Conditions,Agreement,AGREEMENT; AGREEMENT_CONDITION; AGREEMENT_TERM
Finance & Peformance Management,Financial Planning & Controlling,Profitability Analytics and Optimisation,Account Feature Usage,Agreement,AGREEMENT_FEATURE; FEATURE; DESCRIPTIVE_FEATURE
Finance & Peformance Management,Financial Planning & Controlling,Profitability Analytics and Optimisation,"Application Data (New Customer, New Product)",Agreement,APPLICATION; APPLICATION_STATUS; APPLICATION_PARTY_ROLE
Finance & Peformance Management,Financial Planning & Controlling,Profitability Analytics and Optimisation,Coverage (insurance),Agreement,INSURANCE_COVERAGE; INSURANCE_AGREEMENT; COVERAGE_TYPE
Finance & Peformance Management,Financial Planning & Controlling,Profitability Analytics and Optimisation,Account Balances,Agreement,AGREEMENT_SUMMARY; BALANCE_SUMMARY; AGREEMENT_BALANCE
Finance & Peformance Management,Financial Planning & Controlling,Profitability Analytics and Optimisation,Investment Value,Agreement,INVESTMENT_ACCOUNT; INVESTMENT_HOLDING; INVESTMENT_PRODUCT_PRICE
Finance & Peformance Management,Financial Planning & Controlling,Profitability Analytics and Optimisation,Market / Trading Book Positions,Agreement,TRADE_ORDER; TRADE_EXECUTION; TRADING_POSITION
Finance & Peformance Management,Financial Planning & Controlling,Profitability Analytics and Optimisation,Mark to market valuations,Agreement,INVESTMENT_PRODUCT_PRICE; MARKET_INDEX_VALUE; AGREEMENT_VALUATION
Finance & Peformance Management,Financial Planning & Controlling,Profitability Analytics and Optimisation,Cashflow Projections,Agreement,AGREEMENT_CASHFLOW; CASHFLOW_SCHEDULE; AGREEMENT_SUMMARY
Finance & Peformance Management,Financial Planning & Controlling,Profitability Analytics and Optimisation,Account Maturity Dates & Repricing Schedules,Agreement,AGREEMENT; AGREEMENT_TERM; AGREEMENT_REPRICING_SCHEDULE
Finance & Peformance Management,Financial Planning & Controlling,Profitability Analytics and Optimisation,Account Repayment Schedules,Agreement,AGREEMENT_REPAYMENT_SCHEDULE; LOAN_TERM_AGREEMENT
Finance & Peformance Management,Financial Planning & Controlling,Profitability Analytics and Optimisation,Amortisation Schedules,Agreement,AGREEMENT_AMORTIZATION_SCHEDULE; LOAN_TERM_AGREEMENT
Finance & Peformance Management,Financial Planning & Controlling,Profitability Analytics and Optimisation,Customer Illustrations,Agreement,DOCUMENT; PARTY_DOCUMENT
Finance & Peformance Management,Financial Planning & Controlling,Profitability Analytics and Optimisation,Customer Quotes,Agreement,APPLICATION; QUOTE; DOCUMENT
Finance & Peformance Management,Financial Planning & Controlling,Profitability Analytics and Optimisation,Collateral Agreements,Agreement,COLLATERAL_AGREEMENT; COLLATERAL; COLLATERAL_VALUATION; PARTY_ASSET
Finance & Peformance Management,Financial Planning & Controlling,Profitability Analytics and Optimisation,Risk Exposures,Agreement,AGREEMENT_RISK_METRIC; RISK_EXPOSURE; CREDIT_RISK_SUMMARY
Finance & Peformance Management,Financial Planning & Controlling,Profitability Analytics and Optimisation,Risk Weighted Assets & Capital Results,Agreement,AGREEMENT_RISK_METRIC; BANK_CAPITAL_SUMMARY; CAPITAL_REQUIREMENTS_SUMMARY
Finance & Peformance Management,Financial Planning & Controlling,Profitability Analytics and Optimisation,Profitability Results,Agreement,AGREEMENT_SUMMARY; AGREEMENT_PROFITABILITY; PRODUCT_PROFITABILITY
Finance & Peformance Management,Financial Planning & Controlling,Profitability Analytics and Optimisation,Account Limits,Cross Subject  -  Limits,AGREEMENT_LIMIT; LIMIT; PARTY_LIMIT
Finance & Peformance Management,Financial Planning & Controlling,Profitability Analytics and Optimisation,Predictive Models - propensity to buy,Party or Agreement,ANALYTICAL_MODEL; MODEL_RUN; MODEL_SCORE; PARTY_MODEL_SCORE
Finance & Peformance Management,Financial Planning & Controlling,Profitability Analytics and Optimisation,Predictive Models - attrition,Party or Agreement,ANALYTICAL_MODEL; MODEL_RUN; MODEL_SCORE; PARTY_MODEL_SCORE
Finance & Peformance Management,Financial Planning & Controlling,Profitability Analytics and Optimisation,Predictive Models - price elasticity,Party or Agreement,ANALYTICAL_MODEL; MODEL_RUN; MODEL_SCORE
Finance & Peformance Management,Financial Planning & Controlling,Profitability Analytics and Optimisation,Attribution Models - response,Party or Agreement,ANALYTICAL_MODEL; MODEL_RUN; CAMPAIGN_RESPONSE
Finance & Peformance Management,Financial Planning & Controlling,Profitability Analytics and Optimisation,Predictive Models - risk,Party or Agreement,ANALYTICAL_MODEL; MODEL_RUN; MODEL_SCORE; PARTY_LIABILITY_CREDIT_RATING
Finance & Peformance Management,Financial Planning & Controlling,Profitability Analytics and Optimisation,"Risk Segments, Cohorts & Groupings",Party or Agreement,PARTY_CLASSIFICATION; RISK_GRADE_VALUE; RISK_GRADE_SCHEME
Finance & Peformance Management,Financial Planning & Controlling,Profitability Analytics and Optimisation,"Provisions, Losses & Writeoffs",Party or Agreement,AGREEMENT_RISK_METRIC; PROVISION; WRITE_OFF; LOSS_EVENT
Finance & Peformance Management,Financial Planning & Controlling,Profitability Analytics and Optimisation,Financial Transactions,Event,MONETARY_TRANSACTION; TRANSACTION_TYPE; FINANCIAL_TRANSACTION; PAYMENT
Finance & Peformance Management,Financial Planning & Controlling,Profitability Analytics and Optimisation,"Account Fees, Commissions & Charges",Event,MONETARY_TRANSACTION; FEE_TRANSACTION; COMMISSION_TRANSACTION; AGREEMENT_FEE
Finance & Peformance Management,Financial Planning & Controlling,Profitability Analytics and Optimisation,Financial Interbank Payments,Event,PAYMENT; INTERBANK_PAYMENT; FINANCIAL_TRANSACTION
Finance & Peformance Management,Financial Planning & Controlling,Profitability Analytics and Optimisation,Non-Financial Transactions,Event,EVENT; NON_MONETARY_EVENT; DIRECT_CONTACT_EVENT
Finance & Peformance Management,Financial Planning & Controlling,Profitability Analytics and Optimisation,Service Usage,Event,CHANNEL_USAGE_METRIC; SERVICE_USAGE_EVENT; CHANNEL_INSTANCE
Finance & Peformance Management,Financial Planning & Controlling,Profitability Analytics and Optimisation,Complaint Data,Event,COMPLAINT; COMPLAINT_STATUS; COMPLAINT_RESOLUTION
Finance & Peformance Management,Financial Planning & Controlling,Profitability Analytics and Optimisation,Offline Customer Interactions - Branch,Event,DIRECT_CONTACT_EVENT; BRANCH_VISIT_EVENT; CHANNEL_INSTANCE
Finance & Peformance Management,Financial Planning & Controlling,Profitability Analytics and Optimisation,Offline Customer Interactions - Call Centre,Event,DIRECT_CONTACT_EVENT; CALL_EVENT; CHANNEL_INSTANCE
Finance & Peformance Management,Financial Planning & Controlling,Profitability Analytics and Optimisation,Offline Customer Interactions - letters,Event,DIRECT_CONTACT_EVENT; CORRESPONDENCE_EVENT; DOCUMENT
Finance & Peformance Management,Financial Planning & Controlling,Profitability Analytics and Optimisation,Offline Customer Interactions - sms text,Event,DIRECT_CONTACT_EVENT; SMS_EVENT; ELECTRONIC_ADDRESS
Finance & Peformance Management,Financial Planning & Controlling,Profitability Analytics and Optimisation,Online Interactions -  webchat (internal & external),Event,WEB_VISIT; WEB_PAGE_VIEW; ONLINE_INTERACTION_EVENT
Finance & Peformance Management,Financial Planning & Controlling,Profitability Analytics and Optimisation,Online Interactions colleague intranet,Event,WEB_VISIT; WEB_PAGE_VIEW
Finance & Peformance Management,Financial Planning & Controlling,Profitability Analytics and Optimisation,Online Interactions customer digital banking site (web log),Event,WEB_VISIT; WEB_PAGE_VIEW; EXTENDED_SESSION_INFORMATION; ONLINE_APPLICATION_ACCESS
Finance & Peformance Management,Financial Planning & Controlling,Profitability Analytics and Optimisation,Online Interactions customer general banking site,Event,WEB_VISIT; WEB_PAGE_VIEW; ONLINE_INTERACTION_EVENT
Finance & Peformance Management,Financial Planning & Controlling,Profitability Analytics and Optimisation,Online Interactions email - customer & employee,Event,DIRECT_CONTACT_EVENT; EMAIL_EVENT; ELECTRONIC_ADDRESS
Finance & Peformance Management,Financial Planning & Controlling,Profitability Analytics and Optimisation,Online Interactions mobile app,Event,WEB_VISIT; WEB_PAGE_VIEW; MOBILE_APP_EVENT; CHANNEL_INSTANCE
Finance & Peformance Management,Financial Planning & Controlling,Profitability Analytics and Optimisation,Online Interactions off-site - ad server,Event,AD; AD_PLACEMENT; AD_IMPRESSION; AD_CAMPAIGN_OBJECTIVE
Finance & Peformance Management,Financial Planning & Controlling,Profitability Analytics and Optimisation,Online Interactions prospect / unidentified customer (web log),Event,WEB_VISIT; WEB_PAGE_VIEW; VISITOR_INTERACTION_EVENT
Finance & Peformance Management,Financial Planning & Controlling,Profitability Analytics and Optimisation,"Case History (Fraud, Money Laundering, Complaint)",Event,CASE; CASE_EVENT; CASE_PARTY_ROLE; FRAUD_CASE
Finance & Peformance Management,Financial Planning & Controlling,Profitability Analytics and Optimisation,Claims,Event,CLAIM; CLAIM_STATUS; CLAIM_PARTY_ROLE; CLAIM_PAYMENT
Finance & Peformance Management,Financial Planning & Controlling,Profitability Analytics and Optimisation,Defaults & Limit Breaches,Event,AGREEMENT_STATUS; DEFAULT_EVENT; LIMIT_BREACH_EVENT; AGREEMENT_RISK_METRIC
Finance & Peformance Management,Financial Planning & Controlling,Profitability Analytics and Optimisation,Closed Loop Outcomes / Channel Responses,Event,CAMPAIGN_RESPONSE; CAMPAIGN_OFFER_RESPONSE; DIRECT_CONTACT_EVENT
Finance & Peformance Management,Financial Planning & Controlling,Profitability Analytics and Optimisation,Internal Process Activity Data,Event,EVENT; PROCESS_EVENT; OPERATIONAL_EVENT
Finance & Peformance Management,Financial Planning & Controlling,Profitability Analytics and Optimisation,Master & Reference Data - merchant / transaction,Event,MERCHANT; MERCHANT_CATEGORY; TRANSACTION_TYPE
Finance & Peformance Management,Financial Planning & Controlling,Profitability Analytics and Optimisation,Customer interview / fact find,Event or Cross Subject - Document,DOCUMENT; SURVEY; SURVEY_QUESTION_RESPONSE; PARTY_DOCUMENT
Finance & Peformance Management,Financial Planning & Controlling,Profitability Analytics and Optimisation,Master & Reference Data - organisation hierarchy,Internal Organisation,ORGANIZATION; INTERNAL_ORGANIZATION_UNIT; ORGANIZATION_UNIT_RELATIONSHIP; ORGANIZATION_BUSINESS_TYPE
Finance & Peformance Management,Financial Planning & Controlling,Profitability Analytics and Optimisation,"Operational metrics (E.g. Wait times, queue length)",Internal Organisation,CHANNEL_USAGE_METRIC; OPERATIONAL_EVENT; SERVICE_LEVEL_METRIC
Finance & Peformance Management,Financial Planning & Controlling,Profitability Analytics and Optimisation,Master & Reference Data - Campaign,Campaign,CAMPAIGN; CAMPAIGN_TYPE; CAMPAIGN_STATUS; CAMPAIGN_WAVE
Finance & Peformance Management,Financial Planning & Controlling,Profitability Analytics and Optimisation,Campaign Production Costs,Campaign,CAMPAIGN; CAMPAIGN_COST; CAMPAIGN_BUDGET
Finance & Peformance Management,Financial Planning & Controlling,Profitability Analytics and Optimisation,Campaign History Data,Campaign,CAMPAIGN; CAMPAIGN_RESPONSE; CAMPAIGN_OFFER_RESPONSE; CAMPAIGN_WAVE
Finance & Peformance Management,Financial Planning & Controlling,Profitability Analytics and Optimisation,Master & Reference Data - Channel,Channel,CHANNEL_TYPE; CHANNEL_INSTANCE; CHANNEL_CLASSIFICATION
Finance & Peformance Management,Financial Planning & Controlling,Profitability Analytics and Optimisation,Customer Research - Primary & Secondary,Cross Subject - Survey,SURVEY; SURVEY_QUESTION_RESPONSE; PARTY_SURVEY_RESPONSE
Finance & Peformance Management,Financial Planning & Controlling,Profitability Analytics and Optimisation,Business Process Definition,Not Covered,EVENT; PROCESS_EVENT
Finance & Peformance Management,Financial Planning & Controlling,Performance Management and KPIs,Single Customer View (Master Record),Party,PARTY; INDIVIDUAL; ORGANIZATION; HOUSEHOLD; PARTY_RELATIONSHIP; PARTY_IDENTIFICATION
Finance & Peformance Management,Financial Planning & Controlling,Performance Management and KPIs,Customer Demographics,Party,INDIVIDUAL; PARTY_DEMOGRAPHIC; PARTY_CLASSIFICATION; PARTY_PREFERENCE
Finance & Peformance Management,Financial Planning & Controlling,Performance Management and KPIs,Customer Segments,Party,PARTY_CLASSIFICATION; PARTY_SEGMENT; PARTY_CLASSIFICATION_VALUE
Finance & Peformance Management,Financial Planning & Controlling,Performance Management and KPIs,Customer Satisfaction Measurement (E.g. NPS),Party,PARTY_SURVEY_RESPONSE; SURVEY; SURVEY_QUESTION_RESPONSE
Finance & Peformance Management,Financial Planning & Controlling,Performance Management and KPIs,External Prospect Data / Lists,Party,PARTY; PROSPECT; PARTY_LIST; PARTY_LIST_MEMBERSHIP
Finance & Peformance Management,Financial Planning & Controlling,Performance Management and KPIs,External Data - Social Media Data,Party,SOCIAL_MEDIA_ACCOUNT; SOCIAL_MEDIA_TRANSFER; SOCIAL_MEDIA_POST
Finance & Peformance Management,Financial Planning & Controlling,Performance Management and KPIs,Master & Reference Data - staff / colleague,Party,INDIVIDUAL; ASSOCIATE; ASSOCIATE_ASSIGNMENT; INTERNAL_ORGANIZATION_UNIT
Finance & Peformance Management,Financial Planning & Controlling,Performance Management and KPIs,"Sales and Performance Forecasts, Targets & KPIs",Party,PERFORMANCE_METRIC; PERFORMANCE_TARGET; ORGANIZATION_PERFORMANCE
Finance & Peformance Management,Financial Planning & Controlling,Performance Management and KPIs,HR Performance Data,Party,ASSOCIATE; ASSOCIATE_PERFORMANCE_REVIEW; ASSOCIATE_ASSIGNMENT
Finance & Peformance Management,Financial Planning & Controlling,Performance Management and KPIs,Master & Reference Data - geography / location,Location,GEOGRAPHICAL_AREA; GEOGRAPHICAL_UNIT; SITE; POSTAL_ADDRESS
Finance & Peformance Management,Financial Planning & Controlling,Performance Management and KPIs,Master & Reference Data - product,Product,Not mapped
Finance & Peformance Management,Financial Planning & Controlling,Performance Management and KPIs,"Product Revenue, Cost & Margin",Product,PRODUCT; PRODUCT_PRICING; PRODUCT_COST; AGREEMENT_SUMMARY
Finance & Peformance Management,Financial Planning & Controlling,Performance Management and KPIs,Product NPV's,Product,PRODUCT; PRODUCT_VALUATION; AGREEMENT_SUMMARY
Finance & Peformance Management,Financial Planning & Controlling,Performance Management and KPIs,Account / Policy / Service Holdings,Agreement,AGREEMENT; PARTY_AGREEMENT_ROLE; AGREEMENT_PARTY_ROLE; AGREEMENT_RELATIONSHIP
Finance & Peformance Management,Financial Planning & Controlling,Performance Management and KPIs,Account / Policy / Service Detail,Agreement,AGREEMENT; LOAN_TERM_AGREEMENT; DEPOSIT_AGREEMENT; INSURANCE_AGREEMENT; CREDIT_CARD_AGREEMENT
Finance & Peformance Management,Financial Planning & Controlling,Performance Management and KPIs,Account Status (open closed active / domant /inactive / closure reason ),Agreement,AGREEMENT; AGREEMENT_STATUS; AGREEMENT_STATUS_HISTORY
Finance & Peformance Management,Financial Planning & Controlling,Performance Management and KPIs,Account Terms & Conditions,Agreement,AGREEMENT; AGREEMENT_CONDITION; AGREEMENT_TERM
Finance & Peformance Management,Financial Planning & Controlling,Performance Management and KPIs,Account Feature Usage,Agreement,AGREEMENT_FEATURE; FEATURE; DESCRIPTIVE_FEATURE
Finance & Peformance Management,Financial Planning & Controlling,Performance Management and KPIs,"Application Data (New Customer, New Product)",Agreement,APPLICATION; APPLICATION_STATUS; APPLICATION_PARTY_ROLE
Finance & Peformance Management,Financial Planning & Controlling,Performance Management and KPIs,Coverage (insurance),Agreement,INSURANCE_COVERAGE; INSURANCE_AGREEMENT; COVERAGE_TYPE
Finance & Peformance Management,Financial Planning & Controlling,Performance Management and KPIs,Account Balances,Agreement,AGREEMENT_SUMMARY; BALANCE_SUMMARY; AGREEMENT_BALANCE
Finance & Peformance Management,Financial Planning & Controlling,Performance Management and KPIs,Investment Value,Agreement,INVESTMENT_ACCOUNT; INVESTMENT_HOLDING; INVESTMENT_PRODUCT_PRICE
Finance & Peformance Management,Financial Planning & Controlling,Performance Management and KPIs,Market / Trading Book Positions,Agreement,TRADE_ORDER; TRADE_EXECUTION; TRADING_POSITION
Finance & Peformance Management,Financial Planning & Controlling,Performance Management and KPIs,Mark to market valuations,Agreement,INVESTMENT_PRODUCT_PRICE; MARKET_INDEX_VALUE; AGREEMENT_VALUATION
Finance & Peformance Management,Financial Planning & Controlling,Performance Management and KPIs,Cashflow Projections,Agreement,AGREEMENT_CASHFLOW; CASHFLOW_SCHEDULE; AGREEMENT_SUMMARY
Finance & Peformance Management,Financial Planning & Controlling,Performance Management and KPIs,Account Maturity Dates & Repricing Schedules,Agreement,AGREEMENT; AGREEMENT_TERM; AGREEMENT_REPRICING_SCHEDULE
Finance & Peformance Management,Financial Planning & Controlling,Performance Management and KPIs,Account Repayment Schedules,Agreement,AGREEMENT_REPAYMENT_SCHEDULE; LOAN_TERM_AGREEMENT
Finance & Peformance Management,Financial Planning & Controlling,Performance Management and KPIs,Amortisation Schedules,Agreement,AGREEMENT_AMORTIZATION_SCHEDULE; LOAN_TERM_AGREEMENT
Finance & Peformance Management,Financial Planning & Controlling,Performance Management and KPIs,Customer Illustrations,Agreement,DOCUMENT; PARTY_DOCUMENT
Finance & Peformance Management,Financial Planning & Controlling,Performance Management and KPIs,Customer Quotes,Agreement,APPLICATION; QUOTE; DOCUMENT
Finance & Peformance Management,Financial Planning & Controlling,Performance Management and KPIs,Collateral Agreements,Agreement,COLLATERAL_AGREEMENT; COLLATERAL; COLLATERAL_VALUATION; PARTY_ASSET
Finance & Peformance Management,Financial Planning & Controlling,Performance Management and KPIs,Risk Exposures,Agreement,AGREEMENT_RISK_METRIC; RISK_EXPOSURE; CREDIT_RISK_SUMMARY
Finance & Peformance Management,Financial Planning & Controlling,Performance Management and KPIs,Risk Weighted Assets & Capital Results,Agreement,AGREEMENT_RISK_METRIC; BANK_CAPITAL_SUMMARY; CAPITAL_REQUIREMENTS_SUMMARY
Finance & Peformance Management,Financial Planning & Controlling,Performance Management and KPIs,Profitability Results,Agreement,AGREEMENT_SUMMARY; AGREEMENT_PROFITABILITY; PRODUCT_PROFITABILITY
Finance & Peformance Management,Financial Planning & Controlling,Performance Management and KPIs,Account Limits,Cross Subject  -  Limits,AGREEMENT_LIMIT; LIMIT; PARTY_LIMIT
Finance & Peformance Management,Financial Planning & Controlling,Performance Management and KPIs,Predictive Models - propensity to buy,Party or Agreement,ANALYTICAL_MODEL; MODEL_RUN; MODEL_SCORE; PARTY_MODEL_SCORE
Finance & Peformance Management,Financial Planning & Controlling,Performance Management and KPIs,Predictive Models - attrition,Party or Agreement,ANALYTICAL_MODEL; MODEL_RUN; MODEL_SCORE; PARTY_MODEL_SCORE
Finance & Peformance Management,Financial Planning & Controlling,Performance Management and KPIs,Predictive Models - price elasticity,Party or Agreement,ANALYTICAL_MODEL; MODEL_RUN; MODEL_SCORE
Finance & Peformance Management,Financial Planning & Controlling,Performance Management and KPIs,Attribution Models - response,Party or Agreement,ANALYTICAL_MODEL; MODEL_RUN; CAMPAIGN_RESPONSE
Finance & Peformance Management,Financial Planning & Controlling,Performance Management and KPIs,Predictive Models - risk,Party or Agreement,ANALYTICAL_MODEL; MODEL_RUN; MODEL_SCORE; PARTY_LIABILITY_CREDIT_RATING
Finance & Peformance Management,Financial Planning & Controlling,Performance Management and KPIs,"Risk Segments, Cohorts & Groupings",Party or Agreement,PARTY_CLASSIFICATION; RISK_GRADE_VALUE; RISK_GRADE_SCHEME
Finance & Peformance Management,Financial Planning & Controlling,Performance Management and KPIs,"Provisions, Losses & Writeoffs",Party or Agreement,AGREEMENT_RISK_METRIC; PROVISION; WRITE_OFF; LOSS_EVENT
Finance & Peformance Management,Financial Planning & Controlling,Performance Management and KPIs,Financial Transactions,Event,MONETARY_TRANSACTION; TRANSACTION_TYPE; FINANCIAL_TRANSACTION; PAYMENT
Finance & Peformance Management,Financial Planning & Controlling,Performance Management and KPIs,"Account Fees, Commissions & Charges",Event,MONETARY_TRANSACTION; FEE_TRANSACTION; COMMISSION_TRANSACTION; AGREEMENT_FEE
Finance & Peformance Management,Financial Planning & Controlling,Performance Management and KPIs,Financial Interbank Payments,Event,PAYMENT; INTERBANK_PAYMENT; FINANCIAL_TRANSACTION
Finance & Peformance Management,Financial Planning & Controlling,Performance Management and KPIs,Non-Financial Transactions,Event,EVENT; NON_MONETARY_EVENT; DIRECT_CONTACT_EVENT
Finance & Peformance Management,Financial Planning & Controlling,Performance Management and KPIs,Service Usage,Event,CHANNEL_USAGE_METRIC; SERVICE_USAGE_EVENT; CHANNEL_INSTANCE
Finance & Peformance Management,Financial Planning & Controlling,Performance Management and KPIs,Complaint Data,Event,COMPLAINT; COMPLAINT_STATUS; COMPLAINT_RESOLUTION
Finance & Peformance Management,Financial Planning & Controlling,Performance Management and KPIs,Offline Customer Interactions - Branch,Event,DIRECT_CONTACT_EVENT; BRANCH_VISIT_EVENT; CHANNEL_INSTANCE
Finance & Peformance Management,Financial Planning & Controlling,Performance Management and KPIs,Offline Customer Interactions - Call Centre,Event,DIRECT_CONTACT_EVENT; CALL_EVENT; CHANNEL_INSTANCE
Finance & Peformance Management,Financial Planning & Controlling,Performance Management and KPIs,Offline Customer Interactions - letters,Event,DIRECT_CONTACT_EVENT; CORRESPONDENCE_EVENT; DOCUMENT
Finance & Peformance Management,Financial Planning & Controlling,Performance Management and KPIs,Offline Customer Interactions - sms text,Event,DIRECT_CONTACT_EVENT; SMS_EVENT; ELECTRONIC_ADDRESS
Finance & Peformance Management,Financial Planning & Controlling,Performance Management and KPIs,Online Interactions -  webchat (internal & external),Event,WEB_VISIT; WEB_PAGE_VIEW; ONLINE_INTERACTION_EVENT
Finance & Peformance Management,Financial Planning & Controlling,Performance Management and KPIs,Online Interactions colleague intranet,Event,WEB_VISIT; WEB_PAGE_VIEW
Finance & Peformance Management,Financial Planning & Controlling,Performance Management and KPIs,Online Interactions customer digital banking site (web log),Event,WEB_VISIT; WEB_PAGE_VIEW; EXTENDED_SESSION_INFORMATION; ONLINE_APPLICATION_ACCESS
Finance & Peformance Management,Financial Planning & Controlling,Performance Management and KPIs,Online Interactions customer general banking site,Event,WEB_VISIT; WEB_PAGE_VIEW; ONLINE_INTERACTION_EVENT
Finance & Peformance Management,Financial Planning & Controlling,Performance Management and KPIs,Online Interactions email - customer & employee,Event,DIRECT_CONTACT_EVENT; EMAIL_EVENT; ELECTRONIC_ADDRESS
Finance & Peformance Management,Financial Planning & Controlling,Performance Management and KPIs,Online Interactions mobile app,Event,WEB_VISIT; WEB_PAGE_VIEW; MOBILE_APP_EVENT; CHANNEL_INSTANCE
Finance & Peformance Management,Financial Planning & Controlling,Performance Management and KPIs,Online Interactions off-site - ad server,Event,AD; AD_PLACEMENT; AD_IMPRESSION; AD_CAMPAIGN_OBJECTIVE
Finance & Peformance Management,Financial Planning & Controlling,Performance Management and KPIs,Online Interactions prospect / unidentified customer (web log),Event,WEB_VISIT; WEB_PAGE_VIEW; VISITOR_INTERACTION_EVENT
Finance & Peformance Management,Financial Planning & Controlling,Performance Management and KPIs,"Case History (Fraud, Money Laundering, Complaint)",Event,CASE; CASE_EVENT; CASE_PARTY_ROLE; FRAUD_CASE
Finance & Peformance Management,Financial Planning & Controlling,Performance Management and KPIs,Claims,Event,CLAIM; CLAIM_STATUS; CLAIM_PARTY_ROLE; CLAIM_PAYMENT
Finance & Peformance Management,Financial Planning & Controlling,Performance Management and KPIs,Defaults & Limit Breaches,Event,AGREEMENT_STATUS; DEFAULT_EVENT; LIMIT_BREACH_EVENT; AGREEMENT_RISK_METRIC
Finance & Peformance Management,Financial Planning & Controlling,Performance Management and KPIs,Closed Loop Outcomes / Channel Responses,Event,CAMPAIGN_RESPONSE; CAMPAIGN_OFFER_RESPONSE; DIRECT_CONTACT_EVENT
Finance & Peformance Management,Financial Planning & Controlling,Performance Management and KPIs,Internal Process Activity Data,Event,EVENT; PROCESS_EVENT; OPERATIONAL_EVENT
Finance & Peformance Management,Financial Planning & Controlling,Performance Management and KPIs,Master & Reference Data - merchant / transaction,Event,MERCHANT; MERCHANT_CATEGORY; TRANSACTION_TYPE
Finance & Peformance Management,Financial Planning & Controlling,Performance Management and KPIs,Customer interview / fact find,Event or Cross Subject - Document,DOCUMENT; SURVEY; SURVEY_QUESTION_RESPONSE; PARTY_DOCUMENT
Finance & Peformance Management,Financial Planning & Controlling,Performance Management and KPIs,Master & Reference Data - organisation hierarchy,Internal Organisation,ORGANIZATION; INTERNAL_ORGANIZATION_UNIT; ORGANIZATION_UNIT_RELATIONSHIP; ORGANIZATION_BUSINESS_TYPE
Finance & Peformance Management,Financial Planning & Controlling,Performance Management and KPIs,"Operational metrics (E.g. Wait times, queue length)",Internal Organisation,CHANNEL_USAGE_METRIC; OPERATIONAL_EVENT; SERVICE_LEVEL_METRIC
Finance & Peformance Management,Financial Planning & Controlling,Performance Management and KPIs,Master & Reference Data - Campaign,Campaign,CAMPAIGN; CAMPAIGN_TYPE; CAMPAIGN_STATUS; CAMPAIGN_WAVE
Finance & Peformance Management,Financial Planning & Controlling,Performance Management and KPIs,Campaign Production Costs,Campaign,CAMPAIGN; CAMPAIGN_COST; CAMPAIGN_BUDGET
Finance & Peformance Management,Financial Planning & Controlling,Performance Management and KPIs,Campaign History Data,Campaign,CAMPAIGN; CAMPAIGN_RESPONSE; CAMPAIGN_OFFER_RESPONSE; CAMPAIGN_WAVE
Finance & Peformance Management,Financial Planning & Controlling,Performance Management and KPIs,Master & Reference Data - Channel,Channel,CHANNEL_TYPE; CHANNEL_INSTANCE; CHANNEL_CLASSIFICATION
Finance & Peformance Management,Financial Planning & Controlling,Performance Management and KPIs,Finance Systems - General Ledger,Finance,Not mapped
Finance & Peformance Management,Financial Planning & Controlling,Performance Management and KPIs,Finance Systems - ERP,Finance,GL_ACCOUNT; GL_MAIN_ACCOUNT; VENDOR; VENDOR_INVOICE
Finance & Peformance Management,Financial Planning & Controlling,Performance Management and KPIs,"Finance Systems - Budgets, Plans & Forecasts",Finance,GL_ACCOUNT; BUDGET; FORECAST; FINANCIAL_PLAN
Finance & Peformance Management,Financial Planning & Controlling,Performance Management and KPIs,Customer Research - Primary & Secondary,Cross Subject - Survey,SURVEY; SURVEY_QUESTION_RESPONSE; PARTY_SURVEY_RESPONSE
Finance & Peformance Management,Financial Planning & Controlling,Performance Management and KPIs,Business Process Definition,Not Covered,EVENT; PROCESS_EVENT
Finance & Peformance Management,Financial Planning & Controlling,Pricing Analysis & Optimisation,Single Customer View (Master Record),Party,PARTY; INDIVIDUAL; ORGANIZATION; HOUSEHOLD; PARTY_RELATIONSHIP; PARTY_IDENTIFICATION
Finance & Peformance Management,Financial Planning & Controlling,Pricing Analysis & Optimisation,Customer Demographics,Party,INDIVIDUAL; PARTY_DEMOGRAPHIC; PARTY_CLASSIFICATION; PARTY_PREFERENCE
Finance & Peformance Management,Financial Planning & Controlling,Pricing Analysis & Optimisation,Customer Attitudinal Data,Party,PARTY_PREFERENCE; PARTY_CLASSIFICATION; PARTY_SURVEY_RESPONSE
Finance & Peformance Management,Financial Planning & Controlling,Pricing Analysis & Optimisation,Customer Segments,Party,PARTY_CLASSIFICATION; PARTY_SEGMENT; PARTY_CLASSIFICATION_VALUE
Finance & Peformance Management,Financial Planning & Controlling,Pricing Analysis & Optimisation,Customer Satisfaction Measurement (E.g. NPS),Party,PARTY_SURVEY_RESPONSE; SURVEY; SURVEY_QUESTION_RESPONSE
Finance & Peformance Management,Financial Planning & Controlling,Pricing Analysis & Optimisation,Master & Reference Data - staff / colleague,Party,INDIVIDUAL; ASSOCIATE; ASSOCIATE_ASSIGNMENT; INTERNAL_ORGANIZATION_UNIT
Finance & Peformance Management,Financial Planning & Controlling,Pricing Analysis & Optimisation,"Sales and Performance Forecasts, Targets & KPIs",Party,PERFORMANCE_METRIC; PERFORMANCE_TARGET; ORGANIZATION_PERFORMANCE
Finance & Peformance Management,Financial Planning & Controlling,Pricing Analysis & Optimisation,HR Performance Data,Party,ASSOCIATE; ASSOCIATE_PERFORMANCE_REVIEW; ASSOCIATE_ASSIGNMENT
Finance & Peformance Management,Financial Planning & Controlling,Pricing Analysis & Optimisation,Master & Reference Data - geography / location,Location,GEOGRAPHICAL_AREA; GEOGRAPHICAL_UNIT; SITE; POSTAL_ADDRESS
Finance & Peformance Management,Financial Planning & Controlling,Pricing Analysis & Optimisation,Master & Reference Data - product,Product,Not mapped
Finance & Peformance Management,Financial Planning & Controlling,Pricing Analysis & Optimisation,Master & Reference Data - FTP rates,Product,INTEREST_RATE; INTEREST_RATE_INDEX; PRODUCT_INTEREST_RATE
Finance & Peformance Management,Financial Planning & Controlling,Pricing Analysis & Optimisation,Master & Reference Data - exchange rates,Product,CURRENCY; CURRENCY_EXCHANGE_RATE; CURRENCY_PAIR
Finance & Peformance Management,Financial Planning & Controlling,Pricing Analysis & Optimisation,"Product Revenue, Cost & Margin",Product,PRODUCT; PRODUCT_PRICING; PRODUCT_COST; AGREEMENT_SUMMARY
Finance & Peformance Management,Financial Planning & Controlling,Pricing Analysis & Optimisation,Product NPV's,Product,PRODUCT; PRODUCT_VALUATION; AGREEMENT_SUMMARY
Finance & Peformance Management,Financial Planning & Controlling,Pricing Analysis & Optimisation,External Data - Competitor Product & Pricing,Party & Product,PRODUCT; MARKET_INDEX
Finance & Peformance Management,Financial Planning & Controlling,Pricing Analysis & Optimisation,Account / Policy / Service Holdings,Agreement,AGREEMENT; PARTY_AGREEMENT_ROLE; AGREEMENT_PARTY_ROLE; AGREEMENT_RELATIONSHIP
Finance & Peformance Management,Financial Planning & Controlling,Pricing Analysis & Optimisation,Account / Policy / Service Detail,Agreement,AGREEMENT; LOAN_TERM_AGREEMENT; DEPOSIT_AGREEMENT; INSURANCE_AGREEMENT; CREDIT_CARD_AGREEMENT
Finance & Peformance Management,Financial Planning & Controlling,Pricing Analysis & Optimisation,Account Status (open closed active / domant /inactive / closure reason ),Agreement,AGREEMENT; AGREEMENT_STATUS; AGREEMENT_STATUS_HISTORY
Finance & Peformance Management,Financial Planning & Controlling,Pricing Analysis & Optimisation,Account Terms & Conditions,Agreement,AGREEMENT; AGREEMENT_CONDITION; AGREEMENT_TERM
Finance & Peformance Management,Financial Planning & Controlling,Pricing Analysis & Optimisation,Account Feature Usage,Agreement,AGREEMENT_FEATURE; FEATURE; DESCRIPTIVE_FEATURE
Finance & Peformance Management,Financial Planning & Controlling,Pricing Analysis & Optimisation,"Application Data (New Customer, New Product)",Agreement,APPLICATION; APPLICATION_STATUS; APPLICATION_PARTY_ROLE
Finance & Peformance Management,Financial Planning & Controlling,Pricing Analysis & Optimisation,Coverage (insurance),Agreement,INSURANCE_COVERAGE; INSURANCE_AGREEMENT; COVERAGE_TYPE
Finance & Peformance Management,Financial Planning & Controlling,Pricing Analysis & Optimisation,Account Balances,Agreement,AGREEMENT_SUMMARY; BALANCE_SUMMARY; AGREEMENT_BALANCE
Finance & Peformance Management,Financial Planning & Controlling,Pricing Analysis & Optimisation,Investment Value,Agreement,INVESTMENT_ACCOUNT; INVESTMENT_HOLDING; INVESTMENT_PRODUCT_PRICE
Finance & Peformance Management,Financial Planning & Controlling,Pricing Analysis & Optimisation,Market / Trading Book Positions,Agreement,TRADE_ORDER; TRADE_EXECUTION; TRADING_POSITION
Finance & Peformance Management,Financial Planning & Controlling,Pricing Analysis & Optimisation,Mark to market valuations,Agreement,INVESTMENT_PRODUCT_PRICE; MARKET_INDEX_VALUE; AGREEMENT_VALUATION
Finance & Peformance Management,Financial Planning & Controlling,Pricing Analysis & Optimisation,Cashflow Projections,Agreement,AGREEMENT_CASHFLOW; CASHFLOW_SCHEDULE; AGREEMENT_SUMMARY
Finance & Peformance Management,Financial Planning & Controlling,Pricing Analysis & Optimisation,Account Maturity Dates & Repricing Schedules,Agreement,AGREEMENT; AGREEMENT_TERM; AGREEMENT_REPRICING_SCHEDULE
Finance & Peformance Management,Financial Planning & Controlling,Pricing Analysis & Optimisation,Account Repayment Schedules,Agreement,AGREEMENT_REPAYMENT_SCHEDULE; LOAN_TERM_AGREEMENT
Finance & Peformance Management,Financial Planning & Controlling,Pricing Analysis & Optimisation,Amortisation Schedules,Agreement,AGREEMENT_AMORTIZATION_SCHEDULE; LOAN_TERM_AGREEMENT
Finance & Peformance Management,Financial Planning & Controlling,Pricing Analysis & Optimisation,Customer Illustrations,Agreement,DOCUMENT; PARTY_DOCUMENT
Finance & Peformance Management,Financial Planning & Controlling,Pricing Analysis & Optimisation,Customer Quotes,Agreement,APPLICATION; QUOTE; DOCUMENT
Finance & Peformance Management,Financial Planning & Controlling,Pricing Analysis & Optimisation,Collateral Agreements,Agreement,COLLATERAL_AGREEMENT; COLLATERAL; COLLATERAL_VALUATION; PARTY_ASSET
Finance & Peformance Management,Financial Planning & Controlling,Pricing Analysis & Optimisation,Risk Exposures,Agreement,AGREEMENT_RISK_METRIC; RISK_EXPOSURE; CREDIT_RISK_SUMMARY
Finance & Peformance Management,Financial Planning & Controlling,Pricing Analysis & Optimisation,Risk Weighted Assets & Capital Results,Agreement,AGREEMENT_RISK_METRIC; BANK_CAPITAL_SUMMARY; CAPITAL_REQUIREMENTS_SUMMARY
Finance & Peformance Management,Financial Planning & Controlling,Pricing Analysis & Optimisation,Profitability Results,Agreement,AGREEMENT_SUMMARY; AGREEMENT_PROFITABILITY; PRODUCT_PROFITABILITY
Finance & Peformance Management,Financial Planning & Controlling,Pricing Analysis & Optimisation,Account Limits,Cross Subject  -  Limits,AGREEMENT_LIMIT; LIMIT; PARTY_LIMIT
Finance & Peformance Management,Financial Planning & Controlling,Pricing Analysis & Optimisation,Predictive Models - propensity to buy,Party or Agreement,ANALYTICAL_MODEL; MODEL_RUN; MODEL_SCORE; PARTY_MODEL_SCORE
Finance & Peformance Management,Financial Planning & Controlling,Pricing Analysis & Optimisation,Predictive Models - attrition,Party or Agreement,ANALYTICAL_MODEL; MODEL_RUN; MODEL_SCORE; PARTY_MODEL_SCORE
Finance & Peformance Management,Financial Planning & Controlling,Pricing Analysis & Optimisation,Predictive Models - price elasticity,Party or Agreement,ANALYTICAL_MODEL; MODEL_RUN; MODEL_SCORE
Finance & Peformance Management,Financial Planning & Controlling,Pricing Analysis & Optimisation,Attribution Models - response,Party or Agreement,ANALYTICAL_MODEL; MODEL_RUN; CAMPAIGN_RESPONSE
Finance & Peformance Management,Financial Planning & Controlling,Pricing Analysis & Optimisation,Predictive Models - risk,Party or Agreement,ANALYTICAL_MODEL; MODEL_RUN; MODEL_SCORE; PARTY_LIABILITY_CREDIT_RATING
Finance & Peformance Management,Financial Planning & Controlling,Pricing Analysis & Optimisation,"Risk Segments, Cohorts & Groupings",Party or Agreement,PARTY_CLASSIFICATION; RISK_GRADE_VALUE; RISK_GRADE_SCHEME
Finance & Peformance Management,Financial Planning & Controlling,Pricing Analysis & Optimisation,"Provisions, Losses & Writeoffs",Party or Agreement,AGREEMENT_RISK_METRIC; PROVISION; WRITE_OFF; LOSS_EVENT
Finance & Peformance Management,Financial Planning & Controlling,Pricing Analysis & Optimisation,Financial Transactions,Event,MONETARY_TRANSACTION; TRANSACTION_TYPE; FINANCIAL_TRANSACTION; PAYMENT
Finance & Peformance Management,Financial Planning & Controlling,Pricing Analysis & Optimisation,"Account Fees, Commissions & Charges",Event,MONETARY_TRANSACTION; FEE_TRANSACTION; COMMISSION_TRANSACTION; AGREEMENT_FEE
Finance & Peformance Management,Financial Planning & Controlling,Pricing Analysis & Optimisation,Financial Interbank Payments,Event,PAYMENT; INTERBANK_PAYMENT; FINANCIAL_TRANSACTION
Finance & Peformance Management,Financial Planning & Controlling,Pricing Analysis & Optimisation,Non-Financial Transactions,Event,EVENT; NON_MONETARY_EVENT; DIRECT_CONTACT_EVENT
Finance & Peformance Management,Financial Planning & Controlling,Pricing Analysis & Optimisation,Service Usage,Event,CHANNEL_USAGE_METRIC; SERVICE_USAGE_EVENT; CHANNEL_INSTANCE
Finance & Peformance Management,Financial Planning & Controlling,Pricing Analysis & Optimisation,Complaint Data,Event,COMPLAINT; COMPLAINT_STATUS; COMPLAINT_RESOLUTION
Finance & Peformance Management,Financial Planning & Controlling,Pricing Analysis & Optimisation,Offline Customer Interactions - Branch,Event,DIRECT_CONTACT_EVENT; BRANCH_VISIT_EVENT; CHANNEL_INSTANCE
Finance & Peformance Management,Financial Planning & Controlling,Pricing Analysis & Optimisation,Offline Customer Interactions - Call Centre,Event,DIRECT_CONTACT_EVENT; CALL_EVENT; CHANNEL_INSTANCE
Finance & Peformance Management,Financial Planning & Controlling,Pricing Analysis & Optimisation,Offline Customer Interactions - letters,Event,DIRECT_CONTACT_EVENT; CORRESPONDENCE_EVENT; DOCUMENT
Finance & Peformance Management,Financial Planning & Controlling,Pricing Analysis & Optimisation,Offline Customer Interactions - sms text,Event,DIRECT_CONTACT_EVENT; SMS_EVENT; ELECTRONIC_ADDRESS
Finance & Peformance Management,Financial Planning & Controlling,Pricing Analysis & Optimisation,Online Interactions -  webchat (internal & external),Event,WEB_VISIT; WEB_PAGE_VIEW; ONLINE_INTERACTION_EVENT
Finance & Peformance Management,Financial Planning & Controlling,Pricing Analysis & Optimisation,Online Interactions colleague intranet,Event,WEB_VISIT; WEB_PAGE_VIEW
Finance & Peformance Management,Financial Planning & Controlling,Pricing Analysis & Optimisation,Online Interactions customer digital banking site (web log),Event,WEB_VISIT; WEB_PAGE_VIEW; EXTENDED_SESSION_INFORMATION; ONLINE_APPLICATION_ACCESS
Finance & Peformance Management,Financial Planning & Controlling,Pricing Analysis & Optimisation,Online Interactions customer general banking site,Event,WEB_VISIT; WEB_PAGE_VIEW; ONLINE_INTERACTION_EVENT
Finance & Peformance Management,Financial Planning & Controlling,Pricing Analysis & Optimisation,Online Interactions email - customer & employee,Event,DIRECT_CONTACT_EVENT; EMAIL_EVENT; ELECTRONIC_ADDRESS
Finance & Peformance Management,Financial Planning & Controlling,Pricing Analysis & Optimisation,Online Interactions mobile app,Event,WEB_VISIT; WEB_PAGE_VIEW; MOBILE_APP_EVENT; CHANNEL_INSTANCE
Finance & Peformance Management,Financial Planning & Controlling,Pricing Analysis & Optimisation,Online Interactions off-site - ad server,Event,AD; AD_PLACEMENT; AD_IMPRESSION; AD_CAMPAIGN_OBJECTIVE
Finance & Peformance Management,Financial Planning & Controlling,Pricing Analysis & Optimisation,Online Interactions prospect / unidentified customer (web log),Event,WEB_VISIT; WEB_PAGE_VIEW; VISITOR_INTERACTION_EVENT
Finance & Peformance Management,Financial Planning & Controlling,Pricing Analysis & Optimisation,"Case History (Fraud, Money Laundering, Complaint)",Event,CASE; CASE_EVENT; CASE_PARTY_ROLE; FRAUD_CASE
Finance & Peformance Management,Financial Planning & Controlling,Pricing Analysis & Optimisation,Claims,Event,CLAIM; CLAIM_STATUS; CLAIM_PARTY_ROLE; CLAIM_PAYMENT
Finance & Peformance Management,Financial Planning & Controlling,Pricing Analysis & Optimisation,Defaults & Limit Breaches,Event,AGREEMENT_STATUS; DEFAULT_EVENT; LIMIT_BREACH_EVENT; AGREEMENT_RISK_METRIC
Finance & Peformance Management,Financial Planning & Controlling,Pricing Analysis & Optimisation,Closed Loop Outcomes / Channel Responses,Event,CAMPAIGN_RESPONSE; CAMPAIGN_OFFER_RESPONSE; DIRECT_CONTACT_EVENT
Finance & Peformance Management,Financial Planning & Controlling,Pricing Analysis & Optimisation,Internal Process Activity Data,Event,EVENT; PROCESS_EVENT; OPERATIONAL_EVENT
Finance & Peformance Management,Financial Planning & Controlling,Pricing Analysis & Optimisation,Master & Reference Data - merchant / transaction,Event,MERCHANT; MERCHANT_CATEGORY; TRANSACTION_TYPE
Finance & Peformance Management,Financial Planning & Controlling,Pricing Analysis & Optimisation,Customer interview / fact find,Event or Cross Subject - Document,DOCUMENT; SURVEY; SURVEY_QUESTION_RESPONSE; PARTY_DOCUMENT
Finance & Peformance Management,Financial Planning & Controlling,Pricing Analysis & Optimisation,Master & Reference Data - organisation hierarchy,Internal Organisation,ORGANIZATION; INTERNAL_ORGANIZATION_UNIT; ORGANIZATION_UNIT_RELATIONSHIP; ORGANIZATION_BUSINESS_TYPE
Finance & Peformance Management,Financial Planning & Controlling,Pricing Analysis & Optimisation,Master & Reference Data - Campaign,Campaign,CAMPAIGN; CAMPAIGN_TYPE; CAMPAIGN_STATUS; CAMPAIGN_WAVE
Finance & Peformance Management,Financial Planning & Controlling,Pricing Analysis & Optimisation,Campaign Production Costs,Campaign,CAMPAIGN; CAMPAIGN_COST; CAMPAIGN_BUDGET
Finance & Peformance Management,Financial Planning & Controlling,Pricing Analysis & Optimisation,Campaign History Data,Campaign,CAMPAIGN; CAMPAIGN_RESPONSE; CAMPAIGN_OFFER_RESPONSE; CAMPAIGN_WAVE
Finance & Peformance Management,Financial Planning & Controlling,Pricing Analysis & Optimisation,Master & Reference Data - Channel,Channel,CHANNEL_TYPE; CHANNEL_INSTANCE; CHANNEL_CLASSIFICATION
Finance & Peformance Management,Financial Planning & Controlling,Pricing Analysis & Optimisation,Customer Research - Primary & Secondary,Cross Subject - Survey,SURVEY; SURVEY_QUESTION_RESPONSE; PARTY_SURVEY_RESPONSE
Finance & Peformance Management,Financial Planning & Controlling,"Financial Budgeting, Planning & Forecasting",Single Customer View (Master Record),Party,PARTY; INDIVIDUAL; ORGANIZATION; HOUSEHOLD; PARTY_RELATIONSHIP; PARTY_IDENTIFICATION
Finance & Peformance Management,Financial Planning & Controlling,"Financial Budgeting, Planning & Forecasting",Customer Demographics,Party,INDIVIDUAL; PARTY_DEMOGRAPHIC; PARTY_CLASSIFICATION; PARTY_PREFERENCE
Finance & Peformance Management,Financial Planning & Controlling,"Financial Budgeting, Planning & Forecasting",Customer Segments,Party,PARTY_CLASSIFICATION; PARTY_SEGMENT; PARTY_CLASSIFICATION_VALUE
Finance & Peformance Management,Financial Planning & Controlling,"Financial Budgeting, Planning & Forecasting",Economic Forecast Data,Party,ECONOMIC_INDEX; ECONOMIC_INDEX_VALUE; MARKET_INDEX
Finance & Peformance Management,Financial Planning & Controlling,"Financial Budgeting, Planning & Forecasting","External Economic Data (E.g. Property Prices, Salary)",Party,ECONOMIC_INDEX; ECONOMIC_INDEX_VALUE; MARKET_INDEX; MARKET_INDEX_VALUE
Finance & Peformance Management,Financial Planning & Controlling,"Financial Budgeting, Planning & Forecasting",Master & Reference Data - staff / colleague,Party,INDIVIDUAL; ASSOCIATE; ASSOCIATE_ASSIGNMENT; INTERNAL_ORGANIZATION_UNIT
Finance & Peformance Management,Financial Planning & Controlling,"Financial Budgeting, Planning & Forecasting","Sales and Performance Forecasts, Targets & KPIs",Party,PERFORMANCE_METRIC; PERFORMANCE_TARGET; ORGANIZATION_PERFORMANCE
Finance & Peformance Management,Financial Planning & Controlling,"Financial Budgeting, Planning & Forecasting",HR Performance Data,Party,ASSOCIATE; ASSOCIATE_PERFORMANCE_REVIEW; ASSOCIATE_ASSIGNMENT
Finance & Peformance Management,Financial Planning & Controlling,"Financial Budgeting, Planning & Forecasting",Master & Reference Data - geography / location,Location,GEOGRAPHICAL_AREA; GEOGRAPHICAL_UNIT; SITE; POSTAL_ADDRESS
Finance & Peformance Management,Financial Planning & Controlling,"Financial Budgeting, Planning & Forecasting",Master & Reference Data - product,Product,Not mapped
Finance & Peformance Management,Financial Planning & Controlling,"Financial Budgeting, Planning & Forecasting",Master & Reference Data - FTP rates,Product,INTEREST_RATE; INTEREST_RATE_INDEX; PRODUCT_INTEREST_RATE
Finance & Peformance Management,Financial Planning & Controlling,"Financial Budgeting, Planning & Forecasting",Master & Reference Data - exchange rates,Product,CURRENCY; CURRENCY_EXCHANGE_RATE; CURRENCY_PAIR
Finance & Peformance Management,Financial Planning & Controlling,"Financial Budgeting, Planning & Forecasting","Product Revenue, Cost & Margin",Product,PRODUCT; PRODUCT_PRICING; PRODUCT_COST; AGREEMENT_SUMMARY
Finance & Peformance Management,Financial Planning & Controlling,"Financial Budgeting, Planning & Forecasting",Product NPV's,Product,PRODUCT; PRODUCT_VALUATION; AGREEMENT_SUMMARY
Finance & Peformance Management,Financial Planning & Controlling,"Financial Budgeting, Planning & Forecasting",External Data - market interest rates,Product,INTEREST_RATE_INDEX; INTEREST_RATE; MARKET_INDEX; MARKET_INDEX_VALUE
Finance & Peformance Management,Financial Planning & Controlling,"Financial Budgeting, Planning & Forecasting","External Data - market prices (E.g. equities, bonds, commodities)",Product,MARKET_INDEX; MARKET_INDEX_VALUE; INVESTMENT_PRODUCT; INVESTMENT_PRODUCT_PRICE
Finance & Peformance Management,Financial Planning & Controlling,"Financial Budgeting, Planning & Forecasting",External Data - Competitor Product & Pricing,Party & Product,PRODUCT; MARKET_INDEX
Finance & Peformance Management,Financial Planning & Controlling,"Financial Budgeting, Planning & Forecasting",Account / Policy / Service Holdings,Agreement,AGREEMENT; PARTY_AGREEMENT_ROLE; AGREEMENT_PARTY_ROLE; AGREEMENT_RELATIONSHIP
Finance & Peformance Management,Financial Planning & Controlling,"Financial Budgeting, Planning & Forecasting",Account / Policy / Service Detail,Agreement,AGREEMENT; LOAN_TERM_AGREEMENT; DEPOSIT_AGREEMENT; INSURANCE_AGREEMENT; CREDIT_CARD_AGREEMENT
Finance & Peformance Management,Financial Planning & Controlling,"Financial Budgeting, Planning & Forecasting",Account Status (open closed active / domant /inactive / closure reason ),Agreement,AGREEMENT; AGREEMENT_STATUS; AGREEMENT_STATUS_HISTORY
Finance & Peformance Management,Financial Planning & Controlling,"Financial Budgeting, Planning & Forecasting",Account Terms & Conditions,Agreement,AGREEMENT; AGREEMENT_CONDITION; AGREEMENT_TERM
Finance & Peformance Management,Financial Planning & Controlling,"Financial Budgeting, Planning & Forecasting",Account Feature Usage,Agreement,AGREEMENT_FEATURE; FEATURE; DESCRIPTIVE_FEATURE
Finance & Peformance Management,Financial Planning & Controlling,"Financial Budgeting, Planning & Forecasting","Application Data (New Customer, New Product)",Agreement,APPLICATION; APPLICATION_STATUS; APPLICATION_PARTY_ROLE
Finance & Peformance Management,Financial Planning & Controlling,"Financial Budgeting, Planning & Forecasting",Coverage (insurance),Agreement,INSURANCE_COVERAGE; INSURANCE_AGREEMENT; COVERAGE_TYPE
Finance & Peformance Management,Financial Planning & Controlling,"Financial Budgeting, Planning & Forecasting",Account Balances,Agreement,AGREEMENT_SUMMARY; BALANCE_SUMMARY; AGREEMENT_BALANCE
Finance & Peformance Management,Financial Planning & Controlling,"Financial Budgeting, Planning & Forecasting",Investment Value,Agreement,INVESTMENT_ACCOUNT; INVESTMENT_HOLDING; INVESTMENT_PRODUCT_PRICE
Finance & Peformance Management,Financial Planning & Controlling,"Financial Budgeting, Planning & Forecasting",Market / Trading Book Positions,Agreement,TRADE_ORDER; TRADE_EXECUTION; TRADING_POSITION
Finance & Peformance Management,Financial Planning & Controlling,"Financial Budgeting, Planning & Forecasting",Mark to market valuations,Agreement,INVESTMENT_PRODUCT_PRICE; MARKET_INDEX_VALUE; AGREEMENT_VALUATION
Finance & Peformance Management,Financial Planning & Controlling,"Financial Budgeting, Planning & Forecasting",Cashflow Projections,Agreement,AGREEMENT_CASHFLOW; CASHFLOW_SCHEDULE; AGREEMENT_SUMMARY
Finance & Peformance Management,Financial Planning & Controlling,"Financial Budgeting, Planning & Forecasting",Account Maturity Dates & Repricing Schedules,Agreement,AGREEMENT; AGREEMENT_TERM; AGREEMENT_REPRICING_SCHEDULE
Finance & Peformance Management,Financial Planning & Controlling,"Financial Budgeting, Planning & Forecasting",Account Repayment Schedules,Agreement,AGREEMENT_REPAYMENT_SCHEDULE; LOAN_TERM_AGREEMENT
Finance & Peformance Management,Financial Planning & Controlling,"Financial Budgeting, Planning & Forecasting",Amortisation Schedules,Agreement,AGREEMENT_AMORTIZATION_SCHEDULE; LOAN_TERM_AGREEMENT
Finance & Peformance Management,Financial Planning & Controlling,"Financial Budgeting, Planning & Forecasting",Customer Illustrations,Agreement,DOCUMENT; PARTY_DOCUMENT
Finance & Peformance Management,Financial Planning & Controlling,"Financial Budgeting, Planning & Forecasting",Customer Quotes,Agreement,APPLICATION; QUOTE; DOCUMENT
Finance & Peformance Management,Financial Planning & Controlling,"Financial Budgeting, Planning & Forecasting",Collateral Agreements,Agreement,COLLATERAL_AGREEMENT; COLLATERAL; COLLATERAL_VALUATION; PARTY_ASSET
Finance & Peformance Management,Financial Planning & Controlling,"Financial Budgeting, Planning & Forecasting",Risk Exposures,Agreement,AGREEMENT_RISK_METRIC; RISK_EXPOSURE; CREDIT_RISK_SUMMARY
Finance & Peformance Management,Financial Planning & Controlling,"Financial Budgeting, Planning & Forecasting",Risk Weighted Assets & Capital Results,Agreement,AGREEMENT_RISK_METRIC; BANK_CAPITAL_SUMMARY; CAPITAL_REQUIREMENTS_SUMMARY
Finance & Peformance Management,Financial Planning & Controlling,"Financial Budgeting, Planning & Forecasting",Profitability Results,Agreement,AGREEMENT_SUMMARY; AGREEMENT_PROFITABILITY; PRODUCT_PROFITABILITY
Finance & Peformance Management,Financial Planning & Controlling,"Financial Budgeting, Planning & Forecasting",Account Limits,Cross Subject  -  Limits,AGREEMENT_LIMIT; LIMIT; PARTY_LIMIT
Finance & Peformance Management,Financial Planning & Controlling,"Financial Budgeting, Planning & Forecasting",Predictive Models - propensity to buy,Party or Agreement,ANALYTICAL_MODEL; MODEL_RUN; MODEL_SCORE; PARTY_MODEL_SCORE
Finance & Peformance Management,Financial Planning & Controlling,"Financial Budgeting, Planning & Forecasting",Predictive Models - attrition,Party or Agreement,ANALYTICAL_MODEL; MODEL_RUN; MODEL_SCORE; PARTY_MODEL_SCORE
Finance & Peformance Management,Financial Planning & Controlling,"Financial Budgeting, Planning & Forecasting",Predictive Models - price elasticity,Party or Agreement,ANALYTICAL_MODEL; MODEL_RUN; MODEL_SCORE
Finance & Peformance Management,Financial Planning & Controlling,"Financial Budgeting, Planning & Forecasting",Attribution Models - response,Party or Agreement,ANALYTICAL_MODEL; MODEL_RUN; CAMPAIGN_RESPONSE
Finance & Peformance Management,Financial Planning & Controlling,"Financial Budgeting, Planning & Forecasting",Predictive Models - risk,Party or Agreement,ANALYTICAL_MODEL; MODEL_RUN; MODEL_SCORE; PARTY_LIABILITY_CREDIT_RATING
Finance & Peformance Management,Financial Planning & Controlling,"Financial Budgeting, Planning & Forecasting","Risk Segments, Cohorts & Groupings",Party or Agreement,PARTY_CLASSIFICATION; RISK_GRADE_VALUE; RISK_GRADE_SCHEME
Finance & Peformance Management,Financial Planning & Controlling,"Financial Budgeting, Planning & Forecasting","Provisions, Losses & Writeoffs",Party or Agreement,AGREEMENT_RISK_METRIC; PROVISION; WRITE_OFF; LOSS_EVENT
Finance & Peformance Management,Financial Planning & Controlling,"Financial Budgeting, Planning & Forecasting",Financial Transactions,Event,MONETARY_TRANSACTION; TRANSACTION_TYPE; FINANCIAL_TRANSACTION; PAYMENT
Finance & Peformance Management,Financial Planning & Controlling,"Financial Budgeting, Planning & Forecasting","Account Fees, Commissions & Charges",Event,MONETARY_TRANSACTION; FEE_TRANSACTION; COMMISSION_TRANSACTION; AGREEMENT_FEE
Finance & Peformance Management,Financial Planning & Controlling,"Financial Budgeting, Planning & Forecasting",Financial Interbank Payments,Event,PAYMENT; INTERBANK_PAYMENT; FINANCIAL_TRANSACTION
Finance & Peformance Management,Financial Planning & Controlling,"Financial Budgeting, Planning & Forecasting",Non-Financial Transactions,Event,EVENT; NON_MONETARY_EVENT; DIRECT_CONTACT_EVENT
Finance & Peformance Management,Financial Planning & Controlling,"Financial Budgeting, Planning & Forecasting",Service Usage,Event,CHANNEL_USAGE_METRIC; SERVICE_USAGE_EVENT; CHANNEL_INSTANCE
Finance & Peformance Management,Financial Planning & Controlling,"Financial Budgeting, Planning & Forecasting",Complaint Data,Event,COMPLAINT; COMPLAINT_STATUS; COMPLAINT_RESOLUTION
Finance & Peformance Management,Financial Planning & Controlling,"Financial Budgeting, Planning & Forecasting",Offline Customer Interactions - Branch,Event,DIRECT_CONTACT_EVENT; BRANCH_VISIT_EVENT; CHANNEL_INSTANCE
Finance & Peformance Management,Financial Planning & Controlling,"Financial Budgeting, Planning & Forecasting",Offline Customer Interactions - Call Centre,Event,DIRECT_CONTACT_EVENT; CALL_EVENT; CHANNEL_INSTANCE
Finance & Peformance Management,Financial Planning & Controlling,"Financial Budgeting, Planning & Forecasting",Offline Customer Interactions - letters,Event,DIRECT_CONTACT_EVENT; CORRESPONDENCE_EVENT; DOCUMENT
Finance & Peformance Management,Financial Planning & Controlling,"Financial Budgeting, Planning & Forecasting",Offline Customer Interactions - sms text,Event,DIRECT_CONTACT_EVENT; SMS_EVENT; ELECTRONIC_ADDRESS
Finance & Peformance Management,Financial Planning & Controlling,"Financial Budgeting, Planning & Forecasting",Online Interactions -  webchat (internal & external),Event,WEB_VISIT; WEB_PAGE_VIEW; ONLINE_INTERACTION_EVENT
Finance & Peformance Management,Financial Planning & Controlling,"Financial Budgeting, Planning & Forecasting",Online Interactions colleague intranet,Event,WEB_VISIT; WEB_PAGE_VIEW
Finance & Peformance Management,Financial Planning & Controlling,"Financial Budgeting, Planning & Forecasting",Online Interactions customer digital banking site (web log),Event,WEB_VISIT; WEB_PAGE_VIEW; EXTENDED_SESSION_INFORMATION; ONLINE_APPLICATION_ACCESS
Finance & Peformance Management,Financial Planning & Controlling,"Financial Budgeting, Planning & Forecasting",Online Interactions customer general banking site,Event,WEB_VISIT; WEB_PAGE_VIEW; ONLINE_INTERACTION_EVENT
Finance & Peformance Management,Financial Planning & Controlling,"Financial Budgeting, Planning & Forecasting",Online Interactions email - customer & employee,Event,DIRECT_CONTACT_EVENT; EMAIL_EVENT; ELECTRONIC_ADDRESS
Finance & Peformance Management,Financial Planning & Controlling,"Financial Budgeting, Planning & Forecasting",Online Interactions mobile app,Event,WEB_VISIT; WEB_PAGE_VIEW; MOBILE_APP_EVENT; CHANNEL_INSTANCE
Finance & Peformance Management,Financial Planning & Controlling,"Financial Budgeting, Planning & Forecasting",Online Interactions off-site - ad server,Event,AD; AD_PLACEMENT; AD_IMPRESSION; AD_CAMPAIGN_OBJECTIVE
Finance & Peformance Management,Financial Planning & Controlling,"Financial Budgeting, Planning & Forecasting",Online Interactions prospect / unidentified customer (web log),Event,WEB_VISIT; WEB_PAGE_VIEW; VISITOR_INTERACTION_EVENT
Finance & Peformance Management,Financial Planning & Controlling,"Financial Budgeting, Planning & Forecasting","Case History (Fraud, Money Laundering, Complaint)",Event,CASE; CASE_EVENT; CASE_PARTY_ROLE; FRAUD_CASE
Finance & Peformance Management,Financial Planning & Controlling,"Financial Budgeting, Planning & Forecasting",Claims,Event,CLAIM; CLAIM_STATUS; CLAIM_PARTY_ROLE; CLAIM_PAYMENT
Finance & Peformance Management,Financial Planning & Controlling,"Financial Budgeting, Planning & Forecasting",Defaults & Limit Breaches,Event,AGREEMENT_STATUS; DEFAULT_EVENT; LIMIT_BREACH_EVENT; AGREEMENT_RISK_METRIC
Finance & Peformance Management,Financial Planning & Controlling,"Financial Budgeting, Planning & Forecasting",Closed Loop Outcomes / Channel Responses,Event,CAMPAIGN_RESPONSE; CAMPAIGN_OFFER_RESPONSE; DIRECT_CONTACT_EVENT
Finance & Peformance Management,Financial Planning & Controlling,"Financial Budgeting, Planning & Forecasting",Internal Process Activity Data,Event,EVENT; PROCESS_EVENT; OPERATIONAL_EVENT
Finance & Peformance Management,Financial Planning & Controlling,"Financial Budgeting, Planning & Forecasting",Master & Reference Data - merchant / transaction,Event,MERCHANT; MERCHANT_CATEGORY; TRANSACTION_TYPE
Finance & Peformance Management,Financial Planning & Controlling,"Financial Budgeting, Planning & Forecasting",Master & Reference Data - organisation hierarchy,Internal Organisation,ORGANIZATION; INTERNAL_ORGANIZATION_UNIT; ORGANIZATION_UNIT_RELATIONSHIP; ORGANIZATION_BUSINESS_TYPE
Finance & Peformance Management,Financial Planning & Controlling,"Financial Budgeting, Planning & Forecasting","Operational metrics (E.g. Wait times, queue length)",Internal Organisation,CHANNEL_USAGE_METRIC; OPERATIONAL_EVENT; SERVICE_LEVEL_METRIC
Finance & Peformance Management,Financial Planning & Controlling,"Financial Budgeting, Planning & Forecasting",Master & Reference Data - Campaign,Campaign,CAMPAIGN; CAMPAIGN_TYPE; CAMPAIGN_STATUS; CAMPAIGN_WAVE
Finance & Peformance Management,Financial Planning & Controlling,"Financial Budgeting, Planning & Forecasting",Campaign Production Costs,Campaign,CAMPAIGN; CAMPAIGN_COST; CAMPAIGN_BUDGET
Finance & Peformance Management,Financial Planning & Controlling,"Financial Budgeting, Planning & Forecasting",Campaign History Data,Campaign,CAMPAIGN; CAMPAIGN_RESPONSE; CAMPAIGN_OFFER_RESPONSE; CAMPAIGN_WAVE
Finance & Peformance Management,Financial Planning & Controlling,"Financial Budgeting, Planning & Forecasting",Master & Reference Data - Channel,Channel,CHANNEL_TYPE; CHANNEL_INSTANCE; CHANNEL_CLASSIFICATION
Finance & Peformance Management,Financial Planning & Controlling,"Financial Budgeting, Planning & Forecasting",Finance Systems - General Ledger,Finance,Not mapped
Finance & Peformance Management,Financial Planning & Controlling,"Financial Budgeting, Planning & Forecasting",Finance Systems - ERP,Finance,GL_ACCOUNT; GL_MAIN_ACCOUNT; VENDOR; VENDOR_INVOICE
Finance & Peformance Management,Financial Planning & Controlling,"Financial Budgeting, Planning & Forecasting","Finance Systems - Budgets, Plans & Forecasts",Finance,GL_ACCOUNT; BUDGET; FORECAST; FINANCIAL_PLAN
Finance & Peformance Management,Financial Planning & Controlling,"Financial Budgeting, Planning & Forecasting",Risk Scenario & Stress Testing Results,Analytical Model,RISK_CALCULATION_SCENARIO; RISK_SCENARIO_RESULT; STRESS_TEST_RESULT
Finance & Peformance Management,Financial Planning & Controlling,"GL, AP, HR, Expense Analytics & Optimisation",Profitability Results,Agreement,AGREEMENT_SUMMARY; AGREEMENT_PROFITABILITY; PRODUCT_PROFITABILITY
Finance & Peformance Management,Financial Planning & Controlling,"GL, AP, HR, Expense Analytics & Optimisation",Financial Transactions,Event,MONETARY_TRANSACTION; TRANSACTION_TYPE; FINANCIAL_TRANSACTION; PAYMENT
Finance & Peformance Management,Financial Planning & Controlling,"GL, AP, HR, Expense Analytics & Optimisation",Master & Reference Data - organisation hierarchy,Internal Organisation,ORGANIZATION; INTERNAL_ORGANIZATION_UNIT; ORGANIZATION_UNIT_RELATIONSHIP; ORGANIZATION_BUSINESS_TYPE
Finance & Peformance Management,Financial Planning & Controlling,"GL, AP, HR, Expense Analytics & Optimisation",Finance Systems - General Ledger,Finance,Not mapped
Finance & Peformance Management,Financial Planning & Controlling,"GL, AP, HR, Expense Analytics & Optimisation",Finance Systems - ERP,Finance,GL_ACCOUNT; GL_MAIN_ACCOUNT; VENDOR; VENDOR_INVOICE
Finance & Peformance Management,Financial Planning & Controlling,"GL, AP, HR, Expense Analytics & Optimisation","Finance Systems - Budgets, Plans & Forecasts",Finance,GL_ACCOUNT; BUDGET; FORECAST; FINANCIAL_PLAN
Finance & Peformance Management,Financial Planning & Controlling,Business Process Analytics & Optimisation,Single Customer View (Master Record),Party,PARTY; INDIVIDUAL; ORGANIZATION; HOUSEHOLD; PARTY_RELATIONSHIP; PARTY_IDENTIFICATION
Finance & Peformance Management,Financial Planning & Controlling,Business Process Analytics & Optimisation,Customer Demographics,Party,INDIVIDUAL; PARTY_DEMOGRAPHIC; PARTY_CLASSIFICATION; PARTY_PREFERENCE
Finance & Peformance Management,Financial Planning & Controlling,Business Process Analytics & Optimisation,Customer Segments,Party,PARTY_CLASSIFICATION; PARTY_SEGMENT; PARTY_CLASSIFICATION_VALUE
Finance & Peformance Management,Financial Planning & Controlling,Business Process Analytics & Optimisation,Master & Reference Data - staff / colleague,Party,INDIVIDUAL; ASSOCIATE; ASSOCIATE_ASSIGNMENT; INTERNAL_ORGANIZATION_UNIT
Finance & Peformance Management,Financial Planning & Controlling,Business Process Analytics & Optimisation,Master & Reference Data - geography / location,Location,GEOGRAPHICAL_AREA; GEOGRAPHICAL_UNIT; SITE; POSTAL_ADDRESS
Finance & Peformance Management,Financial Planning & Controlling,Business Process Analytics & Optimisation,Master & Reference Data - product,Product,Not mapped
Finance & Peformance Management,Financial Planning & Controlling,Business Process Analytics & Optimisation,Account / Policy / Service Holdings,Agreement,AGREEMENT; PARTY_AGREEMENT_ROLE; AGREEMENT_PARTY_ROLE; AGREEMENT_RELATIONSHIP
Finance & Peformance Management,Financial Planning & Controlling,Business Process Analytics & Optimisation,Account / Policy / Service Detail,Agreement,AGREEMENT; LOAN_TERM_AGREEMENT; DEPOSIT_AGREEMENT; INSURANCE_AGREEMENT; CREDIT_CARD_AGREEMENT
Finance & Peformance Management,Financial Planning & Controlling,Business Process Analytics & Optimisation,Account Status (open closed active / domant /inactive / closure reason ),Agreement,AGREEMENT; AGREEMENT_STATUS; AGREEMENT_STATUS_HISTORY
Finance & Peformance Management,Financial Planning & Controlling,Business Process Analytics & Optimisation,"Application Data (New Customer, New Product)",Agreement,APPLICATION; APPLICATION_STATUS; APPLICATION_PARTY_ROLE
Finance & Peformance Management,Financial Planning & Controlling,Business Process Analytics & Optimisation,Customer Illustrations,Agreement,DOCUMENT; PARTY_DOCUMENT
Finance & Peformance Management,Financial Planning & Controlling,Business Process Analytics & Optimisation,Customer Quotes,Agreement,APPLICATION; QUOTE; DOCUMENT
Finance & Peformance Management,Financial Planning & Controlling,Business Process Analytics & Optimisation,Profitability Results,Agreement,AGREEMENT_SUMMARY; AGREEMENT_PROFITABILITY; PRODUCT_PROFITABILITY
Finance & Peformance Management,Financial Planning & Controlling,Business Process Analytics & Optimisation,Financial Transactions,Event,MONETARY_TRANSACTION; TRANSACTION_TYPE; FINANCIAL_TRANSACTION; PAYMENT
Finance & Peformance Management,Financial Planning & Controlling,Business Process Analytics & Optimisation,"Account Fees, Commissions & Charges",Event,MONETARY_TRANSACTION; FEE_TRANSACTION; COMMISSION_TRANSACTION; AGREEMENT_FEE
Finance & Peformance Management,Financial Planning & Controlling,Business Process Analytics & Optimisation,Financial Interbank Payments,Event,PAYMENT; INTERBANK_PAYMENT; FINANCIAL_TRANSACTION
Finance & Peformance Management,Financial Planning & Controlling,Business Process Analytics & Optimisation,Non-Financial Transactions,Event,EVENT; NON_MONETARY_EVENT; DIRECT_CONTACT_EVENT
Finance & Peformance Management,Financial Planning & Controlling,Business Process Analytics & Optimisation,Service Usage,Event,CHANNEL_USAGE_METRIC; SERVICE_USAGE_EVENT; CHANNEL_INSTANCE
Finance & Peformance Management,Financial Planning & Controlling,Business Process Analytics & Optimisation,Complaint Data,Event,COMPLAINT; COMPLAINT_STATUS; COMPLAINT_RESOLUTION
Finance & Peformance Management,Financial Planning & Controlling,Business Process Analytics & Optimisation,Offline Customer Interactions - Branch,Event,DIRECT_CONTACT_EVENT; BRANCH_VISIT_EVENT; CHANNEL_INSTANCE
Finance & Peformance Management,Financial Planning & Controlling,Business Process Analytics & Optimisation,Offline Customer Interactions - Call Centre,Event,DIRECT_CONTACT_EVENT; CALL_EVENT; CHANNEL_INSTANCE
Finance & Peformance Management,Financial Planning & Controlling,Business Process Analytics & Optimisation,Offline Customer Interactions - letters,Event,DIRECT_CONTACT_EVENT; CORRESPONDENCE_EVENT; DOCUMENT
Finance & Peformance Management,Financial Planning & Controlling,Business Process Analytics & Optimisation,Offline Customer Interactions - sms text,Event,DIRECT_CONTACT_EVENT; SMS_EVENT; ELECTRONIC_ADDRESS
Finance & Peformance Management,Financial Planning & Controlling,Business Process Analytics & Optimisation,Online Interactions -  webchat (internal & external),Event,WEB_VISIT; WEB_PAGE_VIEW; ONLINE_INTERACTION_EVENT
Finance & Peformance Management,Financial Planning & Controlling,Business Process Analytics & Optimisation,Online Interactions colleague intranet,Event,WEB_VISIT; WEB_PAGE_VIEW
Finance & Peformance Management,Financial Planning & Controlling,Business Process Analytics & Optimisation,Online Interactions customer digital banking site (web log),Event,WEB_VISIT; WEB_PAGE_VIEW; EXTENDED_SESSION_INFORMATION; ONLINE_APPLICATION_ACCESS
Finance & Peformance Management,Financial Planning & Controlling,Business Process Analytics & Optimisation,Online Interactions customer general banking site,Event,WEB_VISIT; WEB_PAGE_VIEW; ONLINE_INTERACTION_EVENT
Finance & Peformance Management,Financial Planning & Controlling,Business Process Analytics & Optimisation,Online Interactions email - customer & employee,Event,DIRECT_CONTACT_EVENT; EMAIL_EVENT; ELECTRONIC_ADDRESS
Finance & Peformance Management,Financial Planning & Controlling,Business Process Analytics & Optimisation,Online Interactions mobile app,Event,WEB_VISIT; WEB_PAGE_VIEW; MOBILE_APP_EVENT; CHANNEL_INSTANCE
Finance & Peformance Management,Financial Planning & Controlling,Business Process Analytics & Optimisation,Online Interactions off-site - ad server,Event,AD; AD_PLACEMENT; AD_IMPRESSION; AD_CAMPAIGN_OBJECTIVE
Finance & Peformance Management,Financial Planning & Controlling,Business Process Analytics & Optimisation,Online Interactions prospect / unidentified customer (web log),Event,WEB_VISIT; WEB_PAGE_VIEW; VISITOR_INTERACTION_EVENT
Finance & Peformance Management,Financial Planning & Controlling,Business Process Analytics & Optimisation,"Case History (Fraud, Money Laundering, Complaint)",Event,CASE; CASE_EVENT; CASE_PARTY_ROLE; FRAUD_CASE
Finance & Peformance Management,Financial Planning & Controlling,Business Process Analytics & Optimisation,Claims,Event,CLAIM; CLAIM_STATUS; CLAIM_PARTY_ROLE; CLAIM_PAYMENT
Finance & Peformance Management,Financial Planning & Controlling,Business Process Analytics & Optimisation,Defaults & Limit Breaches,Event,AGREEMENT_STATUS; DEFAULT_EVENT; LIMIT_BREACH_EVENT; AGREEMENT_RISK_METRIC
Finance & Peformance Management,Financial Planning & Controlling,Business Process Analytics & Optimisation,Closed Loop Outcomes / Channel Responses,Event,CAMPAIGN_RESPONSE; CAMPAIGN_OFFER_RESPONSE; DIRECT_CONTACT_EVENT
Finance & Peformance Management,Financial Planning & Controlling,Business Process Analytics & Optimisation,Internal Process Activity Data,Event,EVENT; PROCESS_EVENT; OPERATIONAL_EVENT
Finance & Peformance Management,Financial Planning & Controlling,Business Process Analytics & Optimisation,Master & Reference Data - merchant / transaction,Event,MERCHANT; MERCHANT_CATEGORY; TRANSACTION_TYPE
Finance & Peformance Management,Financial Planning & Controlling,Business Process Analytics & Optimisation,Customer interview / fact find,Event or Cross Subject - Document,DOCUMENT; SURVEY; SURVEY_QUESTION_RESPONSE; PARTY_DOCUMENT
Finance & Peformance Management,Financial Planning & Controlling,Business Process Analytics & Optimisation,Master & Reference Data - organisation hierarchy,Internal Organisation,ORGANIZATION; INTERNAL_ORGANIZATION_UNIT; ORGANIZATION_UNIT_RELATIONSHIP; ORGANIZATION_BUSINESS_TYPE
Finance & Peformance Management,Financial Planning & Controlling,Business Process Analytics & Optimisation,"Operational metrics (E.g. Wait times, queue length)",Internal Organisation,CHANNEL_USAGE_METRIC; OPERATIONAL_EVENT; SERVICE_LEVEL_METRIC
Finance & Peformance Management,Financial Planning & Controlling,Business Process Analytics & Optimisation,Master & Reference Data - Campaign,Campaign,CAMPAIGN; CAMPAIGN_TYPE; CAMPAIGN_STATUS; CAMPAIGN_WAVE
Finance & Peformance Management,Financial Planning & Controlling,Business Process Analytics & Optimisation,Campaign Production Costs,Campaign,CAMPAIGN; CAMPAIGN_COST; CAMPAIGN_BUDGET
Finance & Peformance Management,Financial Planning & Controlling,Business Process Analytics & Optimisation,Campaign History Data,Campaign,CAMPAIGN; CAMPAIGN_RESPONSE; CAMPAIGN_OFFER_RESPONSE; CAMPAIGN_WAVE
Finance & Peformance Management,Financial Planning & Controlling,Business Process Analytics & Optimisation,Master & Reference Data - Channel,Channel,CHANNEL_TYPE; CHANNEL_INSTANCE; CHANNEL_CLASSIFICATION
Finance & Peformance Management,Financial Planning & Controlling,Business Process Analytics & Optimisation,Customer Research - Primary & Secondary,Cross Subject - Survey,SURVEY; SURVEY_QUESTION_RESPONSE; PARTY_SURVEY_RESPONSE
Finance & Peformance Management,Financial Planning & Controlling,Business Process Analytics & Optimisation,Business Process Definition,Not Covered,EVENT; PROCESS_EVENT
Finance & Peformance Management,Financial Planning & Controlling,Business Process Analytics & Optimisation,"System Log Files (E.g. Firewall, Webserver)",Not Covered,WEB_VISIT; SYSTEM_EVENT
Finance & Peformance Management,Treasury Mgmt & Insight,Funds Transfer Pricing,Customer Demographics,Party,INDIVIDUAL; PARTY_DEMOGRAPHIC; PARTY_CLASSIFICATION; PARTY_PREFERENCE
Finance & Peformance Management,Treasury Mgmt & Insight,Funds Transfer Pricing,Customer Segments,Party,PARTY_CLASSIFICATION; PARTY_SEGMENT; PARTY_CLASSIFICATION_VALUE
Finance & Peformance Management,Treasury Mgmt & Insight,Funds Transfer Pricing,Master & Reference Data - geography / location,Location,GEOGRAPHICAL_AREA; GEOGRAPHICAL_UNIT; SITE; POSTAL_ADDRESS
Finance & Peformance Management,Treasury Mgmt & Insight,Funds Transfer Pricing,Master & Reference Data - product,Product,Not mapped
Finance & Peformance Management,Treasury Mgmt & Insight,Funds Transfer Pricing,External Data - market interest rates,Product,INTEREST_RATE_INDEX; INTEREST_RATE; MARKET_INDEX; MARKET_INDEX_VALUE
Finance & Peformance Management,Treasury Mgmt & Insight,Funds Transfer Pricing,Account / Policy / Service Holdings,Agreement,AGREEMENT; PARTY_AGREEMENT_ROLE; AGREEMENT_PARTY_ROLE; AGREEMENT_RELATIONSHIP
Finance & Peformance Management,Treasury Mgmt & Insight,Funds Transfer Pricing,Account / Policy / Service Detail,Agreement,AGREEMENT; LOAN_TERM_AGREEMENT; DEPOSIT_AGREEMENT; INSURANCE_AGREEMENT; CREDIT_CARD_AGREEMENT
Finance & Peformance Management,Treasury Mgmt & Insight,Funds Transfer Pricing,Account Status (open closed active / domant /inactive / closure reason ),Agreement,AGREEMENT; AGREEMENT_STATUS; AGREEMENT_STATUS_HISTORY
Finance & Peformance Management,Treasury Mgmt & Insight,Funds Transfer Pricing,Account Balances,Agreement,AGREEMENT_SUMMARY; BALANCE_SUMMARY; AGREEMENT_BALANCE
Finance & Peformance Management,Treasury Mgmt & Insight,Funds Transfer Pricing,Account Maturity Dates & Repricing Schedules,Agreement,AGREEMENT; AGREEMENT_TERM; AGREEMENT_REPRICING_SCHEDULE
Finance & Peformance Management,Treasury Mgmt & Insight,Funds Transfer Pricing,Account Repayment Schedules,Agreement,AGREEMENT_REPAYMENT_SCHEDULE; LOAN_TERM_AGREEMENT
Finance & Peformance Management,Treasury Mgmt & Insight,Funds Transfer Pricing,Master & Reference Data - organisation hierarchy,Internal Organisation,ORGANIZATION; INTERNAL_ORGANIZATION_UNIT; ORGANIZATION_UNIT_RELATIONSHIP; ORGANIZATION_BUSINESS_TYPE
Finance & Peformance Management,Treasury Mgmt & Insight,Funds Transfer Pricing,Finance Systems - General Ledger,Finance,Not mapped
Finance & Peformance Management,Treasury Mgmt & Insight,Funds Transfer Pricing,Finance Systems - ERP,Finance,GL_ACCOUNT; GL_MAIN_ACCOUNT; VENDOR; VENDOR_INVOICE
Finance & Peformance Management,Treasury Mgmt & Insight,Asset & Liability Management,Customer Demographics,Party,INDIVIDUAL; PARTY_DEMOGRAPHIC; PARTY_CLASSIFICATION; PARTY_PREFERENCE
Finance & Peformance Management,Treasury Mgmt & Insight,Asset & Liability Management,Customer Segments,Party,PARTY_CLASSIFICATION; PARTY_SEGMENT; PARTY_CLASSIFICATION_VALUE
Finance & Peformance Management,Treasury Mgmt & Insight,Asset & Liability Management,Legal Actions,Party,PARTY_LEGAL_ACTION; LEGAL_ACTION; PARTY_LITIGATION
Finance & Peformance Management,Treasury Mgmt & Insight,Asset & Liability Management,Master & Reference Data - geography / location,Location,GEOGRAPHICAL_AREA; GEOGRAPHICAL_UNIT; SITE; POSTAL_ADDRESS
Finance & Peformance Management,Treasury Mgmt & Insight,Asset & Liability Management,Master & Reference Data - product,Product,Not mapped
Finance & Peformance Management,Treasury Mgmt & Insight,Asset & Liability Management,Master & Reference Data - FTP rates,Product,INTEREST_RATE; INTEREST_RATE_INDEX; PRODUCT_INTEREST_RATE
Finance & Peformance Management,Treasury Mgmt & Insight,Asset & Liability Management,Master & Reference Data - exchange rates,Product,CURRENCY; CURRENCY_EXCHANGE_RATE; CURRENCY_PAIR
Finance & Peformance Management,Treasury Mgmt & Insight,Asset & Liability Management,External Data - market interest rates,Product,INTEREST_RATE_INDEX; INTEREST_RATE; MARKET_INDEX; MARKET_INDEX_VALUE
Finance & Peformance Management,Treasury Mgmt & Insight,Asset & Liability Management,"External Data - market prices (E.g. equities, bonds, commodities)",Product,MARKET_INDEX; MARKET_INDEX_VALUE; INVESTMENT_PRODUCT; INVESTMENT_PRODUCT_PRICE
Finance & Peformance Management,Treasury Mgmt & Insight,Asset & Liability Management,Account / Policy / Service Holdings,Agreement,AGREEMENT; PARTY_AGREEMENT_ROLE; AGREEMENT_PARTY_ROLE; AGREEMENT_RELATIONSHIP
Finance & Peformance Management,Treasury Mgmt & Insight,Asset & Liability Management,Account / Policy / Service Detail,Agreement,AGREEMENT; LOAN_TERM_AGREEMENT; DEPOSIT_AGREEMENT; INSURANCE_AGREEMENT; CREDIT_CARD_AGREEMENT
Finance & Peformance Management,Treasury Mgmt & Insight,Asset & Liability Management,Account Status (open closed active / domant /inactive / closure reason ),Agreement,AGREEMENT; AGREEMENT_STATUS; AGREEMENT_STATUS_HISTORY
Finance & Peformance Management,Treasury Mgmt & Insight,Asset & Liability Management,Account Terms & Conditions,Agreement,AGREEMENT; AGREEMENT_CONDITION; AGREEMENT_TERM
Finance & Peformance Management,Treasury Mgmt & Insight,Asset & Liability Management,Account Feature Usage,Agreement,AGREEMENT_FEATURE; FEATURE; DESCRIPTIVE_FEATURE
Finance & Peformance Management,Treasury Mgmt & Insight,Asset & Liability Management,Account Balances,Agreement,AGREEMENT_SUMMARY; BALANCE_SUMMARY; AGREEMENT_BALANCE
Finance & Peformance Management,Treasury Mgmt & Insight,Asset & Liability Management,Investment Value,Agreement,INVESTMENT_ACCOUNT; INVESTMENT_HOLDING; INVESTMENT_PRODUCT_PRICE
Finance & Peformance Management,Treasury Mgmt & Insight,Asset & Liability Management,Market / Trading Book Positions,Agreement,TRADE_ORDER; TRADE_EXECUTION; TRADING_POSITION
Finance & Peformance Management,Treasury Mgmt & Insight,Asset & Liability Management,Mark to market valuations,Agreement,INVESTMENT_PRODUCT_PRICE; MARKET_INDEX_VALUE; AGREEMENT_VALUATION
Finance & Peformance Management,Treasury Mgmt & Insight,Asset & Liability Management,Cashflow Projections,Agreement,AGREEMENT_CASHFLOW; CASHFLOW_SCHEDULE; AGREEMENT_SUMMARY
Finance & Peformance Management,Treasury Mgmt & Insight,Asset & Liability Management,Account Maturity Dates & Repricing Schedules,Agreement,AGREEMENT; AGREEMENT_TERM; AGREEMENT_REPRICING_SCHEDULE
Finance & Peformance Management,Treasury Mgmt & Insight,Asset & Liability Management,Account Repayment Schedules,Agreement,AGREEMENT_REPAYMENT_SCHEDULE; LOAN_TERM_AGREEMENT
Finance & Peformance Management,Treasury Mgmt & Insight,Asset & Liability Management,Amortisation Schedules,Agreement,AGREEMENT_AMORTIZATION_SCHEDULE; LOAN_TERM_AGREEMENT
Finance & Peformance Management,Treasury Mgmt & Insight,Asset & Liability Management,Collateral Agreements,Agreement,COLLATERAL_AGREEMENT; COLLATERAL; COLLATERAL_VALUATION; PARTY_ASSET
Finance & Peformance Management,Treasury Mgmt & Insight,Asset & Liability Management,Risk Exposures,Agreement,AGREEMENT_RISK_METRIC; RISK_EXPOSURE; CREDIT_RISK_SUMMARY
Finance & Peformance Management,Treasury Mgmt & Insight,Asset & Liability Management,Account Limits,Cross Subject  -  Limits,AGREEMENT_LIMIT; LIMIT; PARTY_LIMIT
Finance & Peformance Management,Treasury Mgmt & Insight,Asset & Liability Management,"Risk Segments, Cohorts & Groupings",Party or Agreement,PARTY_CLASSIFICATION; RISK_GRADE_VALUE; RISK_GRADE_SCHEME
Finance & Peformance Management,Treasury Mgmt & Insight,Asset & Liability Management,"Provisions, Losses & Writeoffs",Party or Agreement,AGREEMENT_RISK_METRIC; PROVISION; WRITE_OFF; LOSS_EVENT
Finance & Peformance Management,Treasury Mgmt & Insight,Asset & Liability Management,Financial Transactions,Event,MONETARY_TRANSACTION; TRANSACTION_TYPE; FINANCIAL_TRANSACTION; PAYMENT
Finance & Peformance Management,Treasury Mgmt & Insight,Asset & Liability Management,Financial Interbank Payments,Event,PAYMENT; INTERBANK_PAYMENT; FINANCIAL_TRANSACTION
Finance & Peformance Management,Treasury Mgmt & Insight,Asset & Liability Management,Defaults & Limit Breaches,Event,AGREEMENT_STATUS; DEFAULT_EVENT; LIMIT_BREACH_EVENT; AGREEMENT_RISK_METRIC
Finance & Peformance Management,Treasury Mgmt & Insight,Asset & Liability Management,Master & Reference Data - organisation hierarchy,Internal Organisation,ORGANIZATION; INTERNAL_ORGANIZATION_UNIT; ORGANIZATION_UNIT_RELATIONSHIP; ORGANIZATION_BUSINESS_TYPE
Finance & Peformance Management,Treasury Mgmt & Insight,Asset & Liability Management,Finance Systems - General Ledger,Finance,Not mapped
Finance & Peformance Management,Treasury Mgmt & Insight,Asset & Liability Management,Finance Systems - ERP,Finance,GL_ACCOUNT; GL_MAIN_ACCOUNT; VENDOR; VENDOR_INVOICE
Finance & Peformance Management,Treasury Mgmt & Insight,Asset & Liability Management,"Finance Systems - Budgets, Plans & Forecasts",Finance,GL_ACCOUNT; BUDGET; FORECAST; FINANCIAL_PLAN
Finance & Peformance Management,Treasury Mgmt & Insight,Capital Planning and Management,Single Customer View (Master Record),Party,PARTY; INDIVIDUAL; ORGANIZATION; HOUSEHOLD; PARTY_RELATIONSHIP; PARTY_IDENTIFICATION
Finance & Peformance Management,Treasury Mgmt & Insight,Capital Planning and Management,Customer Demographics,Party,INDIVIDUAL; PARTY_DEMOGRAPHIC; PARTY_CLASSIFICATION; PARTY_PREFERENCE
Finance & Peformance Management,Treasury Mgmt & Insight,Capital Planning and Management,Customer Segments,Party,PARTY_CLASSIFICATION; PARTY_SEGMENT; PARTY_CLASSIFICATION_VALUE
Finance & Peformance Management,Treasury Mgmt & Insight,Capital Planning and Management,Economic Forecast Data,Party,ECONOMIC_INDEX; ECONOMIC_INDEX_VALUE; MARKET_INDEX
Finance & Peformance Management,Treasury Mgmt & Insight,Capital Planning and Management,"External Economic Data (E.g. Property Prices, Salary)",Party,ECONOMIC_INDEX; ECONOMIC_INDEX_VALUE; MARKET_INDEX; MARKET_INDEX_VALUE
Finance & Peformance Management,Treasury Mgmt & Insight,Capital Planning and Management,Master & Reference Data - geography / location,Location,GEOGRAPHICAL_AREA; GEOGRAPHICAL_UNIT; SITE; POSTAL_ADDRESS
Finance & Peformance Management,Treasury Mgmt & Insight,Capital Planning and Management,Master & Reference Data - product,Product,Not mapped
Finance & Peformance Management,Treasury Mgmt & Insight,Capital Planning and Management,Master & Reference Data - FTP rates,Product,INTEREST_RATE; INTEREST_RATE_INDEX; PRODUCT_INTEREST_RATE
Finance & Peformance Management,Treasury Mgmt & Insight,Capital Planning and Management,Master & Reference Data - exchange rates,Product,CURRENCY; CURRENCY_EXCHANGE_RATE; CURRENCY_PAIR
Finance & Peformance Management,Treasury Mgmt & Insight,Capital Planning and Management,External Data - market interest rates,Product,INTEREST_RATE_INDEX; INTEREST_RATE; MARKET_INDEX; MARKET_INDEX_VALUE
Finance & Peformance Management,Treasury Mgmt & Insight,Capital Planning and Management,"External Data - market prices (E.g. equities, bonds, commodities)",Product,MARKET_INDEX; MARKET_INDEX_VALUE; INVESTMENT_PRODUCT; INVESTMENT_PRODUCT_PRICE
Finance & Peformance Management,Treasury Mgmt & Insight,Capital Planning and Management,Account / Policy / Service Holdings,Agreement,AGREEMENT; PARTY_AGREEMENT_ROLE; AGREEMENT_PARTY_ROLE; AGREEMENT_RELATIONSHIP
Finance & Peformance Management,Treasury Mgmt & Insight,Capital Planning and Management,Account / Policy / Service Detail,Agreement,AGREEMENT; LOAN_TERM_AGREEMENT; DEPOSIT_AGREEMENT; INSURANCE_AGREEMENT; CREDIT_CARD_AGREEMENT
Finance & Peformance Management,Treasury Mgmt & Insight,Capital Planning and Management,Account Status (open closed active / domant /inactive / closure reason ),Agreement,AGREEMENT; AGREEMENT_STATUS; AGREEMENT_STATUS_HISTORY
Finance & Peformance Management,Treasury Mgmt & Insight,Capital Planning and Management,Account Balances,Agreement,AGREEMENT_SUMMARY; BALANCE_SUMMARY; AGREEMENT_BALANCE
Finance & Peformance Management,Treasury Mgmt & Insight,Capital Planning and Management,Investment Value,Agreement,INVESTMENT_ACCOUNT; INVESTMENT_HOLDING; INVESTMENT_PRODUCT_PRICE
Finance & Peformance Management,Treasury Mgmt & Insight,Capital Planning and Management,Market / Trading Book Positions,Agreement,TRADE_ORDER; TRADE_EXECUTION; TRADING_POSITION
Finance & Peformance Management,Treasury Mgmt & Insight,Capital Planning and Management,Mark to market valuations,Agreement,INVESTMENT_PRODUCT_PRICE; MARKET_INDEX_VALUE; AGREEMENT_VALUATION
Finance & Peformance Management,Treasury Mgmt & Insight,Capital Planning and Management,Account Maturity Dates & Repricing Schedules,Agreement,AGREEMENT; AGREEMENT_TERM; AGREEMENT_REPRICING_SCHEDULE
Finance & Peformance Management,Treasury Mgmt & Insight,Capital Planning and Management,Account Repayment Schedules,Agreement,AGREEMENT_REPAYMENT_SCHEDULE; LOAN_TERM_AGREEMENT
Finance & Peformance Management,Treasury Mgmt & Insight,Capital Planning and Management,Amortisation Schedules,Agreement,AGREEMENT_AMORTIZATION_SCHEDULE; LOAN_TERM_AGREEMENT
Finance & Peformance Management,Treasury Mgmt & Insight,Capital Planning and Management,Collateral Agreements,Agreement,COLLATERAL_AGREEMENT; COLLATERAL; COLLATERAL_VALUATION; PARTY_ASSET
Finance & Peformance Management,Treasury Mgmt & Insight,Capital Planning and Management,Risk Exposures,Agreement,AGREEMENT_RISK_METRIC; RISK_EXPOSURE; CREDIT_RISK_SUMMARY
Finance & Peformance Management,Treasury Mgmt & Insight,Capital Planning and Management,Account Limits,Cross Subject  -  Limits,AGREEMENT_LIMIT; LIMIT; PARTY_LIMIT
Finance & Peformance Management,Treasury Mgmt & Insight,Capital Planning and Management,Predictive Models - risk,Party or Agreement,ANALYTICAL_MODEL; MODEL_RUN; MODEL_SCORE; PARTY_LIABILITY_CREDIT_RATING
Finance & Peformance Management,Treasury Mgmt & Insight,Capital Planning and Management,"Risk Segments, Cohorts & Groupings",Party or Agreement,PARTY_CLASSIFICATION; RISK_GRADE_VALUE; RISK_GRADE_SCHEME
Finance & Peformance Management,Treasury Mgmt & Insight,Capital Planning and Management,"Provisions, Losses & Writeoffs",Party or Agreement,AGREEMENT_RISK_METRIC; PROVISION; WRITE_OFF; LOSS_EVENT
Finance & Peformance Management,Treasury Mgmt & Insight,Capital Planning and Management,Financial Transactions,Event,MONETARY_TRANSACTION; TRANSACTION_TYPE; FINANCIAL_TRANSACTION; PAYMENT
Finance & Peformance Management,Treasury Mgmt & Insight,Capital Planning and Management,Defaults & Limit Breaches,Event,AGREEMENT_STATUS; DEFAULT_EVENT; LIMIT_BREACH_EVENT; AGREEMENT_RISK_METRIC
Finance & Peformance Management,Treasury Mgmt & Insight,Capital Planning and Management,Physical Assets,Party Asset,PARTY_ASSET; FIXED_ASSET; REAL_PROPERTY
Finance & Peformance Management,Treasury Mgmt & Insight,Capital Planning and Management,Physical Asset Valuations,Party Asset,PARTY_ASSET_VALUATION; COLLATERAL_VALUATION; REAL_PROPERTY_VALUATION
Finance & Peformance Management,Treasury Mgmt & Insight,Capital Planning and Management,Master & Reference Data - organisation hierarchy,Internal Organisation,ORGANIZATION; INTERNAL_ORGANIZATION_UNIT; ORGANIZATION_UNIT_RELATIONSHIP; ORGANIZATION_BUSINESS_TYPE
Finance & Peformance Management,Treasury Mgmt & Insight,Cashflow Generation,Customer Demographics,Party,INDIVIDUAL; PARTY_DEMOGRAPHIC; PARTY_CLASSIFICATION; PARTY_PREFERENCE
Finance & Peformance Management,Treasury Mgmt & Insight,Cashflow Generation,Customer Segments,Party,PARTY_CLASSIFICATION; PARTY_SEGMENT; PARTY_CLASSIFICATION_VALUE
Finance & Peformance Management,Treasury Mgmt & Insight,Cashflow Generation,Master & Reference Data - geography / location,Location,GEOGRAPHICAL_AREA; GEOGRAPHICAL_UNIT; SITE; POSTAL_ADDRESS
Finance & Peformance Management,Treasury Mgmt & Insight,Cashflow Generation,Master & Reference Data - product,Product,Not mapped
Finance & Peformance Management,Treasury Mgmt & Insight,Cashflow Generation,Master & Reference Data - FTP rates,Product,INTEREST_RATE; INTEREST_RATE_INDEX; PRODUCT_INTEREST_RATE
Finance & Peformance Management,Treasury Mgmt & Insight,Cashflow Generation,Master & Reference Data - exchange rates,Product,CURRENCY; CURRENCY_EXCHANGE_RATE; CURRENCY_PAIR
Finance & Peformance Management,Treasury Mgmt & Insight,Cashflow Generation,External Data - market interest rates,Product,INTEREST_RATE_INDEX; INTEREST_RATE; MARKET_INDEX; MARKET_INDEX_VALUE
Finance & Peformance Management,Treasury Mgmt & Insight,Cashflow Generation,"External Data - market prices (E.g. equities, bonds, commodities)",Product,MARKET_INDEX; MARKET_INDEX_VALUE; INVESTMENT_PRODUCT; INVESTMENT_PRODUCT_PRICE
Finance & Peformance Management,Treasury Mgmt & Insight,Cashflow Generation,Account / Policy / Service Holdings,Agreement,AGREEMENT; PARTY_AGREEMENT_ROLE; AGREEMENT_PARTY_ROLE; AGREEMENT_RELATIONSHIP
Finance & Peformance Management,Treasury Mgmt & Insight,Cashflow Generation,Account / Policy / Service Detail,Agreement,AGREEMENT; LOAN_TERM_AGREEMENT; DEPOSIT_AGREEMENT; INSURANCE_AGREEMENT; CREDIT_CARD_AGREEMENT
Finance & Peformance Management,Treasury Mgmt & Insight,Cashflow Generation,Account Status (open closed active / domant /inactive / closure reason ),Agreement,AGREEMENT; AGREEMENT_STATUS; AGREEMENT_STATUS_HISTORY
Finance & Peformance Management,Treasury Mgmt & Insight,Cashflow Generation,Account Terms & Conditions,Agreement,AGREEMENT; AGREEMENT_CONDITION; AGREEMENT_TERM
Finance & Peformance Management,Treasury Mgmt & Insight,Cashflow Generation,Account Feature Usage,Agreement,AGREEMENT_FEATURE; FEATURE; DESCRIPTIVE_FEATURE
Finance & Peformance Management,Treasury Mgmt & Insight,Cashflow Generation,Account Balances,Agreement,AGREEMENT_SUMMARY; BALANCE_SUMMARY; AGREEMENT_BALANCE
Finance & Peformance Management,Treasury Mgmt & Insight,Cashflow Generation,Investment Value,Agreement,INVESTMENT_ACCOUNT; INVESTMENT_HOLDING; INVESTMENT_PRODUCT_PRICE
Finance & Peformance Management,Treasury Mgmt & Insight,Cashflow Generation,Market / Trading Book Positions,Agreement,TRADE_ORDER; TRADE_EXECUTION; TRADING_POSITION
Finance & Peformance Management,Treasury Mgmt & Insight,Cashflow Generation,Mark to market valuations,Agreement,INVESTMENT_PRODUCT_PRICE; MARKET_INDEX_VALUE; AGREEMENT_VALUATION
Finance & Peformance Management,Treasury Mgmt & Insight,Cashflow Generation,Account Maturity Dates & Repricing Schedules,Agreement,AGREEMENT; AGREEMENT_TERM; AGREEMENT_REPRICING_SCHEDULE
Finance & Peformance Management,Treasury Mgmt & Insight,Cashflow Generation,Account Repayment Schedules,Agreement,AGREEMENT_REPAYMENT_SCHEDULE; LOAN_TERM_AGREEMENT
Finance & Peformance Management,Treasury Mgmt & Insight,Cashflow Generation,Amortisation Schedules,Agreement,AGREEMENT_AMORTIZATION_SCHEDULE; LOAN_TERM_AGREEMENT
Finance & Peformance Management,Treasury Mgmt & Insight,Cashflow Generation,Collateral Agreements,Agreement,COLLATERAL_AGREEMENT; COLLATERAL; COLLATERAL_VALUATION; PARTY_ASSET
Finance & Peformance Management,Treasury Mgmt & Insight,Cashflow Generation,Risk Exposures,Agreement,AGREEMENT_RISK_METRIC; RISK_EXPOSURE; CREDIT_RISK_SUMMARY
Finance & Peformance Management,Treasury Mgmt & Insight,Cashflow Generation,Account Limits,Cross Subject  -  Limits,AGREEMENT_LIMIT; LIMIT; PARTY_LIMIT
Finance & Peformance Management,Treasury Mgmt & Insight,Cashflow Generation,"Risk Segments, Cohorts & Groupings",Party or Agreement,PARTY_CLASSIFICATION; RISK_GRADE_VALUE; RISK_GRADE_SCHEME
Finance & Peformance Management,Treasury Mgmt & Insight,Cashflow Generation,"Provisions, Losses & Writeoffs",Party or Agreement,AGREEMENT_RISK_METRIC; PROVISION; WRITE_OFF; LOSS_EVENT
Finance & Peformance Management,Treasury Mgmt & Insight,Cashflow Generation,Financial Transactions,Event,MONETARY_TRANSACTION; TRANSACTION_TYPE; FINANCIAL_TRANSACTION; PAYMENT
Finance & Peformance Management,Treasury Mgmt & Insight,Cashflow Generation,"Account Fees, Commissions & Charges",Event,MONETARY_TRANSACTION; FEE_TRANSACTION; COMMISSION_TRANSACTION; AGREEMENT_FEE
Finance & Peformance Management,Treasury Mgmt & Insight,Cashflow Generation,Financial Interbank Payments,Event,PAYMENT; INTERBANK_PAYMENT; FINANCIAL_TRANSACTION
Finance & Peformance Management,Treasury Mgmt & Insight,Cashflow Generation,Service Usage,Event,CHANNEL_USAGE_METRIC; SERVICE_USAGE_EVENT; CHANNEL_INSTANCE
Finance & Peformance Management,Treasury Mgmt & Insight,Cashflow Generation,Claims,Event,CLAIM; CLAIM_STATUS; CLAIM_PARTY_ROLE; CLAIM_PAYMENT
Finance & Peformance Management,Treasury Mgmt & Insight,Cashflow Generation,Defaults & Limit Breaches,Event,AGREEMENT_STATUS; DEFAULT_EVENT; LIMIT_BREACH_EVENT; AGREEMENT_RISK_METRIC
Finance & Peformance Management,Treasury Mgmt & Insight,Cashflow Generation,Master & Reference Data - merchant / transaction,Event,MERCHANT; MERCHANT_CATEGORY; TRANSACTION_TYPE
Finance & Peformance Management,Treasury Mgmt & Insight,Cashflow Generation,Physical Assets,Party Asset,PARTY_ASSET; FIXED_ASSET; REAL_PROPERTY
Finance & Peformance Management,Treasury Mgmt & Insight,Cashflow Generation,Physical Asset Valuations,Party Asset,PARTY_ASSET_VALUATION; COLLATERAL_VALUATION; REAL_PROPERTY_VALUATION
Finance & Peformance Management,Treasury Mgmt & Insight,Cashflow Generation,Master & Reference Data - organisation hierarchy,Internal Organisation,ORGANIZATION; INTERNAL_ORGANIZATION_UNIT; ORGANIZATION_UNIT_RELATIONSHIP; ORGANIZATION_BUSINESS_TYPE
Finance & Peformance Management,Treasury Mgmt & Insight,Cashflow Generation,Finance Systems - General Ledger,Finance,Not mapped
Finance & Peformance Management,Treasury Mgmt & Insight,Cashflow Generation,Finance Systems - ERP,Finance,GL_ACCOUNT; GL_MAIN_ACCOUNT; VENDOR; VENDOR_INVOICE
Finance & Peformance Management,Treasury Mgmt & Insight,Liquidity Management,Customer Demographics,Party,INDIVIDUAL; PARTY_DEMOGRAPHIC; PARTY_CLASSIFICATION; PARTY_PREFERENCE
Finance & Peformance Management,Treasury Mgmt & Insight,Liquidity Management,Customer Segments,Party,PARTY_CLASSIFICATION; PARTY_SEGMENT; PARTY_CLASSIFICATION_VALUE
Finance & Peformance Management,Treasury Mgmt & Insight,Liquidity Management,Master & Reference Data - geography / location,Location,GEOGRAPHICAL_AREA; GEOGRAPHICAL_UNIT; SITE; POSTAL_ADDRESS
Finance & Peformance Management,Treasury Mgmt & Insight,Liquidity Management,Master & Reference Data - product,Product,Not mapped
Finance & Peformance Management,Treasury Mgmt & Insight,Liquidity Management,Master & Reference Data - FTP rates,Product,INTEREST_RATE; INTEREST_RATE_INDEX; PRODUCT_INTEREST_RATE
Finance & Peformance Management,Treasury Mgmt & Insight,Liquidity Management,Master & Reference Data - exchange rates,Product,CURRENCY; CURRENCY_EXCHANGE_RATE; CURRENCY_PAIR
Finance & Peformance Management,Treasury Mgmt & Insight,Liquidity Management,External Data - market interest rates,Product,INTEREST_RATE_INDEX; INTEREST_RATE; MARKET_INDEX; MARKET_INDEX_VALUE
Finance & Peformance Management,Treasury Mgmt & Insight,Liquidity Management,"External Data - market prices (E.g. equities, bonds, commodities)",Product,MARKET_INDEX; MARKET_INDEX_VALUE; INVESTMENT_PRODUCT; INVESTMENT_PRODUCT_PRICE
Finance & Peformance Management,Treasury Mgmt & Insight,Liquidity Management,Account / Policy / Service Holdings,Agreement,AGREEMENT; PARTY_AGREEMENT_ROLE; AGREEMENT_PARTY_ROLE; AGREEMENT_RELATIONSHIP
Finance & Peformance Management,Treasury Mgmt & Insight,Liquidity Management,Account / Policy / Service Detail,Agreement,AGREEMENT; LOAN_TERM_AGREEMENT; DEPOSIT_AGREEMENT; INSURANCE_AGREEMENT; CREDIT_CARD_AGREEMENT
Finance & Peformance Management,Treasury Mgmt & Insight,Liquidity Management,Account Status (open closed active / domant /inactive / closure reason ),Agreement,AGREEMENT; AGREEMENT_STATUS; AGREEMENT_STATUS_HISTORY
Finance & Peformance Management,Treasury Mgmt & Insight,Liquidity Management,Account Terms & Conditions,Agreement,AGREEMENT; AGREEMENT_CONDITION; AGREEMENT_TERM
Finance & Peformance Management,Treasury Mgmt & Insight,Liquidity Management,Account Balances,Agreement,AGREEMENT_SUMMARY; BALANCE_SUMMARY; AGREEMENT_BALANCE
Finance & Peformance Management,Treasury Mgmt & Insight,Liquidity Management,Investment Value,Agreement,INVESTMENT_ACCOUNT; INVESTMENT_HOLDING; INVESTMENT_PRODUCT_PRICE
Finance & Peformance Management,Treasury Mgmt & Insight,Liquidity Management,Market / Trading Book Positions,Agreement,TRADE_ORDER; TRADE_EXECUTION; TRADING_POSITION
Finance & Peformance Management,Treasury Mgmt & Insight,Liquidity Management,Mark to market valuations,Agreement,INVESTMENT_PRODUCT_PRICE; MARKET_INDEX_VALUE; AGREEMENT_VALUATION
Finance & Peformance Management,Treasury Mgmt & Insight,Liquidity Management,Cashflow Projections,Agreement,AGREEMENT_CASHFLOW; CASHFLOW_SCHEDULE; AGREEMENT_SUMMARY
Finance & Peformance Management,Treasury Mgmt & Insight,Liquidity Management,Account Maturity Dates & Repricing Schedules,Agreement,AGREEMENT; AGREEMENT_TERM; AGREEMENT_REPRICING_SCHEDULE
Finance & Peformance Management,Treasury Mgmt & Insight,Liquidity Management,Account Repayment Schedules,Agreement,AGREEMENT_REPAYMENT_SCHEDULE; LOAN_TERM_AGREEMENT
Finance & Peformance Management,Treasury Mgmt & Insight,Liquidity Management,Amortisation Schedules,Agreement,AGREEMENT_AMORTIZATION_SCHEDULE; LOAN_TERM_AGREEMENT
Finance & Peformance Management,Treasury Mgmt & Insight,Liquidity Management,Collateral Agreements,Agreement,COLLATERAL_AGREEMENT; COLLATERAL; COLLATERAL_VALUATION; PARTY_ASSET
Finance & Peformance Management,Treasury Mgmt & Insight,Liquidity Management,Risk Exposures,Agreement,AGREEMENT_RISK_METRIC; RISK_EXPOSURE; CREDIT_RISK_SUMMARY
Finance & Peformance Management,Treasury Mgmt & Insight,Liquidity Management,Account Limits,Cross Subject  -  Limits,AGREEMENT_LIMIT; LIMIT; PARTY_LIMIT
Finance & Peformance Management,Treasury Mgmt & Insight,Liquidity Management,"Risk Segments, Cohorts & Groupings",Party or Agreement,PARTY_CLASSIFICATION; RISK_GRADE_VALUE; RISK_GRADE_SCHEME
Finance & Peformance Management,Treasury Mgmt & Insight,Liquidity Management,"Provisions, Losses & Writeoffs",Party or Agreement,AGREEMENT_RISK_METRIC; PROVISION; WRITE_OFF; LOSS_EVENT
Finance & Peformance Management,Treasury Mgmt & Insight,Liquidity Management,Financial Transactions,Event,MONETARY_TRANSACTION; TRANSACTION_TYPE; FINANCIAL_TRANSACTION; PAYMENT
Finance & Peformance Management,Treasury Mgmt & Insight,Liquidity Management,Financial Interbank Payments,Event,PAYMENT; INTERBANK_PAYMENT; FINANCIAL_TRANSACTION
Finance & Peformance Management,Treasury Mgmt & Insight,Liquidity Management,Master & Reference Data - organisation hierarchy,Internal Organisation,ORGANIZATION; INTERNAL_ORGANIZATION_UNIT; ORGANIZATION_UNIT_RELATIONSHIP; ORGANIZATION_BUSINESS_TYPE
Finance & Peformance Management,Treasury Mgmt & Insight,Liquidity Management,Finance Systems - General Ledger,Finance,Not mapped
Finance & Peformance Management,Treasury Mgmt & Insight,Liquidity Management,Finance Systems - ERP,Finance,GL_ACCOUNT; GL_MAIN_ACCOUNT; VENDOR; VENDOR_INVOICE
Finance & Peformance Management,Treasury Mgmt & Insight,Liquidity Management,"Finance Systems - Budgets, Plans & Forecasts",Finance,GL_ACCOUNT; BUDGET; FORECAST; FINANCIAL_PLAN
Finance & Peformance Management,Treasury Mgmt & Insight,FX & Trading Book Management,Single Customer View (Master Record),Party,PARTY; INDIVIDUAL; ORGANIZATION; HOUSEHOLD; PARTY_RELATIONSHIP; PARTY_IDENTIFICATION
Finance & Peformance Management,Treasury Mgmt & Insight,FX & Trading Book Management,Customer Demographics,Party,INDIVIDUAL; PARTY_DEMOGRAPHIC; PARTY_CLASSIFICATION; PARTY_PREFERENCE
Finance & Peformance Management,Treasury Mgmt & Insight,FX & Trading Book Management,Customer Segments,Party,PARTY_CLASSIFICATION; PARTY_SEGMENT; PARTY_CLASSIFICATION_VALUE
Finance & Peformance Management,Treasury Mgmt & Insight,FX & Trading Book Management,Master & Reference Data - geography / location,Location,GEOGRAPHICAL_AREA; GEOGRAPHICAL_UNIT; SITE; POSTAL_ADDRESS
Finance & Peformance Management,Treasury Mgmt & Insight,FX & Trading Book Management,Master & Reference Data - product,Product,Not mapped
Finance & Peformance Management,Treasury Mgmt & Insight,FX & Trading Book Management,Master & Reference Data - FTP rates,Product,INTEREST_RATE; INTEREST_RATE_INDEX; PRODUCT_INTEREST_RATE
Finance & Peformance Management,Treasury Mgmt & Insight,FX & Trading Book Management,Master & Reference Data - exchange rates,Product,CURRENCY; CURRENCY_EXCHANGE_RATE; CURRENCY_PAIR
Finance & Peformance Management,Treasury Mgmt & Insight,FX & Trading Book Management,External Data - market interest rates,Product,INTEREST_RATE_INDEX; INTEREST_RATE; MARKET_INDEX; MARKET_INDEX_VALUE
Finance & Peformance Management,Treasury Mgmt & Insight,FX & Trading Book Management,"External Data - market prices (E.g. equities, bonds, commodities)",Product,MARKET_INDEX; MARKET_INDEX_VALUE; INVESTMENT_PRODUCT; INVESTMENT_PRODUCT_PRICE
Finance & Peformance Management,Treasury Mgmt & Insight,FX & Trading Book Management,Account / Policy / Service Holdings,Agreement,AGREEMENT; PARTY_AGREEMENT_ROLE; AGREEMENT_PARTY_ROLE; AGREEMENT_RELATIONSHIP
Finance & Peformance Management,Treasury Mgmt & Insight,FX & Trading Book Management,Account / Policy / Service Detail,Agreement,AGREEMENT; LOAN_TERM_AGREEMENT; DEPOSIT_AGREEMENT; INSURANCE_AGREEMENT; CREDIT_CARD_AGREEMENT
Finance & Peformance Management,Treasury Mgmt & Insight,FX & Trading Book Management,Account Status (open closed active / domant /inactive / closure reason ),Agreement,AGREEMENT; AGREEMENT_STATUS; AGREEMENT_STATUS_HISTORY
Finance & Peformance Management,Treasury Mgmt & Insight,FX & Trading Book Management,Account Terms & Conditions,Agreement,AGREEMENT; AGREEMENT_CONDITION; AGREEMENT_TERM
Finance & Peformance Management,Treasury Mgmt & Insight,FX & Trading Book Management,Account Feature Usage,Agreement,AGREEMENT_FEATURE; FEATURE; DESCRIPTIVE_FEATURE
Finance & Peformance Management,Treasury Mgmt & Insight,FX & Trading Book Management,Account Balances,Agreement,AGREEMENT_SUMMARY; BALANCE_SUMMARY; AGREEMENT_BALANCE
Finance & Peformance Management,Treasury Mgmt & Insight,FX & Trading Book Management,Investment Value,Agreement,INVESTMENT_ACCOUNT; INVESTMENT_HOLDING; INVESTMENT_PRODUCT_PRICE
Finance & Peformance Management,Treasury Mgmt & Insight,FX & Trading Book Management,Market / Trading Book Positions,Agreement,TRADE_ORDER; TRADE_EXECUTION; TRADING_POSITION
Finance & Peformance Management,Treasury Mgmt & Insight,FX & Trading Book Management,Mark to market valuations,Agreement,INVESTMENT_PRODUCT_PRICE; MARKET_INDEX_VALUE; AGREEMENT_VALUATION
Finance & Peformance Management,Treasury Mgmt & Insight,FX & Trading Book Management,Financial Transactions,Event,MONETARY_TRANSACTION; TRANSACTION_TYPE; FINANCIAL_TRANSACTION; PAYMENT
Finance & Peformance Management,Treasury Mgmt & Insight,FX & Trading Book Management,Master & Reference Data - organisation hierarchy,Internal Organisation,ORGANIZATION; INTERNAL_ORGANIZATION_UNIT; ORGANIZATION_UNIT_RELATIONSHIP; ORGANIZATION_BUSINESS_TYPE
Finance & Peformance Management,Treasury Mgmt & Insight,Interest Rate Management,Single Customer View (Master Record),Party,PARTY; INDIVIDUAL; ORGANIZATION; HOUSEHOLD; PARTY_RELATIONSHIP; PARTY_IDENTIFICATION
Finance & Peformance Management,Treasury Mgmt & Insight,Interest Rate Management,Customer Demographics,Party,INDIVIDUAL; PARTY_DEMOGRAPHIC; PARTY_CLASSIFICATION; PARTY_PREFERENCE
Finance & Peformance Management,Treasury Mgmt & Insight,Interest Rate Management,Customer Segments,Party,PARTY_CLASSIFICATION; PARTY_SEGMENT; PARTY_CLASSIFICATION_VALUE
Finance & Peformance Management,Treasury Mgmt & Insight,Interest Rate Management,Master & Reference Data - geography / location,Location,GEOGRAPHICAL_AREA; GEOGRAPHICAL_UNIT; SITE; POSTAL_ADDRESS
Finance & Peformance Management,Treasury Mgmt & Insight,Interest Rate Management,Master & Reference Data - product,Product,Not mapped
Finance & Peformance Management,Treasury Mgmt & Insight,Interest Rate Management,Master & Reference Data - FTP rates,Product,INTEREST_RATE; INTEREST_RATE_INDEX; PRODUCT_INTEREST_RATE
Finance & Peformance Management,Treasury Mgmt & Insight,Interest Rate Management,External Data - market interest rates,Product,INTEREST_RATE_INDEX; INTEREST_RATE; MARKET_INDEX; MARKET_INDEX_VALUE
Finance & Peformance Management,MIS & Reporting,Statutory Financial Reporting,Single Customer View (Master Record),Party,PARTY; INDIVIDUAL; ORGANIZATION; HOUSEHOLD; PARTY_RELATIONSHIP; PARTY_IDENTIFICATION
Finance & Peformance Management,MIS & Reporting,Statutory Financial Reporting,Customer Demographics,Party,INDIVIDUAL; PARTY_DEMOGRAPHIC; PARTY_CLASSIFICATION; PARTY_PREFERENCE
Finance & Peformance Management,MIS & Reporting,Statutory Financial Reporting,Customer Segments,Party,PARTY_CLASSIFICATION; PARTY_SEGMENT; PARTY_CLASSIFICATION_VALUE
Finance & Peformance Management,MIS & Reporting,Statutory Financial Reporting,Master & Reference Data - geography / location,Location,GEOGRAPHICAL_AREA; GEOGRAPHICAL_UNIT; SITE; POSTAL_ADDRESS
Finance & Peformance Management,MIS & Reporting,Statutory Financial Reporting,Master & Reference Data - product,Product,Not mapped
Finance & Peformance Management,MIS & Reporting,Statutory Financial Reporting,Account / Policy / Service Holdings,Agreement,AGREEMENT; PARTY_AGREEMENT_ROLE; AGREEMENT_PARTY_ROLE; AGREEMENT_RELATIONSHIP
Finance & Peformance Management,MIS & Reporting,Statutory Financial Reporting,Account / Policy / Service Detail,Agreement,AGREEMENT; LOAN_TERM_AGREEMENT; DEPOSIT_AGREEMENT; INSURANCE_AGREEMENT; CREDIT_CARD_AGREEMENT
Finance & Peformance Management,MIS & Reporting,Statutory Financial Reporting,Account Status (open closed active / domant /inactive / closure reason ),Agreement,AGREEMENT; AGREEMENT_STATUS; AGREEMENT_STATUS_HISTORY
Finance & Peformance Management,MIS & Reporting,Statutory Financial Reporting,Account Balances,Agreement,AGREEMENT_SUMMARY; BALANCE_SUMMARY; AGREEMENT_BALANCE
Finance & Peformance Management,MIS & Reporting,Statutory Financial Reporting,Account Maturity Dates & Repricing Schedules,Agreement,AGREEMENT; AGREEMENT_TERM; AGREEMENT_REPRICING_SCHEDULE
Finance & Peformance Management,MIS & Reporting,Statutory Financial Reporting,Account Repayment Schedules,Agreement,AGREEMENT_REPAYMENT_SCHEDULE; LOAN_TERM_AGREEMENT
Finance & Peformance Management,MIS & Reporting,Statutory Financial Reporting,Risk Exposures,Agreement,AGREEMENT_RISK_METRIC; RISK_EXPOSURE; CREDIT_RISK_SUMMARY
Finance & Peformance Management,MIS & Reporting,Statutory Financial Reporting,Risk Weighted Assets & Capital Results,Agreement,AGREEMENT_RISK_METRIC; BANK_CAPITAL_SUMMARY; CAPITAL_REQUIREMENTS_SUMMARY
Finance & Peformance Management,MIS & Reporting,Statutory Financial Reporting,Account Limits,Cross Subject  -  Limits,AGREEMENT_LIMIT; LIMIT; PARTY_LIMIT
Finance & Peformance Management,MIS & Reporting,Statutory Financial Reporting,"Provisions, Losses & Writeoffs",Party or Agreement,AGREEMENT_RISK_METRIC; PROVISION; WRITE_OFF; LOSS_EVENT
Finance & Peformance Management,MIS & Reporting,Statutory Financial Reporting,Finance Systems - General Ledger,Finance,Not mapped
Finance & Peformance Management,MIS & Reporting,Statutory Financial Reporting,Finance Systems - ERP,Finance,GL_ACCOUNT; GL_MAIN_ACCOUNT; VENDOR; VENDOR_INVOICE
Finance & Peformance Management,MIS & Reporting,Regulatory & Compliance Reporting,Single Customer View (Master Record),Party,PARTY; INDIVIDUAL; ORGANIZATION; HOUSEHOLD; PARTY_RELATIONSHIP; PARTY_IDENTIFICATION
Finance & Peformance Management,MIS & Reporting,Regulatory & Compliance Reporting,KYC Data,Party,PARTY_IDENTIFICATION; PARTY_CLASSIFICATION; PARTY_IDENTITY_DOCUMENT; PARTY_COMPLIANCE_VERIFICATION
Finance & Peformance Management,MIS & Reporting,Regulatory & Compliance Reporting,Customer Demographics,Party,INDIVIDUAL; PARTY_DEMOGRAPHIC; PARTY_CLASSIFICATION; PARTY_PREFERENCE
Finance & Peformance Management,MIS & Reporting,Regulatory & Compliance Reporting,Customer Segments,Party,PARTY_CLASSIFICATION; PARTY_SEGMENT; PARTY_CLASSIFICATION_VALUE
Finance & Peformance Management,MIS & Reporting,Regulatory & Compliance Reporting,Legal Actions,Party,PARTY_LEGAL_ACTION; LEGAL_ACTION; PARTY_LITIGATION
Finance & Peformance Management,MIS & Reporting,Regulatory & Compliance Reporting,External Data - Bureau data,Party,PARTY_CREDIT_BUREAU_REPORT; CREDIT_BUREAU_SCORE; PARTY_EXTERNAL_RATING
Finance & Peformance Management,MIS & Reporting,Regulatory & Compliance Reporting,External Data - Credit Rating,Party,PARTY_EXTERNAL_RATING; PARTY_LIABILITY_CREDIT_RATING; CREDIT_BUREAU_SCORE
Finance & Peformance Management,MIS & Reporting,Regulatory & Compliance Reporting,Master & Reference Data - staff / colleague,Party,INDIVIDUAL; ASSOCIATE; ASSOCIATE_ASSIGNMENT; INTERNAL_ORGANIZATION_UNIT
Finance & Peformance Management,MIS & Reporting,Regulatory & Compliance Reporting,HR Performance Data,Party,ASSOCIATE; ASSOCIATE_PERFORMANCE_REVIEW; ASSOCIATE_ASSIGNMENT
Finance & Peformance Management,MIS & Reporting,Regulatory & Compliance Reporting,Customer Core Contact Details,Location,PARTY_CONTACT_POINT; ELECTRONIC_ADDRESS; POSTAL_ADDRESS; TELEPHONE_NUMBER
Finance & Peformance Management,MIS & Reporting,Regulatory & Compliance Reporting,Master & Reference Data - geography / location,Location,GEOGRAPHICAL_AREA; GEOGRAPHICAL_UNIT; SITE; POSTAL_ADDRESS
Finance & Peformance Management,MIS & Reporting,Regulatory & Compliance Reporting,Master & Reference Data - product,Product,Not mapped
Finance & Peformance Management,MIS & Reporting,Regulatory & Compliance Reporting,Master & Reference Data - FTP rates,Product,INTEREST_RATE; INTEREST_RATE_INDEX; PRODUCT_INTEREST_RATE
Finance & Peformance Management,MIS & Reporting,Regulatory & Compliance Reporting,Master & Reference Data - exchange rates,Product,CURRENCY; CURRENCY_EXCHANGE_RATE; CURRENCY_PAIR
Finance & Peformance Management,MIS & Reporting,Regulatory & Compliance Reporting,External Data - market interest rates,Product,INTEREST_RATE_INDEX; INTEREST_RATE; MARKET_INDEX; MARKET_INDEX_VALUE
Finance & Peformance Management,MIS & Reporting,Regulatory & Compliance Reporting,"External Data - market prices (E.g. equities, bonds, commodities)",Product,MARKET_INDEX; MARKET_INDEX_VALUE; INVESTMENT_PRODUCT; INVESTMENT_PRODUCT_PRICE
Finance & Peformance Management,MIS & Reporting,Regulatory & Compliance Reporting,Account / Policy / Service Holdings,Agreement,AGREEMENT; PARTY_AGREEMENT_ROLE; AGREEMENT_PARTY_ROLE; AGREEMENT_RELATIONSHIP
Finance & Peformance Management,MIS & Reporting,Regulatory & Compliance Reporting,Account / Policy / Service Detail,Agreement,AGREEMENT; LOAN_TERM_AGREEMENT; DEPOSIT_AGREEMENT; INSURANCE_AGREEMENT; CREDIT_CARD_AGREEMENT
Finance & Peformance Management,MIS & Reporting,Regulatory & Compliance Reporting,Account Status (open closed active / domant /inactive / closure reason ),Agreement,AGREEMENT; AGREEMENT_STATUS; AGREEMENT_STATUS_HISTORY
Finance & Peformance Management,MIS & Reporting,Regulatory & Compliance Reporting,Account Terms & Conditions,Agreement,AGREEMENT; AGREEMENT_CONDITION; AGREEMENT_TERM
Finance & Peformance Management,MIS & Reporting,Regulatory & Compliance Reporting,Account Feature Usage,Agreement,AGREEMENT_FEATURE; FEATURE; DESCRIPTIVE_FEATURE
Finance & Peformance Management,MIS & Reporting,Regulatory & Compliance Reporting,"Application Data (New Customer, New Product)",Agreement,APPLICATION; APPLICATION_STATUS; APPLICATION_PARTY_ROLE
Finance & Peformance Management,MIS & Reporting,Regulatory & Compliance Reporting,Coverage (insurance),Agreement,INSURANCE_COVERAGE; INSURANCE_AGREEMENT; COVERAGE_TYPE
Finance & Peformance Management,MIS & Reporting,Regulatory & Compliance Reporting,Account Balances,Agreement,AGREEMENT_SUMMARY; BALANCE_SUMMARY; AGREEMENT_BALANCE
Finance & Peformance Management,MIS & Reporting,Regulatory & Compliance Reporting,Investment Value,Agreement,INVESTMENT_ACCOUNT; INVESTMENT_HOLDING; INVESTMENT_PRODUCT_PRICE
Finance & Peformance Management,MIS & Reporting,Regulatory & Compliance Reporting,Market / Trading Book Positions,Agreement,TRADE_ORDER; TRADE_EXECUTION; TRADING_POSITION
Finance & Peformance Management,MIS & Reporting,Regulatory & Compliance Reporting,Mark to market valuations,Agreement,INVESTMENT_PRODUCT_PRICE; MARKET_INDEX_VALUE; AGREEMENT_VALUATION
Finance & Peformance Management,MIS & Reporting,Regulatory & Compliance Reporting,Cashflow Projections,Agreement,AGREEMENT_CASHFLOW; CASHFLOW_SCHEDULE; AGREEMENT_SUMMARY
Finance & Peformance Management,MIS & Reporting,Regulatory & Compliance Reporting,Account Maturity Dates & Repricing Schedules,Agreement,AGREEMENT; AGREEMENT_TERM; AGREEMENT_REPRICING_SCHEDULE
Finance & Peformance Management,MIS & Reporting,Regulatory & Compliance Reporting,Account Repayment Schedules,Agreement,AGREEMENT_REPAYMENT_SCHEDULE; LOAN_TERM_AGREEMENT
Finance & Peformance Management,MIS & Reporting,Regulatory & Compliance Reporting,Amortisation Schedules,Agreement,AGREEMENT_AMORTIZATION_SCHEDULE; LOAN_TERM_AGREEMENT
Finance & Peformance Management,MIS & Reporting,Regulatory & Compliance Reporting,Customer Illustrations,Agreement,DOCUMENT; PARTY_DOCUMENT
Finance & Peformance Management,MIS & Reporting,Regulatory & Compliance Reporting,Customer Quotes,Agreement,APPLICATION; QUOTE; DOCUMENT
Finance & Peformance Management,MIS & Reporting,Regulatory & Compliance Reporting,Collateral Agreements,Agreement,COLLATERAL_AGREEMENT; COLLATERAL; COLLATERAL_VALUATION; PARTY_ASSET
Finance & Peformance Management,MIS & Reporting,Regulatory & Compliance Reporting,Risk Exposures,Agreement,AGREEMENT_RISK_METRIC; RISK_EXPOSURE; CREDIT_RISK_SUMMARY
Finance & Peformance Management,MIS & Reporting,Regulatory & Compliance Reporting,Risk Weighted Assets & Capital Results,Agreement,AGREEMENT_RISK_METRIC; BANK_CAPITAL_SUMMARY; CAPITAL_REQUIREMENTS_SUMMARY
Finance & Peformance Management,MIS & Reporting,Regulatory & Compliance Reporting,Account Limits,Cross Subject  -  Limits,AGREEMENT_LIMIT; LIMIT; PARTY_LIMIT
Finance & Peformance Management,MIS & Reporting,Regulatory & Compliance Reporting,Predictive Models - risk,Party or Agreement,ANALYTICAL_MODEL; MODEL_RUN; MODEL_SCORE; PARTY_LIABILITY_CREDIT_RATING
Finance & Peformance Management,MIS & Reporting,Regulatory & Compliance Reporting,"Risk Segments, Cohorts & Groupings",Party or Agreement,PARTY_CLASSIFICATION; RISK_GRADE_VALUE; RISK_GRADE_SCHEME
Finance & Peformance Management,MIS & Reporting,Regulatory & Compliance Reporting,"Provisions, Losses & Writeoffs",Party or Agreement,AGREEMENT_RISK_METRIC; PROVISION; WRITE_OFF; LOSS_EVENT
Finance & Peformance Management,MIS & Reporting,Regulatory & Compliance Reporting,Financial Transactions,Event,MONETARY_TRANSACTION; TRANSACTION_TYPE; FINANCIAL_TRANSACTION; PAYMENT
Finance & Peformance Management,MIS & Reporting,Regulatory & Compliance Reporting,"Account Fees, Commissions & Charges",Event,MONETARY_TRANSACTION; FEE_TRANSACTION; COMMISSION_TRANSACTION; AGREEMENT_FEE
Finance & Peformance Management,MIS & Reporting,Regulatory & Compliance Reporting,Financial Interbank Payments,Event,PAYMENT; INTERBANK_PAYMENT; FINANCIAL_TRANSACTION
Finance & Peformance Management,MIS & Reporting,Regulatory & Compliance Reporting,Non-Financial Transactions,Event,EVENT; NON_MONETARY_EVENT; DIRECT_CONTACT_EVENT
Finance & Peformance Management,MIS & Reporting,Regulatory & Compliance Reporting,Service Usage,Event,CHANNEL_USAGE_METRIC; SERVICE_USAGE_EVENT; CHANNEL_INSTANCE
Finance & Peformance Management,MIS & Reporting,Regulatory & Compliance Reporting,Complaint Data,Event,COMPLAINT; COMPLAINT_STATUS; COMPLAINT_RESOLUTION
Finance & Peformance Management,MIS & Reporting,Regulatory & Compliance Reporting,Offline Customer Interactions - Branch,Event,DIRECT_CONTACT_EVENT; BRANCH_VISIT_EVENT; CHANNEL_INSTANCE
Finance & Peformance Management,MIS & Reporting,Regulatory & Compliance Reporting,Offline Customer Interactions - Call Centre,Event,DIRECT_CONTACT_EVENT; CALL_EVENT; CHANNEL_INSTANCE
Finance & Peformance Management,MIS & Reporting,Regulatory & Compliance Reporting,Offline Customer Interactions - letters,Event,DIRECT_CONTACT_EVENT; CORRESPONDENCE_EVENT; DOCUMENT
Finance & Peformance Management,MIS & Reporting,Regulatory & Compliance Reporting,Offline Customer Interactions - sms text,Event,DIRECT_CONTACT_EVENT; SMS_EVENT; ELECTRONIC_ADDRESS
Finance & Peformance Management,MIS & Reporting,Regulatory & Compliance Reporting,Online Interactions -  webchat (internal & external),Event,WEB_VISIT; WEB_PAGE_VIEW; ONLINE_INTERACTION_EVENT
Finance & Peformance Management,MIS & Reporting,Regulatory & Compliance Reporting,Online Interactions colleague intranet,Event,WEB_VISIT; WEB_PAGE_VIEW
Finance & Peformance Management,MIS & Reporting,Regulatory & Compliance Reporting,Online Interactions customer digital banking site (web log),Event,WEB_VISIT; WEB_PAGE_VIEW; EXTENDED_SESSION_INFORMATION; ONLINE_APPLICATION_ACCESS
Finance & Peformance Management,MIS & Reporting,Regulatory & Compliance Reporting,Online Interactions customer general banking site,Event,WEB_VISIT; WEB_PAGE_VIEW; ONLINE_INTERACTION_EVENT
Finance & Peformance Management,MIS & Reporting,Regulatory & Compliance Reporting,Online Interactions email - customer & employee,Event,DIRECT_CONTACT_EVENT; EMAIL_EVENT; ELECTRONIC_ADDRESS
Finance & Peformance Management,MIS & Reporting,Regulatory & Compliance Reporting,Online Interactions mobile app,Event,WEB_VISIT; WEB_PAGE_VIEW; MOBILE_APP_EVENT; CHANNEL_INSTANCE
Finance & Peformance Management,MIS & Reporting,Regulatory & Compliance Reporting,Online Interactions off-site - ad server,Event,AD; AD_PLACEMENT; AD_IMPRESSION; AD_CAMPAIGN_OBJECTIVE
Finance & Peformance Management,MIS & Reporting,Regulatory & Compliance Reporting,Online Interactions prospect / unidentified customer (web log),Event,WEB_VISIT; WEB_PAGE_VIEW; VISITOR_INTERACTION_EVENT
Finance & Peformance Management,MIS & Reporting,Regulatory & Compliance Reporting,"Case History (Fraud, Money Laundering, Complaint)",Event,CASE; CASE_EVENT; CASE_PARTY_ROLE; FRAUD_CASE
Finance & Peformance Management,MIS & Reporting,Regulatory & Compliance Reporting,Claims,Event,CLAIM; CLAIM_STATUS; CLAIM_PARTY_ROLE; CLAIM_PAYMENT
Finance & Peformance Management,MIS & Reporting,Regulatory & Compliance Reporting,Defaults & Limit Breaches,Event,AGREEMENT_STATUS; DEFAULT_EVENT; LIMIT_BREACH_EVENT; AGREEMENT_RISK_METRIC
Finance & Peformance Management,MIS & Reporting,Regulatory & Compliance Reporting,Master & Reference Data - merchant / transaction,Event,MERCHANT; MERCHANT_CATEGORY; TRANSACTION_TYPE
Finance & Peformance Management,MIS & Reporting,Regulatory & Compliance Reporting,Customer interview / fact find,Event or Cross Subject - Document,DOCUMENT; SURVEY; SURVEY_QUESTION_RESPONSE; PARTY_DOCUMENT
Finance & Peformance Management,MIS & Reporting,Regulatory & Compliance Reporting,Physical Assets,Party Asset,PARTY_ASSET; FIXED_ASSET; REAL_PROPERTY
Finance & Peformance Management,MIS & Reporting,Regulatory & Compliance Reporting,Physical Asset Valuations,Party Asset,PARTY_ASSET_VALUATION; COLLATERAL_VALUATION; REAL_PROPERTY_VALUATION
Finance & Peformance Management,MIS & Reporting,Regulatory & Compliance Reporting,Master & Reference Data - organisation hierarchy,Internal Organisation,ORGANIZATION; INTERNAL_ORGANIZATION_UNIT; ORGANIZATION_UNIT_RELATIONSHIP; ORGANIZATION_BUSINESS_TYPE
Finance & Peformance Management,MIS & Reporting,Regulatory & Compliance Reporting,Master & Reference Data - Channel,Channel,CHANNEL_TYPE; CHANNEL_INSTANCE; CHANNEL_CLASSIFICATION
Finance & Peformance Management,MIS & Reporting,Regulatory & Compliance Reporting,Finance Systems - General Ledger,Finance,Not mapped
Finance & Peformance Management,MIS & Reporting,Regulatory & Compliance Reporting,Finance Systems - ERP,Finance,GL_ACCOUNT; GL_MAIN_ACCOUNT; VENDOR; VENDOR_INVOICE
Finance & Peformance Management,MIS & Reporting,Regulatory & Compliance Reporting,"Model Metadata (E.g. defintion, assumptions, metrics)",Analytical Model,ANALYTICAL_MODEL; MODEL_RUN; MODEL_PARAMETER
Finance & Peformance Management,MIS & Reporting,Regulatory & Compliance Reporting,Risk Scenario & Stress Testing Results,Analytical Model,RISK_CALCULATION_SCENARIO; RISK_SCENARIO_RESULT; STRESS_TEST_RESULT
Finance & Peformance Management,MIS & Reporting,Regulatory & Compliance Reporting,"Documents - Structured Data Capture (Survey, Application Forms)",Cross Subject - Document,DOCUMENT; DOCUMENT_TYPE; SURVEY; APPLICATION
Finance & Peformance Management,MIS & Reporting,Regulatory & Compliance Reporting,Document Image,Cross Subject - Document,Not mapped
Finance & Peformance Management,MIS & Reporting,Regulatory & Compliance Reporting,Text Data,Cross Subject - Document,DOCUMENT; TEXT_CONTENT; DIGITAL_CONTENT
Finance & Peformance Management,MIS & Reporting,Regulatory & Compliance Reporting,Master & Reference Data - Risk Policy Rules,Cross Subject - Document,RISK_GRADE_SCHEME; RISK_GRADE_VALUE; RISK_POLICY; BUSINESS_RULE
Finance & Peformance Management,MIS & Reporting,Regulatory & Compliance Reporting,Rich Media from all sources,Cross Subject - Multi-media object,DIGITAL_CONTENT; MEDIA_ASSET; DOCUMENT
Finance & Peformance Management,MIS & Reporting,Regulatory & Compliance Reporting,External Data - Fraud Watch Lists,Cross Subject - Watch List,WATCH_LIST; WATCH_LIST_ENTRY; PARTY_WATCH_LIST_CHECK
Finance & Peformance Management,MIS & Reporting,Regulatory & Compliance Reporting,Compliance Approvals,Cross Subject,COMPLIANCE_EVENT; APPROVAL; PARTY_COMPLIANCE_VERIFICATION
Finance & Peformance Management,MIS & Reporting,Regulatory & Compliance Reporting,External Data - External Loss Data,Not Covered,LOSS_EVENT; OPERATIONAL_LOSS_EVENT
Finance & Peformance Management,MIS & Reporting,Regulatory & Compliance Reporting,"System Log Files (E.g. Firewall, Webserver)",Not Covered,WEB_VISIT; SYSTEM_EVENT
Finance & Peformance Management,MIS & Reporting,Sales Reporting,Single Customer View (Master Record),Party,PARTY; INDIVIDUAL; ORGANIZATION; HOUSEHOLD; PARTY_RELATIONSHIP; PARTY_IDENTIFICATION
Finance & Peformance Management,MIS & Reporting,Sales Reporting,Customer Demographics,Party,INDIVIDUAL; PARTY_DEMOGRAPHIC; PARTY_CLASSIFICATION; PARTY_PREFERENCE
Finance & Peformance Management,MIS & Reporting,Sales Reporting,Customer Segments,Party,PARTY_CLASSIFICATION; PARTY_SEGMENT; PARTY_CLASSIFICATION_VALUE
Finance & Peformance Management,MIS & Reporting,Sales Reporting,Customer Contact Preferences,Party,PARTY_PREFERENCE; PARTY_CONTACT_POINT; ELECTRONIC_ADDRESS; POSTAL_ADDRESS
Finance & Peformance Management,MIS & Reporting,Sales Reporting,Customer Marketing Preferences,Party,PARTY_PREFERENCE; PARTY_MARKETING_PREFERENCE; PARTY_CONSENT
Finance & Peformance Management,MIS & Reporting,Sales Reporting,Master & Reference Data - staff / colleague,Party,INDIVIDUAL; ASSOCIATE; ASSOCIATE_ASSIGNMENT; INTERNAL_ORGANIZATION_UNIT
Finance & Peformance Management,MIS & Reporting,Sales Reporting,"Sales and Performance Forecasts, Targets & KPIs",Party,PERFORMANCE_METRIC; PERFORMANCE_TARGET; ORGANIZATION_PERFORMANCE
Finance & Peformance Management,MIS & Reporting,Sales Reporting,Master & Reference Data - geography / location,Location,GEOGRAPHICAL_AREA; GEOGRAPHICAL_UNIT; SITE; POSTAL_ADDRESS
Finance & Peformance Management,MIS & Reporting,Sales Reporting,Master & Reference Data - product,Product,Not mapped
Finance & Peformance Management,MIS & Reporting,Sales Reporting,Account / Policy / Service Holdings,Agreement,AGREEMENT; PARTY_AGREEMENT_ROLE; AGREEMENT_PARTY_ROLE; AGREEMENT_RELATIONSHIP
Finance & Peformance Management,MIS & Reporting,Sales Reporting,Account / Policy / Service Detail,Agreement,AGREEMENT; LOAN_TERM_AGREEMENT; DEPOSIT_AGREEMENT; INSURANCE_AGREEMENT; CREDIT_CARD_AGREEMENT
Finance & Peformance Management,MIS & Reporting,Sales Reporting,Account Status (open closed active / domant /inactive / closure reason ),Agreement,AGREEMENT; AGREEMENT_STATUS; AGREEMENT_STATUS_HISTORY
Finance & Peformance Management,MIS & Reporting,Sales Reporting,Account Terms & Conditions,Agreement,AGREEMENT; AGREEMENT_CONDITION; AGREEMENT_TERM
Finance & Peformance Management,MIS & Reporting,Sales Reporting,Account Feature Usage,Agreement,AGREEMENT_FEATURE; FEATURE; DESCRIPTIVE_FEATURE
Finance & Peformance Management,MIS & Reporting,Sales Reporting,"Application Data (New Customer, New Product)",Agreement,APPLICATION; APPLICATION_STATUS; APPLICATION_PARTY_ROLE
Finance & Peformance Management,MIS & Reporting,Sales Reporting,Coverage (insurance),Agreement,INSURANCE_COVERAGE; INSURANCE_AGREEMENT; COVERAGE_TYPE
Finance & Peformance Management,MIS & Reporting,Sales Reporting,Account Balances,Agreement,AGREEMENT_SUMMARY; BALANCE_SUMMARY; AGREEMENT_BALANCE
Finance & Peformance Management,MIS & Reporting,Sales Reporting,Investment Value,Agreement,INVESTMENT_ACCOUNT; INVESTMENT_HOLDING; INVESTMENT_PRODUCT_PRICE
Finance & Peformance Management,MIS & Reporting,Sales Reporting,Market / Trading Book Positions,Agreement,TRADE_ORDER; TRADE_EXECUTION; TRADING_POSITION
Finance & Peformance Management,MIS & Reporting,Sales Reporting,Account Limits,Cross Subject  -  Limits,AGREEMENT_LIMIT; LIMIT; PARTY_LIMIT
Finance & Peformance Management,MIS & Reporting,Sales Reporting,Predictive Models - propensity to buy,Party or Agreement,ANALYTICAL_MODEL; MODEL_RUN; MODEL_SCORE; PARTY_MODEL_SCORE
Finance & Peformance Management,MIS & Reporting,Sales Reporting,Predictive Models - attrition,Party or Agreement,ANALYTICAL_MODEL; MODEL_RUN; MODEL_SCORE; PARTY_MODEL_SCORE
Finance & Peformance Management,MIS & Reporting,Sales Reporting,Predictive Models - price elasticity,Party or Agreement,ANALYTICAL_MODEL; MODEL_RUN; MODEL_SCORE
Finance & Peformance Management,MIS & Reporting,Sales Reporting,Attribution Models - response,Party or Agreement,ANALYTICAL_MODEL; MODEL_RUN; CAMPAIGN_RESPONSE
Finance & Peformance Management,MIS & Reporting,Sales Reporting,Lead Foodchain data,Party or Agreement,OPPORTUNITY; OPPORTUNITY_STATUS; OPPORTUNITY_PARTY_ROLE
Finance & Peformance Management,MIS & Reporting,Sales Reporting,Financial Transactions,Event,MONETARY_TRANSACTION; TRANSACTION_TYPE; FINANCIAL_TRANSACTION; PAYMENT
Finance & Peformance Management,MIS & Reporting,Sales Reporting,Master & Reference Data - Campaign,Campaign,CAMPAIGN; CAMPAIGN_TYPE; CAMPAIGN_STATUS; CAMPAIGN_WAVE
Finance & Peformance Management,MIS & Reporting,Sales Reporting,Campaign History Data,Campaign,CAMPAIGN; CAMPAIGN_RESPONSE; CAMPAIGN_OFFER_RESPONSE; CAMPAIGN_WAVE
Finance & Peformance Management,MIS & Reporting,Sales Reporting,Master & Reference Data - Channel,Channel,CHANNEL_TYPE; CHANNEL_INSTANCE; CHANNEL_CLASSIFICATION
Finance & Peformance Management,MIS & Reporting,Performance Reporting,Single Customer View (Master Record),Party,PARTY; INDIVIDUAL; ORGANIZATION; HOUSEHOLD; PARTY_RELATIONSHIP; PARTY_IDENTIFICATION
Finance & Peformance Management,MIS & Reporting,Performance Reporting,KYC Data,Party,PARTY_IDENTIFICATION; PARTY_CLASSIFICATION; PARTY_IDENTITY_DOCUMENT; PARTY_COMPLIANCE_VERIFICATION
Finance & Peformance Management,MIS & Reporting,Performance Reporting,Customer Demographics,Party,INDIVIDUAL; PARTY_DEMOGRAPHIC; PARTY_CLASSIFICATION; PARTY_PREFERENCE
Finance & Peformance Management,MIS & Reporting,Performance Reporting,Customer Attitudinal Data,Party,PARTY_PREFERENCE; PARTY_CLASSIFICATION; PARTY_SURVEY_RESPONSE
Finance & Peformance Management,MIS & Reporting,Performance Reporting,Customer Segments,Party,PARTY_CLASSIFICATION; PARTY_SEGMENT; PARTY_CLASSIFICATION_VALUE
Finance & Peformance Management,MIS & Reporting,Performance Reporting,Customer Contact Preferences,Party,PARTY_PREFERENCE; PARTY_CONTACT_POINT; ELECTRONIC_ADDRESS; POSTAL_ADDRESS
Finance & Peformance Management,MIS & Reporting,Performance Reporting,Customer Marketing Preferences,Party,PARTY_PREFERENCE; PARTY_MARKETING_PREFERENCE; PARTY_CONSENT
Finance & Peformance Management,MIS & Reporting,Performance Reporting,Customer Satisfaction Measurement (E.g. NPS),Party,PARTY_SURVEY_RESPONSE; SURVEY; SURVEY_QUESTION_RESPONSE
Finance & Peformance Management,MIS & Reporting,Performance Reporting,Legal Actions,Party,PARTY_LEGAL_ACTION; LEGAL_ACTION; PARTY_LITIGATION
Finance & Peformance Management,MIS & Reporting,Performance Reporting,External Data - Social Media Data,Party,SOCIAL_MEDIA_ACCOUNT; SOCIAL_MEDIA_TRANSFER; SOCIAL_MEDIA_POST
Finance & Peformance Management,MIS & Reporting,Performance Reporting,External Data - Credit Rating,Party,PARTY_EXTERNAL_RATING; PARTY_LIABILITY_CREDIT_RATING; CREDIT_BUREAU_SCORE
Finance & Peformance Management,MIS & Reporting,Performance Reporting,Master & Reference Data - staff / colleague,Party,INDIVIDUAL; ASSOCIATE; ASSOCIATE_ASSIGNMENT; INTERNAL_ORGANIZATION_UNIT
Finance & Peformance Management,MIS & Reporting,Performance Reporting,"Sales and Performance Forecasts, Targets & KPIs",Party,PERFORMANCE_METRIC; PERFORMANCE_TARGET; ORGANIZATION_PERFORMANCE
Finance & Peformance Management,MIS & Reporting,Performance Reporting,HR Performance Data,Party,ASSOCIATE; ASSOCIATE_PERFORMANCE_REVIEW; ASSOCIATE_ASSIGNMENT
Finance & Peformance Management,MIS & Reporting,Performance Reporting,Master & Reference Data - geography / location,Location,GEOGRAPHICAL_AREA; GEOGRAPHICAL_UNIT; SITE; POSTAL_ADDRESS
Finance & Peformance Management,MIS & Reporting,Performance Reporting,Master & Reference Data - product,Product,Not mapped
Finance & Peformance Management,MIS & Reporting,Performance Reporting,Master & Reference Data - FTP rates,Product,INTEREST_RATE; INTEREST_RATE_INDEX; PRODUCT_INTEREST_RATE
Finance & Peformance Management,MIS & Reporting,Performance Reporting,Master & Reference Data - exchange rates,Product,CURRENCY; CURRENCY_EXCHANGE_RATE; CURRENCY_PAIR
Finance & Peformance Management,MIS & Reporting,Performance Reporting,"Product Revenue, Cost & Margin",Product,PRODUCT; PRODUCT_PRICING; PRODUCT_COST; AGREEMENT_SUMMARY
Finance & Peformance Management,MIS & Reporting,Performance Reporting,Product NPV's,Product,PRODUCT; PRODUCT_VALUATION; AGREEMENT_SUMMARY
Finance & Peformance Management,MIS & Reporting,Performance Reporting,External Data - market interest rates,Product,INTEREST_RATE_INDEX; INTEREST_RATE; MARKET_INDEX; MARKET_INDEX_VALUE
Finance & Peformance Management,MIS & Reporting,Performance Reporting,"External Data - market prices (E.g. equities, bonds, commodities)",Product,MARKET_INDEX; MARKET_INDEX_VALUE; INVESTMENT_PRODUCT; INVESTMENT_PRODUCT_PRICE
Finance & Peformance Management,MIS & Reporting,Performance Reporting,External Data - Competitor Product & Pricing,Party & Product,PRODUCT; MARKET_INDEX
Finance & Peformance Management,MIS & Reporting,Performance Reporting,Account / Policy / Service Holdings,Agreement,AGREEMENT; PARTY_AGREEMENT_ROLE; AGREEMENT_PARTY_ROLE; AGREEMENT_RELATIONSHIP
Finance & Peformance Management,MIS & Reporting,Performance Reporting,Account / Policy / Service Detail,Agreement,AGREEMENT; LOAN_TERM_AGREEMENT; DEPOSIT_AGREEMENT; INSURANCE_AGREEMENT; CREDIT_CARD_AGREEMENT
Finance & Peformance Management,MIS & Reporting,Performance Reporting,Account Status (open closed active / domant /inactive / closure reason ),Agreement,AGREEMENT; AGREEMENT_STATUS; AGREEMENT_STATUS_HISTORY
Finance & Peformance Management,MIS & Reporting,Performance Reporting,Account Terms & Conditions,Agreement,AGREEMENT; AGREEMENT_CONDITION; AGREEMENT_TERM
Finance & Peformance Management,MIS & Reporting,Performance Reporting,Account Feature Usage,Agreement,AGREEMENT_FEATURE; FEATURE; DESCRIPTIVE_FEATURE
Finance & Peformance Management,MIS & Reporting,Performance Reporting,"Application Data (New Customer, New Product)",Agreement,APPLICATION; APPLICATION_STATUS; APPLICATION_PARTY_ROLE
Finance & Peformance Management,MIS & Reporting,Performance Reporting,Coverage (insurance),Agreement,INSURANCE_COVERAGE; INSURANCE_AGREEMENT; COVERAGE_TYPE
Finance & Peformance Management,MIS & Reporting,Performance Reporting,Account Balances,Agreement,AGREEMENT_SUMMARY; BALANCE_SUMMARY; AGREEMENT_BALANCE
Finance & Peformance Management,MIS & Reporting,Performance Reporting,Investment Value,Agreement,INVESTMENT_ACCOUNT; INVESTMENT_HOLDING; INVESTMENT_PRODUCT_PRICE
Finance & Peformance Management,MIS & Reporting,Performance Reporting,Market / Trading Book Positions,Agreement,TRADE_ORDER; TRADE_EXECUTION; TRADING_POSITION
Finance & Peformance Management,MIS & Reporting,Performance Reporting,Mark to market valuations,Agreement,INVESTMENT_PRODUCT_PRICE; MARKET_INDEX_VALUE; AGREEMENT_VALUATION
Finance & Peformance Management,MIS & Reporting,Performance Reporting,Cashflow Projections,Agreement,AGREEMENT_CASHFLOW; CASHFLOW_SCHEDULE; AGREEMENT_SUMMARY
Finance & Peformance Management,MIS & Reporting,Performance Reporting,Account Maturity Dates & Repricing Schedules,Agreement,AGREEMENT; AGREEMENT_TERM; AGREEMENT_REPRICING_SCHEDULE
Finance & Peformance Management,MIS & Reporting,Performance Reporting,Account Repayment Schedules,Agreement,AGREEMENT_REPAYMENT_SCHEDULE; LOAN_TERM_AGREEMENT
Finance & Peformance Management,MIS & Reporting,Performance Reporting,Amortisation Schedules,Agreement,AGREEMENT_AMORTIZATION_SCHEDULE; LOAN_TERM_AGREEMENT
Finance & Peformance Management,MIS & Reporting,Performance Reporting,Customer Illustrations,Agreement,DOCUMENT; PARTY_DOCUMENT
Finance & Peformance Management,MIS & Reporting,Performance Reporting,Customer Quotes,Agreement,APPLICATION; QUOTE; DOCUMENT
Finance & Peformance Management,MIS & Reporting,Performance Reporting,Collateral Agreements,Agreement,COLLATERAL_AGREEMENT; COLLATERAL; COLLATERAL_VALUATION; PARTY_ASSET
Finance & Peformance Management,MIS & Reporting,Performance Reporting,Risk Exposures,Agreement,AGREEMENT_RISK_METRIC; RISK_EXPOSURE; CREDIT_RISK_SUMMARY
Finance & Peformance Management,MIS & Reporting,Performance Reporting,Risk Weighted Assets & Capital Results,Agreement,AGREEMENT_RISK_METRIC; BANK_CAPITAL_SUMMARY; CAPITAL_REQUIREMENTS_SUMMARY
Finance & Peformance Management,MIS & Reporting,Performance Reporting,Profitability Results,Agreement,AGREEMENT_SUMMARY; AGREEMENT_PROFITABILITY; PRODUCT_PROFITABILITY
Finance & Peformance Management,MIS & Reporting,Performance Reporting,Account Limits,Cross Subject  -  Limits,AGREEMENT_LIMIT; LIMIT; PARTY_LIMIT
Finance & Peformance Management,MIS & Reporting,Performance Reporting,Predictive Models - propensity to buy,Party or Agreement,ANALYTICAL_MODEL; MODEL_RUN; MODEL_SCORE; PARTY_MODEL_SCORE
Finance & Peformance Management,MIS & Reporting,Performance Reporting,Predictive Models - attrition,Party or Agreement,ANALYTICAL_MODEL; MODEL_RUN; MODEL_SCORE; PARTY_MODEL_SCORE
Finance & Peformance Management,MIS & Reporting,Performance Reporting,Predictive Models - price elasticity,Party or Agreement,ANALYTICAL_MODEL; MODEL_RUN; MODEL_SCORE
Finance & Peformance Management,MIS & Reporting,Performance Reporting,Attribution Models - response,Party or Agreement,ANALYTICAL_MODEL; MODEL_RUN; CAMPAIGN_RESPONSE
Finance & Peformance Management,MIS & Reporting,Performance Reporting,Lead Foodchain data,Party or Agreement,OPPORTUNITY; OPPORTUNITY_STATUS; OPPORTUNITY_PARTY_ROLE
Finance & Peformance Management,MIS & Reporting,Performance Reporting,Predictive Models - risk,Party or Agreement,ANALYTICAL_MODEL; MODEL_RUN; MODEL_SCORE; PARTY_LIABILITY_CREDIT_RATING
Finance & Peformance Management,MIS & Reporting,Performance Reporting,"Risk Segments, Cohorts & Groupings",Party or Agreement,PARTY_CLASSIFICATION; RISK_GRADE_VALUE; RISK_GRADE_SCHEME
Finance & Peformance Management,MIS & Reporting,Performance Reporting,"Provisions, Losses & Writeoffs",Party or Agreement,AGREEMENT_RISK_METRIC; PROVISION; WRITE_OFF; LOSS_EVENT
Finance & Peformance Management,MIS & Reporting,Performance Reporting,Financial Transactions,Event,MONETARY_TRANSACTION; TRANSACTION_TYPE; FINANCIAL_TRANSACTION; PAYMENT
Finance & Peformance Management,MIS & Reporting,Performance Reporting,"Account Fees, Commissions & Charges",Event,MONETARY_TRANSACTION; FEE_TRANSACTION; COMMISSION_TRANSACTION; AGREEMENT_FEE
Finance & Peformance Management,MIS & Reporting,Performance Reporting,Financial Interbank Payments,Event,PAYMENT; INTERBANK_PAYMENT; FINANCIAL_TRANSACTION
Finance & Peformance Management,MIS & Reporting,Performance Reporting,Non-Financial Transactions,Event,EVENT; NON_MONETARY_EVENT; DIRECT_CONTACT_EVENT
Finance & Peformance Management,MIS & Reporting,Performance Reporting,Service Usage,Event,CHANNEL_USAGE_METRIC; SERVICE_USAGE_EVENT; CHANNEL_INSTANCE
Finance & Peformance Management,MIS & Reporting,Performance Reporting,Complaint Data,Event,COMPLAINT; COMPLAINT_STATUS; COMPLAINT_RESOLUTION
Finance & Peformance Management,MIS & Reporting,Performance Reporting,Offline Customer Interactions - Branch,Event,DIRECT_CONTACT_EVENT; BRANCH_VISIT_EVENT; CHANNEL_INSTANCE
Finance & Peformance Management,MIS & Reporting,Performance Reporting,Offline Customer Interactions - Call Centre,Event,DIRECT_CONTACT_EVENT; CALL_EVENT; CHANNEL_INSTANCE
Finance & Peformance Management,MIS & Reporting,Performance Reporting,Offline Customer Interactions - letters,Event,DIRECT_CONTACT_EVENT; CORRESPONDENCE_EVENT; DOCUMENT
Finance & Peformance Management,MIS & Reporting,Performance Reporting,Offline Customer Interactions - sms text,Event,DIRECT_CONTACT_EVENT; SMS_EVENT; ELECTRONIC_ADDRESS
Finance & Peformance Management,MIS & Reporting,Performance Reporting,Online Interactions -  webchat (internal & external),Event,WEB_VISIT; WEB_PAGE_VIEW; ONLINE_INTERACTION_EVENT
Finance & Peformance Management,MIS & Reporting,Performance Reporting,Online Interactions colleague intranet,Event,WEB_VISIT; WEB_PAGE_VIEW
Finance & Peformance Management,MIS & Reporting,Performance Reporting,Online Interactions customer digital banking site (web log),Event,WEB_VISIT; WEB_PAGE_VIEW; EXTENDED_SESSION_INFORMATION; ONLINE_APPLICATION_ACCESS
Finance & Peformance Management,MIS & Reporting,Performance Reporting,Online Interactions customer general banking site,Event,WEB_VISIT; WEB_PAGE_VIEW; ONLINE_INTERACTION_EVENT
Finance & Peformance Management,MIS & Reporting,Performance Reporting,Online Interactions email - customer & employee,Event,DIRECT_CONTACT_EVENT; EMAIL_EVENT; ELECTRONIC_ADDRESS
Finance & Peformance Management,MIS & Reporting,Performance Reporting,Online Interactions mobile app,Event,WEB_VISIT; WEB_PAGE_VIEW; MOBILE_APP_EVENT; CHANNEL_INSTANCE
Finance & Peformance Management,MIS & Reporting,Performance Reporting,Online Interactions off-site - ad server,Event,AD; AD_PLACEMENT; AD_IMPRESSION; AD_CAMPAIGN_OBJECTIVE
Finance & Peformance Management,MIS & Reporting,Performance Reporting,Online Interactions prospect / unidentified customer (web log),Event,WEB_VISIT; WEB_PAGE_VIEW; VISITOR_INTERACTION_EVENT
Finance & Peformance Management,MIS & Reporting,Performance Reporting,"Case History (Fraud, Money Laundering, Complaint)",Event,CASE; CASE_EVENT; CASE_PARTY_ROLE; FRAUD_CASE
Finance & Peformance Management,MIS & Reporting,Performance Reporting,Claims,Event,CLAIM; CLAIM_STATUS; CLAIM_PARTY_ROLE; CLAIM_PAYMENT
Finance & Peformance Management,MIS & Reporting,Performance Reporting,Defaults & Limit Breaches,Event,AGREEMENT_STATUS; DEFAULT_EVENT; LIMIT_BREACH_EVENT; AGREEMENT_RISK_METRIC
Finance & Peformance Management,MIS & Reporting,Performance Reporting,Closed Loop Outcomes / Channel Responses,Event,CAMPAIGN_RESPONSE; CAMPAIGN_OFFER_RESPONSE; DIRECT_CONTACT_EVENT
Finance & Peformance Management,MIS & Reporting,Performance Reporting,Internal Process Activity Data,Event,EVENT; PROCESS_EVENT; OPERATIONAL_EVENT
Finance & Peformance Management,MIS & Reporting,Performance Reporting,Master & Reference Data - merchant / transaction,Event,MERCHANT; MERCHANT_CATEGORY; TRANSACTION_TYPE
Finance & Peformance Management,MIS & Reporting,Performance Reporting,Physical Assets,Party Asset,PARTY_ASSET; FIXED_ASSET; REAL_PROPERTY
Finance & Peformance Management,MIS & Reporting,Performance Reporting,Physical Asset Valuations,Party Asset,PARTY_ASSET_VALUATION; COLLATERAL_VALUATION; REAL_PROPERTY_VALUATION
Finance & Peformance Management,MIS & Reporting,Performance Reporting,Master & Reference Data - organisation hierarchy,Internal Organisation,ORGANIZATION; INTERNAL_ORGANIZATION_UNIT; ORGANIZATION_UNIT_RELATIONSHIP; ORGANIZATION_BUSINESS_TYPE
Finance & Peformance Management,MIS & Reporting,Performance Reporting,"Operational metrics (E.g. Wait times, queue length)",Internal Organisation,CHANNEL_USAGE_METRIC; OPERATIONAL_EVENT; SERVICE_LEVEL_METRIC
Finance & Peformance Management,MIS & Reporting,Performance Reporting,Offer Catalogue,Campaign,OFFER; OFFER_TYPE; CAMPAIGN_OFFER; PRODUCT
Finance & Peformance Management,MIS & Reporting,Performance Reporting,Master & Reference Data - Campaign,Campaign,CAMPAIGN; CAMPAIGN_TYPE; CAMPAIGN_STATUS; CAMPAIGN_WAVE
Finance & Peformance Management,MIS & Reporting,Performance Reporting,Campaign Production Costs,Campaign,CAMPAIGN; CAMPAIGN_COST; CAMPAIGN_BUDGET
Finance & Peformance Management,MIS & Reporting,Performance Reporting,Campaign History Data,Campaign,CAMPAIGN; CAMPAIGN_RESPONSE; CAMPAIGN_OFFER_RESPONSE; CAMPAIGN_WAVE
Finance & Peformance Management,MIS & Reporting,Performance Reporting,Media Asset Details,Campaign,MEDIA_ASSET; DOCUMENT; DIGITAL_CONTENT
Finance & Peformance Management,MIS & Reporting,Performance Reporting,Campaign Promotional Calendar,Campaign,CAMPAIGN; CAMPAIGN_WAVE; CAMPAIGN_SCHEDULE
Finance & Peformance Management,MIS & Reporting,Performance Reporting,Master & Reference Data - Channel,Channel,CHANNEL_TYPE; CHANNEL_INSTANCE; CHANNEL_CLASSIFICATION
Finance & Peformance Management,MIS & Reporting,Performance Reporting,Finance Systems - General Ledger,Finance,Not mapped
Finance & Peformance Management,MIS & Reporting,Performance Reporting,Finance Systems - ERP,Finance,GL_ACCOUNT; GL_MAIN_ACCOUNT; VENDOR; VENDOR_INVOICE
Finance & Peformance Management,MIS & Reporting,Performance Reporting,"Finance Systems - Budgets, Plans & Forecasts",Finance,GL_ACCOUNT; BUDGET; FORECAST; FINANCIAL_PLAN
Finance & Peformance Management,MIS & Reporting,Performance Reporting,"Model Metadata (E.g. defintion, assumptions, metrics)",Analytical Model,ANALYTICAL_MODEL; MODEL_RUN; MODEL_PARAMETER
Finance & Peformance Management,MIS & Reporting,Performance Reporting,Risk Scenario & Stress Testing Results,Analytical Model,RISK_CALCULATION_SCENARIO; RISK_SCENARIO_RESULT; STRESS_TEST_RESULT
Finance & Peformance Management,MIS & Reporting,Performance Reporting,"Documents - Structured Data Capture (Survey, Application Forms)",Cross Subject - Document,DOCUMENT; DOCUMENT_TYPE; SURVEY; APPLICATION
Finance & Peformance Management,MIS & Reporting,Performance Reporting,Customer Research - Primary & Secondary,Cross Subject - Survey,SURVEY; SURVEY_QUESTION_RESPONSE; PARTY_SURVEY_RESPONSE
Finance & Peformance Management,MIS & Reporting,Performance Reporting,Compliance Approvals,Cross Subject,COMPLIANCE_EVENT; APPROVAL; PARTY_COMPLIANCE_VERIFICATION
Finance & Peformance Management,MIS & Reporting,Exception Reporting,Single Customer View (Master Record),Party,PARTY; INDIVIDUAL; ORGANIZATION; HOUSEHOLD; PARTY_RELATIONSHIP; PARTY_IDENTIFICATION
Finance & Peformance Management,MIS & Reporting,Exception Reporting,KYC Data,Party,PARTY_IDENTIFICATION; PARTY_CLASSIFICATION; PARTY_IDENTITY_DOCUMENT; PARTY_COMPLIANCE_VERIFICATION
Finance & Peformance Management,MIS & Reporting,Exception Reporting,Customer Demographics,Party,INDIVIDUAL; PARTY_DEMOGRAPHIC; PARTY_CLASSIFICATION; PARTY_PREFERENCE
Finance & Peformance Management,MIS & Reporting,Exception Reporting,Customer Attitudinal Data,Party,PARTY_PREFERENCE; PARTY_CLASSIFICATION; PARTY_SURVEY_RESPONSE
Finance & Peformance Management,MIS & Reporting,Exception Reporting,Customer Segments,Party,PARTY_CLASSIFICATION; PARTY_SEGMENT; PARTY_CLASSIFICATION_VALUE
Finance & Peformance Management,MIS & Reporting,Exception Reporting,Customer Contact Preferences,Party,PARTY_PREFERENCE; PARTY_CONTACT_POINT; ELECTRONIC_ADDRESS; POSTAL_ADDRESS
Finance & Peformance Management,MIS & Reporting,Exception Reporting,Customer Marketing Preferences,Party,PARTY_PREFERENCE; PARTY_MARKETING_PREFERENCE; PARTY_CONSENT
Finance & Peformance Management,MIS & Reporting,Exception Reporting,Customer Satisfaction Measurement (E.g. NPS),Party,PARTY_SURVEY_RESPONSE; SURVEY; SURVEY_QUESTION_RESPONSE
Finance & Peformance Management,MIS & Reporting,Exception Reporting,Legal Actions,Party,PARTY_LEGAL_ACTION; LEGAL_ACTION; PARTY_LITIGATION
Finance & Peformance Management,MIS & Reporting,Exception Reporting,External Data - Social Media Data,Party,SOCIAL_MEDIA_ACCOUNT; SOCIAL_MEDIA_TRANSFER; SOCIAL_MEDIA_POST
Finance & Peformance Management,MIS & Reporting,Exception Reporting,External Data - Credit Rating,Party,PARTY_EXTERNAL_RATING; PARTY_LIABILITY_CREDIT_RATING; CREDIT_BUREAU_SCORE
Finance & Peformance Management,MIS & Reporting,Exception Reporting,Master & Reference Data - staff / colleague,Party,INDIVIDUAL; ASSOCIATE; ASSOCIATE_ASSIGNMENT; INTERNAL_ORGANIZATION_UNIT
Finance & Peformance Management,MIS & Reporting,Exception Reporting,"Sales and Performance Forecasts, Targets & KPIs",Party,PERFORMANCE_METRIC; PERFORMANCE_TARGET; ORGANIZATION_PERFORMANCE
Finance & Peformance Management,MIS & Reporting,Exception Reporting,HR Performance Data,Party,ASSOCIATE; ASSOCIATE_PERFORMANCE_REVIEW; ASSOCIATE_ASSIGNMENT
Finance & Peformance Management,MIS & Reporting,Exception Reporting,Master & Reference Data - geography / location,Location,GEOGRAPHICAL_AREA; GEOGRAPHICAL_UNIT; SITE; POSTAL_ADDRESS
Finance & Peformance Management,MIS & Reporting,Exception Reporting,Master & Reference Data - product,Product,Not mapped
Finance & Peformance Management,MIS & Reporting,Exception Reporting,Master & Reference Data - FTP rates,Product,INTEREST_RATE; INTEREST_RATE_INDEX; PRODUCT_INTEREST_RATE
Finance & Peformance Management,MIS & Reporting,Exception Reporting,Master & Reference Data - exchange rates,Product,CURRENCY; CURRENCY_EXCHANGE_RATE; CURRENCY_PAIR
Finance & Peformance Management,MIS & Reporting,Exception Reporting,"Product Revenue, Cost & Margin",Product,PRODUCT; PRODUCT_PRICING; PRODUCT_COST; AGREEMENT_SUMMARY
Finance & Peformance Management,MIS & Reporting,Exception Reporting,Product NPV's,Product,PRODUCT; PRODUCT_VALUATION; AGREEMENT_SUMMARY
Finance & Peformance Management,MIS & Reporting,Exception Reporting,External Data - market interest rates,Product,INTEREST_RATE_INDEX; INTEREST_RATE; MARKET_INDEX; MARKET_INDEX_VALUE
Finance & Peformance Management,MIS & Reporting,Exception Reporting,"External Data - market prices (E.g. equities, bonds, commodities)",Product,MARKET_INDEX; MARKET_INDEX_VALUE; INVESTMENT_PRODUCT; INVESTMENT_PRODUCT_PRICE
Finance & Peformance Management,MIS & Reporting,Exception Reporting,External Data - Competitor Product & Pricing,Party & Product,PRODUCT; MARKET_INDEX
Finance & Peformance Management,MIS & Reporting,Exception Reporting,Account / Policy / Service Holdings,Agreement,AGREEMENT; PARTY_AGREEMENT_ROLE; AGREEMENT_PARTY_ROLE; AGREEMENT_RELATIONSHIP
Finance & Peformance Management,MIS & Reporting,Exception Reporting,Account / Policy / Service Detail,Agreement,AGREEMENT; LOAN_TERM_AGREEMENT; DEPOSIT_AGREEMENT; INSURANCE_AGREEMENT; CREDIT_CARD_AGREEMENT
Finance & Peformance Management,MIS & Reporting,Exception Reporting,Account Status (open closed active / domant /inactive / closure reason ),Agreement,AGREEMENT; AGREEMENT_STATUS; AGREEMENT_STATUS_HISTORY
Finance & Peformance Management,MIS & Reporting,Exception Reporting,Account Terms & Conditions,Agreement,AGREEMENT; AGREEMENT_CONDITION; AGREEMENT_TERM
Finance & Peformance Management,MIS & Reporting,Exception Reporting,Account Feature Usage,Agreement,AGREEMENT_FEATURE; FEATURE; DESCRIPTIVE_FEATURE
Finance & Peformance Management,MIS & Reporting,Exception Reporting,"Application Data (New Customer, New Product)",Agreement,APPLICATION; APPLICATION_STATUS; APPLICATION_PARTY_ROLE
Finance & Peformance Management,MIS & Reporting,Exception Reporting,Coverage (insurance),Agreement,INSURANCE_COVERAGE; INSURANCE_AGREEMENT; COVERAGE_TYPE
Finance & Peformance Management,MIS & Reporting,Exception Reporting,Account Balances,Agreement,AGREEMENT_SUMMARY; BALANCE_SUMMARY; AGREEMENT_BALANCE
Finance & Peformance Management,MIS & Reporting,Exception Reporting,Investment Value,Agreement,INVESTMENT_ACCOUNT; INVESTMENT_HOLDING; INVESTMENT_PRODUCT_PRICE
Finance & Peformance Management,MIS & Reporting,Exception Reporting,Market / Trading Book Positions,Agreement,TRADE_ORDER; TRADE_EXECUTION; TRADING_POSITION
Finance & Peformance Management,MIS & Reporting,Exception Reporting,Mark to market valuations,Agreement,INVESTMENT_PRODUCT_PRICE; MARKET_INDEX_VALUE; AGREEMENT_VALUATION
Finance & Peformance Management,MIS & Reporting,Exception Reporting,Cashflow Projections,Agreement,AGREEMENT_CASHFLOW; CASHFLOW_SCHEDULE; AGREEMENT_SUMMARY
Finance & Peformance Management,MIS & Reporting,Exception Reporting,Account Maturity Dates & Repricing Schedules,Agreement,AGREEMENT; AGREEMENT_TERM; AGREEMENT_REPRICING_SCHEDULE
Finance & Peformance Management,MIS & Reporting,Exception Reporting,Account Repayment Schedules,Agreement,AGREEMENT_REPAYMENT_SCHEDULE; LOAN_TERM_AGREEMENT
Finance & Peformance Management,MIS & Reporting,Exception Reporting,Amortisation Schedules,Agreement,AGREEMENT_AMORTIZATION_SCHEDULE; LOAN_TERM_AGREEMENT
Finance & Peformance Management,MIS & Reporting,Exception Reporting,Customer Illustrations,Agreement,DOCUMENT; PARTY_DOCUMENT
Finance & Peformance Management,MIS & Reporting,Exception Reporting,Customer Quotes,Agreement,APPLICATION; QUOTE; DOCUMENT
Finance & Peformance Management,MIS & Reporting,Exception Reporting,Collateral Agreements,Agreement,COLLATERAL_AGREEMENT; COLLATERAL; COLLATERAL_VALUATION; PARTY_ASSET
Finance & Peformance Management,MIS & Reporting,Exception Reporting,Risk Exposures,Agreement,AGREEMENT_RISK_METRIC; RISK_EXPOSURE; CREDIT_RISK_SUMMARY
Finance & Peformance Management,MIS & Reporting,Exception Reporting,Risk Weighted Assets & Capital Results,Agreement,AGREEMENT_RISK_METRIC; BANK_CAPITAL_SUMMARY; CAPITAL_REQUIREMENTS_SUMMARY
Finance & Peformance Management,MIS & Reporting,Exception Reporting,Profitability Results,Agreement,AGREEMENT_SUMMARY; AGREEMENT_PROFITABILITY; PRODUCT_PROFITABILITY
Finance & Peformance Management,MIS & Reporting,Exception Reporting,Account Limits,Cross Subject  -  Limits,AGREEMENT_LIMIT; LIMIT; PARTY_LIMIT
Finance & Peformance Management,MIS & Reporting,Exception Reporting,Predictive Models - propensity to buy,Party or Agreement,ANALYTICAL_MODEL; MODEL_RUN; MODEL_SCORE; PARTY_MODEL_SCORE
Finance & Peformance Management,MIS & Reporting,Exception Reporting,Predictive Models - attrition,Party or Agreement,ANALYTICAL_MODEL; MODEL_RUN; MODEL_SCORE; PARTY_MODEL_SCORE
Finance & Peformance Management,MIS & Reporting,Exception Reporting,Predictive Models - price elasticity,Party or Agreement,ANALYTICAL_MODEL; MODEL_RUN; MODEL_SCORE
Finance & Peformance Management,MIS & Reporting,Exception Reporting,Attribution Models - response,Party or Agreement,ANALYTICAL_MODEL; MODEL_RUN; CAMPAIGN_RESPONSE
Finance & Peformance Management,MIS & Reporting,Exception Reporting,Lead Foodchain data,Party or Agreement,OPPORTUNITY; OPPORTUNITY_STATUS; OPPORTUNITY_PARTY_ROLE
Finance & Peformance Management,MIS & Reporting,Exception Reporting,Predictive Models - risk,Party or Agreement,ANALYTICAL_MODEL; MODEL_RUN; MODEL_SCORE; PARTY_LIABILITY_CREDIT_RATING
Finance & Peformance Management,MIS & Reporting,Exception Reporting,"Risk Segments, Cohorts & Groupings",Party or Agreement,PARTY_CLASSIFICATION; RISK_GRADE_VALUE; RISK_GRADE_SCHEME
Finance & Peformance Management,MIS & Reporting,Exception Reporting,"Provisions, Losses & Writeoffs",Party or Agreement,AGREEMENT_RISK_METRIC; PROVISION; WRITE_OFF; LOSS_EVENT
Finance & Peformance Management,MIS & Reporting,Exception Reporting,Financial Transactions,Event,MONETARY_TRANSACTION; TRANSACTION_TYPE; FINANCIAL_TRANSACTION; PAYMENT
Finance & Peformance Management,MIS & Reporting,Exception Reporting,"Account Fees, Commissions & Charges",Event,MONETARY_TRANSACTION; FEE_TRANSACTION; COMMISSION_TRANSACTION; AGREEMENT_FEE
Finance & Peformance Management,MIS & Reporting,Exception Reporting,Financial Interbank Payments,Event,PAYMENT; INTERBANK_PAYMENT; FINANCIAL_TRANSACTION
Finance & Peformance Management,MIS & Reporting,Exception Reporting,Non-Financial Transactions,Event,EVENT; NON_MONETARY_EVENT; DIRECT_CONTACT_EVENT
Finance & Peformance Management,MIS & Reporting,Exception Reporting,Service Usage,Event,CHANNEL_USAGE_METRIC; SERVICE_USAGE_EVENT; CHANNEL_INSTANCE
Finance & Peformance Management,MIS & Reporting,Exception Reporting,Complaint Data,Event,COMPLAINT; COMPLAINT_STATUS; COMPLAINT_RESOLUTION
Finance & Peformance Management,MIS & Reporting,Exception Reporting,Offline Customer Interactions - Branch,Event,DIRECT_CONTACT_EVENT; BRANCH_VISIT_EVENT; CHANNEL_INSTANCE
Finance & Peformance Management,MIS & Reporting,Exception Reporting,Offline Customer Interactions - Call Centre,Event,DIRECT_CONTACT_EVENT; CALL_EVENT; CHANNEL_INSTANCE
Finance & Peformance Management,MIS & Reporting,Exception Reporting,Offline Customer Interactions - letters,Event,DIRECT_CONTACT_EVENT; CORRESPONDENCE_EVENT; DOCUMENT
Finance & Peformance Management,MIS & Reporting,Exception Reporting,Offline Customer Interactions - sms text,Event,DIRECT_CONTACT_EVENT; SMS_EVENT; ELECTRONIC_ADDRESS
Finance & Peformance Management,MIS & Reporting,Exception Reporting,Online Interactions -  webchat (internal & external),Event,WEB_VISIT; WEB_PAGE_VIEW; ONLINE_INTERACTION_EVENT
Finance & Peformance Management,MIS & Reporting,Exception Reporting,Online Interactions colleague intranet,Event,WEB_VISIT; WEB_PAGE_VIEW
Finance & Peformance Management,MIS & Reporting,Exception Reporting,Online Interactions customer digital banking site (web log),Event,WEB_VISIT; WEB_PAGE_VIEW; EXTENDED_SESSION_INFORMATION; ONLINE_APPLICATION_ACCESS
Finance & Peformance Management,MIS & Reporting,Exception Reporting,Online Interactions customer general banking site,Event,WEB_VISIT; WEB_PAGE_VIEW; ONLINE_INTERACTION_EVENT
Finance & Peformance Management,MIS & Reporting,Exception Reporting,Online Interactions email - customer & employee,Event,DIRECT_CONTACT_EVENT; EMAIL_EVENT; ELECTRONIC_ADDRESS
Finance & Peformance Management,MIS & Reporting,Exception Reporting,Online Interactions mobile app,Event,WEB_VISIT; WEB_PAGE_VIEW; MOBILE_APP_EVENT; CHANNEL_INSTANCE
Finance & Peformance Management,MIS & Reporting,Exception Reporting,Online Interactions off-site - ad server,Event,AD; AD_PLACEMENT; AD_IMPRESSION; AD_CAMPAIGN_OBJECTIVE
Finance & Peformance Management,MIS & Reporting,Exception Reporting,Online Interactions prospect / unidentified customer (web log),Event,WEB_VISIT; WEB_PAGE_VIEW; VISITOR_INTERACTION_EVENT
Finance & Peformance Management,MIS & Reporting,Exception Reporting,"Case History (Fraud, Money Laundering, Complaint)",Event,CASE; CASE_EVENT; CASE_PARTY_ROLE; FRAUD_CASE
Finance & Peformance Management,MIS & Reporting,Exception Reporting,Claims,Event,CLAIM; CLAIM_STATUS; CLAIM_PARTY_ROLE; CLAIM_PAYMENT
Finance & Peformance Management,MIS & Reporting,Exception Reporting,Defaults & Limit Breaches,Event,AGREEMENT_STATUS; DEFAULT_EVENT; LIMIT_BREACH_EVENT; AGREEMENT_RISK_METRIC
Finance & Peformance Management,MIS & Reporting,Exception Reporting,Closed Loop Outcomes / Channel Responses,Event,CAMPAIGN_RESPONSE; CAMPAIGN_OFFER_RESPONSE; DIRECT_CONTACT_EVENT
Finance & Peformance Management,MIS & Reporting,Exception Reporting,Internal Process Activity Data,Event,EVENT; PROCESS_EVENT; OPERATIONAL_EVENT
Finance & Peformance Management,MIS & Reporting,Exception Reporting,Master & Reference Data - merchant / transaction,Event,MERCHANT; MERCHANT_CATEGORY; TRANSACTION_TYPE
Finance & Peformance Management,MIS & Reporting,Exception Reporting,Physical Assets,Party Asset,PARTY_ASSET; FIXED_ASSET; REAL_PROPERTY
Finance & Peformance Management,MIS & Reporting,Exception Reporting,Physical Asset Valuations,Party Asset,PARTY_ASSET_VALUATION; COLLATERAL_VALUATION; REAL_PROPERTY_VALUATION
Finance & Peformance Management,MIS & Reporting,Exception Reporting,Master & Reference Data - organisation hierarchy,Internal Organisation,ORGANIZATION; INTERNAL_ORGANIZATION_UNIT; ORGANIZATION_UNIT_RELATIONSHIP; ORGANIZATION_BUSINESS_TYPE
Finance & Peformance Management,MIS & Reporting,Exception Reporting,"Operational metrics (E.g. Wait times, queue length)",Internal Organisation,CHANNEL_USAGE_METRIC; OPERATIONAL_EVENT; SERVICE_LEVEL_METRIC
Finance & Peformance Management,MIS & Reporting,Exception Reporting,Offer Catalogue,Campaign,OFFER; OFFER_TYPE; CAMPAIGN_OFFER; PRODUCT
Finance & Peformance Management,MIS & Reporting,Exception Reporting,Master & Reference Data - Campaign,Campaign,CAMPAIGN; CAMPAIGN_TYPE; CAMPAIGN_STATUS; CAMPAIGN_WAVE
Finance & Peformance Management,MIS & Reporting,Exception Reporting,Campaign Production Costs,Campaign,CAMPAIGN; CAMPAIGN_COST; CAMPAIGN_BUDGET
Finance & Peformance Management,MIS & Reporting,Exception Reporting,Campaign History Data,Campaign,CAMPAIGN; CAMPAIGN_RESPONSE; CAMPAIGN_OFFER_RESPONSE; CAMPAIGN_WAVE
Finance & Peformance Management,MIS & Reporting,Exception Reporting,Media Asset Details,Campaign,MEDIA_ASSET; DOCUMENT; DIGITAL_CONTENT
Finance & Peformance Management,MIS & Reporting,Exception Reporting,Campaign Promotional Calendar,Campaign,CAMPAIGN; CAMPAIGN_WAVE; CAMPAIGN_SCHEDULE
Finance & Peformance Management,MIS & Reporting,Exception Reporting,Master & Reference Data - Channel,Channel,CHANNEL_TYPE; CHANNEL_INSTANCE; CHANNEL_CLASSIFICATION
Finance & Peformance Management,MIS & Reporting,Exception Reporting,Finance Systems - General Ledger,Finance,Not mapped
Finance & Peformance Management,MIS & Reporting,Exception Reporting,Finance Systems - ERP,Finance,GL_ACCOUNT; GL_MAIN_ACCOUNT; VENDOR; VENDOR_INVOICE
Finance & Peformance Management,MIS & Reporting,Exception Reporting,"Finance Systems - Budgets, Plans & Forecasts",Finance,GL_ACCOUNT; BUDGET; FORECAST; FINANCIAL_PLAN
Finance & Peformance Management,MIS & Reporting,Exception Reporting,"Model Metadata (E.g. defintion, assumptions, metrics)",Analytical Model,ANALYTICAL_MODEL; MODEL_RUN; MODEL_PARAMETER
Finance & Peformance Management,MIS & Reporting,Exception Reporting,Risk Scenario & Stress Testing Results,Analytical Model,RISK_CALCULATION_SCENARIO; RISK_SCENARIO_RESULT; STRESS_TEST_RESULT
Finance & Peformance Management,MIS & Reporting,Exception Reporting,"Documents - Structured Data Capture (Survey, Application Forms)",Cross Subject - Document,DOCUMENT; DOCUMENT_TYPE; SURVEY; APPLICATION
Finance & Peformance Management,MIS & Reporting,Exception Reporting,Customer Research - Primary & Secondary,Cross Subject - Survey,SURVEY; SURVEY_QUESTION_RESPONSE; PARTY_SURVEY_RESPONSE
Finance & Peformance Management,MIS & Reporting,Exception Reporting,Compliance Approvals,Cross Subject,COMPLIANCE_EVENT; APPROVAL; PARTY_COMPLIANCE_VERIFICATION
Finance & Peformance Management,MIS & Reporting,Executive Dashboards,Single Customer View (Master Record),Party,PARTY; INDIVIDUAL; ORGANIZATION; HOUSEHOLD; PARTY_RELATIONSHIP; PARTY_IDENTIFICATION
Finance & Peformance Management,MIS & Reporting,Executive Dashboards,KYC Data,Party,PARTY_IDENTIFICATION; PARTY_CLASSIFICATION; PARTY_IDENTITY_DOCUMENT; PARTY_COMPLIANCE_VERIFICATION
Finance & Peformance Management,MIS & Reporting,Executive Dashboards,Customer Demographics,Party,INDIVIDUAL; PARTY_DEMOGRAPHIC; PARTY_CLASSIFICATION; PARTY_PREFERENCE
Finance & Peformance Management,MIS & Reporting,Executive Dashboards,Customer Attitudinal Data,Party,PARTY_PREFERENCE; PARTY_CLASSIFICATION; PARTY_SURVEY_RESPONSE
Finance & Peformance Management,MIS & Reporting,Executive Dashboards,Customer Segments,Party,PARTY_CLASSIFICATION; PARTY_SEGMENT; PARTY_CLASSIFICATION_VALUE
Finance & Peformance Management,MIS & Reporting,Executive Dashboards,Customer Contact Preferences,Party,PARTY_PREFERENCE; PARTY_CONTACT_POINT; ELECTRONIC_ADDRESS; POSTAL_ADDRESS
Finance & Peformance Management,MIS & Reporting,Executive Dashboards,Customer Marketing Preferences,Party,PARTY_PREFERENCE; PARTY_MARKETING_PREFERENCE; PARTY_CONSENT
Finance & Peformance Management,MIS & Reporting,Executive Dashboards,Customer Satisfaction Measurement (E.g. NPS),Party,PARTY_SURVEY_RESPONSE; SURVEY; SURVEY_QUESTION_RESPONSE
Finance & Peformance Management,MIS & Reporting,Executive Dashboards,Legal Actions,Party,PARTY_LEGAL_ACTION; LEGAL_ACTION; PARTY_LITIGATION
Finance & Peformance Management,MIS & Reporting,Executive Dashboards,External Data - Social Media Data,Party,SOCIAL_MEDIA_ACCOUNT; SOCIAL_MEDIA_TRANSFER; SOCIAL_MEDIA_POST
Finance & Peformance Management,MIS & Reporting,Executive Dashboards,External Data - Credit Rating,Party,PARTY_EXTERNAL_RATING; PARTY_LIABILITY_CREDIT_RATING; CREDIT_BUREAU_SCORE
Finance & Peformance Management,MIS & Reporting,Executive Dashboards,Master & Reference Data - staff / colleague,Party,INDIVIDUAL; ASSOCIATE; ASSOCIATE_ASSIGNMENT; INTERNAL_ORGANIZATION_UNIT
Finance & Peformance Management,MIS & Reporting,Executive Dashboards,"Sales and Performance Forecasts, Targets & KPIs",Party,PERFORMANCE_METRIC; PERFORMANCE_TARGET; ORGANIZATION_PERFORMANCE
Finance & Peformance Management,MIS & Reporting,Executive Dashboards,HR Performance Data,Party,ASSOCIATE; ASSOCIATE_PERFORMANCE_REVIEW; ASSOCIATE_ASSIGNMENT
Finance & Peformance Management,MIS & Reporting,Executive Dashboards,Master & Reference Data - geography / location,Location,GEOGRAPHICAL_AREA; GEOGRAPHICAL_UNIT; SITE; POSTAL_ADDRESS
Finance & Peformance Management,MIS & Reporting,Executive Dashboards,Master & Reference Data - product,Product,Not mapped
Finance & Peformance Management,MIS & Reporting,Executive Dashboards,Master & Reference Data - FTP rates,Product,INTEREST_RATE; INTEREST_RATE_INDEX; PRODUCT_INTEREST_RATE
Finance & Peformance Management,MIS & Reporting,Executive Dashboards,Master & Reference Data - exchange rates,Product,CURRENCY; CURRENCY_EXCHANGE_RATE; CURRENCY_PAIR
Finance & Peformance Management,MIS & Reporting,Executive Dashboards,"Product Revenue, Cost & Margin",Product,PRODUCT; PRODUCT_PRICING; PRODUCT_COST; AGREEMENT_SUMMARY
Finance & Peformance Management,MIS & Reporting,Executive Dashboards,Product NPV's,Product,PRODUCT; PRODUCT_VALUATION; AGREEMENT_SUMMARY
Finance & Peformance Management,MIS & Reporting,Executive Dashboards,External Data - market interest rates,Product,INTEREST_RATE_INDEX; INTEREST_RATE; MARKET_INDEX; MARKET_INDEX_VALUE
Finance & Peformance Management,MIS & Reporting,Executive Dashboards,"External Data - market prices (E.g. equities, bonds, commodities)",Product,MARKET_INDEX; MARKET_INDEX_VALUE; INVESTMENT_PRODUCT; INVESTMENT_PRODUCT_PRICE
Finance & Peformance Management,MIS & Reporting,Executive Dashboards,External Data - Competitor Product & Pricing,Party & Product,PRODUCT; MARKET_INDEX
Finance & Peformance Management,MIS & Reporting,Executive Dashboards,Account / Policy / Service Holdings,Agreement,AGREEMENT; PARTY_AGREEMENT_ROLE; AGREEMENT_PARTY_ROLE; AGREEMENT_RELATIONSHIP
Finance & Peformance Management,MIS & Reporting,Executive Dashboards,Account / Policy / Service Detail,Agreement,AGREEMENT; LOAN_TERM_AGREEMENT; DEPOSIT_AGREEMENT; INSURANCE_AGREEMENT; CREDIT_CARD_AGREEMENT
Finance & Peformance Management,MIS & Reporting,Executive Dashboards,Account Status (open closed active / domant /inactive / closure reason ),Agreement,AGREEMENT; AGREEMENT_STATUS; AGREEMENT_STATUS_HISTORY
Finance & Peformance Management,MIS & Reporting,Executive Dashboards,Account Terms & Conditions,Agreement,AGREEMENT; AGREEMENT_CONDITION; AGREEMENT_TERM
Finance & Peformance Management,MIS & Reporting,Executive Dashboards,Account Feature Usage,Agreement,AGREEMENT_FEATURE; FEATURE; DESCRIPTIVE_FEATURE
Finance & Peformance Management,MIS & Reporting,Executive Dashboards,"Application Data (New Customer, New Product)",Agreement,APPLICATION; APPLICATION_STATUS; APPLICATION_PARTY_ROLE
Finance & Peformance Management,MIS & Reporting,Executive Dashboards,Coverage (insurance),Agreement,INSURANCE_COVERAGE; INSURANCE_AGREEMENT; COVERAGE_TYPE
Finance & Peformance Management,MIS & Reporting,Executive Dashboards,Account Balances,Agreement,AGREEMENT_SUMMARY; BALANCE_SUMMARY; AGREEMENT_BALANCE
Finance & Peformance Management,MIS & Reporting,Executive Dashboards,Investment Value,Agreement,INVESTMENT_ACCOUNT; INVESTMENT_HOLDING; INVESTMENT_PRODUCT_PRICE
Finance & Peformance Management,MIS & Reporting,Executive Dashboards,Market / Trading Book Positions,Agreement,TRADE_ORDER; TRADE_EXECUTION; TRADING_POSITION
Finance & Peformance Management,MIS & Reporting,Executive Dashboards,Mark to market valuations,Agreement,INVESTMENT_PRODUCT_PRICE; MARKET_INDEX_VALUE; AGREEMENT_VALUATION
Finance & Peformance Management,MIS & Reporting,Executive Dashboards,Cashflow Projections,Agreement,AGREEMENT_CASHFLOW; CASHFLOW_SCHEDULE; AGREEMENT_SUMMARY
Finance & Peformance Management,MIS & Reporting,Executive Dashboards,Account Maturity Dates & Repricing Schedules,Agreement,AGREEMENT; AGREEMENT_TERM; AGREEMENT_REPRICING_SCHEDULE
Finance & Peformance Management,MIS & Reporting,Executive Dashboards,Account Repayment Schedules,Agreement,AGREEMENT_REPAYMENT_SCHEDULE; LOAN_TERM_AGREEMENT
Finance & Peformance Management,MIS & Reporting,Executive Dashboards,Amortisation Schedules,Agreement,AGREEMENT_AMORTIZATION_SCHEDULE; LOAN_TERM_AGREEMENT
Finance & Peformance Management,MIS & Reporting,Executive Dashboards,Customer Illustrations,Agreement,DOCUMENT; PARTY_DOCUMENT
Finance & Peformance Management,MIS & Reporting,Executive Dashboards,Customer Quotes,Agreement,APPLICATION; QUOTE; DOCUMENT
Finance & Peformance Management,MIS & Reporting,Executive Dashboards,Collateral Agreements,Agreement,COLLATERAL_AGREEMENT; COLLATERAL; COLLATERAL_VALUATION; PARTY_ASSET
Finance & Peformance Management,MIS & Reporting,Executive Dashboards,Risk Exposures,Agreement,AGREEMENT_RISK_METRIC; RISK_EXPOSURE; CREDIT_RISK_SUMMARY
Finance & Peformance Management,MIS & Reporting,Executive Dashboards,Risk Weighted Assets & Capital Results,Agreement,AGREEMENT_RISK_METRIC; BANK_CAPITAL_SUMMARY; CAPITAL_REQUIREMENTS_SUMMARY
Finance & Peformance Management,MIS & Reporting,Executive Dashboards,Profitability Results,Agreement,AGREEMENT_SUMMARY; AGREEMENT_PROFITABILITY; PRODUCT_PROFITABILITY
Finance & Peformance Management,MIS & Reporting,Executive Dashboards,Account Limits,Cross Subject  -  Limits,AGREEMENT_LIMIT; LIMIT; PARTY_LIMIT
Finance & Peformance Management,MIS & Reporting,Executive Dashboards,Predictive Models - propensity to buy,Party or Agreement,ANALYTICAL_MODEL; MODEL_RUN; MODEL_SCORE; PARTY_MODEL_SCORE
Finance & Peformance Management,MIS & Reporting,Executive Dashboards,Predictive Models - attrition,Party or Agreement,ANALYTICAL_MODEL; MODEL_RUN; MODEL_SCORE; PARTY_MODEL_SCORE
Finance & Peformance Management,MIS & Reporting,Executive Dashboards,Predictive Models - price elasticity,Party or Agreement,ANALYTICAL_MODEL; MODEL_RUN; MODEL_SCORE
Finance & Peformance Management,MIS & Reporting,Executive Dashboards,Attribution Models - response,Party or Agreement,ANALYTICAL_MODEL; MODEL_RUN; CAMPAIGN_RESPONSE
Finance & Peformance Management,MIS & Reporting,Executive Dashboards,Lead Foodchain data,Party or Agreement,OPPORTUNITY; OPPORTUNITY_STATUS; OPPORTUNITY_PARTY_ROLE
Finance & Peformance Management,MIS & Reporting,Executive Dashboards,Predictive Models - risk,Party or Agreement,ANALYTICAL_MODEL; MODEL_RUN; MODEL_SCORE; PARTY_LIABILITY_CREDIT_RATING
Finance & Peformance Management,MIS & Reporting,Executive Dashboards,"Risk Segments, Cohorts & Groupings",Party or Agreement,PARTY_CLASSIFICATION; RISK_GRADE_VALUE; RISK_GRADE_SCHEME
Finance & Peformance Management,MIS & Reporting,Executive Dashboards,"Provisions, Losses & Writeoffs",Party or Agreement,AGREEMENT_RISK_METRIC; PROVISION; WRITE_OFF; LOSS_EVENT
Finance & Peformance Management,MIS & Reporting,Executive Dashboards,Financial Transactions,Event,MONETARY_TRANSACTION; TRANSACTION_TYPE; FINANCIAL_TRANSACTION; PAYMENT
Finance & Peformance Management,MIS & Reporting,Executive Dashboards,"Account Fees, Commissions & Charges",Event,MONETARY_TRANSACTION; FEE_TRANSACTION; COMMISSION_TRANSACTION; AGREEMENT_FEE
Finance & Peformance Management,MIS & Reporting,Executive Dashboards,Financial Interbank Payments,Event,PAYMENT; INTERBANK_PAYMENT; FINANCIAL_TRANSACTION
Finance & Peformance Management,MIS & Reporting,Executive Dashboards,Non-Financial Transactions,Event,EVENT; NON_MONETARY_EVENT; DIRECT_CONTACT_EVENT
Finance & Peformance Management,MIS & Reporting,Executive Dashboards,Service Usage,Event,CHANNEL_USAGE_METRIC; SERVICE_USAGE_EVENT; CHANNEL_INSTANCE
Finance & Peformance Management,MIS & Reporting,Executive Dashboards,Complaint Data,Event,COMPLAINT; COMPLAINT_STATUS; COMPLAINT_RESOLUTION
Finance & Peformance Management,MIS & Reporting,Executive Dashboards,Offline Customer Interactions - Branch,Event,DIRECT_CONTACT_EVENT; BRANCH_VISIT_EVENT; CHANNEL_INSTANCE
Finance & Peformance Management,MIS & Reporting,Executive Dashboards,Offline Customer Interactions - Call Centre,Event,DIRECT_CONTACT_EVENT; CALL_EVENT; CHANNEL_INSTANCE
Finance & Peformance Management,MIS & Reporting,Executive Dashboards,Offline Customer Interactions - letters,Event,DIRECT_CONTACT_EVENT; CORRESPONDENCE_EVENT; DOCUMENT
Finance & Peformance Management,MIS & Reporting,Executive Dashboards,Offline Customer Interactions - sms text,Event,DIRECT_CONTACT_EVENT; SMS_EVENT; ELECTRONIC_ADDRESS
Finance & Peformance Management,MIS & Reporting,Executive Dashboards,Online Interactions -  webchat (internal & external),Event,WEB_VISIT; WEB_PAGE_VIEW; ONLINE_INTERACTION_EVENT
Finance & Peformance Management,MIS & Reporting,Executive Dashboards,Online Interactions colleague intranet,Event,WEB_VISIT; WEB_PAGE_VIEW
Finance & Peformance Management,MIS & Reporting,Executive Dashboards,Online Interactions customer digital banking site (web log),Event,WEB_VISIT; WEB_PAGE_VIEW; EXTENDED_SESSION_INFORMATION; ONLINE_APPLICATION_ACCESS
Finance & Peformance Management,MIS & Reporting,Executive Dashboards,Online Interactions customer general banking site,Event,WEB_VISIT; WEB_PAGE_VIEW; ONLINE_INTERACTION_EVENT
Finance & Peformance Management,MIS & Reporting,Executive Dashboards,Online Interactions email - customer & employee,Event,DIRECT_CONTACT_EVENT; EMAIL_EVENT; ELECTRONIC_ADDRESS
Finance & Peformance Management,MIS & Reporting,Executive Dashboards,Online Interactions mobile app,Event,WEB_VISIT; WEB_PAGE_VIEW; MOBILE_APP_EVENT; CHANNEL_INSTANCE
Finance & Peformance Management,MIS & Reporting,Executive Dashboards,Online Interactions off-site - ad server,Event,AD; AD_PLACEMENT; AD_IMPRESSION; AD_CAMPAIGN_OBJECTIVE
Finance & Peformance Management,MIS & Reporting,Executive Dashboards,Online Interactions prospect / unidentified customer (web log),Event,WEB_VISIT; WEB_PAGE_VIEW; VISITOR_INTERACTION_EVENT
Finance & Peformance Management,MIS & Reporting,Executive Dashboards,"Case History (Fraud, Money Laundering, Complaint)",Event,CASE; CASE_EVENT; CASE_PARTY_ROLE; FRAUD_CASE
Finance & Peformance Management,MIS & Reporting,Executive Dashboards,Claims,Event,CLAIM; CLAIM_STATUS; CLAIM_PARTY_ROLE; CLAIM_PAYMENT
Finance & Peformance Management,MIS & Reporting,Executive Dashboards,Defaults & Limit Breaches,Event,AGREEMENT_STATUS; DEFAULT_EVENT; LIMIT_BREACH_EVENT; AGREEMENT_RISK_METRIC
Finance & Peformance Management,MIS & Reporting,Executive Dashboards,Closed Loop Outcomes / Channel Responses,Event,CAMPAIGN_RESPONSE; CAMPAIGN_OFFER_RESPONSE; DIRECT_CONTACT_EVENT
Finance & Peformance Management,MIS & Reporting,Executive Dashboards,Internal Process Activity Data,Event,EVENT; PROCESS_EVENT; OPERATIONAL_EVENT
Finance & Peformance Management,MIS & Reporting,Executive Dashboards,Master & Reference Data - merchant / transaction,Event,MERCHANT; MERCHANT_CATEGORY; TRANSACTION_TYPE
Finance & Peformance Management,MIS & Reporting,Executive Dashboards,Physical Assets,Party Asset,PARTY_ASSET; FIXED_ASSET; REAL_PROPERTY
Finance & Peformance Management,MIS & Reporting,Executive Dashboards,Physical Asset Valuations,Party Asset,PARTY_ASSET_VALUATION; COLLATERAL_VALUATION; REAL_PROPERTY_VALUATION
Finance & Peformance Management,MIS & Reporting,Executive Dashboards,Master & Reference Data - organisation hierarchy,Internal Organisation,ORGANIZATION; INTERNAL_ORGANIZATION_UNIT; ORGANIZATION_UNIT_RELATIONSHIP; ORGANIZATION_BUSINESS_TYPE
Finance & Peformance Management,MIS & Reporting,Executive Dashboards,"Operational metrics (E.g. Wait times, queue length)",Internal Organisation,CHANNEL_USAGE_METRIC; OPERATIONAL_EVENT; SERVICE_LEVEL_METRIC
Finance & Peformance Management,MIS & Reporting,Executive Dashboards,Offer Catalogue,Campaign,OFFER; OFFER_TYPE; CAMPAIGN_OFFER; PRODUCT
Finance & Peformance Management,MIS & Reporting,Executive Dashboards,Master & Reference Data - Campaign,Campaign,CAMPAIGN; CAMPAIGN_TYPE; CAMPAIGN_STATUS; CAMPAIGN_WAVE
Finance & Peformance Management,MIS & Reporting,Executive Dashboards,Campaign Production Costs,Campaign,CAMPAIGN; CAMPAIGN_COST; CAMPAIGN_BUDGET
Finance & Peformance Management,MIS & Reporting,Executive Dashboards,Campaign History Data,Campaign,CAMPAIGN; CAMPAIGN_RESPONSE; CAMPAIGN_OFFER_RESPONSE; CAMPAIGN_WAVE
Finance & Peformance Management,MIS & Reporting,Executive Dashboards,Media Asset Details,Campaign,MEDIA_ASSET; DOCUMENT; DIGITAL_CONTENT
Finance & Peformance Management,MIS & Reporting,Executive Dashboards,Campaign Promotional Calendar,Campaign,CAMPAIGN; CAMPAIGN_WAVE; CAMPAIGN_SCHEDULE
Finance & Peformance Management,MIS & Reporting,Executive Dashboards,Master & Reference Data - Channel,Channel,CHANNEL_TYPE; CHANNEL_INSTANCE; CHANNEL_CLASSIFICATION
Finance & Peformance Management,MIS & Reporting,Executive Dashboards,Finance Systems - General Ledger,Finance,Not mapped
Finance & Peformance Management,MIS & Reporting,Executive Dashboards,Finance Systems - ERP,Finance,GL_ACCOUNT; GL_MAIN_ACCOUNT; VENDOR; VENDOR_INVOICE
Finance & Peformance Management,MIS & Reporting,Executive Dashboards,"Finance Systems - Budgets, Plans & Forecasts",Finance,GL_ACCOUNT; BUDGET; FORECAST; FINANCIAL_PLAN
Finance & Peformance Management,MIS & Reporting,Executive Dashboards,"Model Metadata (E.g. defintion, assumptions, metrics)",Analytical Model,ANALYTICAL_MODEL; MODEL_RUN; MODEL_PARAMETER
Finance & Peformance Management,MIS & Reporting,Executive Dashboards,Risk Scenario & Stress Testing Results,Analytical Model,RISK_CALCULATION_SCENARIO; RISK_SCENARIO_RESULT; STRESS_TEST_RESULT
Finance & Peformance Management,MIS & Reporting,Executive Dashboards,"Documents - Structured Data Capture (Survey, Application Forms)",Cross Subject - Document,DOCUMENT; DOCUMENT_TYPE; SURVEY; APPLICATION
Finance & Peformance Management,MIS & Reporting,Executive Dashboards,Customer Research - Primary & Secondary,Cross Subject - Survey,SURVEY; SURVEY_QUESTION_RESPONSE; PARTY_SURVEY_RESPONSE
Finance & Peformance Management,MIS & Reporting,Executive Dashboards,Compliance Approvals,Cross Subject,COMPLIANCE_EVENT; APPROVAL; PARTY_COMPLIANCE_VERIFICATION
Finance & Peformance Management,MIS & Reporting,Operational Dashboard & Decisioning,Single Customer View (Master Record),Party,PARTY; INDIVIDUAL; ORGANIZATION; HOUSEHOLD; PARTY_RELATIONSHIP; PARTY_IDENTIFICATION
Finance & Peformance Management,MIS & Reporting,Operational Dashboard & Decisioning,KYC Data,Party,PARTY_IDENTIFICATION; PARTY_CLASSIFICATION; PARTY_IDENTITY_DOCUMENT; PARTY_COMPLIANCE_VERIFICATION
Finance & Peformance Management,MIS & Reporting,Operational Dashboard & Decisioning,Customer Demographics,Party,INDIVIDUAL; PARTY_DEMOGRAPHIC; PARTY_CLASSIFICATION; PARTY_PREFERENCE
Finance & Peformance Management,MIS & Reporting,Operational Dashboard & Decisioning,Customer Attitudinal Data,Party,PARTY_PREFERENCE; PARTY_CLASSIFICATION; PARTY_SURVEY_RESPONSE
Finance & Peformance Management,MIS & Reporting,Operational Dashboard & Decisioning,Customer Segments,Party,PARTY_CLASSIFICATION; PARTY_SEGMENT; PARTY_CLASSIFICATION_VALUE
Finance & Peformance Management,MIS & Reporting,Operational Dashboard & Decisioning,Customer Contact Preferences,Party,PARTY_PREFERENCE; PARTY_CONTACT_POINT; ELECTRONIC_ADDRESS; POSTAL_ADDRESS
Finance & Peformance Management,MIS & Reporting,Operational Dashboard & Decisioning,Customer Marketing Preferences,Party,PARTY_PREFERENCE; PARTY_MARKETING_PREFERENCE; PARTY_CONSENT
Finance & Peformance Management,MIS & Reporting,Operational Dashboard & Decisioning,Customer Satisfaction Measurement (E.g. NPS),Party,PARTY_SURVEY_RESPONSE; SURVEY; SURVEY_QUESTION_RESPONSE
Finance & Peformance Management,MIS & Reporting,Operational Dashboard & Decisioning,Legal Actions,Party,PARTY_LEGAL_ACTION; LEGAL_ACTION; PARTY_LITIGATION
Finance & Peformance Management,MIS & Reporting,Operational Dashboard & Decisioning,External Data - Social Media Data,Party,SOCIAL_MEDIA_ACCOUNT; SOCIAL_MEDIA_TRANSFER; SOCIAL_MEDIA_POST
Finance & Peformance Management,MIS & Reporting,Operational Dashboard & Decisioning,Master & Reference Data - staff / colleague,Party,INDIVIDUAL; ASSOCIATE; ASSOCIATE_ASSIGNMENT; INTERNAL_ORGANIZATION_UNIT
Finance & Peformance Management,MIS & Reporting,Operational Dashboard & Decisioning,"Sales and Performance Forecasts, Targets & KPIs",Party,PERFORMANCE_METRIC; PERFORMANCE_TARGET; ORGANIZATION_PERFORMANCE
Finance & Peformance Management,MIS & Reporting,Operational Dashboard & Decisioning,HR Performance Data,Party,ASSOCIATE; ASSOCIATE_PERFORMANCE_REVIEW; ASSOCIATE_ASSIGNMENT
Finance & Peformance Management,MIS & Reporting,Operational Dashboard & Decisioning,Master & Reference Data - geography / location,Location,GEOGRAPHICAL_AREA; GEOGRAPHICAL_UNIT; SITE; POSTAL_ADDRESS
Finance & Peformance Management,MIS & Reporting,Operational Dashboard & Decisioning,Master & Reference Data - product,Product,Not mapped
Finance & Peformance Management,MIS & Reporting,Operational Dashboard & Decisioning,Master & Reference Data - FTP rates,Product,INTEREST_RATE; INTEREST_RATE_INDEX; PRODUCT_INTEREST_RATE
Finance & Peformance Management,MIS & Reporting,Operational Dashboard & Decisioning,Master & Reference Data - exchange rates,Product,CURRENCY; CURRENCY_EXCHANGE_RATE; CURRENCY_PAIR
Finance & Peformance Management,MIS & Reporting,Operational Dashboard & Decisioning,"Product Revenue, Cost & Margin",Product,PRODUCT; PRODUCT_PRICING; PRODUCT_COST; AGREEMENT_SUMMARY
Finance & Peformance Management,MIS & Reporting,Operational Dashboard & Decisioning,External Data - market interest rates,Product,INTEREST_RATE_INDEX; INTEREST_RATE; MARKET_INDEX; MARKET_INDEX_VALUE
Finance & Peformance Management,MIS & Reporting,Operational Dashboard & Decisioning,"External Data - market prices (E.g. equities, bonds, commodities)",Product,MARKET_INDEX; MARKET_INDEX_VALUE; INVESTMENT_PRODUCT; INVESTMENT_PRODUCT_PRICE
Finance & Peformance Management,MIS & Reporting,Operational Dashboard & Decisioning,External Data - Competitor Product & Pricing,Party & Product,PRODUCT; MARKET_INDEX
Finance & Peformance Management,MIS & Reporting,Operational Dashboard & Decisioning,Account / Policy / Service Holdings,Agreement,AGREEMENT; PARTY_AGREEMENT_ROLE; AGREEMENT_PARTY_ROLE; AGREEMENT_RELATIONSHIP
Finance & Peformance Management,MIS & Reporting,Operational Dashboard & Decisioning,Account / Policy / Service Detail,Agreement,AGREEMENT; LOAN_TERM_AGREEMENT; DEPOSIT_AGREEMENT; INSURANCE_AGREEMENT; CREDIT_CARD_AGREEMENT
Finance & Peformance Management,MIS & Reporting,Operational Dashboard & Decisioning,Account Status (open closed active / domant /inactive / closure reason ),Agreement,AGREEMENT; AGREEMENT_STATUS; AGREEMENT_STATUS_HISTORY
Finance & Peformance Management,MIS & Reporting,Operational Dashboard & Decisioning,Account Terms & Conditions,Agreement,AGREEMENT; AGREEMENT_CONDITION; AGREEMENT_TERM
Finance & Peformance Management,MIS & Reporting,Operational Dashboard & Decisioning,Account Feature Usage,Agreement,AGREEMENT_FEATURE; FEATURE; DESCRIPTIVE_FEATURE
Finance & Peformance Management,MIS & Reporting,Operational Dashboard & Decisioning,"Application Data (New Customer, New Product)",Agreement,APPLICATION; APPLICATION_STATUS; APPLICATION_PARTY_ROLE
Finance & Peformance Management,MIS & Reporting,Operational Dashboard & Decisioning,Coverage (insurance),Agreement,INSURANCE_COVERAGE; INSURANCE_AGREEMENT; COVERAGE_TYPE
Finance & Peformance Management,MIS & Reporting,Operational Dashboard & Decisioning,Account Balances,Agreement,AGREEMENT_SUMMARY; BALANCE_SUMMARY; AGREEMENT_BALANCE
Finance & Peformance Management,MIS & Reporting,Operational Dashboard & Decisioning,Investment Value,Agreement,INVESTMENT_ACCOUNT; INVESTMENT_HOLDING; INVESTMENT_PRODUCT_PRICE
Finance & Peformance Management,MIS & Reporting,Operational Dashboard & Decisioning,Market / Trading Book Positions,Agreement,TRADE_ORDER; TRADE_EXECUTION; TRADING_POSITION
Finance & Peformance Management,MIS & Reporting,Operational Dashboard & Decisioning,Mark to market valuations,Agreement,INVESTMENT_PRODUCT_PRICE; MARKET_INDEX_VALUE; AGREEMENT_VALUATION
Finance & Peformance Management,MIS & Reporting,Operational Dashboard & Decisioning,Cashflow Projections,Agreement,AGREEMENT_CASHFLOW; CASHFLOW_SCHEDULE; AGREEMENT_SUMMARY
Finance & Peformance Management,MIS & Reporting,Operational Dashboard & Decisioning,Account Maturity Dates & Repricing Schedules,Agreement,AGREEMENT; AGREEMENT_TERM; AGREEMENT_REPRICING_SCHEDULE
Finance & Peformance Management,MIS & Reporting,Operational Dashboard & Decisioning,Account Repayment Schedules,Agreement,AGREEMENT_REPAYMENT_SCHEDULE; LOAN_TERM_AGREEMENT
Finance & Peformance Management,MIS & Reporting,Operational Dashboard & Decisioning,Amortisation Schedules,Agreement,AGREEMENT_AMORTIZATION_SCHEDULE; LOAN_TERM_AGREEMENT
Finance & Peformance Management,MIS & Reporting,Operational Dashboard & Decisioning,Customer Illustrations,Agreement,DOCUMENT; PARTY_DOCUMENT
Finance & Peformance Management,MIS & Reporting,Operational Dashboard & Decisioning,Customer Quotes,Agreement,APPLICATION; QUOTE; DOCUMENT
Finance & Peformance Management,MIS & Reporting,Operational Dashboard & Decisioning,Risk Exposures,Agreement,AGREEMENT_RISK_METRIC; RISK_EXPOSURE; CREDIT_RISK_SUMMARY
Finance & Peformance Management,MIS & Reporting,Operational Dashboard & Decisioning,Profitability Results,Agreement,AGREEMENT_SUMMARY; AGREEMENT_PROFITABILITY; PRODUCT_PROFITABILITY
Finance & Peformance Management,MIS & Reporting,Operational Dashboard & Decisioning,Account Limits,Cross Subject  -  Limits,AGREEMENT_LIMIT; LIMIT; PARTY_LIMIT
Finance & Peformance Management,MIS & Reporting,Operational Dashboard & Decisioning,"Risk Segments, Cohorts & Groupings",Party or Agreement,PARTY_CLASSIFICATION; RISK_GRADE_VALUE; RISK_GRADE_SCHEME
Finance & Peformance Management,MIS & Reporting,Operational Dashboard & Decisioning,"Provisions, Losses & Writeoffs",Party or Agreement,AGREEMENT_RISK_METRIC; PROVISION; WRITE_OFF; LOSS_EVENT
Finance & Peformance Management,MIS & Reporting,Operational Dashboard & Decisioning,Financial Transactions,Event,MONETARY_TRANSACTION; TRANSACTION_TYPE; FINANCIAL_TRANSACTION; PAYMENT
Finance & Peformance Management,MIS & Reporting,Operational Dashboard & Decisioning,"Account Fees, Commissions & Charges",Event,MONETARY_TRANSACTION; FEE_TRANSACTION; COMMISSION_TRANSACTION; AGREEMENT_FEE
Finance & Peformance Management,MIS & Reporting,Operational Dashboard & Decisioning,Financial Interbank Payments,Event,PAYMENT; INTERBANK_PAYMENT; FINANCIAL_TRANSACTION
Finance & Peformance Management,MIS & Reporting,Operational Dashboard & Decisioning,Non-Financial Transactions,Event,EVENT; NON_MONETARY_EVENT; DIRECT_CONTACT_EVENT
Finance & Peformance Management,MIS & Reporting,Operational Dashboard & Decisioning,Service Usage,Event,CHANNEL_USAGE_METRIC; SERVICE_USAGE_EVENT; CHANNEL_INSTANCE
Finance & Peformance Management,MIS & Reporting,Operational Dashboard & Decisioning,Complaint Data,Event,COMPLAINT; COMPLAINT_STATUS; COMPLAINT_RESOLUTION
Finance & Peformance Management,MIS & Reporting,Operational Dashboard & Decisioning,Offline Customer Interactions - Branch,Event,DIRECT_CONTACT_EVENT; BRANCH_VISIT_EVENT; CHANNEL_INSTANCE
Finance & Peformance Management,MIS & Reporting,Operational Dashboard & Decisioning,Offline Customer Interactions - Call Centre,Event,DIRECT_CONTACT_EVENT; CALL_EVENT; CHANNEL_INSTANCE
Finance & Peformance Management,MIS & Reporting,Operational Dashboard & Decisioning,Offline Customer Interactions - letters,Event,DIRECT_CONTACT_EVENT; CORRESPONDENCE_EVENT; DOCUMENT
Finance & Peformance Management,MIS & Reporting,Operational Dashboard & Decisioning,Offline Customer Interactions - sms text,Event,DIRECT_CONTACT_EVENT; SMS_EVENT; ELECTRONIC_ADDRESS
Finance & Peformance Management,MIS & Reporting,Operational Dashboard & Decisioning,Online Interactions -  webchat (internal & external),Event,WEB_VISIT; WEB_PAGE_VIEW; ONLINE_INTERACTION_EVENT
Finance & Peformance Management,MIS & Reporting,Operational Dashboard & Decisioning,Online Interactions colleague intranet,Event,WEB_VISIT; WEB_PAGE_VIEW
Finance & Peformance Management,MIS & Reporting,Operational Dashboard & Decisioning,Online Interactions customer digital banking site (web log),Event,WEB_VISIT; WEB_PAGE_VIEW; EXTENDED_SESSION_INFORMATION; ONLINE_APPLICATION_ACCESS
Finance & Peformance Management,MIS & Reporting,Operational Dashboard & Decisioning,Online Interactions customer general banking site,Event,WEB_VISIT; WEB_PAGE_VIEW; ONLINE_INTERACTION_EVENT
Finance & Peformance Management,MIS & Reporting,Operational Dashboard & Decisioning,Online Interactions email - customer & employee,Event,DIRECT_CONTACT_EVENT; EMAIL_EVENT; ELECTRONIC_ADDRESS
Finance & Peformance Management,MIS & Reporting,Operational Dashboard & Decisioning,Online Interactions mobile app,Event,WEB_VISIT; WEB_PAGE_VIEW; MOBILE_APP_EVENT; CHANNEL_INSTANCE
Finance & Peformance Management,MIS & Reporting,Operational Dashboard & Decisioning,Online Interactions off-site - ad server,Event,AD; AD_PLACEMENT; AD_IMPRESSION; AD_CAMPAIGN_OBJECTIVE
Finance & Peformance Management,MIS & Reporting,Operational Dashboard & Decisioning,Online Interactions prospect / unidentified customer (web log),Event,WEB_VISIT; WEB_PAGE_VIEW; VISITOR_INTERACTION_EVENT
Finance & Peformance Management,MIS & Reporting,Operational Dashboard & Decisioning,"Case History (Fraud, Money Laundering, Complaint)",Event,CASE; CASE_EVENT; CASE_PARTY_ROLE; FRAUD_CASE
Finance & Peformance Management,MIS & Reporting,Operational Dashboard & Decisioning,Claims,Event,CLAIM; CLAIM_STATUS; CLAIM_PARTY_ROLE; CLAIM_PAYMENT
Finance & Peformance Management,MIS & Reporting,Operational Dashboard & Decisioning,Defaults & Limit Breaches,Event,AGREEMENT_STATUS; DEFAULT_EVENT; LIMIT_BREACH_EVENT; AGREEMENT_RISK_METRIC
Finance & Peformance Management,MIS & Reporting,Operational Dashboard & Decisioning,Closed Loop Outcomes / Channel Responses,Event,CAMPAIGN_RESPONSE; CAMPAIGN_OFFER_RESPONSE; DIRECT_CONTACT_EVENT
Finance & Peformance Management,MIS & Reporting,Operational Dashboard & Decisioning,Internal Process Activity Data,Event,EVENT; PROCESS_EVENT; OPERATIONAL_EVENT
Finance & Peformance Management,MIS & Reporting,Operational Dashboard & Decisioning,Master & Reference Data - merchant / transaction,Event,MERCHANT; MERCHANT_CATEGORY; TRANSACTION_TYPE
Finance & Peformance Management,MIS & Reporting,Operational Dashboard & Decisioning,Customer interview / fact find,Event or Cross Subject - Document,DOCUMENT; SURVEY; SURVEY_QUESTION_RESPONSE; PARTY_DOCUMENT
Finance & Peformance Management,MIS & Reporting,Operational Dashboard & Decisioning,Master & Reference Data - organisation hierarchy,Internal Organisation,ORGANIZATION; INTERNAL_ORGANIZATION_UNIT; ORGANIZATION_UNIT_RELATIONSHIP; ORGANIZATION_BUSINESS_TYPE
Finance & Peformance Management,MIS & Reporting,Operational Dashboard & Decisioning,"Operational metrics (E.g. Wait times, queue length)",Internal Organisation,CHANNEL_USAGE_METRIC; OPERATIONAL_EVENT; SERVICE_LEVEL_METRIC
Finance & Peformance Management,MIS & Reporting,Operational Dashboard & Decisioning,Offer Catalogue,Campaign,OFFER; OFFER_TYPE; CAMPAIGN_OFFER; PRODUCT
Finance & Peformance Management,MIS & Reporting,Operational Dashboard & Decisioning,Master & Reference Data - Channel,Channel,CHANNEL_TYPE; CHANNEL_INSTANCE; CHANNEL_CLASSIFICATION
Finance & Peformance Management,MIS & Reporting,Operational Dashboard & Decisioning,Finance Systems - General Ledger,Finance,Not mapped
Finance & Peformance Management,MIS & Reporting,Operational Dashboard & Decisioning,Finance Systems - ERP,Finance,GL_ACCOUNT; GL_MAIN_ACCOUNT; VENDOR; VENDOR_INVOICE
Finance & Peformance Management,MIS & Reporting,Operational Dashboard & Decisioning,"Finance Systems - Budgets, Plans & Forecasts",Finance,GL_ACCOUNT; BUDGET; FORECAST; FINANCIAL_PLAN
Finance & Peformance Management,MIS & Reporting,Operational Dashboard & Decisioning,"Documents - Structured Data Capture (Survey, Application Forms)",Cross Subject - Document,DOCUMENT; DOCUMENT_TYPE; SURVEY; APPLICATION
Finance & Peformance Management,MIS & Reporting,Operational Dashboard & Decisioning,Text Data,Cross Subject - Document,DOCUMENT; TEXT_CONTENT; DIGITAL_CONTENT
Finance & Peformance Management,MIS & Reporting,Operational Dashboard & Decisioning,External Data - News / Industry Feeds E.g. Reuters,Cross Subject - Document,DOCUMENT; NEWS_FEED; MARKET_INDEX
Finance & Peformance Management,MIS & Reporting,Operational Dashboard & Decisioning,Customer Research - Primary & Secondary,Cross Subject - Survey,SURVEY; SURVEY_QUESTION_RESPONSE; PARTY_SURVEY_RESPONSE
Finance & Peformance Management,MIS & Reporting,Operational Dashboard & Decisioning,External Data - Fraud Watch Lists,Cross Subject - Watch List,WATCH_LIST; WATCH_LIST_ENTRY; PARTY_WATCH_LIST_CHECK
Finance & Peformance Management,MIS & Reporting,Operational Dashboard & Decisioning,Compliance Approvals,Cross Subject,COMPLIANCE_EVENT; APPROVAL; PARTY_COMPLIANCE_VERIFICATION
Finance & Peformance Management,MIS & Reporting,Operational Dashboard & Decisioning,Business Process Definition,Not Covered,EVENT; PROCESS_EVENT
Finance & Peformance Management,MIS & Reporting,Operational Dashboard & Decisioning,"System Log Files (E.g. Firewall, Webserver)",Not Covered,WEB_VISIT; SYSTEM_EVENT
