Theme,Capability,Sub_Capability,Transaction Classification,Predictive Models,Event Detection,Customer Value,"Customer, Product & Channel  insight",Conduct  Risk Monitoring,Insight Led Customer Strategy,Customer Segmentation,Big Data Analytics,Customer Managed Relationships,Scope of Contact,Customer Contact Policy,Campaign Business Cases,Omni Channel Campaign Management,Creation & Management of Offers and Content,Multi-Step Dialogue,Personalisation,Rapid Prototyping supports Test & Learn,Regulatory & Audit Compliance,Channel Coverage,Real Time Omni-Channel  Integration,Next Best Action Arbitration,Contextual Decisioning,Recycle Unused Leads into alternative channels,Lead & Contact Management,Single Interaction View of Customer,Channel Support & Engagement,Direct Customer Access to Information Products,Auto processing of  Channel Feedback,Campaign ROI Reporting by Channel,Lead/Sales Funnel Analytics  & Reporting,Marketing Attribution MI across all channels,Marketing Asset Evaluation,"Earned, Paid & Owned media analysis",NPS MI & Drill Down,Strategy Monitoring,Contact Frequency Monitoring,Complaints Root Cause Analysis MI,Attrition Root Cause Analysis MI,Application and New Business Written,Single Customer View from a Risk Perspective,"Policy, Forensics and Underwriter Rules","Can’t Pay, Won’t Pay and Collusion",Roll and Rehabilitation Rates,Capital Management (Planning and Allocation),Capital Consumption,Risk Appetite,Pre-Default Transaction Analytics,Credit Risk Scoring (Underwriting Likelihood Model),Credit Risk Expected Loss Model,Credit Risk Underwriting/Monitoring Strategy Model,"Credit Risk Capital, CVaR Modelling",Credit Risk Based Pricing Model,Collection Score (Likelihood Model),Expected Collection Amount,Collection Strategy Model,Fraud and Money Laundering Likelihood Model,Fraud and Money Laundering Loss Modelling,Fraud and Money Laundering Strategy Modelling,Operational Risk / Cybercrime Likelihood,Operational Risk / Cybercrime Expected Loss,Operational Risk / Cybercrime Strategy Model,Operational Risk Capital and OPVaR,Market & Liquidity Risk Likelihood Modelling,Market & Liquidity Risk Strategy Modelling,Market & Liquidity Value at Risk (M-VaR) Modelling,Business Rules Directory,Regulatory Threshold Calculation,Risk Based Price Calculation,Active Portfolio Management,Dynamic Datastore,Credit Risk model Deployment,Risk Weighted Assets and Regulatory Capital,A/B and Test and Learn Deployment,Real Time Threat Detection,New Business MI & Reporting,Model Performance Analytics,Portfolio MI & Portfolio Performance Analytics,Collections MI,Regulatory Reporting and Information Sharing,Strategy (Rules) Performance MI,Financial Accounting / Accounting Hub,Financial Consolidation,Functional Profit & Loss Statement (P&L),Fair Value & Hedge Accounting,"Reconciliation, Validation & Adjustments",Tax Management & Optimisation,Third Party Settlement Controls,Fixed Assets Management,Activity Based Costing,Profitability Modelling,Future / Lifetime Value,Profitability Analytics and Optimisation,Performance Management and KPIs,Pricing Analysis & Optimisation,"Financial Budgeting, Planning & Forecasting","GL, AP, HR, Expense Analytics & Optimisation",Business Process Analytics & Optimisation,Funds Transfer Pricing,Asset & Liability Management,Capital Planning and Management,Cashflow Generation,Liquidity Management,FX & Trading Book Management,Interest Rate Management,Statutory Financial Reporting,Regulatory & Compliance Reporting,Sales Reporting,Performance Reporting,Exception Reporting,Executive Dashboards,Operational Dashboard & Decisioning,% Data Coverage,1,80-99%,60-79%,40-59%,<40%
Marketing and Customer Experience,Customer Insight,Transaction Classification,1.0,0.6,0.8,0.6,0.8,0.8,0.6,0.6,1.0,0.2,0.6,0.4,0.2,0.4,0.2,0.2,0.8,0.2,0.2,0.4,0.4,0.6,0.2,0.0,0.0,0.4,0.2,0.8,0.0,0.2,0.0,0.4,0.0,0.0,0.2,0.6,0.0,0.2,0.4,0.6,0.6,0.8,0.8,0.6,0.6,0.6,0.6,0.8,0.8,0.8,0.8,0.6,0.8,0.8,0.8,0.8,1.0,1.0,1.0,1.0,1.0,1.0,0.6,0.6,0.6,0.6,1.0,0.6,0.8,0.8,1.0,0.8,0.6,1.0,1.0,0.6,1.0,0.8,0.8,1.0,0.8,0.8,0.0,0.8,1.0,0.8,0.8,0.4,0.0,1.0,1.0,1.0,1.0,1.0,1.0,1.0,0.2,1.0,0.4,0.6,0.8,0.8,0.6,0.8,0.2,0.6,1.0,0.8,1.0,1.0,1.0,1.0,,,,,,
Marketing and Customer Experience,Customer Insight,Predictive Models,0.1,1.0,0.9666666666666667,0.4,0.6,0.5666666666666667,0.8,0.9666666666666667,1.0,0.13333333333333333,0.23333333333333334,0.6,0.16666666666666666,0.6,0.1,0.13333333333333333,0.4,0.2,0.2,0.5666666666666667,0.4,0.8333333333333334,0.26666666666666666,0.06666666666666667,0.13333333333333333,0.4666666666666667,0.16666666666666666,0.26666666666666666,0.0,0.06666666666666667,0.0,0.6333333333333333,0.03333333333333333,0.13333333333333333,0.5666666666666667,0.4,0.13333333333333333,0.13333333333333333,0.2,0.6,0.3333333333333333,0.7666666666666667,0.7666666666666667,0.3,0.3333333333333333,0.3333333333333333,0.4,0.7666666666666667,0.7,0.7,0.7,0.3333333333333333,0.8666666666666667,0.8333333333333334,0.8333333333333334,0.8333333333333334,0.9333333333333333,0.9333333333333333,0.9333333333333333,0.9333333333333333,0.9333333333333333,0.9333333333333333,0.2,0.3,0.3,0.3,1.0,0.3333333333333333,0.8666666666666667,0.8666666666666667,0.9666666666666667,0.7,0.3333333333333333,0.9666666666666667,0.9666666666666667,0.6,0.9666666666666667,0.8666666666666667,0.8333333333333334,0.8666666666666667,0.7,0.4,0.03333333333333333,0.4,0.36666666666666664,0.36666666666666664,0.4,0.1,0.03333333333333333,0.8666666666666667,0.9,0.8666666666666667,0.9333333333333333,0.9666666666666667,0.9333333333333333,0.9,0.03333333333333333,0.8333333333333334,0.23333333333333334,0.3,0.3,0.4,0.23333333333333334,0.26666666666666666,0.1,0.26666666666666666,0.8666666666666667,0.3333333333333333,0.9666666666666667,0.9666666666666667,0.9666666666666667,0.9666666666666667,,,,,,
Marketing and Customer Experience,Customer Insight,Event Detection,0.07692307692307693,0.5576923076923077,1.0,0.34615384615384615,0.6538461538461539,0.5384615384615384,0.6538461538461539,0.5384615384615384,1.0,0.11538461538461539,0.25,0.46153846153846156,0.19230769230769232,0.5576923076923077,0.19230769230769232,0.1346153846153846,0.4230769230769231,0.15384615384615385,0.2692307692307692,0.4807692307692308,0.40384615384615385,0.75,0.3076923076923077,0.09615384615384616,0.19230769230769232,0.4423076923076923,0.17307692307692307,0.17307692307692307,0.019230769230769232,0.057692307692307696,0.0,0.4423076923076923,0.07692307692307693,0.1346153846153846,0.4807692307692308,0.38461538461538464,0.11538461538461539,0.19230769230769232,0.17307692307692307,0.6538461538461539,0.28846153846153844,0.6923076923076923,0.6923076923076923,0.23076923076923078,0.25,0.25,0.28846153846153844,0.5961538461538461,0.6346153846153846,0.6346153846153846,0.6346153846153846,0.25,0.8269230769230769,0.7115384615384616,0.7115384615384616,0.7115384615384616,0.9423076923076923,0.9423076923076923,0.9423076923076923,0.9423076923076923,0.9423076923076923,0.9423076923076923,0.17307692307692307,0.25,0.25,0.25,1.0,0.25,0.8269230769230769,0.8461538461538461,0.9615384615384616,0.6346153846153846,0.25,0.9615384615384616,0.9615384615384616,0.6346153846153846,0.9423076923076923,0.8461538461538461,0.7115384615384616,0.75,0.6346153846153846,0.28846153846153844,0.0,0.28846153846153844,0.2692307692307692,0.2692307692307692,0.28846153846153844,0.07692307692307693,0.019230769230769232,0.6923076923076923,0.7307692307692307,0.7307692307692307,0.8076923076923077,0.8461538461538461,0.8076923076923077,0.7884615384615384,0.038461538461538464,0.6538461538461539,0.1346153846153846,0.23076923076923078,0.23076923076923078,0.28846153846153844,0.19230769230769232,0.17307692307692307,0.057692307692307696,0.19230769230769232,0.75,0.3269230769230769,0.8653846153846154,0.8653846153846154,0.8653846153846154,0.8461538461538461,,,,,,
Marketing and Customer Experience,Customer Insight,Customer Value,0.11538461538461539,0.46153846153846156,0.6923076923076923,1.0,0.7692307692307693,0.38461538461538464,0.5769230769230769,0.4230769230769231,1.0,0.07692307692307693,0.3076923076923077,0.15384615384615385,0.19230769230769232,0.34615384615384615,0.23076923076923078,0.07692307692307693,0.5384615384615384,0.15384615384615385,0.2692307692307692,0.19230769230769232,0.2692307692307692,0.5769230769230769,0.11538461538461539,0.07692307692307693,0.038461538461538464,0.23076923076923078,0.07692307692307693,0.3076923076923077,0.038461538461538464,0.07692307692307693,0.0,0.2692307692307692,0.038461538461538464,0.0,0.34615384615384615,0.6153846153846154,0.038461538461538464,0.15384615384615385,0.23076923076923078,0.6153846153846154,0.5,0.6538461538461539,0.6538461538461539,0.4230769230769231,0.5384615384615384,0.5384615384615384,0.5384615384615384,0.6538461538461539,0.5384615384615384,0.5384615384615384,0.5384615384615384,0.5384615384615384,0.7692307692307693,0.6153846153846154,0.6153846153846154,0.6153846153846154,0.8461538461538461,0.8461538461538461,0.8461538461538461,0.8461538461538461,0.8461538461538461,0.8461538461538461,0.5,0.5384615384615384,0.5384615384615384,0.5769230769230769,1.0,0.5,0.7692307692307693,0.8076923076923077,1.0,0.5384615384615384,0.5,1.0,1.0,0.5769230769230769,0.9230769230769231,0.8076923076923077,0.6538461538461539,0.7692307692307693,0.5769230769230769,0.6153846153846154,0.11538461538461539,0.6153846153846154,0.5769230769230769,0.5,0.6153846153846154,0.15384615384615385,0.11538461538461539,0.7692307692307693,0.8846153846153846,1.0,0.9230769230769231,1.0,0.9230769230769231,1.0,0.15384615384615385,0.5384615384615384,0.34615384615384615,0.5384615384615384,0.5384615384615384,0.6153846153846154,0.5,0.34615384615384615,0.11538461538461539,0.38461538461538464,0.7692307692307693,0.4230769230769231,1.0,1.0,1.0,0.8461538461538461,,,,,,
Marketing and Customer Experience,Customer Insight,"Customer, Product & Channel  insight",0.07272727272727272,0.32727272727272727,0.6181818181818182,0.36363636363636365,1.0,0.43636363636363634,0.5272727272727272,0.3090909090909091,1.0,0.16363636363636364,0.32727272727272727,0.2,0.23636363636363636,0.32727272727272727,0.14545454545454545,0.12727272727272726,0.4,0.2727272727272727,0.34545454545454546,0.2,0.2727272727272727,0.5636363636363636,0.2,0.12727272727272726,0.12727272727272726,0.18181818181818182,0.21818181818181817,0.2,0.03636363636363636,0.07272727272727272,0.0,0.16363636363636364,0.03636363636363636,0.01818181818181818,0.34545454545454546,0.4909090909090909,0.07272727272727272,0.18181818181818182,0.2909090909090909,0.6727272727272727,0.4,0.6181818181818182,0.6181818181818182,0.3090909090909091,0.36363636363636365,0.34545454545454546,0.4,0.5636363636363636,0.6181818181818182,0.6181818181818182,0.6181818181818182,0.38181818181818183,0.8363636363636363,0.6545454545454545,0.6545454545454545,0.6545454545454545,0.8545454545454545,0.8545454545454545,0.8545454545454545,0.8545454545454545,0.8545454545454545,0.8545454545454545,0.2727272727272727,0.32727272727272727,0.32727272727272727,0.36363636363636365,1.0,0.34545454545454546,0.8363636363636363,0.8545454545454545,0.9454545454545454,0.6181818181818182,0.34545454545454546,0.9454545454545454,0.9454545454545454,0.6545454545454545,0.9090909090909091,0.8545454545454545,0.6727272727272727,0.6727272727272727,0.6363636363636364,0.36363636363636365,0.05454545454545454,0.36363636363636365,0.34545454545454546,0.32727272727272727,0.38181818181818183,0.09090909090909091,0.05454545454545454,0.4909090909090909,0.5636363636363636,0.5818181818181818,0.7454545454545455,0.7454545454545455,0.7272727272727273,0.6909090909090909,0.05454545454545454,0.43636363636363634,0.18181818181818182,0.3090909090909091,0.3090909090909091,0.34545454545454546,0.2727272727272727,0.2545454545454545,0.09090909090909091,0.21818181818181817,0.6727272727272727,0.4,0.8363636363636363,0.8363636363636363,0.8363636363636363,0.7818181818181819,,,,,,
Marketing and Customer Experience,Customer Insight,Conduct  Risk Monitoring,0.09090909090909091,0.38636363636363635,0.6363636363636364,0.22727272727272727,0.5454545454545454,1.0,0.38636363636363635,0.36363636363636365,1.0,0.13636363636363635,0.18181818181818182,0.36363636363636365,0.11363636363636363,0.36363636363636365,0.06818181818181818,0.06818181818181818,0.29545454545454547,0.09090909090909091,0.4772727272727273,0.36363636363636365,0.2727272727272727,0.5454545454545454,0.25,0.09090909090909091,0.18181818181818182,0.38636363636363635,0.1590909090909091,0.13636363636363635,0.0,0.045454545454545456,0.0,0.3181818181818182,0.06818181818181818,0.045454545454545456,0.4090909090909091,0.3409090909090909,0.09090909090909091,0.22727272727272727,0.22727272727272727,0.6363636363636364,0.2727272727272727,0.6818181818181818,0.6818181818181818,0.25,0.2727272727272727,0.22727272727272727,0.25,0.6136363636363636,0.6590909090909091,0.6590909090909091,0.6590909090909091,0.2727272727272727,0.75,0.6818181818181818,0.6818181818181818,0.6818181818181818,0.9772727272727273,0.9772727272727273,0.9772727272727273,1.0,0.9772727272727273,1.0,0.25,0.22727272727272727,0.22727272727272727,0.22727272727272727,1.0,0.2727272727272727,0.75,0.7272727272727273,1.0,0.6590909090909091,0.2727272727272727,1.0,1.0,0.6136363636363636,0.8636363636363636,0.75,0.6818181818181818,0.8636363636363636,0.6590909090909091,0.20454545454545456,0.0,0.20454545454545456,0.22727272727272727,0.18181818181818182,0.22727272727272727,0.06818181818181818,0.045454545454545456,0.6363636363636364,0.6363636363636364,0.5227272727272727,0.6818181818181818,0.6818181818181818,0.6818181818181818,0.6590909090909091,0.022727272727272728,0.5681818181818182,0.06818181818181818,0.20454545454545456,0.18181818181818182,0.20454545454545456,0.1590909090909091,0.13636363636363635,0.045454545454545456,0.11363636363636363,0.8636363636363636,0.22727272727272727,0.7954545454545454,0.7954545454545454,0.7954545454545454,0.8409090909090909,,,,,,
Marketing and Customer Experience,Customer Insight,Insight Led Customer Strategy,0.061224489795918366,0.4897959183673469,0.6938775510204082,0.30612244897959184,0.5918367346938775,0.3469387755102041,1.0,0.46938775510204084,1.0,0.10204081632653061,0.3469387755102041,0.4489795918367347,0.32653061224489793,0.5714285714285714,0.1836734693877551,0.16326530612244897,0.42857142857142855,0.2857142857142857,0.16326530612244897,0.46938775510204084,0.42857142857142855,0.6938775510204082,0.2857142857142857,0.10204081632653061,0.14285714285714285,0.2857142857142857,0.1836734693877551,0.14285714285714285,0.0,0.14285714285714285,0.0,0.4489795918367347,0.08163265306122448,0.14285714285714285,0.42857142857142855,0.5510204081632653,0.10204081632653061,0.16326530612244897,0.24489795918367346,0.673469387755102,0.20408163265306123,0.6122448979591837,0.6122448979591837,0.24489795918367346,0.2653061224489796,0.24489795918367346,0.2857142857142857,0.5102040816326531,0.5510204081632653,0.5510204081632653,0.5510204081632653,0.2857142857142857,0.8163265306122449,0.6122448979591837,0.6122448979591837,0.6122448979591837,0.7959183673469388,0.7959183673469388,0.7959183673469388,0.7959183673469388,0.7959183673469388,0.7959183673469388,0.1836734693877551,0.2653061224489796,0.2653061224489796,0.30612244897959184,1.0,0.24489795918367346,0.8163265306122449,0.8367346938775511,0.9183673469387755,0.5510204081632653,0.24489795918367346,0.9183673469387755,0.9183673469387755,0.673469387755102,0.9183673469387755,0.8367346938775511,0.6326530612244898,0.5714285714285714,0.5714285714285714,0.24489795918367346,0.02040816326530612,0.24489795918367346,0.24489795918367346,0.20408163265306123,0.24489795918367346,0.061224489795918366,0.0,0.6122448979591837,0.5918367346938775,0.7142857142857143,0.8163265306122449,0.7959183673469388,0.7959183673469388,0.7959183673469388,0.02040816326530612,0.5102040816326531,0.1836734693877551,0.22448979591836735,0.2653061224489796,0.22448979591836735,0.20408163265306123,0.1836734693877551,0.08163265306122448,0.20408163265306123,0.5714285714285714,0.3469387755102041,0.8979591836734694,0.8979591836734694,0.8979591836734694,0.7755102040816326,,,,,,
Marketing and Customer Experience,Customer Insight,Customer Segmentation,0.10344827586206896,1.0,0.9655172413793104,0.3793103448275862,0.5862068965517241,0.5517241379310345,0.7931034482758621,1.0,1.0,0.10344827586206896,0.20689655172413793,0.5862068965517241,0.13793103448275862,0.5862068965517241,0.10344827586206896,0.10344827586206896,0.3793103448275862,0.1724137931034483,0.1724137931034483,0.5517241379310345,0.3793103448275862,0.8275862068965517,0.2413793103448276,0.034482758620689655,0.10344827586206896,0.4827586206896552,0.1724137931034483,0.27586206896551724,0.0,0.06896551724137931,0.0,0.6551724137931034,0.034482758620689655,0.13793103448275862,0.5517241379310345,0.3793103448275862,0.10344827586206896,0.10344827586206896,0.1724137931034483,0.5862068965517241,0.3103448275862069,0.7586206896551724,0.7586206896551724,0.27586206896551724,0.3103448275862069,0.3103448275862069,0.3793103448275862,0.7586206896551724,0.6896551724137931,0.6896551724137931,0.6896551724137931,0.3103448275862069,0.8620689655172413,0.8275862068965517,0.8275862068965517,0.8275862068965517,0.9310344827586207,0.9310344827586207,0.9310344827586207,0.9310344827586207,0.9310344827586207,0.9310344827586207,0.20689655172413793,0.27586206896551724,0.27586206896551724,0.27586206896551724,1.0,0.3103448275862069,0.8620689655172413,0.8620689655172413,0.9655172413793104,0.6896551724137931,0.3103448275862069,0.9655172413793104,0.9655172413793104,0.5862068965517241,0.9655172413793104,0.8620689655172413,0.8275862068965517,0.8620689655172413,0.6896551724137931,0.3793103448275862,0.034482758620689655,0.3793103448275862,0.3448275862068966,0.3448275862068966,0.3793103448275862,0.10344827586206896,0.034482758620689655,0.8620689655172413,0.896551724137931,0.8620689655172413,0.9310344827586207,0.9655172413793104,0.9310344827586207,0.896551724137931,0.034482758620689655,0.8275862068965517,0.20689655172413793,0.27586206896551724,0.27586206896551724,0.3793103448275862,0.20689655172413793,0.2413793103448276,0.06896551724137931,0.2413793103448276,0.8620689655172413,0.3103448275862069,0.9655172413793104,0.9655172413793104,0.9655172413793104,0.9655172413793104,,,,,,
Marketing and Customer Experience,Customer Insight,Big Data Analytics,0.04424778761061947,0.26548672566371684,0.46017699115044247,0.23008849557522124,0.48672566371681414,0.3893805309734513,0.4336283185840708,0.25663716814159293,1.0,0.08849557522123894,0.17699115044247787,0.2831858407079646,0.18584070796460178,0.34513274336283184,0.12389380530973451,0.12389380530973451,0.2743362831858407,0.18584070796460178,0.23893805309734514,0.26548672566371684,0.21238938053097345,0.4247787610619469,0.1592920353982301,0.08849557522123894,0.1415929203539823,0.20353982300884957,0.168141592920354,0.13274336283185842,0.035398230088495575,0.10619469026548672,0.008849557522123894,0.23008849557522124,0.13274336283185842,0.09734513274336283,0.3185840707964602,0.34513274336283184,0.07964601769911504,0.12389380530973451,0.17699115044247787,0.5752212389380531,0.2920353982300885,0.5752212389380531,0.5752212389380531,0.22123893805309736,0.3185840707964602,0.3185840707964602,0.3274336283185841,0.49557522123893805,0.5309734513274337,0.5398230088495575,0.5309734513274337,0.3185840707964602,0.7345132743362832,0.5663716814159292,0.5752212389380531,0.5663716814159292,0.7787610619469026,0.7876106194690266,0.7787610619469026,0.7876106194690266,0.7876106194690266,0.7876106194690266,0.23008849557522124,0.3185840707964602,0.3185840707964602,0.336283185840708,1.0,0.3008849557522124,0.7345132743362832,0.7345132743362832,0.9292035398230089,0.5309734513274337,0.3008849557522124,0.9292035398230089,0.9292035398230089,0.5663716814159292,0.8407079646017699,0.7433628318584071,0.5752212389380531,0.7079646017699115,0.5398230088495575,0.35398230088495575,0.05309734513274336,0.35398230088495575,0.336283185840708,0.26548672566371684,0.37168141592920356,0.08849557522123894,0.09734513274336283,0.5398230088495575,0.5929203539823009,0.5663716814159292,0.6902654867256637,0.6902654867256637,0.6637168141592921,0.7079646017699115,0.05309734513274336,0.415929203539823,0.12389380530973451,0.3008849557522124,0.2831858407079646,0.3274336283185841,0.2743362831858407,0.17699115044247787,0.061946902654867256,0.1504424778761062,0.7079646017699115,0.25663716814159293,0.8495575221238938,0.8495575221238938,0.8495575221238938,0.7345132743362832,,,,,,
Marketing and Customer Experience,Customer Insight,Customer Managed Relationships,0.1,0.4,0.6,0.2,0.9,0.6,0.5,0.3,1.0,1.0,0.4,0.4,0.2,0.4,0.1,0.3,0.5,0.5,0.4,0.3,0.3,0.6,0.4,0.2,0.3,0.2,0.1,0.1,0.0,0.1,0.0,0.2,0.1,0.0,0.6,0.6,0.2,0.4,0.5,0.6,0.5,0.8,0.8,0.4,0.4,0.3,0.4,0.7,0.9,0.9,0.9,0.4,0.9,0.9,0.9,0.9,0.9,0.9,0.9,0.9,0.9,0.9,0.1,0.3,0.3,0.3,1.0,0.4,0.9,0.9,0.9,0.9,0.4,0.9,0.9,0.6,0.9,0.9,0.9,0.7,0.9,0.3,0.0,0.3,0.4,0.4,0.4,0.1,0.1,0.6,0.5,0.4,0.7,0.8,0.7,0.4,0.0,0.5,0.2,0.3,0.3,0.3,0.3,0.4,0.3,0.3,0.7,0.4,0.9,0.9,0.9,1.0,,,,,,
Marketing and Customer Experience,Define & Deploy Business Rules,Scope of Contact,0.15,0.35,0.65,0.4,0.9,0.4,0.85,0.3,1.0,0.2,1.0,0.4,0.5,0.7,0.35,0.35,0.8,0.5,0.35,0.3,0.6,0.85,0.35,0.3,0.25,0.05,0.3,0.25,0.0,0.15,0.0,0.1,0.05,0.05,0.25,0.75,0.2,0.35,0.45,0.85,0.4,0.55,0.55,0.4,0.4,0.4,0.45,0.45,0.55,0.55,0.55,0.4,0.85,0.6,0.6,0.6,0.85,0.85,0.85,0.85,0.85,0.85,0.2,0.25,0.25,0.25,1.0,0.4,0.85,0.9,0.95,0.55,0.4,0.95,0.95,0.85,0.95,0.9,0.65,0.45,0.6,0.25,0.0,0.25,0.3,0.3,0.25,0.1,0.0,0.3,0.35,0.55,0.7,0.7,0.7,0.6,0.05,0.35,0.25,0.25,0.35,0.25,0.25,0.3,0.15,0.3,0.45,0.6,0.9,0.9,0.9,0.65,,,,,,
Marketing and Customer Experience,Define & Deploy Business Rules,Customer Contact Policy,0.0625,0.5625,0.75,0.125,0.34375,0.5,0.6875,0.53125,1.0,0.125,0.25,1.0,0.28125,0.8125,0.21875,0.34375,0.40625,0.3125,0.1875,0.78125,0.5,0.78125,0.4375,0.1875,0.34375,0.5,0.25,0.09375,0.0625,0.1875,0.03125,0.5625,0.21875,0.28125,0.65625,0.28125,0.28125,0.1875,0.125,0.6875,0.09375,0.65625,0.65625,0.125,0.125,0.125,0.125,0.5625,0.65625,0.65625,0.65625,0.125,0.78125,0.6875,0.6875,0.6875,0.84375,0.84375,0.84375,0.84375,0.84375,0.84375,0.125,0.125,0.125,0.125,1.0,0.125,0.78125,0.78125,0.90625,0.65625,0.125,0.90625,0.90625,0.6875,0.90625,0.78125,0.6875,0.65625,0.65625,0.15625,0.0,0.15625,0.125,0.15625,0.15625,0.0625,0.0,0.75,0.71875,0.65625,0.8125,0.78125,0.8125,0.71875,0.03125,0.71875,0.09375,0.125,0.125,0.15625,0.125,0.125,0.0625,0.09375,0.65625,0.3125,0.96875,0.96875,0.96875,0.8125,,,,,,
Marketing and Customer Experience,Define & Deploy Business Rules,Campaign Business Cases,0.047619047619047616,0.23809523809523808,0.47619047619047616,0.23809523809523808,0.6190476190476191,0.23809523809523808,0.7619047619047619,0.19047619047619047,1.0,0.09523809523809523,0.47619047619047616,0.42857142857142855,1.0,0.6190476190476191,0.47619047619047616,0.38095238095238093,0.5238095238095238,0.47619047619047616,0.23809523809523808,0.42857142857142855,0.38095238095238093,0.5714285714285714,0.14285714285714285,0.23809523809523808,0.3333333333333333,0.047619047619047616,0.38095238095238093,0.047619047619047616,0.047619047619047616,0.3333333333333333,0.047619047619047616,0.09523809523809523,0.3333333333333333,0.23809523809523808,0.19047619047619047,0.6190476190476191,0.2857142857142857,0.19047619047619047,0.3333333333333333,0.6190476190476191,0.09523809523809523,0.23809523809523808,0.23809523809523808,0.14285714285714285,0.14285714285714285,0.14285714285714285,0.19047619047619047,0.19047619047619047,0.2857142857142857,0.2857142857142857,0.2857142857142857,0.19047619047619047,0.7142857142857143,0.23809523809523808,0.23809523809523808,0.23809523809523808,0.5238095238095238,0.5238095238095238,0.5238095238095238,0.5238095238095238,0.5238095238095238,0.5238095238095238,0.14285714285714285,0.14285714285714285,0.14285714285714285,0.19047619047619047,1.0,0.14285714285714285,0.7142857142857143,0.7619047619047619,0.8095238095238095,0.2857142857142857,0.14285714285714285,0.8095238095238095,0.8095238095238095,0.6190476190476191,0.7619047619047619,0.7619047619047619,0.2857142857142857,0.19047619047619047,0.3333333333333333,0.09523809523809523,0.0,0.09523809523809523,0.09523809523809523,0.09523809523809523,0.09523809523809523,0.047619047619047616,0.0,0.3333333333333333,0.2857142857142857,0.42857142857142855,0.7142857142857143,0.6666666666666666,0.7142857142857143,0.6666666666666666,0.047619047619047616,0.3333333333333333,0.09523809523809523,0.09523809523809523,0.14285714285714285,0.09523809523809523,0.09523809523809523,0.09523809523809523,0.047619047619047616,0.09523809523809523,0.19047619047619047,0.5714285714285714,0.9523809523809523,0.9523809523809523,0.9523809523809523,0.47619047619047616,,,,,,
Marketing and Customer Experience,Define & Deploy Business Rules,Omni Channel Campaign Management,0.05128205128205128,0.46153846153846156,0.7435897435897436,0.23076923076923078,0.46153846153846156,0.41025641025641024,0.717948717948718,0.4358974358974359,1.0,0.10256410256410256,0.358974358974359,0.6666666666666666,0.3333333333333333,1.0,0.3076923076923077,0.3333333333333333,0.4358974358974359,0.358974358974359,0.15384615384615385,0.6153846153846154,0.48717948717948717,0.7435897435897436,0.41025641025641024,0.1794871794871795,0.23076923076923078,0.41025641025641024,0.28205128205128205,0.05128205128205128,0.07692307692307693,0.1794871794871795,0.02564102564102564,0.48717948717948717,0.20512820512820512,0.28205128205128205,0.5641025641025641,0.38461538461538464,0.23076923076923078,0.23076923076923078,0.15384615384615385,0.717948717948718,0.15384615384615385,0.5897435897435898,0.5897435897435898,0.10256410256410256,0.10256410256410256,0.10256410256410256,0.1282051282051282,0.46153846153846156,0.5384615384615384,0.5384615384615384,0.5384615384615384,0.10256410256410256,0.7692307692307693,0.5897435897435898,0.5897435897435898,0.5897435897435898,0.8205128205128205,0.8205128205128205,0.8205128205128205,0.8205128205128205,0.8205128205128205,0.8205128205128205,0.10256410256410256,0.10256410256410256,0.10256410256410256,0.10256410256410256,1.0,0.10256410256410256,0.7692307692307693,0.7948717948717948,0.9230769230769231,0.5384615384615384,0.10256410256410256,0.9230769230769231,0.9230769230769231,0.6923076923076923,0.9230769230769231,0.7948717948717948,0.5897435897435898,0.5641025641025641,0.5384615384615384,0.15384615384615385,0.0,0.15384615384615385,0.1282051282051282,0.15384615384615385,0.15384615384615385,0.0,0.02564102564102564,0.6923076923076923,0.6666666666666666,0.717948717948718,0.8461538461538461,0.8461538461538461,0.8461538461538461,0.7948717948717948,0.02564102564102564,0.6666666666666666,0.07692307692307693,0.10256410256410256,0.1282051282051282,0.1282051282051282,0.10256410256410256,0.10256410256410256,0.07692307692307693,0.10256410256410256,0.5641025641025641,0.358974358974359,0.9487179487179487,0.9487179487179487,0.9487179487179487,0.717948717948718,,,,,,
Marketing and Customer Experience,Define & Deploy Business Rules,Creation & Management of Offers and Content,0.07142857142857142,0.21428571428571427,0.7142857142857143,0.42857142857142855,0.5714285714285714,0.21428571428571427,0.6428571428571429,0.21428571428571427,1.0,0.07142857142857142,0.5,0.5,0.7142857142857143,0.8571428571428571,1.0,0.5714285714285714,0.7142857142857143,0.35714285714285715,0.14285714285714285,0.5,0.5,0.7142857142857143,0.35714285714285715,0.2857142857142857,0.5,0.2857142857142857,0.42857142857142855,0.0,0.14285714285714285,0.35714285714285715,0.07142857142857142,0.2857142857142857,0.5,0.2857142857142857,0.14285714285714285,0.5714285714285714,0.35714285714285715,0.2857142857142857,0.07142857142857142,0.7857142857142857,0.07142857142857142,0.35714285714285715,0.35714285714285715,0.14285714285714285,0.14285714285714285,0.14285714285714285,0.14285714285714285,0.14285714285714285,0.35714285714285715,0.35714285714285715,0.35714285714285715,0.14285714285714285,0.7142857142857143,0.2857142857142857,0.2857142857142857,0.2857142857142857,0.6428571428571429,0.6428571428571429,0.6428571428571429,0.6428571428571429,0.6428571428571429,0.6428571428571429,0.14285714285714285,0.0,0.0,0.0,1.0,0.14285714285714285,0.7142857142857143,0.7857142857142857,0.8571428571428571,0.35714285714285715,0.14285714285714285,0.8571428571428571,0.8571428571428571,0.7857142857142857,0.8571428571428571,0.7857142857142857,0.35714285714285715,0.21428571428571427,0.42857142857142855,0.0,0.0,0.0,0.07142857142857142,0.07142857142857142,0.0,0.0,0.0,0.35714285714285715,0.42857142857142855,0.5714285714285714,0.7142857142857143,0.7142857142857143,0.7142857142857143,0.7142857142857143,0.0,0.35714285714285715,0.0,0.0,0.14285714285714285,0.0,0.0,0.07142857142857142,0.07142857142857142,0.07142857142857142,0.21428571428571427,0.7142857142857143,0.9285714285714286,0.9285714285714286,0.9285714285714286,0.35714285714285715,,,,,,
Marketing and Customer Experience,Define & Deploy Business Rules,Multi-Step Dialogue,0.07142857142857142,0.2857142857142857,0.5,0.14285714285714285,0.5,0.21428571428571427,0.5714285714285714,0.21428571428571427,1.0,0.21428571428571427,0.5,0.7857142857142857,0.5714285714285714,0.9285714285714286,0.5714285714285714,1.0,0.5714285714285714,0.7142857142857143,0.2857142857142857,0.6428571428571429,0.35714285714285715,0.7142857142857143,0.42857142857142855,0.5,0.7142857142857143,0.21428571428571427,0.5714285714285714,0.07142857142857142,0.21428571428571427,0.5,0.07142857142857142,0.2857142857142857,0.5,0.2857142857142857,0.2857142857142857,0.5,0.5,0.35714285714285715,0.14285714285714285,0.7142857142857143,0.2857142857142857,0.42857142857142855,0.42857142857142855,0.21428571428571427,0.21428571428571427,0.21428571428571427,0.21428571428571427,0.21428571428571427,0.5714285714285714,0.5714285714285714,0.5714285714285714,0.21428571428571427,0.7142857142857143,0.5714285714285714,0.5714285714285714,0.5714285714285714,0.6428571428571429,0.6428571428571429,0.6428571428571429,0.6428571428571429,0.6428571428571429,0.6428571428571429,0.0,0.14285714285714285,0.14285714285714285,0.14285714285714285,1.0,0.21428571428571427,0.7142857142857143,0.7142857142857143,0.7857142857142857,0.5714285714285714,0.21428571428571427,0.7857142857142857,0.7857142857142857,0.7142857142857143,0.7857142857142857,0.7142857142857143,0.5714285714285714,0.35714285714285715,0.5714285714285714,0.21428571428571427,0.0,0.21428571428571427,0.21428571428571427,0.2857142857142857,0.21428571428571427,0.0,0.0,0.5714285714285714,0.5,0.42857142857142855,0.5714285714285714,0.5714285714285714,0.5714285714285714,0.5714285714285714,0.0,0.5,0.14285714285714285,0.14285714285714285,0.21428571428571427,0.14285714285714285,0.14285714285714285,0.21428571428571427,0.21428571428571427,0.21428571428571427,0.35714285714285715,0.7142857142857143,0.9285714285714286,0.9285714285714286,0.9285714285714286,0.5714285714285714,,,,,,
Marketing and Customer Experience,Define & Deploy Business Rules,Personalisation,0.12903225806451613,0.3870967741935484,0.7096774193548387,0.45161290322580644,0.7096774193548387,0.41935483870967744,0.6774193548387096,0.3548387096774194,1.0,0.16129032258064516,0.5161290322580645,0.41935483870967744,0.3548387096774194,0.5483870967741935,0.3225806451612903,0.25806451612903225,1.0,0.3870967741935484,0.25806451612903225,0.3225806451612903,0.41935483870967744,0.7096774193548387,0.2903225806451613,0.1935483870967742,0.25806451612903225,0.1935483870967742,0.25806451612903225,0.22580645161290322,0.03225806451612903,0.12903225806451613,0.0,0.1935483870967742,0.16129032258064516,0.06451612903225806,0.25806451612903225,0.6129032258064516,0.22580645161290322,0.25806451612903225,0.25806451612903225,0.6451612903225806,0.22580645161290322,0.5806451612903226,0.5806451612903226,0.2903225806451613,0.2903225806451613,0.2903225806451613,0.3548387096774194,0.45161290322580644,0.5161290322580645,0.5161290322580645,0.5161290322580645,0.2903225806451613,0.8064516129032258,0.5806451612903226,0.5806451612903226,0.5806451612903226,0.8064516129032258,0.8064516129032258,0.8064516129032258,0.8064516129032258,0.8064516129032258,0.8064516129032258,0.22580645161290322,0.2903225806451613,0.2903225806451613,0.2903225806451613,1.0,0.2903225806451613,0.8064516129032258,0.8387096774193549,0.9354838709677419,0.5161290322580645,0.2903225806451613,0.9354838709677419,0.9354838709677419,0.6451612903225806,0.9354838709677419,0.8387096774193549,0.6129032258064516,0.4838709677419355,0.5483870967741935,0.3225806451612903,0.0,0.3225806451612903,0.3548387096774194,0.2903225806451613,0.3225806451612903,0.06451612903225806,0.03225806451612903,0.5483870967741935,0.5806451612903226,0.6774193548387096,0.8064516129032258,0.8064516129032258,0.8064516129032258,0.7419354838709677,0.06451612903225806,0.45161290322580644,0.1935483870967742,0.2903225806451613,0.3225806451612903,0.3225806451612903,0.25806451612903225,0.22580645161290322,0.0967741935483871,0.25806451612903225,0.4838709677419355,0.45161290322580644,0.967741935483871,0.967741935483871,0.967741935483871,0.7741935483870968,,,,,,
Marketing and Customer Experience,Define & Deploy Business Rules,Rapid Prototyping supports Test & Learn,0.047619047619047616,0.2857142857142857,0.38095238095238093,0.19047619047619047,0.7142857142857143,0.19047619047619047,0.6666666666666666,0.23809523809523808,1.0,0.23809523809523808,0.47619047619047616,0.47619047619047616,0.47619047619047616,0.6666666666666666,0.23809523809523808,0.47619047619047616,0.5714285714285714,1.0,0.23809523809523808,0.38095238095238093,0.23809523809523808,0.5238095238095238,0.3333333333333333,0.23809523809523808,0.3333333333333333,0.09523809523809523,0.42857142857142855,0.047619047619047616,0.09523809523809523,0.3333333333333333,0.0,0.19047619047619047,0.2857142857142857,0.19047619047619047,0.42857142857142855,0.5238095238095238,0.3333333333333333,0.2857142857142857,0.3333333333333333,0.6190476190476191,0.2857142857142857,0.42857142857142855,0.42857142857142855,0.23809523809523808,0.2857142857142857,0.2857142857142857,0.3333333333333333,0.3333333333333333,0.5714285714285714,0.5714285714285714,0.5714285714285714,0.3333333333333333,0.7142857142857143,0.5238095238095238,0.5238095238095238,0.5238095238095238,0.5714285714285714,0.5714285714285714,0.5714285714285714,0.5714285714285714,0.5714285714285714,0.5714285714285714,0.19047619047619047,0.23809523809523808,0.23809523809523808,0.2857142857142857,1.0,0.2857142857142857,0.7142857142857143,0.7142857142857143,0.7142857142857143,0.5714285714285714,0.2857142857142857,0.7142857142857143,0.7142857142857143,0.6190476190476191,0.7142857142857143,0.7142857142857143,0.5238095238095238,0.3333333333333333,0.5714285714285714,0.2857142857142857,0.14285714285714285,0.2857142857142857,0.2857142857142857,0.2857142857142857,0.2857142857142857,0.0,0.047619047619047616,0.5714285714285714,0.47619047619047616,0.3333333333333333,0.7142857142857143,0.7142857142857143,0.7142857142857143,0.5714285714285714,0.09523809523809523,0.5714285714285714,0.23809523809523808,0.23809523809523808,0.2857142857142857,0.23809523809523808,0.23809523809523808,0.2857142857142857,0.23809523809523808,0.23809523809523808,0.3333333333333333,0.47619047619047616,0.9523809523809523,0.9523809523809523,0.9523809523809523,0.6666666666666666,,,,,,
Marketing and Customer Experience,Define & Deploy Business Rules,Regulatory & Audit Compliance,0.037037037037037035,0.2222222222222222,0.5185185185185185,0.25925925925925924,0.7037037037037037,0.7777777777777778,0.2962962962962963,0.18518518518518517,1.0,0.14814814814814814,0.25925925925925924,0.2222222222222222,0.18518518518518517,0.2222222222222222,0.07407407407407407,0.14814814814814814,0.2962962962962963,0.18518518518518517,1.0,0.2222222222222222,0.3333333333333333,0.48148148148148145,0.25925925925925924,0.25925925925925924,0.3333333333333333,0.2222222222222222,0.2962962962962963,0.1111111111111111,0.07407407407407407,0.07407407407407407,0.0,0.07407407407407407,0.1111111111111111,0.0,0.25925925925925924,0.4444444444444444,0.14814814814814814,0.25925925925925924,0.3333333333333333,0.6666666666666666,0.37037037037037035,0.6296296296296297,0.6296296296296297,0.25925925925925924,0.3333333333333333,0.3333333333333333,0.3333333333333333,0.5555555555555556,0.6296296296296297,0.6296296296296297,0.6296296296296297,0.3333333333333333,0.7407407407407407,0.6296296296296297,0.6296296296296297,0.6296296296296297,0.9629629629629629,0.9629629629629629,0.9629629629629629,1.0,0.9629629629629629,1.0,0.2962962962962963,0.25925925925925924,0.25925925925925924,0.25925925925925924,1.0,0.3333333333333333,0.7407407407407407,0.7037037037037037,1.0,0.6296296296296297,0.3333333333333333,1.0,1.0,0.6296296296296297,0.8148148148148148,0.7407407407407407,0.6296296296296297,0.7777777777777778,0.6296296296296297,0.2962962962962963,0.037037037037037035,0.2962962962962963,0.25925925925925924,0.2222222222222222,0.2962962962962963,0.07407407407407407,0.1111111111111111,0.5555555555555556,0.5185185185185185,0.4074074074074074,0.6666666666666666,0.6666666666666666,0.6296296296296297,0.6296296296296297,0.037037037037037035,0.5925925925925926,0.18518518518518517,0.2222222222222222,0.2222222222222222,0.2962962962962963,0.18518518518518517,0.18518518518518517,0.07407407407407407,0.14814814814814814,0.7777777777777778,0.2962962962962963,0.7777777777777778,0.7777777777777778,0.7777777777777778,0.8518518518518519,,,,,,
Marketing and Customer Experience,Delivery of Insight to Channels,Channel Coverage,0.06666666666666667,0.5666666666666667,0.8333333333333334,0.16666666666666666,0.36666666666666664,0.5333333333333333,0.7666666666666667,0.5333333333333333,1.0,0.1,0.2,0.8333333333333334,0.3,0.8,0.23333333333333334,0.3,0.3333333333333333,0.26666666666666666,0.2,1.0,0.5,0.8333333333333334,0.43333333333333335,0.23333333333333334,0.3333333333333333,0.5666666666666667,0.3,0.1,0.03333333333333333,0.2,0.0,0.6666666666666666,0.2,0.26666666666666666,0.7,0.3,0.23333333333333334,0.2,0.13333333333333333,0.6666666666666666,0.06666666666666667,0.6666666666666666,0.6666666666666666,0.06666666666666667,0.06666666666666667,0.06666666666666667,0.1,0.5,0.6,0.6,0.6,0.06666666666666667,0.7333333333333333,0.6,0.6,0.6,0.8333333333333334,0.8333333333333334,0.8333333333333334,0.8333333333333334,0.8333333333333334,0.8333333333333334,0.06666666666666667,0.1,0.1,0.1,1.0,0.06666666666666667,0.7333333333333333,0.7333333333333333,0.9333333333333333,0.6,0.06666666666666667,0.9333333333333333,0.9333333333333333,0.6666666666666666,0.9333333333333333,0.7333333333333333,0.6,0.6666666666666666,0.6,0.16666666666666666,0.0,0.16666666666666666,0.13333333333333333,0.13333333333333333,0.16666666666666666,0.03333333333333333,0.0,0.8333333333333334,0.8,0.7333333333333333,0.8666666666666667,0.8666666666666667,0.8666666666666667,0.8333333333333334,0.06666666666666667,0.8333333333333334,0.06666666666666667,0.1,0.1,0.16666666666666666,0.1,0.1,0.06666666666666667,0.06666666666666667,0.6666666666666666,0.3333333333333333,0.9666666666666667,0.9666666666666667,0.9666666666666667,0.8666666666666667,,,,,,
Marketing and Customer Experience,Delivery of Insight to Channels,Real Time Omni-Channel  Integration,0.08333333333333333,0.5,0.875,0.2916666666666667,0.625,0.5,0.875,0.4583333333333333,1.0,0.125,0.5,0.6666666666666666,0.3333333333333333,0.7916666666666666,0.2916666666666667,0.20833333333333334,0.5416666666666666,0.20833333333333334,0.375,0.625,1.0,0.9166666666666666,0.5416666666666666,0.25,0.2916666666666667,0.4166666666666667,0.2916666666666667,0.125,0.041666666666666664,0.041666666666666664,0.0,0.5,0.041666666666666664,0.20833333333333334,0.5,0.5416666666666666,0.20833333333333334,0.20833333333333334,0.3333333333333333,0.9166666666666666,0.20833333333333334,0.75,0.75,0.25,0.25,0.25,0.25,0.625,0.7083333333333334,0.7083333333333334,0.7083333333333334,0.25,0.8333333333333334,0.7083333333333334,0.7083333333333334,0.7083333333333334,0.9583333333333334,0.9583333333333334,0.9583333333333334,0.9583333333333334,0.9583333333333334,0.9583333333333334,0.16666666666666666,0.20833333333333334,0.20833333333333334,0.20833333333333334,1.0,0.25,0.8333333333333334,0.875,1.0,0.7083333333333334,0.25,1.0,1.0,0.9166666666666666,1.0,0.875,0.75,0.7083333333333334,0.75,0.20833333333333334,0.0,0.20833333333333334,0.20833333333333334,0.20833333333333334,0.20833333333333334,0.08333333333333333,0.041666666666666664,0.7083333333333334,0.75,0.8333333333333334,0.9166666666666666,0.9166666666666666,0.9166666666666666,0.875,0.0,0.7083333333333334,0.20833333333333334,0.20833333333333334,0.25,0.20833333333333334,0.20833333333333334,0.20833333333333334,0.08333333333333333,0.20833333333333334,0.7083333333333334,0.5,1.0,1.0,1.0,0.8333333333333334,,,,,,
Marketing and Customer Experience,Delivery of Insight to Channels,Next Best Action Arbitration,0.0625,0.5208333333333334,0.8125,0.3125,0.6458333333333334,0.5,0.7083333333333334,0.5,1.0,0.125,0.3541666666666667,0.5208333333333334,0.25,0.6041666666666666,0.20833333333333334,0.20833333333333334,0.4583333333333333,0.22916666666666666,0.2708333333333333,0.5208333333333334,0.4583333333333333,1.0,0.3333333333333333,0.16666666666666666,0.25,0.4166666666666667,0.2708333333333333,0.20833333333333334,0.020833333333333332,0.14583333333333334,0.0,0.4375,0.08333333333333333,0.16666666666666666,0.4166666666666667,0.4583333333333333,0.14583333333333334,0.16666666666666666,0.1875,0.7291666666666666,0.22916666666666666,0.6458333333333334,0.6458333333333334,0.22916666666666666,0.22916666666666666,0.22916666666666666,0.2708333333333333,0.5416666666666666,0.5625,0.5625,0.5625,0.25,0.8333333333333334,0.6458333333333334,0.6458333333333334,0.6458333333333334,0.875,0.875,0.875,0.875,0.875,0.875,0.14583333333333334,0.22916666666666666,0.22916666666666666,0.25,1.0,0.22916666666666666,0.8333333333333334,0.8541666666666666,0.9583333333333334,0.5625,0.22916666666666666,0.9583333333333334,0.9583333333333334,0.7291666666666666,0.9583333333333334,0.8541666666666666,0.6666666666666666,0.7083333333333334,0.5833333333333334,0.25,0.0,0.25,0.2708333333333333,0.20833333333333334,0.25,0.0625,0.0,0.6458333333333334,0.7083333333333334,0.7083333333333334,0.8541666666666666,0.875,0.8541666666666666,0.8125,0.041666666666666664,0.6041666666666666,0.14583333333333334,0.22916666666666666,0.25,0.25,0.1875,0.16666666666666666,0.0625,0.1875,0.7083333333333334,0.3541666666666667,0.9375,0.9375,0.9375,0.8125,,,,,,
Marketing and Customer Experience,Delivery of Insight to Channels,Contextual Decisioning,0.05555555555555555,0.4444444444444444,0.8888888888888888,0.16666666666666666,0.6111111111111112,0.6111111111111112,0.7777777777777778,0.3888888888888889,1.0,0.2222222222222222,0.3888888888888889,0.7777777777777778,0.16666666666666666,0.8888888888888888,0.2777777777777778,0.3333333333333333,0.5,0.3888888888888889,0.3888888888888889,0.7222222222222222,0.7222222222222222,0.8888888888888888,1.0,0.2777777777777778,0.3888888888888889,0.6111111111111112,0.2222222222222222,0.0,0.05555555555555555,0.1111111111111111,0.0,0.5555555555555556,0.1111111111111111,0.2222222222222222,0.6666666666666666,0.3888888888888889,0.2777777777777778,0.3888888888888889,0.16666666666666666,0.9444444444444444,0.16666666666666666,0.7222222222222222,0.7222222222222222,0.16666666666666666,0.16666666666666666,0.16666666666666666,0.16666666666666666,0.5555555555555556,0.7222222222222222,0.7222222222222222,0.7222222222222222,0.16666666666666666,0.8333333333333334,0.7222222222222222,0.7222222222222222,0.7222222222222222,1.0,1.0,1.0,1.0,1.0,1.0,0.05555555555555555,0.1111111111111111,0.1111111111111111,0.1111111111111111,1.0,0.16666666666666666,0.8333333333333334,0.8333333333333334,1.0,0.7222222222222222,0.16666666666666666,1.0,1.0,0.9444444444444444,1.0,0.8333333333333334,0.7222222222222222,0.6666666666666666,0.7222222222222222,0.1111111111111111,0.0,0.1111111111111111,0.16666666666666666,0.16666666666666666,0.1111111111111111,0.0,0.0,0.7777777777777778,0.7777777777777778,0.6666666666666666,0.8888888888888888,0.8333333333333334,0.8888888888888888,0.7777777777777778,0.0,0.7777777777777778,0.1111111111111111,0.1111111111111111,0.16666666666666666,0.1111111111111111,0.1111111111111111,0.16666666666666666,0.16666666666666666,0.16666666666666666,0.6666666666666666,0.2777777777777778,1.0,1.0,1.0,1.0,,,,,,
Marketing and Customer Experience,Delivery of Insight to Channels,Recycle Unused Leads into alternative channels,0.0,0.2,0.5,0.2,0.7,0.4,0.5,0.1,1.0,0.2,0.6,0.6,0.5,0.7,0.4,0.7,0.6,0.5,0.7,0.7,0.6,0.8,0.5,1.0,0.7,0.1,0.8,0.1,0.2,0.3,0.0,0.1,0.2,0.1,0.2,0.8,0.4,0.5,0.4,1.0,0.4,0.6,0.6,0.2,0.3,0.3,0.3,0.4,0.6,0.6,0.6,0.3,0.8,0.7,0.7,0.7,0.9,0.9,0.9,0.9,0.9,0.9,0.1,0.3,0.3,0.3,1.0,0.3,0.8,0.8,1.0,0.6,0.3,1.0,1.0,1.0,1.0,0.8,0.7,0.5,0.6,0.3,0.1,0.3,0.3,0.2,0.3,0.0,0.2,0.5,0.5,0.4,0.6,0.6,0.6,0.6,0.1,0.5,0.3,0.3,0.3,0.3,0.3,0.3,0.2,0.2,0.5,0.7,0.9,0.9,0.9,0.8,,,,,,
Marketing and Customer Experience,Delivery of Insight to Channels,Lead & Contact Management,0.0,0.25,0.625,0.0625,0.4375,0.5,0.4375,0.1875,1.0,0.1875,0.3125,0.6875,0.4375,0.5625,0.4375,0.625,0.5,0.4375,0.5625,0.625,0.4375,0.75,0.4375,0.4375,1.0,0.375,0.625,0.0625,0.125,0.3125,0.0625,0.25,0.375,0.25,0.25,0.4375,0.375,0.25,0.25,0.75,0.125,0.4375,0.4375,0.125,0.125,0.125,0.125,0.25,0.5,0.5,0.5,0.125,0.75,0.4375,0.4375,0.4375,0.75,0.75,0.75,0.75,0.75,0.75,0.0,0.125,0.125,0.125,1.0,0.125,0.75,0.75,0.875,0.5,0.125,0.875,0.875,0.75,0.875,0.75,0.4375,0.5,0.5,0.125,0.0,0.125,0.125,0.125,0.125,0.0,0.0625,0.625,0.625,0.3125,0.75,0.75,0.75,0.6875,0.0,0.625,0.125,0.125,0.125,0.125,0.125,0.125,0.125,0.125,0.5,0.625,0.9375,0.9375,0.9375,0.75,,,,,,
Marketing and Customer Experience,Delivery of Insight to Channels,Single Interaction View of Customer,0.08695652173913043,0.6086956521739131,1.0,0.2608695652173913,0.43478260869565216,0.7391304347826086,0.6086956521739131,0.6086956521739131,1.0,0.08695652173913043,0.043478260869565216,0.6956521739130435,0.043478260869565216,0.6956521739130435,0.17391304347826086,0.13043478260869565,0.2608695652173913,0.08695652173913043,0.2608695652173913,0.7391304347826086,0.43478260869565216,0.8695652173913043,0.4782608695652174,0.043478260869565216,0.2608695652173913,1.0,0.17391304347826086,0.08695652173913043,0.043478260869565216,0.13043478260869565,0.0,0.7391304347826086,0.13043478260869565,0.21739130434782608,0.7391304347826086,0.17391304347826086,0.13043478260869565,0.17391304347826086,0.0,0.7391304347826086,0.13043478260869565,0.782608695652174,0.782608695652174,0.043478260869565216,0.08695652173913043,0.08695652173913043,0.08695652173913043,0.6521739130434783,0.6956521739130435,0.6956521739130435,0.6956521739130435,0.08695652173913043,0.8260869565217391,0.7391304347826086,0.7391304347826086,0.7391304347826086,0.9565217391304348,0.9565217391304348,0.9565217391304348,0.9565217391304348,0.9565217391304348,0.9565217391304348,0.21739130434782608,0.043478260869565216,0.043478260869565216,0.043478260869565216,1.0,0.08695652173913043,0.8260869565217391,0.8260869565217391,0.9565217391304348,0.6956521739130435,0.08695652173913043,0.9565217391304348,0.9565217391304348,0.6956521739130435,0.9565217391304348,0.8260869565217391,0.7391304347826086,0.8695652173913043,0.6956521739130435,0.08695652173913043,0.0,0.08695652173913043,0.08695652173913043,0.13043478260869565,0.08695652173913043,0.043478260869565216,0.043478260869565216,1.0,1.0,0.8260869565217391,1.0,1.0,1.0,0.9565217391304348,0.043478260869565216,1.0,0.0,0.043478260869565216,0.08695652173913043,0.08695652173913043,0.043478260869565216,0.08695652173913043,0.043478260869565216,0.043478260869565216,0.8695652173913043,0.17391304347826086,0.9565217391304348,0.9565217391304348,0.9565217391304348,0.9565217391304348,,,,,,
Marketing and Customer Experience,Delivery of Insight to Channels,Channel Support & Engagement,0.05263157894736842,0.2631578947368421,0.47368421052631576,0.10526315789473684,0.631578947368421,0.3684210526315789,0.47368421052631576,0.2631578947368421,1.0,0.05263157894736842,0.3157894736842105,0.42105263157894735,0.42105263157894735,0.5789473684210527,0.3157894736842105,0.42105263157894735,0.42105263157894735,0.47368421052631576,0.42105263157894735,0.47368421052631576,0.3684210526315789,0.6842105263157895,0.21052631578947367,0.42105263157894735,0.5263157894736842,0.21052631578947367,1.0,0.10526315789473684,0.21052631578947367,0.2631578947368421,0.05263157894736842,0.21052631578947367,0.21052631578947367,0.15789473684210525,0.2631578947368421,0.631578947368421,0.2631578947368421,0.2631578947368421,0.3684210526315789,0.7368421052631579,0.2631578947368421,0.42105263157894735,0.42105263157894735,0.21052631578947367,0.2631578947368421,0.2631578947368421,0.3157894736842105,0.3684210526315789,0.5263157894736842,0.5263157894736842,0.5263157894736842,0.3157894736842105,0.8421052631578947,0.5789473684210527,0.5789473684210527,0.5789473684210527,0.7894736842105263,0.7894736842105263,0.7894736842105263,0.7894736842105263,0.7894736842105263,0.7894736842105263,0.3157894736842105,0.2631578947368421,0.2631578947368421,0.3157894736842105,1.0,0.2631578947368421,0.8421052631578947,0.8421052631578947,0.9473684210526315,0.5263157894736842,0.2631578947368421,0.9473684210526315,0.9473684210526315,0.7368421052631579,0.9473684210526315,0.8421052631578947,0.5789473684210527,0.5263157894736842,0.5263157894736842,0.3157894736842105,0.10526315789473684,0.3157894736842105,0.2631578947368421,0.2631578947368421,0.3157894736842105,0.0,0.10526315789473684,0.5263157894736842,0.5789473684210527,0.5263157894736842,0.8421052631578947,0.8421052631578947,0.8421052631578947,0.8421052631578947,0.10526315789473684,0.5789473684210527,0.21052631578947367,0.2631578947368421,0.2631578947368421,0.2631578947368421,0.2631578947368421,0.21052631578947367,0.10526315789473684,0.21052631578947367,0.5263157894736842,0.631578947368421,1.0,1.0,1.0,0.7894736842105263,,,,,,
Marketing and Customer Experience,Delivery of Insight to Channels,Direct Customer Access to Information Products,0.26666666666666666,0.5333333333333333,0.6,0.5333333333333333,0.7333333333333333,0.4,0.4666666666666667,0.5333333333333333,1.0,0.06666666666666667,0.3333333333333333,0.2,0.06666666666666667,0.13333333333333333,0.0,0.06666666666666667,0.4666666666666667,0.06666666666666667,0.2,0.2,0.2,0.6666666666666666,0.0,0.06666666666666667,0.06666666666666667,0.13333333333333333,0.13333333333333333,1.0,0.0,0.0,0.0,0.26666666666666666,0.0,0.0,0.2,0.4666666666666667,0.0,0.0,0.2,0.5333333333333333,0.6,0.8666666666666667,0.8666666666666667,0.5333333333333333,0.6,0.6,0.6666666666666666,0.8,0.6666666666666666,0.6666666666666666,0.6666666666666666,0.5333333333333333,0.8,0.8666666666666667,0.8666666666666667,0.8666666666666667,1.0,1.0,1.0,1.0,1.0,1.0,0.3333333333333333,0.6666666666666666,0.6666666666666666,0.6666666666666666,1.0,0.5333333333333333,0.8,0.8,1.0,0.6666666666666666,0.5333333333333333,1.0,1.0,0.5333333333333333,1.0,0.8,0.8666666666666667,1.0,0.6666666666666666,0.8,0.06666666666666667,0.8,0.8,0.6,0.8,0.26666666666666666,0.0,0.7333333333333333,0.8666666666666667,0.7333333333333333,0.8666666666666667,0.8666666666666667,0.8666666666666667,0.8,0.06666666666666667,0.5333333333333333,0.4666666666666667,0.6666666666666666,0.6,0.8,0.6,0.5333333333333333,0.06666666666666667,0.4666666666666667,1.0,0.5333333333333333,0.8666666666666667,0.8666666666666667,0.8666666666666667,0.8666666666666667,,,,,,
Marketing and Customer Experience,Delivery of Insight to Channels,Auto processing of  Channel Feedback,0.0,0.0,0.25,0.25,0.5,0.0,0.0,0.0,1.0,0.0,0.0,0.5,0.25,0.75,0.5,0.75,0.25,0.5,0.5,0.25,0.25,0.25,0.25,0.5,0.5,0.25,1.0,0.0,1.0,0.25,0.25,0.25,0.5,0.25,0.25,0.5,0.25,0.0,0.0,0.75,0.25,0.5,0.5,0.0,0.25,0.25,0.25,0.25,0.75,0.75,0.75,0.25,1.0,0.75,0.75,0.75,1.0,1.0,1.0,1.0,1.0,1.0,0.25,0.25,0.25,0.25,1.0,0.25,1.0,1.0,1.0,0.75,0.25,1.0,1.0,0.75,1.0,1.0,0.75,0.5,0.75,0.5,0.25,0.5,0.25,0.25,0.5,0.0,0.25,0.75,0.75,1.0,1.0,1.0,1.0,1.0,0.25,0.75,0.25,0.25,0.25,0.25,0.25,0.25,0.0,0.0,0.5,0.5,1.0,1.0,1.0,0.75,,,,,,
Marketing and Customer Experience,Reporting & Continuous Improvement,Campaign ROI Reporting by Channel,0.08333333333333333,0.16666666666666666,0.25,0.16666666666666666,0.3333333333333333,0.16666666666666666,0.5833333333333334,0.16666666666666666,1.0,0.08333333333333333,0.25,0.5,0.5833333333333334,0.5833333333333334,0.4166666666666667,0.5833333333333334,0.3333333333333333,0.5833333333333334,0.16666666666666666,0.5,0.08333333333333333,0.5833333333333334,0.16666666666666666,0.25,0.4166666666666667,0.25,0.4166666666666667,0.0,0.08333333333333333,1.0,0.0,0.3333333333333333,0.5833333333333334,0.3333333333333333,0.16666666666666666,0.4166666666666667,0.3333333333333333,0.16666666666666666,0.25,0.5833333333333334,0.08333333333333333,0.25,0.25,0.08333333333333333,0.08333333333333333,0.08333333333333333,0.08333333333333333,0.08333333333333333,0.25,0.3333333333333333,0.25,0.25,0.5833333333333334,0.16666666666666666,0.25,0.16666666666666666,0.25,0.3333333333333333,0.25,0.25,0.3333333333333333,0.25,0.25,0.08333333333333333,0.08333333333333333,0.25,1.0,0.08333333333333333,0.5833333333333334,0.5833333333333334,0.6666666666666666,0.25,0.08333333333333333,0.6666666666666666,0.6666666666666666,0.5833333333333334,0.5833333333333334,0.5833333333333334,0.16666666666666666,0.16666666666666666,0.25,0.08333333333333333,0.08333333333333333,0.08333333333333333,0.16666666666666666,0.16666666666666666,0.08333333333333333,0.08333333333333333,0.08333333333333333,0.6666666666666666,0.5833333333333334,0.3333333333333333,0.6666666666666666,0.75,0.6666666666666666,0.75,0.08333333333333333,0.4166666666666667,0.08333333333333333,0.08333333333333333,0.08333333333333333,0.08333333333333333,0.08333333333333333,0.08333333333333333,0.08333333333333333,0.16666666666666666,0.16666666666666666,0.4166666666666667,1.0,1.0,1.0,0.5,,,,,,
Marketing and Customer Experience,Reporting & Continuous Improvement,Lead/Sales Funnel Analytics  & Reporting,0.0,0.0,0.0,0.0,0.0,0.0,0.0,0.0,1.0,0.0,0.0,1.0,1.0,1.0,1.0,1.0,0.0,0.0,0.0,0.0,0.0,0.0,0.0,0.0,1.0,0.0,1.0,0.0,1.0,0.0,1.0,0.0,1.0,1.0,0.0,0.0,0.0,0.0,0.0,1.0,0.0,0.0,0.0,0.0,0.0,0.0,0.0,0.0,0.0,0.0,0.0,0.0,1.0,0.0,0.0,0.0,1.0,1.0,1.0,1.0,1.0,1.0,0.0,0.0,0.0,0.0,1.0,0.0,1.0,1.0,1.0,0.0,0.0,1.0,1.0,1.0,1.0,1.0,0.0,0.0,0.0,0.0,0.0,0.0,0.0,0.0,0.0,0.0,0.0,0.0,0.0,1.0,1.0,1.0,1.0,1.0,0.0,0.0,0.0,0.0,0.0,0.0,0.0,0.0,0.0,0.0,0.0,1.0,1.0,1.0,1.0,0.0,,,,,,
Marketing and Customer Experience,Reporting & Continuous Improvement,Marketing Attribution MI across all channels,0.07692307692307693,0.7307692307692307,0.8846153846153846,0.2692307692307692,0.34615384615384615,0.5384615384615384,0.8461538461538461,0.7307692307692307,1.0,0.07692307692307693,0.07692307692307693,0.6923076923076923,0.07692307692307693,0.7307692307692307,0.15384615384615385,0.15384615384615385,0.23076923076923078,0.15384615384615385,0.07692307692307693,0.7692307692307693,0.46153846153846156,0.8076923076923077,0.38461538461538464,0.038461538461538464,0.15384615384615385,0.6538461538461539,0.15384615384615385,0.15384615384615385,0.038461538461538464,0.15384615384615385,0.0,1.0,0.15384615384615385,0.23076923076923078,0.6538461538461539,0.3076923076923077,0.11538461538461539,0.07692307692307693,0.07692307692307693,0.6923076923076923,0.19230769230769232,0.8461538461538461,0.8461538461538461,0.15384615384615385,0.19230769230769232,0.19230769230769232,0.23076923076923078,0.6538461538461539,0.6538461538461539,0.6538461538461539,0.6538461538461539,0.19230769230769232,0.7307692307692307,0.7307692307692307,0.7307692307692307,0.7307692307692307,0.9230769230769231,0.9230769230769231,0.9230769230769231,0.9230769230769231,0.9230769230769231,0.9230769230769231,0.11538461538461539,0.15384615384615385,0.15384615384615385,0.15384615384615385,1.0,0.19230769230769232,0.7307692307692307,0.7307692307692307,0.9230769230769231,0.6538461538461539,0.19230769230769232,0.9230769230769231,0.9230769230769231,0.6923076923076923,0.9230769230769231,0.7307692307692307,0.7307692307692307,0.8461538461538461,0.6538461538461539,0.23076923076923078,0.038461538461538464,0.23076923076923078,0.23076923076923078,0.23076923076923078,0.23076923076923078,0.038461538461538464,0.038461538461538464,0.9615384615384616,0.9615384615384616,0.8846153846153846,0.9615384615384616,0.9615384615384616,0.9615384615384616,0.9230769230769231,0.0,0.8461538461538461,0.11538461538461539,0.15384615384615385,0.15384615384615385,0.19230769230769232,0.11538461538461539,0.19230769230769232,0.07692307692307693,0.15384615384615385,0.8461538461538461,0.3076923076923077,0.9615384615384616,0.9615384615384616,0.9615384615384616,0.9230769230769231,,,,,,
Marketing and Customer Experience,Reporting & Continuous Improvement,Marketing Asset Evaluation,0.0,0.06666666666666667,0.26666666666666666,0.06666666666666667,0.13333333333333333,0.2,0.26666666666666666,0.06666666666666667,1.0,0.06666666666666667,0.06666666666666667,0.4666666666666667,0.4666666666666667,0.5333333333333333,0.4666666666666667,0.4666666666666667,0.3333333333333333,0.4,0.2,0.4,0.06666666666666667,0.26666666666666666,0.13333333333333333,0.13333333333333333,0.4,0.2,0.26666666666666666,0.0,0.13333333333333333,0.4666666666666667,0.06666666666666667,0.26666666666666666,1.0,0.3333333333333333,0.26666666666666666,0.06666666666666667,0.26666666666666666,0.13333333333333333,0.13333333333333333,0.3333333333333333,0.0,0.4,0.4,0.0,0.0,0.0,0.0,0.2,0.2,0.2,0.2,0.0,0.3333333333333333,0.13333333333333333,0.13333333333333333,0.13333333333333333,0.4666666666666667,0.4666666666666667,0.4666666666666667,0.4666666666666667,0.4666666666666667,0.4666666666666667,0.13333333333333333,0.0,0.0,0.0,1.0,0.0,0.3333333333333333,0.3333333333333333,0.6,0.2,0.0,0.6,0.6,0.3333333333333333,0.4,0.3333333333333333,0.13333333333333333,0.26666666666666666,0.2,0.0,0.0,0.0,0.0,0.0,0.13333333333333333,0.13333333333333333,0.13333333333333333,0.4666666666666667,0.3333333333333333,0.2,0.4666666666666667,0.4666666666666667,0.4,0.4,0.0,0.4,0.0,0.0,0.0,0.0,0.0,0.0,0.0,0.0,0.26666666666666666,0.26666666666666666,0.8,0.8,0.8,0.4,,,,,,
Marketing and Customer Experience,Reporting & Continuous Improvement,"Earned, Paid & Owned media analysis",0.0,0.36363636363636365,0.6363636363636364,0.0,0.09090909090909091,0.18181818181818182,0.6363636363636364,0.36363636363636365,1.0,0.0,0.09090909090909091,0.8181818181818182,0.45454545454545453,1.0,0.36363636363636365,0.36363636363636365,0.18181818181818182,0.36363636363636365,0.0,0.7272727272727273,0.45454545454545453,0.7272727272727273,0.36363636363636365,0.09090909090909091,0.36363636363636365,0.45454545454545453,0.2727272727272727,0.0,0.09090909090909091,0.36363636363636365,0.09090909090909091,0.5454545454545454,0.45454545454545453,1.0,0.5454545454545454,0.0,0.18181818181818182,0.0,0.0,0.7272727272727273,0.0,0.6363636363636364,0.6363636363636364,0.0,0.0,0.0,0.0,0.36363636363636365,0.36363636363636365,0.36363636363636365,0.36363636363636365,0.0,0.6363636363636364,0.2727272727272727,0.2727272727272727,0.2727272727272727,0.6363636363636364,0.6363636363636364,0.6363636363636364,0.6363636363636364,0.6363636363636364,0.6363636363636364,0.0,0.0,0.0,0.0,1.0,0.0,0.6363636363636364,0.6363636363636364,0.8181818181818182,0.36363636363636365,0.0,0.8181818181818182,0.8181818181818182,0.7272727272727273,0.8181818181818182,0.6363636363636364,0.2727272727272727,0.45454545454545453,0.36363636363636365,0.0,0.0,0.0,0.0,0.0,0.0,0.0,0.0,0.7272727272727273,0.7272727272727273,0.5454545454545454,0.8181818181818182,0.9090909090909091,0.8181818181818182,0.8181818181818182,0.0,0.7272727272727273,0.0,0.0,0.0,0.0,0.0,0.0,0.0,0.0,0.45454545454545453,0.36363636363636365,0.9090909090909091,0.9090909090909091,0.9090909090909091,0.45454545454545453,,,,,,
Marketing and Customer Experience,Reporting & Continuous Improvement,NPS MI & Drill Down,0.027777777777777776,0.4722222222222222,0.6944444444444444,0.25,0.5277777777777778,0.5,0.5833333333333334,0.4444444444444444,1.0,0.16666666666666666,0.1388888888888889,0.5833333333333334,0.1111111111111111,0.6111111111111112,0.05555555555555555,0.1111111111111111,0.2222222222222222,0.25,0.19444444444444445,0.5833333333333334,0.3333333333333333,0.5555555555555556,0.3333333333333333,0.05555555555555555,0.1111111111111111,0.4722222222222222,0.1388888888888889,0.08333333333333333,0.027777777777777776,0.05555555555555555,0.0,0.4722222222222222,0.1111111111111111,0.16666666666666666,1.0,0.2222222222222222,0.08333333333333333,0.2222222222222222,0.2777777777777778,0.5,0.1388888888888889,0.6666666666666666,0.6666666666666666,0.08333333333333333,0.1111111111111111,0.1111111111111111,0.1388888888888889,0.6111111111111112,0.5833333333333334,0.5833333333333334,0.5833333333333334,0.1388888888888889,0.6666666666666666,0.6111111111111112,0.6111111111111112,0.6111111111111112,0.8055555555555556,0.8055555555555556,0.8055555555555556,0.8333333333333334,0.8055555555555556,0.8333333333333334,0.2222222222222222,0.1388888888888889,0.1388888888888889,0.16666666666666666,1.0,0.1111111111111111,0.6666666666666666,0.6666666666666666,0.9166666666666666,0.5833333333333334,0.1111111111111111,0.9166666666666666,0.9166666666666666,0.4722222222222222,0.8055555555555556,0.6666666666666666,0.6111111111111112,0.7222222222222222,0.5833333333333334,0.2222222222222222,0.05555555555555555,0.2222222222222222,0.1388888888888889,0.2222222222222222,0.25,0.08333333333333333,0.08333333333333333,0.8055555555555556,0.75,0.6666666666666666,0.8611111111111112,0.8611111111111112,0.8055555555555556,0.75,0.08333333333333333,0.8055555555555556,0.1111111111111111,0.1388888888888889,0.1111111111111111,0.19444444444444445,0.1388888888888889,0.1111111111111111,0.08333333333333333,0.1111111111111111,0.7222222222222222,0.16666666666666666,0.8611111111111112,0.8611111111111112,0.8611111111111112,0.9444444444444444,,,,,,
Marketing and Customer Experience,Reporting & Continuous Improvement,Strategy Monitoring,0.07692307692307693,0.3076923076923077,0.5128205128205128,0.41025641025641024,0.6923076923076923,0.38461538461538464,0.6923076923076923,0.28205128205128205,1.0,0.15384615384615385,0.38461538461538464,0.23076923076923078,0.3333333333333333,0.38461538461538464,0.20512820512820512,0.1794871794871795,0.48717948717948717,0.28205128205128205,0.3076923076923077,0.23076923076923078,0.3333333333333333,0.5641025641025641,0.1794871794871795,0.20512820512820512,0.1794871794871795,0.10256410256410256,0.3076923076923077,0.1794871794871795,0.05128205128205128,0.1282051282051282,0.0,0.20512820512820512,0.02564102564102564,0.0,0.20512820512820512,1.0,0.15384615384615385,0.23076923076923078,0.358974358974359,0.6666666666666666,0.358974358974359,0.5128205128205128,0.5128205128205128,0.38461538461538464,0.41025641025641024,0.38461538461538464,0.46153846153846156,0.46153846153846156,0.5641025641025641,0.5641025641025641,0.5641025641025641,0.46153846153846156,0.8461538461538461,0.6923076923076923,0.6923076923076923,0.6923076923076923,0.8205128205128205,0.8205128205128205,0.8205128205128205,0.8205128205128205,0.8205128205128205,0.8205128205128205,0.3076923076923077,0.41025641025641024,0.41025641025641024,0.46153846153846156,1.0,0.41025641025641024,0.8461538461538461,0.8461538461538461,0.9487179487179487,0.5641025641025641,0.41025641025641024,0.9487179487179487,0.9487179487179487,0.6666666666666666,0.9230769230769231,0.8717948717948718,0.717948717948718,0.5641025641025641,0.5897435897435898,0.358974358974359,0.05128205128205128,0.358974358974359,0.358974358974359,0.28205128205128205,0.358974358974359,0.05128205128205128,0.02564102564102564,0.5641025641025641,0.5641025641025641,0.6666666666666666,0.7948717948717948,0.7948717948717948,0.7435897435897436,0.8205128205128205,0.07692307692307693,0.358974358974359,0.23076923076923078,0.358974358974359,0.38461538461538464,0.358974358974359,0.3333333333333333,0.2564102564102564,0.10256410256410256,0.2564102564102564,0.5641025641025641,0.41025641025641024,0.8717948717948718,0.8717948717948718,0.8717948717948718,0.7435897435897436,,,,,,
Marketing and Customer Experience,Reporting & Continuous Improvement,Contact Frequency Monitoring,0.0,0.4444444444444444,0.6666666666666666,0.1111111111111111,0.4444444444444444,0.4444444444444444,0.5555555555555556,0.3333333333333333,1.0,0.2222222222222222,0.4444444444444444,1.0,0.6666666666666666,1.0,0.5555555555555556,0.7777777777777778,0.7777777777777778,0.7777777777777778,0.4444444444444444,0.7777777777777778,0.5555555555555556,0.7777777777777778,0.5555555555555556,0.4444444444444444,0.6666666666666666,0.3333333333333333,0.5555555555555556,0.0,0.1111111111111111,0.4444444444444444,0.0,0.3333333333333333,0.4444444444444444,0.2222222222222222,0.3333333333333333,0.6666666666666666,1.0,0.5555555555555556,0.2222222222222222,0.6666666666666666,0.1111111111111111,0.3333333333333333,0.3333333333333333,0.1111111111111111,0.1111111111111111,0.1111111111111111,0.1111111111111111,0.2222222222222222,0.6666666666666666,0.6666666666666666,0.6666666666666666,0.1111111111111111,0.7777777777777778,0.6666666666666666,0.6666666666666666,0.6666666666666666,0.6666666666666666,0.6666666666666666,0.6666666666666666,0.6666666666666666,0.6666666666666666,0.6666666666666666,0.1111111111111111,0.1111111111111111,0.1111111111111111,0.1111111111111111,1.0,0.1111111111111111,0.7777777777777778,0.7777777777777778,0.7777777777777778,0.6666666666666666,0.1111111111111111,0.7777777777777778,0.7777777777777778,0.6666666666666666,0.7777777777777778,0.7777777777777778,0.6666666666666666,0.2222222222222222,0.6666666666666666,0.1111111111111111,0.0,0.1111111111111111,0.1111111111111111,0.1111111111111111,0.1111111111111111,0.0,0.0,0.6666666666666666,0.5555555555555556,0.3333333333333333,0.6666666666666666,0.6666666666666666,0.6666666666666666,0.5555555555555556,0.0,0.5555555555555556,0.1111111111111111,0.1111111111111111,0.1111111111111111,0.1111111111111111,0.1111111111111111,0.1111111111111111,0.1111111111111111,0.1111111111111111,0.2222222222222222,0.5555555555555556,1.0,1.0,1.0,0.6666666666666666,,,,,,
Marketing and Customer Experience,Reporting & Continuous Improvement,Complaints Root Cause Analysis MI,0.07142857142857142,0.2857142857142857,0.7142857142857143,0.2857142857142857,0.7142857142857143,0.7142857142857143,0.5714285714285714,0.21428571428571427,1.0,0.2857142857142857,0.5,0.42857142857142855,0.2857142857142857,0.6428571428571429,0.2857142857142857,0.35714285714285715,0.5714285714285714,0.42857142857142855,0.5,0.42857142857142855,0.35714285714285715,0.5714285714285714,0.5,0.35714285714285715,0.2857142857142857,0.2857142857142857,0.35714285714285715,0.0,0.0,0.14285714285714285,0.0,0.14285714285714285,0.14285714285714285,0.0,0.5714285714285714,0.6428571428571429,0.35714285714285715,1.0,0.5,0.6428571428571429,0.2857142857142857,0.5,0.5,0.21428571428571427,0.21428571428571427,0.21428571428571427,0.21428571428571427,0.5,0.5714285714285714,0.5714285714285714,0.5714285714285714,0.21428571428571427,0.7857142857142857,0.7142857142857143,0.7142857142857143,0.7142857142857143,1.0,1.0,1.0,1.0,1.0,1.0,0.21428571428571427,0.14285714285714285,0.14285714285714285,0.14285714285714285,1.0,0.21428571428571427,0.7857142857142857,0.7857142857142857,1.0,0.5714285714285714,0.21428571428571427,1.0,1.0,0.5714285714285714,0.8571428571428571,0.7857142857142857,0.7142857142857143,0.42857142857142855,0.5714285714285714,0.14285714285714285,0.0,0.14285714285714285,0.21428571428571427,0.21428571428571427,0.14285714285714285,0.0,0.0,0.5714285714285714,0.42857142857142855,0.5,0.7142857142857143,0.6428571428571429,0.5714285714285714,0.5714285714285714,0.0,0.5,0.14285714285714285,0.14285714285714285,0.2857142857142857,0.14285714285714285,0.14285714285714285,0.21428571428571427,0.21428571428571427,0.21428571428571427,0.42857142857142855,0.42857142857142855,0.7142857142857143,0.7142857142857143,0.7142857142857143,0.8571428571428571,,,,,,
Marketing and Customer Experience,Reporting & Continuous Improvement,Attrition Root Cause Analysis MI,0.1,0.3,0.45,0.3,0.8,0.5,0.6,0.25,1.0,0.25,0.45,0.2,0.35,0.3,0.05,0.1,0.4,0.35,0.45,0.2,0.4,0.45,0.15,0.2,0.2,0.0,0.35,0.15,0.0,0.15,0.0,0.1,0.1,0.0,0.5,0.7,0.1,0.35,1.0,0.6,0.35,0.55,0.55,0.35,0.35,0.35,0.4,0.55,0.5,0.5,0.5,0.45,0.75,0.5,0.5,0.5,0.8,0.8,0.8,0.8,0.8,0.8,0.35,0.35,0.35,0.45,1.0,0.35,0.75,0.75,0.95,0.5,0.35,0.95,0.95,0.6,0.85,0.75,0.5,0.55,0.5,0.35,0.05,0.35,0.35,0.3,0.4,0.15,0.1,0.55,0.45,0.5,0.85,0.85,0.8,0.7,0.05,0.5,0.3,0.35,0.35,0.35,0.35,0.3,0.15,0.3,0.55,0.45,0.85,0.85,0.85,0.85,,,,,,
Risk Management & Regulation,Risk Insight,Application and New Business Written,0.046153846153846156,0.27692307692307694,0.5230769230769231,0.24615384615384617,0.5692307692307692,0.4307692307692308,0.5076923076923077,0.26153846153846155,1.0,0.09230769230769231,0.26153846153846155,0.3384615384615385,0.2,0.4307692307692308,0.16923076923076924,0.15384615384615385,0.3076923076923077,0.2,0.27692307692307694,0.3076923076923077,0.3384615384615385,0.5384615384615384,0.26153846153846155,0.15384615384615385,0.18461538461538463,0.26153846153846155,0.2153846153846154,0.12307692307692308,0.046153846153846156,0.1076923076923077,0.015384615384615385,0.27692307692307694,0.07692307692307693,0.12307692307692308,0.27692307692307694,0.4,0.09230769230769231,0.13846153846153847,0.18461538461538463,1.0,0.46153846153846156,0.7538461538461538,0.7538461538461538,0.36923076923076925,0.46153846153846156,0.47692307692307695,0.46153846153846156,0.6,0.7076923076923077,0.7076923076923077,0.7076923076923077,0.49230769230769234,0.9230769230769231,0.7076923076923077,0.7076923076923077,0.7076923076923077,0.8615384615384616,0.8615384615384616,0.8615384615384616,0.8615384615384616,0.8615384615384616,0.8615384615384616,0.26153846153846155,0.35384615384615387,0.35384615384615387,0.38461538461538464,1.0,0.46153846153846156,0.9230769230769231,0.9230769230769231,1.0,0.7076923076923077,0.46153846153846156,1.0,1.0,0.9846153846153847,1.0,0.9384615384615385,0.7230769230769231,0.7538461538461538,0.7230769230769231,0.38461538461538464,0.06153846153846154,0.38461538461538464,0.4,0.2923076923076923,0.38461538461538464,0.046153846153846156,0.07692307692307693,0.5384615384615384,0.6461538461538462,0.6153846153846154,0.7692307692307693,0.7230769230769231,0.7692307692307693,0.7846153846153846,0.015384615384615385,0.4307692307692308,0.16923076923076924,0.3384615384615385,0.38461538461538464,0.36923076923076925,0.3230769230769231,0.24615384615384617,0.1076923076923077,0.2,0.7538461538461538,0.3384615384615385,0.9384615384615385,0.9384615384615385,0.9384615384615385,0.7384615384615385,,,,,,
Risk Management & Regulation,Risk Insight,Single Customer View from a Risk Perspective,0.09090909090909091,0.30303030303030304,0.45454545454545453,0.3939393939393939,0.6666666666666666,0.36363636363636365,0.30303030303030304,0.2727272727272727,1.0,0.15151515151515152,0.24242424242424243,0.09090909090909091,0.06060606060606061,0.18181818181818182,0.030303030303030304,0.12121212121212122,0.21212121212121213,0.18181818181818182,0.30303030303030304,0.06060606060606061,0.15151515151515152,0.3333333333333333,0.09090909090909091,0.12121212121212122,0.06060606060606061,0.09090909090909091,0.15151515151515152,0.2727272727272727,0.030303030303030304,0.030303030303030304,0.0,0.15151515151515152,0.0,0.0,0.15151515151515152,0.42424242424242425,0.030303030303030304,0.12121212121212122,0.21212121212121213,0.9090909090909091,1.0,0.9696969696969697,0.9696969696969697,0.6363636363636364,0.9090909090909091,0.8787878787878788,0.9090909090909091,0.9090909090909091,0.9090909090909091,0.9090909090909091,0.9090909090909091,0.8787878787878788,0.9393939393939394,0.9393939393939394,0.9393939393939394,0.9393939393939394,0.9696969696969697,0.9696969696969697,0.9696969696969697,0.9696969696969697,0.9696969696969697,0.9696969696969697,0.36363636363636365,0.696969696969697,0.696969696969697,0.696969696969697,1.0,0.8787878787878788,0.9393939393939394,0.9393939393939394,1.0,0.9090909090909091,0.8787878787878788,1.0,1.0,0.8787878787878788,1.0,0.9393939393939394,0.9393939393939394,1.0,0.9090909090909091,0.7878787878787878,0.12121212121212122,0.7878787878787878,0.7878787878787878,0.6363636363636364,0.7878787878787878,0.12121212121212122,0.15151515151515152,0.5454545454545454,0.7575757575757576,0.696969696969697,0.7575757575757576,0.7272727272727273,0.7575757575757576,0.7878787878787878,0.030303030303030304,0.36363636363636365,0.30303030303030304,0.6666666666666666,0.7272727272727273,0.7575757575757576,0.6363636363636364,0.48484848484848486,0.15151515151515152,0.3939393939393939,1.0,0.42424242424242425,0.9090909090909091,0.9090909090909091,0.9090909090909091,0.7878787878787878,,,,,,
Risk Management & Regulation,Risk Insight,"Policy, Forensics and Underwriter Rules",0.06153846153846154,0.35384615384615387,0.5538461538461539,0.26153846153846155,0.5230769230769231,0.46153846153846156,0.46153846153846156,0.3384615384615385,1.0,0.12307692307692308,0.16923076923076924,0.3230769230769231,0.07692307692307693,0.35384615384615387,0.07692307692307693,0.09230769230769231,0.27692307692307694,0.13846153846153847,0.26153846153846155,0.3076923076923077,0.27692307692307694,0.47692307692307695,0.2,0.09230769230769231,0.1076923076923077,0.27692307692307694,0.12307692307692308,0.2,0.03076923076923077,0.046153846153846156,0.0,0.3384615384615385,0.09230769230769231,0.1076923076923077,0.36923076923076925,0.3076923076923077,0.046153846153846156,0.1076923076923077,0.16923076923076924,0.7538461538461538,0.49230769230769234,1.0,1.0,0.38461538461538464,0.5230769230769231,0.49230769230769234,0.5230769230769231,0.8,0.8,0.8,0.8,0.5076923076923077,0.8461538461538461,0.8,0.8,0.8,0.9538461538461539,0.9538461538461539,0.9538461538461539,0.9538461538461539,0.9538461538461539,0.9538461538461539,0.2923076923076923,0.4,0.4,0.4,1.0,0.5076923076923077,0.8461538461538461,0.8307692307692308,1.0,0.8,0.5076923076923077,1.0,1.0,0.7384615384615385,0.9538461538461539,0.8461538461538461,0.8153846153846154,0.8923076923076924,0.8153846153846154,0.4307692307692308,0.06153846153846154,0.4307692307692308,0.4307692307692308,0.3384615384615385,0.4461538461538462,0.09230769230769231,0.1076923076923077,0.6153846153846154,0.7230769230769231,0.6461538461538462,0.7384615384615385,0.7384615384615385,0.7230769230769231,0.7230769230769231,0.03076923076923077,0.49230769230769234,0.16923076923076924,0.38461538461538464,0.4,0.4153846153846154,0.3384615384615385,0.27692307692307694,0.07692307692307693,0.2153846153846154,0.8923076923076924,0.2923076923076923,0.8769230769230769,0.8769230769230769,0.8769230769230769,0.8307692307692308,,,,,,
Risk Management & Regulation,Risk Insight,"Can’t Pay, Won’t Pay and Collusion",0.06153846153846154,0.35384615384615387,0.5538461538461539,0.26153846153846155,0.5230769230769231,0.46153846153846156,0.46153846153846156,0.3384615384615385,1.0,0.12307692307692308,0.16923076923076924,0.3230769230769231,0.07692307692307693,0.35384615384615387,0.07692307692307693,0.09230769230769231,0.27692307692307694,0.13846153846153847,0.26153846153846155,0.3076923076923077,0.27692307692307694,0.47692307692307695,0.2,0.09230769230769231,0.1076923076923077,0.27692307692307694,0.12307692307692308,0.2,0.03076923076923077,0.046153846153846156,0.0,0.3384615384615385,0.09230769230769231,0.1076923076923077,0.36923076923076925,0.3076923076923077,0.046153846153846156,0.1076923076923077,0.16923076923076924,0.7538461538461538,0.49230769230769234,1.0,1.0,0.38461538461538464,0.5230769230769231,0.49230769230769234,0.5230769230769231,0.8,0.8,0.8,0.8,0.5076923076923077,0.8461538461538461,0.8,0.8,0.8,0.9538461538461539,0.9538461538461539,0.9538461538461539,0.9538461538461539,0.9538461538461539,0.9538461538461539,0.2923076923076923,0.4,0.4,0.4,1.0,0.5076923076923077,0.8461538461538461,0.8307692307692308,1.0,0.8,0.5076923076923077,1.0,1.0,0.7384615384615385,0.9538461538461539,0.8461538461538461,0.8153846153846154,0.8923076923076924,0.8153846153846154,0.4307692307692308,0.06153846153846154,0.4307692307692308,0.4307692307692308,0.3384615384615385,0.4461538461538462,0.09230769230769231,0.1076923076923077,0.6153846153846154,0.7230769230769231,0.6461538461538462,0.7384615384615385,0.7384615384615385,0.7230769230769231,0.7230769230769231,0.03076923076923077,0.49230769230769234,0.16923076923076924,0.38461538461538464,0.4,0.4153846153846154,0.3384615384615385,0.27692307692307694,0.07692307692307693,0.2153846153846154,0.8923076923076924,0.2923076923076923,0.8769230769230769,0.8769230769230769,0.8769230769230769,0.8307692307692308,,,,,,
Risk Management & Regulation,Risk Insight,Roll and Rehabilitation Rates,0.12,0.36,0.48,0.44,0.68,0.44,0.48,0.32,1.0,0.16,0.32,0.16,0.12,0.16,0.08,0.12,0.36,0.2,0.28,0.08,0.24,0.44,0.12,0.08,0.08,0.04,0.16,0.32,0.0,0.04,0.0,0.16,0.0,0.0,0.12,0.6,0.04,0.12,0.28,0.96,0.84,1.0,1.0,1.0,1.0,0.96,1.0,0.92,0.92,0.92,0.92,1.0,1.0,0.92,0.92,0.92,0.92,0.92,0.92,0.92,0.92,0.92,0.48,0.76,0.76,0.76,1.0,1.0,1.0,0.96,1.0,0.92,1.0,1.0,1.0,0.96,1.0,1.0,0.96,1.0,0.96,0.72,0.12,0.72,0.76,0.56,0.72,0.12,0.0,0.56,0.76,0.72,0.76,0.72,0.76,0.84,0.0,0.36,0.4,0.72,0.76,0.72,0.68,0.48,0.2,0.56,1.0,0.44,0.92,0.92,0.92,0.76,,,,,,
Risk Management & Regulation,Risk Insight,Capital Management (Planning and Allocation),0.08333333333333333,0.2777777777777778,0.3611111111111111,0.3888888888888889,0.5555555555555556,0.3333333333333333,0.3611111111111111,0.25,1.0,0.1111111111111111,0.2222222222222222,0.1111111111111111,0.08333333333333333,0.1111111111111111,0.05555555555555555,0.08333333333333333,0.25,0.16666666666666666,0.25,0.05555555555555555,0.16666666666666666,0.3055555555555556,0.08333333333333333,0.08333333333333333,0.05555555555555555,0.05555555555555555,0.1388888888888889,0.25,0.027777777777777776,0.027777777777777776,0.0,0.1388888888888889,0.0,0.0,0.1111111111111111,0.4444444444444444,0.027777777777777776,0.08333333333333333,0.19444444444444445,0.8333333333333334,0.8333333333333334,0.9444444444444444,0.9444444444444444,0.6944444444444444,1.0,0.9166666666666666,0.9444444444444444,0.8333333333333334,0.8888888888888888,0.8888888888888888,0.8888888888888888,0.9444444444444444,0.9722222222222222,0.8888888888888888,0.8888888888888888,0.8888888888888888,0.9166666666666666,0.9166666666666666,0.9166666666666666,0.9166666666666666,0.9166666666666666,0.9166666666666666,0.4166666666666667,0.7222222222222222,0.7222222222222222,0.7222222222222222,1.0,0.9444444444444444,0.9722222222222222,0.9444444444444444,1.0,0.8888888888888888,0.9444444444444444,1.0,1.0,0.8333333333333334,1.0,0.9722222222222222,0.9166666666666666,1.0,0.9166666666666666,0.7777777777777778,0.1111111111111111,0.7777777777777778,0.7777777777777778,0.5833333333333334,0.7777777777777778,0.1111111111111111,0.1388888888888889,0.5277777777777778,0.75,0.6944444444444444,0.75,0.7222222222222222,0.75,0.8055555555555556,0.027777777777777776,0.3055555555555556,0.3055555555555556,0.6944444444444444,0.7222222222222222,0.7222222222222222,0.6388888888888888,0.4444444444444444,0.1388888888888889,0.3888888888888889,1.0,0.3888888888888889,0.9444444444444444,0.9444444444444444,0.9444444444444444,0.75,,,,,,
Risk Management & Regulation,Risk Insight,Capital Consumption,0.08333333333333333,0.2777777777777778,0.3611111111111111,0.3888888888888889,0.5277777777777778,0.2777777777777778,0.3333333333333333,0.25,1.0,0.08333333333333333,0.2222222222222222,0.1111111111111111,0.08333333333333333,0.1111111111111111,0.05555555555555555,0.08333333333333333,0.25,0.16666666666666666,0.25,0.05555555555555555,0.16666666666666666,0.3055555555555556,0.08333333333333333,0.08333333333333333,0.05555555555555555,0.05555555555555555,0.1388888888888889,0.25,0.027777777777777776,0.027777777777777776,0.0,0.1388888888888889,0.0,0.0,0.1111111111111111,0.4166666666666667,0.027777777777777776,0.08333333333333333,0.19444444444444445,0.8611111111111112,0.8055555555555556,0.8888888888888888,0.8888888888888888,0.6666666666666666,0.9166666666666666,1.0,0.9444444444444444,0.8055555555555556,0.8333333333333334,0.8333333333333334,0.8333333333333334,0.8888888888888888,0.9722222222222222,0.8333333333333334,0.8333333333333334,0.8333333333333334,0.8611111111111112,0.8611111111111112,0.8611111111111112,0.8611111111111112,0.8611111111111112,0.8611111111111112,0.3888888888888889,0.6944444444444444,0.6944444444444444,0.6944444444444444,1.0,0.8888888888888888,0.9722222222222222,0.9444444444444444,1.0,0.8333333333333334,0.8888888888888888,1.0,1.0,0.8611111111111112,1.0,0.9722222222222222,0.8611111111111112,1.0,0.8611111111111112,0.7777777777777778,0.1111111111111111,0.7777777777777778,0.7777777777777778,0.5833333333333334,0.7777777777777778,0.1111111111111111,0.1388888888888889,0.4722222222222222,0.75,0.6944444444444444,0.75,0.6944444444444444,0.75,0.8333333333333334,0.027777777777777776,0.3055555555555556,0.3333333333333333,0.6666666666666666,0.7777777777777778,0.75,0.6388888888888888,0.4722222222222222,0.19444444444444445,0.4166666666666667,1.0,0.3611111111111111,0.9444444444444444,0.9444444444444444,0.9444444444444444,0.7222222222222222,,,,,,
Risk Management & Regulation,Risk Insight,Risk Appetite,0.08108108108108109,0.32432432432432434,0.40540540540540543,0.3783783783783784,0.5945945945945946,0.2972972972972973,0.3783783783783784,0.2972972972972973,1.0,0.10810810810810811,0.24324324324324326,0.10810810810810811,0.10810810810810811,0.13513513513513514,0.05405405405405406,0.08108108108108109,0.2972972972972973,0.1891891891891892,0.24324324324324326,0.08108108108108109,0.16216216216216217,0.35135135135135137,0.08108108108108109,0.08108108108108109,0.05405405405405406,0.05405405405405406,0.16216216216216217,0.2702702702702703,0.02702702702702703,0.02702702702702703,0.0,0.16216216216216217,0.0,0.0,0.13513513513513514,0.4864864864864865,0.02702702702702703,0.08108108108108109,0.21621621621621623,0.8108108108108109,0.8108108108108109,0.918918918918919,0.918918918918919,0.6756756756756757,0.918918918918919,0.918918918918919,1.0,0.8378378378378378,0.8378378378378378,0.8378378378378378,0.8378378378378378,0.8918918918918919,0.972972972972973,0.8648648648648649,0.8648648648648649,0.8648648648648649,0.8918918918918919,0.8918918918918919,0.8918918918918919,0.8918918918918919,0.8918918918918919,0.8918918918918919,0.3783783783783784,0.6756756756756757,0.6756756756756757,0.6756756756756757,1.0,0.8918918918918919,0.972972972972973,0.9459459459459459,1.0,0.8378378378378378,0.8918918918918919,1.0,1.0,0.8108108108108109,1.0,0.972972972972973,0.8918918918918919,0.972972972972973,0.8648648648648649,0.7567567567567568,0.10810810810810811,0.7567567567567568,0.7567567567567568,0.5945945945945946,0.7567567567567568,0.10810810810810811,0.13513513513513514,0.5135135135135135,0.7567567567567568,0.7297297297297297,0.7837837837837838,0.7567567567567568,0.7837837837837838,0.8378378378378378,0.05405405405405406,0.32432432432432434,0.2972972972972973,0.6486486486486487,0.7027027027027027,0.7297297297297297,0.5945945945945946,0.4594594594594595,0.13513513513513514,0.40540540540540543,0.972972972972973,0.40540540540540543,0.9459459459459459,0.9459459459459459,0.9459459459459459,0.7297297297297297,,,,,,
Risk Management & Regulation,Risk Insight,Pre-Default Transaction Analytics,0.07142857142857142,0.4107142857142857,0.5535714285714286,0.30357142857142855,0.5535714285714286,0.48214285714285715,0.44642857142857145,0.39285714285714285,1.0,0.125,0.16071428571428573,0.32142857142857145,0.07142857142857142,0.32142857142857145,0.03571428571428571,0.05357142857142857,0.25,0.125,0.26785714285714285,0.26785714285714285,0.26785714285714285,0.4642857142857143,0.17857142857142858,0.07142857142857142,0.07142857142857142,0.26785714285714285,0.125,0.21428571428571427,0.017857142857142856,0.017857142857142856,0.0,0.30357142857142855,0.05357142857142857,0.07142857142857142,0.39285714285714285,0.32142857142857145,0.03571428571428571,0.125,0.19642857142857142,0.6964285714285714,0.5357142857142857,0.9285714285714286,0.9285714285714286,0.4107142857142857,0.5357142857142857,0.5178571428571429,0.5535714285714286,1.0,0.8035714285714286,0.8035714285714286,0.8035714285714286,0.5178571428571429,0.875,0.8392857142857143,0.8392857142857143,0.8392857142857143,0.9642857142857143,0.9642857142857143,0.9642857142857143,0.9642857142857143,0.9642857142857143,0.9642857142857143,0.2857142857142857,0.4642857142857143,0.4642857142857143,0.4642857142857143,1.0,0.5178571428571429,0.875,0.875,1.0,0.8035714285714286,0.5178571428571429,1.0,1.0,0.6785714285714286,0.9464285714285714,0.875,0.8571428571428571,0.9464285714285714,0.8214285714285714,0.5178571428571429,0.07142857142857142,0.5178571428571429,0.5,0.42857142857142855,0.5357142857142857,0.125,0.10714285714285714,0.625,0.75,0.6964285714285714,0.7857142857142857,0.75,0.7678571428571429,0.75,0.03571428571428571,0.5178571428571429,0.19642857142857142,0.44642857142857145,0.4642857142857143,0.5178571428571429,0.4107142857142857,0.32142857142857145,0.08928571428571429,0.25,0.9464285714285714,0.2857142857142857,0.875,0.875,0.875,0.875,,,,,,
Risk Management & Regulation,Modelling and Predictiions,Credit Risk Scoring (Underwriting Likelihood Model),0.06666666666666667,0.35,0.55,0.23333333333333334,0.5666666666666667,0.48333333333333334,0.45,0.3333333333333333,1.0,0.15,0.18333333333333332,0.35,0.1,0.35,0.08333333333333333,0.13333333333333333,0.26666666666666666,0.2,0.2833333333333333,0.3,0.2833333333333333,0.45,0.21666666666666667,0.1,0.13333333333333333,0.26666666666666666,0.16666666666666666,0.16666666666666666,0.05,0.05,0.0,0.2833333333333333,0.05,0.06666666666666667,0.35,0.36666666666666664,0.1,0.13333333333333333,0.16666666666666666,0.7666666666666667,0.5,0.8666666666666667,0.8666666666666667,0.38333333333333336,0.5333333333333333,0.5,0.5166666666666667,0.75,1.0,1.0,1.0,0.5333333333333333,0.9833333333333333,0.9666666666666667,0.9666666666666667,0.9666666666666667,0.9833333333333333,0.9833333333333333,0.9833333333333333,0.9833333333333333,0.9833333333333333,0.9833333333333333,0.2833333333333333,0.4166666666666667,0.4166666666666667,0.4166666666666667,1.0,0.5333333333333333,0.9833333333333333,0.9666666666666667,1.0,1.0,0.5333333333333333,1.0,1.0,0.75,0.9833333333333333,0.9833333333333333,0.9666666666666667,0.8333333333333334,1.0,0.45,0.06666666666666667,0.45,0.43333333333333335,0.36666666666666664,0.4666666666666667,0.1,0.1,0.5833333333333334,0.6833333333333333,0.5833333333333334,0.7,0.6833333333333333,0.7,0.6833333333333333,0.03333333333333333,0.45,0.18333333333333332,0.38333333333333336,0.4166666666666667,0.4166666666666667,0.35,0.25,0.08333333333333333,0.23333333333333334,0.8333333333333334,0.31666666666666665,0.8666666666666667,0.8666666666666667,0.8666666666666667,0.8166666666666667,,,,,,
Risk Management & Regulation,Modelling and Predictiions,Credit Risk Expected Loss Model,0.06557377049180328,0.3442622950819672,0.5409836065573771,0.22950819672131148,0.5573770491803278,0.47540983606557374,0.4426229508196721,0.32786885245901637,1.0,0.14754098360655737,0.18032786885245902,0.3442622950819672,0.09836065573770492,0.3442622950819672,0.08196721311475409,0.13114754098360656,0.26229508196721313,0.19672131147540983,0.2786885245901639,0.29508196721311475,0.2786885245901639,0.4426229508196721,0.21311475409836064,0.09836065573770492,0.13114754098360656,0.26229508196721313,0.16393442622950818,0.16393442622950818,0.04918032786885246,0.06557377049180328,0.0,0.2786885245901639,0.04918032786885246,0.06557377049180328,0.3442622950819672,0.36065573770491804,0.09836065573770492,0.13114754098360656,0.16393442622950818,0.7540983606557377,0.4918032786885246,0.8524590163934426,0.8524590163934426,0.3770491803278688,0.5245901639344263,0.4918032786885246,0.5081967213114754,0.7377049180327869,0.9836065573770492,1.0,0.9836065573770492,0.5245901639344263,0.9672131147540983,0.9508196721311475,0.9672131147540983,0.9508196721311475,0.9672131147540983,0.9836065573770492,0.9672131147540983,0.9672131147540983,0.9836065573770492,0.9672131147540983,0.29508196721311475,0.4262295081967213,0.4262295081967213,0.4262295081967213,1.0,0.5245901639344263,0.9672131147540983,0.9508196721311475,1.0,0.9836065573770492,0.5245901639344263,1.0,1.0,0.7377049180327869,0.9672131147540983,0.9672131147540983,0.9508196721311475,0.8360655737704918,0.9836065573770492,0.45901639344262296,0.08196721311475409,0.45901639344262296,0.4426229508196721,0.3770491803278688,0.47540983606557374,0.11475409836065574,0.11475409836065574,0.5901639344262295,0.6885245901639344,0.5901639344262295,0.6885245901639344,0.6885245901639344,0.6885245901639344,0.6885245901639344,0.04918032786885246,0.4426229508196721,0.19672131147540983,0.39344262295081966,0.4098360655737705,0.4262295081967213,0.36065573770491804,0.2459016393442623,0.08196721311475409,0.2459016393442623,0.8360655737704918,0.3114754098360656,0.8688524590163934,0.8688524590163934,0.8688524590163934,0.819672131147541,,,,,,
Risk Management & Regulation,Modelling and Predictiions,Credit Risk Underwriting/Monitoring Strategy Model,0.06666666666666667,0.35,0.55,0.23333333333333334,0.5666666666666667,0.48333333333333334,0.45,0.3333333333333333,1.0,0.15,0.18333333333333332,0.35,0.1,0.35,0.08333333333333333,0.13333333333333333,0.26666666666666666,0.2,0.2833333333333333,0.3,0.2833333333333333,0.45,0.21666666666666667,0.1,0.13333333333333333,0.26666666666666666,0.16666666666666666,0.16666666666666666,0.05,0.05,0.0,0.2833333333333333,0.05,0.06666666666666667,0.35,0.36666666666666664,0.1,0.13333333333333333,0.16666666666666666,0.7666666666666667,0.5,0.8666666666666667,0.8666666666666667,0.38333333333333336,0.5333333333333333,0.5,0.5166666666666667,0.75,1.0,1.0,1.0,0.5333333333333333,0.9833333333333333,0.9666666666666667,0.9666666666666667,0.9666666666666667,0.9833333333333333,0.9833333333333333,0.9833333333333333,0.9833333333333333,0.9833333333333333,0.9833333333333333,0.2833333333333333,0.4166666666666667,0.4166666666666667,0.4166666666666667,1.0,0.5333333333333333,0.9833333333333333,0.9666666666666667,1.0,1.0,0.5333333333333333,1.0,1.0,0.75,0.9833333333333333,0.9833333333333333,0.9666666666666667,0.8333333333333334,1.0,0.45,0.06666666666666667,0.45,0.43333333333333335,0.36666666666666664,0.4666666666666667,0.1,0.1,0.5833333333333334,0.6833333333333333,0.5833333333333334,0.7,0.6833333333333333,0.7,0.6833333333333333,0.03333333333333333,0.45,0.18333333333333332,0.38333333333333336,0.4166666666666667,0.4166666666666667,0.35,0.25,0.08333333333333333,0.23333333333333334,0.8333333333333334,0.31666666666666665,0.8666666666666667,0.8666666666666667,0.8666666666666667,0.8166666666666667,,,,,,
Risk Management & Regulation,Modelling and Predictiions,"Credit Risk Capital, CVaR Modelling",0.08333333333333333,0.2777777777777778,0.3611111111111111,0.3888888888888889,0.5833333333333334,0.3333333333333333,0.3888888888888889,0.25,1.0,0.1111111111111111,0.2222222222222222,0.1111111111111111,0.1111111111111111,0.1111111111111111,0.05555555555555555,0.08333333333333333,0.25,0.19444444444444445,0.25,0.05555555555555555,0.16666666666666666,0.3333333333333333,0.08333333333333333,0.08333333333333333,0.05555555555555555,0.05555555555555555,0.16666666666666666,0.2222222222222222,0.027777777777777776,0.08333333333333333,0.0,0.1388888888888889,0.0,0.0,0.1388888888888889,0.5,0.027777777777777776,0.08333333333333333,0.25,0.8888888888888888,0.8055555555555556,0.9166666666666666,0.9166666666666666,0.6944444444444444,0.9444444444444444,0.8888888888888888,0.9166666666666666,0.8055555555555556,0.8888888888888888,0.8888888888888888,0.8888888888888888,1.0,1.0,0.8888888888888888,0.8888888888888888,0.8888888888888888,0.8888888888888888,0.8888888888888888,0.8888888888888888,0.8888888888888888,0.8888888888888888,0.8888888888888888,0.4722222222222222,0.6666666666666666,0.6666666666666666,0.7222222222222222,1.0,0.9444444444444444,1.0,0.9722222222222222,1.0,0.8888888888888888,0.9444444444444444,1.0,1.0,0.8888888888888888,1.0,1.0,0.9166666666666666,0.9444444444444444,0.9166666666666666,0.7222222222222222,0.1111111111111111,0.7222222222222222,0.7222222222222222,0.5555555555555556,0.7222222222222222,0.1111111111111111,0.1388888888888889,0.5555555555555556,0.75,0.6666666666666666,0.75,0.7222222222222222,0.75,0.8055555555555556,0.027777777777777776,0.3055555555555556,0.3055555555555556,0.6388888888888888,0.6944444444444444,0.6944444444444444,0.5833333333333334,0.4166666666666667,0.1388888888888889,0.3888888888888889,0.9444444444444444,0.3611111111111111,0.9444444444444444,0.9444444444444444,0.9444444444444444,0.7222222222222222,,,,,,
Risk Management & Regulation,Modelling and Predictiions,Credit Risk Based Pricing Model,0.04819277108433735,0.3132530120481928,0.5180722891566265,0.24096385542168675,0.5542168674698795,0.39759036144578314,0.4819277108433735,0.30120481927710846,1.0,0.10843373493975904,0.20481927710843373,0.30120481927710846,0.18072289156626506,0.3614457831325301,0.12048192771084337,0.12048192771084337,0.30120481927710846,0.18072289156626506,0.24096385542168675,0.26506024096385544,0.24096385542168675,0.4819277108433735,0.18072289156626506,0.0963855421686747,0.14457831325301204,0.2289156626506024,0.1927710843373494,0.14457831325301204,0.04819277108433735,0.08433734939759036,0.012048192771084338,0.2289156626506024,0.060240963855421686,0.08433734939759036,0.2891566265060241,0.39759036144578314,0.08433734939759036,0.13253012048192772,0.18072289156626506,0.7228915662650602,0.37349397590361444,0.6626506024096386,0.6626506024096386,0.30120481927710846,0.42168674698795183,0.42168674698795183,0.43373493975903615,0.5903614457831325,0.7108433734939759,0.7108433734939759,0.7108433734939759,0.43373493975903615,1.0,0.7590361445783133,0.7590361445783133,0.7590361445783133,0.8433734939759037,0.8433734939759037,0.8433734939759037,0.8433734939759037,0.8433734939759037,0.8433734939759037,0.25301204819277107,0.37349397590361444,0.37349397590361444,0.39759036144578314,1.0,0.40963855421686746,1.0,0.9879518072289156,1.0,0.7108433734939759,0.40963855421686746,1.0,1.0,0.7108433734939759,1.0,1.0,0.7710843373493976,0.7469879518072289,0.7228915662650602,0.42168674698795183,0.04819277108433735,0.42168674698795183,0.39759036144578314,0.3132530120481928,0.43373493975903615,0.07228915662650602,0.08433734939759036,0.5301204819277109,0.6265060240963856,0.6265060240963856,0.7469879518072289,0.7108433734939759,0.7349397590361446,0.7590361445783133,0.03614457831325301,0.39759036144578314,0.14457831325301204,0.3493975903614458,0.37349397590361444,0.3855421686746988,0.3132530120481928,0.2289156626506024,0.08433734939759036,0.18072289156626506,0.7469879518072289,0.30120481927710846,0.891566265060241,0.891566265060241,0.891566265060241,0.7590361445783133,,,,,,
Risk Management & Regulation,Modelling and Predictiions,Collection Score (Likelihood Model),0.0625,0.390625,0.578125,0.25,0.5625,0.46875,0.46875,0.375,1.0,0.140625,0.1875,0.34375,0.078125,0.359375,0.0625,0.125,0.28125,0.171875,0.265625,0.28125,0.265625,0.484375,0.203125,0.109375,0.109375,0.265625,0.171875,0.203125,0.046875,0.03125,0.0,0.296875,0.03125,0.046875,0.34375,0.421875,0.09375,0.15625,0.15625,0.71875,0.484375,0.8125,0.8125,0.359375,0.5,0.46875,0.5,0.734375,0.90625,0.90625,0.90625,0.5,0.984375,1.0,1.0,1.0,1.0,1.0,1.0,1.0,1.0,1.0,0.28125,0.40625,0.40625,0.40625,1.0,0.5,0.984375,0.96875,1.0,0.90625,0.5,1.0,1.0,0.703125,1.0,0.984375,1.0,0.84375,0.90625,0.46875,0.0625,0.46875,0.4375,0.390625,0.484375,0.09375,0.09375,0.609375,0.6875,0.625,0.71875,0.6875,0.703125,0.703125,0.03125,0.453125,0.171875,0.375,0.40625,0.4375,0.328125,0.25,0.078125,0.21875,0.84375,0.296875,0.859375,0.859375,0.859375,0.8125,,,,,,
Risk Management & Regulation,Modelling and Predictiions,Expected Collection Amount,0.06153846153846154,0.38461538461538464,0.5692307692307692,0.24615384615384617,0.5538461538461539,0.46153846153846156,0.46153846153846156,0.36923076923076925,1.0,0.13846153846153847,0.18461538461538463,0.3384615384615385,0.07692307692307693,0.35384615384615387,0.06153846153846154,0.12307692307692308,0.27692307692307694,0.16923076923076924,0.26153846153846155,0.27692307692307694,0.26153846153846155,0.47692307692307695,0.2,0.1076923076923077,0.1076923076923077,0.26153846153846155,0.16923076923076924,0.2,0.046153846153846156,0.046153846153846156,0.0,0.2923076923076923,0.03076923076923077,0.046153846153846156,0.3384615384615385,0.4153846153846154,0.09230769230769231,0.15384615384615385,0.15384615384615385,0.7076923076923077,0.47692307692307695,0.8,0.8,0.35384615384615387,0.49230769230769234,0.46153846153846156,0.49230769230769234,0.7230769230769231,0.8923076923076924,0.9076923076923077,0.8923076923076924,0.49230769230769234,0.9692307692307692,0.9846153846153847,1.0,0.9846153846153847,0.9846153846153847,1.0,0.9846153846153847,0.9846153846153847,1.0,0.9846153846153847,0.2923076923076923,0.4153846153846154,0.4153846153846154,0.4153846153846154,1.0,0.49230769230769234,0.9692307692307692,0.9538461538461539,1.0,0.8923076923076924,0.49230769230769234,1.0,1.0,0.6923076923076923,0.9846153846153847,0.9692307692307692,0.9846153846153847,0.8461538461538461,0.8923076923076924,0.47692307692307695,0.07692307692307693,0.47692307692307695,0.4461538461538462,0.4,0.49230769230769234,0.1076923076923077,0.1076923076923077,0.6153846153846154,0.6923076923076923,0.6307692307692307,0.7076923076923077,0.6923076923076923,0.6923076923076923,0.7076923076923077,0.046153846153846156,0.4461538461538462,0.18461538461538463,0.38461538461538464,0.4,0.4461538461538462,0.3384615384615385,0.24615384615384617,0.07692307692307693,0.23076923076923078,0.8461538461538461,0.2923076923076923,0.8615384615384616,0.8615384615384616,0.8615384615384616,0.8153846153846154,,,,,,
Risk Management & Regulation,Modelling and Predictiions,Collection Strategy Model,0.0625,0.390625,0.578125,0.25,0.5625,0.46875,0.46875,0.375,1.0,0.140625,0.1875,0.34375,0.078125,0.359375,0.0625,0.125,0.28125,0.171875,0.265625,0.28125,0.265625,0.484375,0.203125,0.109375,0.109375,0.265625,0.171875,0.203125,0.046875,0.03125,0.0,0.296875,0.03125,0.046875,0.34375,0.421875,0.09375,0.15625,0.15625,0.71875,0.484375,0.8125,0.8125,0.359375,0.5,0.46875,0.5,0.734375,0.90625,0.90625,0.90625,0.5,0.984375,1.0,1.0,1.0,1.0,1.0,1.0,1.0,1.0,1.0,0.28125,0.40625,0.40625,0.40625,1.0,0.5,0.984375,0.96875,1.0,0.90625,0.5,1.0,1.0,0.703125,1.0,0.984375,1.0,0.84375,0.90625,0.46875,0.0625,0.46875,0.4375,0.390625,0.484375,0.09375,0.09375,0.609375,0.6875,0.625,0.71875,0.6875,0.703125,0.703125,0.03125,0.453125,0.171875,0.375,0.40625,0.4375,0.328125,0.25,0.078125,0.21875,0.84375,0.296875,0.859375,0.859375,0.859375,0.8125,,,,,,
Risk Management & Regulation,Modelling and Predictiions,Fraud and Money Laundering Likelihood Model,0.056818181818181816,0.3181818181818182,0.5568181818181818,0.25,0.5340909090909091,0.48863636363636365,0.4431818181818182,0.3068181818181818,1.0,0.10227272727272728,0.19318181818181818,0.3068181818181818,0.125,0.36363636363636365,0.10227272727272728,0.10227272727272728,0.2840909090909091,0.13636363636363635,0.29545454545454547,0.2840909090909091,0.26136363636363635,0.4772727272727273,0.20454545454545456,0.10227272727272728,0.13636363636363635,0.25,0.17045454545454544,0.17045454545454544,0.045454545454545456,0.03409090909090909,0.011363636363636364,0.2727272727272727,0.07954545454545454,0.07954545454545454,0.32954545454545453,0.36363636363636365,0.06818181818181818,0.1590909090909091,0.18181818181818182,0.6363636363636364,0.36363636363636365,0.7045454545454546,0.7045454545454546,0.26136363636363635,0.375,0.3522727272727273,0.375,0.6136363636363636,0.6704545454545454,0.6704545454545454,0.6704545454545454,0.36363636363636365,0.7954545454545454,0.7272727272727273,0.7272727272727273,0.7272727272727273,1.0,1.0,1.0,1.0,1.0,1.0,0.22727272727272727,0.3181818181818182,0.3181818181818182,0.3181818181818182,1.0,0.36363636363636365,0.7954545454545454,0.7954545454545454,1.0,0.6704545454545454,0.36363636363636365,1.0,1.0,0.625,0.9318181818181818,0.8068181818181818,0.7272727272727273,0.7840909090909091,0.6704545454545454,0.375,0.045454545454545456,0.375,0.3522727272727273,0.3068181818181818,0.3977272727272727,0.09090909090909091,0.09090909090909091,0.5681818181818182,0.625,0.5909090909090909,0.7272727272727273,0.7159090909090909,0.7045454545454546,0.7045454545454546,0.022727272727272728,0.45454545454545453,0.125,0.29545454545454547,0.3068181818181818,0.3522727272727273,0.26136363636363635,0.19318181818181818,0.056818181818181816,0.1590909090909091,0.7840909090909091,0.29545454545454547,0.8295454545454546,0.8295454545454546,0.8295454545454546,0.7727272727272727,,,,,,
Risk Management & Regulation,Modelling and Predictiions,Fraud and Money Laundering Loss Modelling,0.056179775280898875,0.3146067415730337,0.550561797752809,0.24719101123595505,0.5280898876404494,0.48314606741573035,0.43820224719101125,0.30337078651685395,1.0,0.10112359550561797,0.19101123595505617,0.30337078651685395,0.12359550561797752,0.3595505617977528,0.10112359550561797,0.10112359550561797,0.2808988764044944,0.1348314606741573,0.29213483146067415,0.2808988764044944,0.25842696629213485,0.47191011235955055,0.20224719101123595,0.10112359550561797,0.1348314606741573,0.24719101123595505,0.16853932584269662,0.16853932584269662,0.0449438202247191,0.0449438202247191,0.011235955056179775,0.2696629213483146,0.07865168539325842,0.07865168539325842,0.3258426966292135,0.3595505617977528,0.06741573033707865,0.15730337078651685,0.1797752808988764,0.6292134831460674,0.3595505617977528,0.6966292134831461,0.6966292134831461,0.25842696629213485,0.3707865168539326,0.34831460674157305,0.3707865168539326,0.6067415730337079,0.6629213483146067,0.6741573033707865,0.6629213483146067,0.3595505617977528,0.7865168539325843,0.7191011235955056,0.7303370786516854,0.7191011235955056,0.9887640449438202,1.0,0.9887640449438202,0.9887640449438202,1.0,0.9887640449438202,0.23595505617977527,0.3258426966292135,0.3258426966292135,0.3258426966292135,1.0,0.3595505617977528,0.7865168539325843,0.7865168539325843,1.0,0.6629213483146067,0.3595505617977528,1.0,1.0,0.6179775280898876,0.9213483146067416,0.797752808988764,0.7191011235955056,0.7865168539325843,0.6629213483146067,0.38202247191011235,0.056179775280898875,0.38202247191011235,0.3595505617977528,0.3146067415730337,0.4044943820224719,0.10112359550561797,0.10112359550561797,0.5730337078651685,0.6292134831460674,0.5955056179775281,0.7191011235955056,0.7191011235955056,0.6966292134831461,0.7078651685393258,0.033707865168539325,0.449438202247191,0.1348314606741573,0.30337078651685395,0.30337078651685395,0.3595505617977528,0.2696629213483146,0.19101123595505617,0.056179775280898875,0.16853932584269662,0.7865168539325843,0.29213483146067415,0.8314606741573034,0.8314606741573034,0.8314606741573034,0.7752808988764045,,,,,,
Risk Management & Regulation,Modelling and Predictiions,Fraud and Money Laundering Strategy Modelling,0.056818181818181816,0.3181818181818182,0.5568181818181818,0.25,0.5340909090909091,0.48863636363636365,0.4431818181818182,0.3068181818181818,1.0,0.10227272727272728,0.19318181818181818,0.3068181818181818,0.125,0.36363636363636365,0.10227272727272728,0.10227272727272728,0.2840909090909091,0.13636363636363635,0.29545454545454547,0.2840909090909091,0.26136363636363635,0.4772727272727273,0.20454545454545456,0.10227272727272728,0.13636363636363635,0.25,0.17045454545454544,0.17045454545454544,0.045454545454545456,0.03409090909090909,0.011363636363636364,0.2727272727272727,0.07954545454545454,0.07954545454545454,0.32954545454545453,0.36363636363636365,0.06818181818181818,0.1590909090909091,0.18181818181818182,0.6363636363636364,0.36363636363636365,0.7045454545454546,0.7045454545454546,0.26136363636363635,0.375,0.3522727272727273,0.375,0.6136363636363636,0.6704545454545454,0.6704545454545454,0.6704545454545454,0.36363636363636365,0.7954545454545454,0.7272727272727273,0.7272727272727273,0.7272727272727273,1.0,1.0,1.0,1.0,1.0,1.0,0.22727272727272727,0.3181818181818182,0.3181818181818182,0.3181818181818182,1.0,0.36363636363636365,0.7954545454545454,0.7954545454545454,1.0,0.6704545454545454,0.36363636363636365,1.0,1.0,0.625,0.9318181818181818,0.8068181818181818,0.7272727272727273,0.7840909090909091,0.6704545454545454,0.375,0.045454545454545456,0.375,0.3522727272727273,0.3068181818181818,0.3977272727272727,0.09090909090909091,0.09090909090909091,0.5681818181818182,0.625,0.5909090909090909,0.7272727272727273,0.7159090909090909,0.7045454545454546,0.7045454545454546,0.022727272727272728,0.45454545454545453,0.125,0.29545454545454547,0.3068181818181818,0.3522727272727273,0.26136363636363635,0.19318181818181818,0.056818181818181816,0.1590909090909091,0.7840909090909091,0.29545454545454547,0.8295454545454546,0.8295454545454546,0.8295454545454546,0.7727272727272727,,,,,,
Risk Management & Regulation,Modelling and Predictiions,Operational Risk / Cybercrime Likelihood,0.056179775280898875,0.3146067415730337,0.550561797752809,0.24719101123595505,0.5280898876404494,0.4943820224719101,0.43820224719101125,0.30337078651685395,1.0,0.10112359550561797,0.19101123595505617,0.30337078651685395,0.12359550561797752,0.3595505617977528,0.10112359550561797,0.10112359550561797,0.2808988764044944,0.1348314606741573,0.30337078651685395,0.2808988764044944,0.25842696629213485,0.47191011235955055,0.20224719101123595,0.10112359550561797,0.1348314606741573,0.24719101123595505,0.16853932584269662,0.16853932584269662,0.0449438202247191,0.033707865168539325,0.011235955056179775,0.2696629213483146,0.07865168539325842,0.07865168539325842,0.33707865168539325,0.3595505617977528,0.06741573033707865,0.15730337078651685,0.1797752808988764,0.6292134831460674,0.3595505617977528,0.6966292134831461,0.6966292134831461,0.25842696629213485,0.3707865168539326,0.34831460674157305,0.3707865168539326,0.6067415730337079,0.6629213483146067,0.6629213483146067,0.6629213483146067,0.3595505617977528,0.7865168539325843,0.7191011235955056,0.7191011235955056,0.7191011235955056,0.9887640449438202,0.9887640449438202,0.9887640449438202,1.0,0.9887640449438202,1.0,0.2247191011235955,0.3146067415730337,0.3146067415730337,0.3146067415730337,1.0,0.3595505617977528,0.7865168539325843,0.7865168539325843,1.0,0.6629213483146067,0.3595505617977528,1.0,1.0,0.6179775280898876,0.9213483146067416,0.797752808988764,0.7191011235955056,0.7865168539325843,0.6629213483146067,0.3707865168539326,0.0449438202247191,0.3707865168539326,0.34831460674157305,0.30337078651685395,0.39325842696629215,0.0898876404494382,0.0898876404494382,0.5617977528089888,0.6179775280898876,0.5842696629213483,0.7191011235955056,0.7078651685393258,0.6966292134831461,0.6966292134831461,0.02247191011235955,0.4606741573033708,0.12359550561797752,0.29213483146067415,0.30337078651685395,0.34831460674157305,0.25842696629213485,0.19101123595505617,0.056179775280898875,0.15730337078651685,0.7865168539325843,0.29213483146067415,0.8202247191011236,0.8202247191011236,0.8202247191011236,0.7752808988764045,,,,,,
Risk Management & Regulation,Modelling and Predictiions,Operational Risk / Cybercrime Expected Loss,0.056179775280898875,0.3146067415730337,0.550561797752809,0.24719101123595505,0.5280898876404494,0.48314606741573035,0.43820224719101125,0.30337078651685395,1.0,0.10112359550561797,0.19101123595505617,0.30337078651685395,0.12359550561797752,0.3595505617977528,0.10112359550561797,0.10112359550561797,0.2808988764044944,0.1348314606741573,0.29213483146067415,0.2808988764044944,0.25842696629213485,0.47191011235955055,0.20224719101123595,0.10112359550561797,0.1348314606741573,0.24719101123595505,0.16853932584269662,0.16853932584269662,0.0449438202247191,0.0449438202247191,0.011235955056179775,0.2696629213483146,0.07865168539325842,0.07865168539325842,0.3258426966292135,0.3595505617977528,0.06741573033707865,0.15730337078651685,0.1797752808988764,0.6292134831460674,0.3595505617977528,0.6966292134831461,0.6966292134831461,0.25842696629213485,0.3707865168539326,0.34831460674157305,0.3707865168539326,0.6067415730337079,0.6629213483146067,0.6741573033707865,0.6629213483146067,0.3595505617977528,0.7865168539325843,0.7191011235955056,0.7303370786516854,0.7191011235955056,0.9887640449438202,1.0,0.9887640449438202,0.9887640449438202,1.0,0.9887640449438202,0.23595505617977527,0.3258426966292135,0.3258426966292135,0.3258426966292135,1.0,0.3595505617977528,0.7865168539325843,0.7865168539325843,1.0,0.6629213483146067,0.3595505617977528,1.0,1.0,0.6179775280898876,0.9213483146067416,0.797752808988764,0.7191011235955056,0.7865168539325843,0.6629213483146067,0.38202247191011235,0.056179775280898875,0.38202247191011235,0.3595505617977528,0.3146067415730337,0.4044943820224719,0.10112359550561797,0.10112359550561797,0.5730337078651685,0.6292134831460674,0.5955056179775281,0.7191011235955056,0.7191011235955056,0.6966292134831461,0.7078651685393258,0.033707865168539325,0.449438202247191,0.1348314606741573,0.30337078651685395,0.30337078651685395,0.3595505617977528,0.2696629213483146,0.19101123595505617,0.056179775280898875,0.16853932584269662,0.7865168539325843,0.29213483146067415,0.8314606741573034,0.8314606741573034,0.8314606741573034,0.7752808988764045,,,,,,
Risk Management & Regulation,Modelling and Predictiions,Operational Risk / Cybercrime Strategy Model,0.056179775280898875,0.3146067415730337,0.550561797752809,0.24719101123595505,0.5280898876404494,0.4943820224719101,0.43820224719101125,0.30337078651685395,1.0,0.10112359550561797,0.19101123595505617,0.30337078651685395,0.12359550561797752,0.3595505617977528,0.10112359550561797,0.10112359550561797,0.2808988764044944,0.1348314606741573,0.30337078651685395,0.2808988764044944,0.25842696629213485,0.47191011235955055,0.20224719101123595,0.10112359550561797,0.1348314606741573,0.24719101123595505,0.16853932584269662,0.16853932584269662,0.0449438202247191,0.033707865168539325,0.011235955056179775,0.2696629213483146,0.07865168539325842,0.07865168539325842,0.33707865168539325,0.3595505617977528,0.06741573033707865,0.15730337078651685,0.1797752808988764,0.6292134831460674,0.3595505617977528,0.6966292134831461,0.6966292134831461,0.25842696629213485,0.3707865168539326,0.34831460674157305,0.3707865168539326,0.6067415730337079,0.6629213483146067,0.6629213483146067,0.6629213483146067,0.3595505617977528,0.7865168539325843,0.7191011235955056,0.7191011235955056,0.7191011235955056,0.9887640449438202,0.9887640449438202,0.9887640449438202,1.0,0.9887640449438202,1.0,0.2247191011235955,0.3146067415730337,0.3146067415730337,0.3146067415730337,1.0,0.3595505617977528,0.7865168539325843,0.7865168539325843,1.0,0.6629213483146067,0.3595505617977528,1.0,1.0,0.6179775280898876,0.9213483146067416,0.797752808988764,0.7191011235955056,0.7865168539325843,0.6629213483146067,0.3707865168539326,0.0449438202247191,0.3707865168539326,0.34831460674157305,0.30337078651685395,0.39325842696629215,0.0898876404494382,0.0898876404494382,0.5617977528089888,0.6179775280898876,0.5842696629213483,0.7191011235955056,0.7078651685393258,0.6966292134831461,0.6966292134831461,0.02247191011235955,0.4606741573033708,0.12359550561797752,0.29213483146067415,0.30337078651685395,0.34831460674157305,0.25842696629213485,0.19101123595505617,0.056179775280898875,0.15730337078651685,0.7865168539325843,0.29213483146067415,0.8202247191011236,0.8202247191011236,0.8202247191011236,0.7752808988764045,,,,,,
Risk Management & Regulation,Modelling and Predictiions,Operational Risk Capital and OPVaR,0.11538461538461539,0.23076923076923078,0.34615384615384615,0.5,0.5769230769230769,0.4230769230769231,0.34615384615384615,0.23076923076923078,1.0,0.038461538461538464,0.15384615384615385,0.15384615384615385,0.11538461538461539,0.15384615384615385,0.07692307692307693,0.0,0.2692307692307692,0.15384615384615385,0.3076923076923077,0.07692307692307693,0.15384615384615385,0.2692307692307692,0.038461538461538464,0.038461538461538464,0.0,0.19230769230769232,0.23076923076923078,0.19230769230769232,0.038461538461538464,0.11538461538461539,0.0,0.11538461538461539,0.07692307692307693,0.0,0.3076923076923077,0.46153846153846156,0.038461538461538464,0.11538461538461539,0.2692307692307692,0.6538461538461539,0.46153846153846156,0.7307692307692307,0.7307692307692307,0.46153846153846156,0.5769230769230769,0.5384615384615384,0.5384615384615384,0.6153846153846154,0.6538461538461539,0.6923076923076923,0.6538461538461539,0.6538461538461539,0.8076923076923077,0.6923076923076923,0.7307692307692307,0.6923076923076923,0.7692307692307693,0.8076923076923077,0.7692307692307693,0.7692307692307693,0.8076923076923077,0.7692307692307693,1.0,0.5769230769230769,0.5769230769230769,0.6538461538461539,1.0,0.5769230769230769,0.8076923076923077,0.7692307692307693,1.0,0.6538461538461539,0.5769230769230769,1.0,1.0,0.6153846153846154,0.8461538461538461,0.8076923076923077,0.7307692307692307,0.8461538461538461,0.6923076923076923,0.5,0.23076923076923078,0.5,0.46153846153846156,0.46153846153846156,0.5384615384615384,0.23076923076923078,0.19230769230769232,0.6538461538461539,0.7692307692307693,0.6538461538461539,0.6538461538461539,0.7307692307692307,0.6538461538461539,0.8076923076923077,0.19230769230769232,0.4230769230769231,0.3076923076923077,0.5384615384615384,0.4230769230769231,0.5,0.5,0.3076923076923077,0.07692307692307693,0.34615384615384615,0.8461538461538461,0.23076923076923078,0.9230769230769231,0.9230769230769231,0.9230769230769231,0.7692307692307693,,,,,,
Risk Management & Regulation,Modelling and Predictiions,Market & Liquidity Risk Likelihood Modelling,0.08333333333333333,0.25,0.3611111111111111,0.3888888888888889,0.5,0.2777777777777778,0.3611111111111111,0.2222222222222222,1.0,0.08333333333333333,0.1388888888888889,0.1111111111111111,0.08333333333333333,0.1111111111111111,0.0,0.05555555555555555,0.25,0.1388888888888889,0.19444444444444445,0.08333333333333333,0.1388888888888889,0.3055555555555556,0.05555555555555555,0.08333333333333333,0.05555555555555555,0.027777777777777776,0.1388888888888889,0.2777777777777778,0.027777777777777776,0.027777777777777776,0.0,0.1111111111111111,0.0,0.0,0.1388888888888889,0.4444444444444444,0.027777777777777776,0.05555555555555555,0.19444444444444445,0.6388888888888888,0.6388888888888888,0.7222222222222222,0.7222222222222222,0.5277777777777778,0.7222222222222222,0.6944444444444444,0.6944444444444444,0.7222222222222222,0.6944444444444444,0.7222222222222222,0.6944444444444444,0.6666666666666666,0.8611111111111112,0.7222222222222222,0.75,0.7222222222222222,0.7777777777777778,0.8055555555555556,0.7777777777777778,0.7777777777777778,0.8055555555555556,0.7777777777777778,0.4166666666666667,1.0,1.0,1.0,1.0,0.6666666666666666,0.8611111111111112,0.8611111111111112,1.0,0.6944444444444444,0.6666666666666666,1.0,1.0,0.6388888888888888,0.9166666666666666,0.8611111111111112,0.7222222222222222,0.9444444444444444,0.6944444444444444,0.8888888888888888,0.16666666666666666,0.8888888888888888,0.8888888888888888,0.6388888888888888,0.8888888888888888,0.2222222222222222,0.1111111111111111,0.6388888888888888,0.8611111111111112,0.8055555555555556,0.7777777777777778,0.8055555555555556,0.7777777777777778,0.9166666666666666,0.1388888888888889,0.3055555555555556,0.3888888888888889,0.9444444444444444,0.7222222222222222,0.8611111111111112,0.8611111111111112,0.5277777777777778,0.16666666666666666,0.4166666666666667,0.9444444444444444,0.3888888888888889,0.9444444444444444,0.9444444444444444,0.9444444444444444,0.9444444444444444,,,,,,
Risk Management & Regulation,Modelling and Predictiions,Market & Liquidity Risk Strategy Modelling,0.08333333333333333,0.25,0.3611111111111111,0.3888888888888889,0.5,0.2777777777777778,0.3611111111111111,0.2222222222222222,1.0,0.08333333333333333,0.1388888888888889,0.1111111111111111,0.08333333333333333,0.1111111111111111,0.0,0.05555555555555555,0.25,0.1388888888888889,0.19444444444444445,0.08333333333333333,0.1388888888888889,0.3055555555555556,0.05555555555555555,0.08333333333333333,0.05555555555555555,0.027777777777777776,0.1388888888888889,0.2777777777777778,0.027777777777777776,0.027777777777777776,0.0,0.1111111111111111,0.0,0.0,0.1388888888888889,0.4444444444444444,0.027777777777777776,0.05555555555555555,0.19444444444444445,0.6388888888888888,0.6388888888888888,0.7222222222222222,0.7222222222222222,0.5277777777777778,0.7222222222222222,0.6944444444444444,0.6944444444444444,0.7222222222222222,0.6944444444444444,0.7222222222222222,0.6944444444444444,0.6666666666666666,0.8611111111111112,0.7222222222222222,0.75,0.7222222222222222,0.7777777777777778,0.8055555555555556,0.7777777777777778,0.7777777777777778,0.8055555555555556,0.7777777777777778,0.4166666666666667,1.0,1.0,1.0,1.0,0.6666666666666666,0.8611111111111112,0.8611111111111112,1.0,0.6944444444444444,0.6666666666666666,1.0,1.0,0.6388888888888888,0.9166666666666666,0.8611111111111112,0.7222222222222222,0.9444444444444444,0.6944444444444444,0.8888888888888888,0.16666666666666666,0.8888888888888888,0.8888888888888888,0.6388888888888888,0.8888888888888888,0.2222222222222222,0.1111111111111111,0.6388888888888888,0.8611111111111112,0.8055555555555556,0.7777777777777778,0.8055555555555556,0.7777777777777778,0.9166666666666666,0.1388888888888889,0.3055555555555556,0.3888888888888889,0.9444444444444444,0.7222222222222222,0.8611111111111112,0.8611111111111112,0.5277777777777778,0.16666666666666666,0.4166666666666667,0.9444444444444444,0.3888888888888889,0.9444444444444444,0.9444444444444444,0.9444444444444444,0.9444444444444444,,,,,,
Risk Management & Regulation,Modelling and Predictiions,Market & Liquidity Value at Risk (M-VaR) Modelling,0.07894736842105263,0.23684210526315788,0.34210526315789475,0.39473684210526316,0.5263157894736842,0.2631578947368421,0.39473684210526316,0.21052631578947367,1.0,0.07894736842105263,0.13157894736842105,0.10526315789473684,0.10526315789473684,0.10526315789473684,0.0,0.05263157894736842,0.23684210526315788,0.15789473684210525,0.18421052631578946,0.07894736842105263,0.13157894736842105,0.3157894736842105,0.05263157894736842,0.07894736842105263,0.05263157894736842,0.02631578947368421,0.15789473684210525,0.2631578947368421,0.02631578947368421,0.07894736842105263,0.0,0.10526315789473684,0.0,0.0,0.15789473684210525,0.47368421052631576,0.02631578947368421,0.05263157894736842,0.23684210526315788,0.6578947368421053,0.6052631578947368,0.6842105263157895,0.6842105263157895,0.5,0.6842105263157895,0.6578947368421053,0.6578947368421053,0.6842105263157895,0.6578947368421053,0.6842105263157895,0.6578947368421053,0.6842105263157895,0.868421052631579,0.6842105263157895,0.7105263157894737,0.6842105263157895,0.7368421052631579,0.7631578947368421,0.7368421052631579,0.7368421052631579,0.7631578947368421,0.7368421052631579,0.4473684210526316,0.9473684210526315,0.9473684210526315,1.0,1.0,0.631578947368421,0.868421052631579,0.868421052631579,1.0,0.6578947368421053,0.631578947368421,1.0,1.0,0.6578947368421053,0.9210526315789473,0.868421052631579,0.6842105263157895,0.8947368421052632,0.6578947368421053,0.8421052631578947,0.15789473684210525,0.8421052631578947,0.8421052631578947,0.6052631578947368,0.8421052631578947,0.21052631578947367,0.10526315789473684,0.631578947368421,0.8421052631578947,0.7894736842105263,0.7894736842105263,0.8157894736842105,0.7894736842105263,0.9210526315789473,0.13157894736842105,0.2894736842105263,0.3684210526315789,0.8947368421052632,0.6842105263157895,0.8157894736842105,0.8157894736842105,0.5,0.15789473684210525,0.39473684210526316,0.8947368421052632,0.3684210526315789,0.9473684210526315,0.9473684210526315,0.9473684210526315,0.9210526315789473,,,,,,
Risk Management & Regulation,Execution & Delivery,Business Rules Directory,0.04424778761061947,0.26548672566371684,0.46017699115044247,0.23008849557522124,0.48672566371681414,0.3893805309734513,0.4336283185840708,0.25663716814159293,1.0,0.08849557522123894,0.17699115044247787,0.2831858407079646,0.18584070796460178,0.34513274336283184,0.12389380530973451,0.12389380530973451,0.2743362831858407,0.18584070796460178,0.23893805309734514,0.26548672566371684,0.21238938053097345,0.4247787610619469,0.1592920353982301,0.08849557522123894,0.1415929203539823,0.20353982300884957,0.168141592920354,0.13274336283185842,0.035398230088495575,0.10619469026548672,0.008849557522123894,0.23008849557522124,0.13274336283185842,0.09734513274336283,0.3185840707964602,0.34513274336283184,0.07964601769911504,0.12389380530973451,0.17699115044247787,0.5752212389380531,0.2920353982300885,0.5752212389380531,0.5752212389380531,0.22123893805309736,0.3185840707964602,0.3185840707964602,0.3274336283185841,0.49557522123893805,0.5309734513274337,0.5398230088495575,0.5309734513274337,0.3185840707964602,0.7345132743362832,0.5663716814159292,0.5752212389380531,0.5663716814159292,0.7787610619469026,0.7876106194690266,0.7787610619469026,0.7876106194690266,0.7876106194690266,0.7876106194690266,0.23008849557522124,0.3185840707964602,0.3185840707964602,0.336283185840708,1.0,0.3008849557522124,0.7345132743362832,0.7345132743362832,0.9292035398230089,0.5309734513274337,0.3008849557522124,0.9292035398230089,0.9292035398230089,0.5663716814159292,0.8407079646017699,0.7433628318584071,0.5752212389380531,0.7079646017699115,0.5398230088495575,0.35398230088495575,0.05309734513274336,0.35398230088495575,0.336283185840708,0.26548672566371684,0.37168141592920356,0.08849557522123894,0.09734513274336283,0.5398230088495575,0.5929203539823009,0.5663716814159292,0.6902654867256637,0.6902654867256637,0.6637168141592921,0.7079646017699115,0.05309734513274336,0.415929203539823,0.12389380530973451,0.3008849557522124,0.2831858407079646,0.3274336283185841,0.2743362831858407,0.17699115044247787,0.061946902654867256,0.1504424778761062,0.7079646017699115,0.25663716814159293,0.8495575221238938,0.8495575221238938,0.8495575221238938,0.7345132743362832,,,,,,
Risk Management & Regulation,Execution & Delivery,Regulatory Threshold Calculation,0.08823529411764706,0.29411764705882354,0.38235294117647056,0.38235294117647056,0.5588235294117647,0.35294117647058826,0.35294117647058826,0.2647058823529412,1.0,0.11764705882352941,0.23529411764705882,0.11764705882352941,0.08823529411764706,0.11764705882352941,0.058823529411764705,0.08823529411764706,0.2647058823529412,0.17647058823529413,0.2647058823529412,0.058823529411764705,0.17647058823529413,0.3235294117647059,0.08823529411764706,0.08823529411764706,0.058823529411764705,0.058823529411764705,0.14705882352941177,0.23529411764705882,0.029411764705882353,0.029411764705882353,0.0,0.14705882352941177,0.0,0.0,0.11764705882352941,0.47058823529411764,0.029411764705882353,0.08823529411764706,0.20588235294117646,0.8823529411764706,0.8529411764705882,0.9705882352941176,0.9705882352941176,0.7352941176470589,1.0,0.9411764705882353,0.9705882352941176,0.8529411764705882,0.9411764705882353,0.9411764705882353,0.9411764705882353,1.0,1.0,0.9411764705882353,0.9411764705882353,0.9411764705882353,0.9411764705882353,0.9411764705882353,0.9411764705882353,0.9411764705882353,0.9411764705882353,0.9411764705882353,0.4411764705882353,0.7058823529411765,0.7058823529411765,0.7058823529411765,1.0,1.0,1.0,0.9705882352941176,1.0,0.9411764705882353,1.0,1.0,1.0,0.8823529411764706,1.0,1.0,0.9705882352941176,1.0,0.9705882352941176,0.7647058823529411,0.11764705882352941,0.7647058823529411,0.7647058823529411,0.5882352941176471,0.7647058823529411,0.11764705882352941,0.14705882352941177,0.5588235294117647,0.7647058823529411,0.6764705882352942,0.7352941176470589,0.7058823529411765,0.7352941176470589,0.7941176470588235,0.029411764705882353,0.3235294117647059,0.3235294117647059,0.6764705882352942,0.7352941176470589,0.7352941176470589,0.6176470588235294,0.4411764705882353,0.14705882352941177,0.4117647058823529,1.0,0.38235294117647056,0.9411764705882353,0.9411764705882353,0.9411764705882353,0.7352941176470589,,,,,,
Risk Management & Regulation,Execution & Delivery,Risk Based Price Calculation,0.04819277108433735,0.3132530120481928,0.5180722891566265,0.24096385542168675,0.5542168674698795,0.39759036144578314,0.4819277108433735,0.30120481927710846,1.0,0.10843373493975904,0.20481927710843373,0.30120481927710846,0.18072289156626506,0.3614457831325301,0.12048192771084337,0.12048192771084337,0.30120481927710846,0.18072289156626506,0.24096385542168675,0.26506024096385544,0.24096385542168675,0.4819277108433735,0.18072289156626506,0.0963855421686747,0.14457831325301204,0.2289156626506024,0.1927710843373494,0.14457831325301204,0.04819277108433735,0.08433734939759036,0.012048192771084338,0.2289156626506024,0.060240963855421686,0.08433734939759036,0.2891566265060241,0.39759036144578314,0.08433734939759036,0.13253012048192772,0.18072289156626506,0.7228915662650602,0.37349397590361444,0.6626506024096386,0.6626506024096386,0.30120481927710846,0.42168674698795183,0.42168674698795183,0.43373493975903615,0.5903614457831325,0.7108433734939759,0.7108433734939759,0.7108433734939759,0.43373493975903615,1.0,0.7590361445783133,0.7590361445783133,0.7590361445783133,0.8433734939759037,0.8433734939759037,0.8433734939759037,0.8433734939759037,0.8433734939759037,0.8433734939759037,0.25301204819277107,0.37349397590361444,0.37349397590361444,0.39759036144578314,1.0,0.40963855421686746,1.0,0.9879518072289156,1.0,0.7108433734939759,0.40963855421686746,1.0,1.0,0.7108433734939759,1.0,1.0,0.7710843373493976,0.7469879518072289,0.7228915662650602,0.42168674698795183,0.04819277108433735,0.42168674698795183,0.39759036144578314,0.3132530120481928,0.43373493975903615,0.07228915662650602,0.08433734939759036,0.5301204819277109,0.6265060240963856,0.6265060240963856,0.7469879518072289,0.7108433734939759,0.7349397590361446,0.7590361445783133,0.03614457831325301,0.39759036144578314,0.14457831325301204,0.3493975903614458,0.37349397590361444,0.3855421686746988,0.3132530120481928,0.2289156626506024,0.08433734939759036,0.18072289156626506,0.7469879518072289,0.30120481927710846,0.891566265060241,0.891566265060241,0.891566265060241,0.7590361445783133,,,,,,
Risk Management & Regulation,Execution & Delivery,Active Portfolio Management,0.04819277108433735,0.3132530120481928,0.5301204819277109,0.25301204819277107,0.5662650602409639,0.3855421686746988,0.4939759036144578,0.30120481927710846,1.0,0.10843373493975904,0.21686746987951808,0.30120481927710846,0.1927710843373494,0.37349397590361444,0.13253012048192772,0.12048192771084337,0.3132530120481928,0.18072289156626506,0.2289156626506024,0.26506024096385544,0.25301204819277107,0.4939759036144578,0.18072289156626506,0.0963855421686747,0.14457831325301204,0.2289156626506024,0.1927710843373494,0.14457831325301204,0.04819277108433735,0.08433734939759036,0.012048192771084338,0.2289156626506024,0.060240963855421686,0.08433734939759036,0.2891566265060241,0.39759036144578314,0.08433734939759036,0.13253012048192772,0.18072289156626506,0.7228915662650602,0.37349397590361444,0.6506024096385542,0.6506024096385542,0.2891566265060241,0.40963855421686746,0.40963855421686746,0.42168674698795183,0.5903614457831325,0.6987951807228916,0.6987951807228916,0.6987951807228916,0.42168674698795183,0.9879518072289156,0.7469879518072289,0.7469879518072289,0.7469879518072289,0.8433734939759037,0.8433734939759037,0.8433734939759037,0.8433734939759037,0.8433734939759037,0.8433734939759037,0.24096385542168675,0.37349397590361444,0.37349397590361444,0.39759036144578314,1.0,0.39759036144578314,0.9879518072289156,1.0,1.0,0.6987951807228916,0.39759036144578314,1.0,1.0,0.7108433734939759,1.0,1.0,0.7590361445783133,0.7349397590361446,0.7108433734939759,0.42168674698795183,0.04819277108433735,0.42168674698795183,0.39759036144578314,0.3132530120481928,0.43373493975903615,0.07228915662650602,0.08433734939759036,0.5301204819277109,0.6265060240963856,0.6385542168674698,0.7590361445783133,0.7228915662650602,0.7469879518072289,0.7590361445783133,0.03614457831325301,0.39759036144578314,0.14457831325301204,0.3493975903614458,0.37349397590361444,0.3855421686746988,0.3132530120481928,0.2289156626506024,0.08433734939759036,0.18072289156626506,0.7349397590361446,0.3132530120481928,0.891566265060241,0.891566265060241,0.891566265060241,0.7590361445783133,,,,,,
Risk Management & Regulation,Execution & Delivery,Dynamic Datastore,0.047619047619047616,0.2761904761904762,0.47619047619047616,0.24761904761904763,0.49523809523809526,0.41904761904761906,0.42857142857142855,0.26666666666666666,1.0,0.08571428571428572,0.18095238095238095,0.2761904761904762,0.1619047619047619,0.34285714285714286,0.11428571428571428,0.10476190476190476,0.2761904761904762,0.14285714285714285,0.2571428571428571,0.26666666666666666,0.22857142857142856,0.4380952380952381,0.17142857142857143,0.09523809523809523,0.13333333333333333,0.20952380952380953,0.17142857142857143,0.14285714285714285,0.0380952380952381,0.0761904761904762,0.009523809523809525,0.22857142857142856,0.08571428571428572,0.08571428571428572,0.3142857142857143,0.3523809523809524,0.06666666666666667,0.13333333333333333,0.18095238095238095,0.6190476190476191,0.3142857142857143,0.6190476190476191,0.6190476190476191,0.23809523809523808,0.34285714285714286,0.34285714285714286,0.3523809523809524,0.5333333333333333,0.5714285714285714,0.580952380952381,0.5714285714285714,0.34285714285714286,0.7904761904761904,0.6095238095238096,0.6190476190476191,0.6095238095238096,0.8380952380952381,0.8476190476190476,0.8380952380952381,0.8476190476190476,0.8476190476190476,0.8476190476190476,0.24761904761904763,0.34285714285714286,0.34285714285714286,0.3619047619047619,1.0,0.3238095238095238,0.7904761904761904,0.7904761904761904,1.0,0.5714285714285714,0.3238095238095238,1.0,1.0,0.6095238095238096,0.9047619047619048,0.8,0.6190476190476191,0.7523809523809524,0.580952380952381,0.38095238095238093,0.05714285714285714,0.38095238095238093,0.3619047619047619,0.2857142857142857,0.4,0.09523809523809523,0.10476190476190476,0.5333333333333333,0.6095238095238096,0.6095238095238096,0.7047619047619048,0.7047619047619048,0.6857142857142857,0.7333333333333333,0.05714285714285714,0.4095238095238095,0.13333333333333333,0.3238095238095238,0.3047619047619048,0.3523809523809524,0.29523809523809524,0.19047619047619047,0.06666666666666667,0.1619047619047619,0.7523809523809524,0.26666666666666666,0.8476190476190476,0.8476190476190476,0.8476190476190476,0.7619047619047619,,,,,,
Risk Management & Regulation,Execution & Delivery,Credit Risk model Deployment,0.06666666666666667,0.35,0.55,0.23333333333333334,0.5666666666666667,0.48333333333333334,0.45,0.3333333333333333,1.0,0.15,0.18333333333333332,0.35,0.1,0.35,0.08333333333333333,0.13333333333333333,0.26666666666666666,0.2,0.2833333333333333,0.3,0.2833333333333333,0.45,0.21666666666666667,0.1,0.13333333333333333,0.26666666666666666,0.16666666666666666,0.16666666666666666,0.05,0.05,0.0,0.2833333333333333,0.05,0.06666666666666667,0.35,0.36666666666666664,0.1,0.13333333333333333,0.16666666666666666,0.7666666666666667,0.5,0.8666666666666667,0.8666666666666667,0.38333333333333336,0.5333333333333333,0.5,0.5166666666666667,0.75,1.0,1.0,1.0,0.5333333333333333,0.9833333333333333,0.9666666666666667,0.9666666666666667,0.9666666666666667,0.9833333333333333,0.9833333333333333,0.9833333333333333,0.9833333333333333,0.9833333333333333,0.9833333333333333,0.2833333333333333,0.4166666666666667,0.4166666666666667,0.4166666666666667,1.0,0.5333333333333333,0.9833333333333333,0.9666666666666667,1.0,1.0,0.5333333333333333,1.0,1.0,0.75,0.9833333333333333,0.9833333333333333,0.9666666666666667,0.8333333333333334,1.0,0.45,0.06666666666666667,0.45,0.43333333333333335,0.36666666666666664,0.4666666666666667,0.1,0.1,0.5833333333333334,0.6833333333333333,0.5833333333333334,0.7,0.6833333333333333,0.7,0.6833333333333333,0.03333333333333333,0.45,0.18333333333333332,0.38333333333333336,0.4166666666666667,0.4166666666666667,0.35,0.25,0.08333333333333333,0.23333333333333334,0.8333333333333334,0.31666666666666665,0.8666666666666667,0.8666666666666667,0.8666666666666667,0.8166666666666667,,,,,,
Risk Management & Regulation,Execution & Delivery,Risk Weighted Assets and Regulatory Capital,0.08823529411764706,0.29411764705882354,0.38235294117647056,0.38235294117647056,0.5588235294117647,0.35294117647058826,0.35294117647058826,0.2647058823529412,1.0,0.11764705882352941,0.23529411764705882,0.11764705882352941,0.08823529411764706,0.11764705882352941,0.058823529411764705,0.08823529411764706,0.2647058823529412,0.17647058823529413,0.2647058823529412,0.058823529411764705,0.17647058823529413,0.3235294117647059,0.08823529411764706,0.08823529411764706,0.058823529411764705,0.058823529411764705,0.14705882352941177,0.23529411764705882,0.029411764705882353,0.029411764705882353,0.0,0.14705882352941177,0.0,0.0,0.11764705882352941,0.47058823529411764,0.029411764705882353,0.08823529411764706,0.20588235294117646,0.8823529411764706,0.8529411764705882,0.9705882352941176,0.9705882352941176,0.7352941176470589,1.0,0.9411764705882353,0.9705882352941176,0.8529411764705882,0.9411764705882353,0.9411764705882353,0.9411764705882353,1.0,1.0,0.9411764705882353,0.9411764705882353,0.9411764705882353,0.9411764705882353,0.9411764705882353,0.9411764705882353,0.9411764705882353,0.9411764705882353,0.9411764705882353,0.4411764705882353,0.7058823529411765,0.7058823529411765,0.7058823529411765,1.0,1.0,1.0,0.9705882352941176,1.0,0.9411764705882353,1.0,1.0,1.0,0.8823529411764706,1.0,1.0,0.9705882352941176,1.0,0.9705882352941176,0.7647058823529411,0.11764705882352941,0.7647058823529411,0.7647058823529411,0.5882352941176471,0.7647058823529411,0.11764705882352941,0.14705882352941177,0.5588235294117647,0.7647058823529411,0.6764705882352942,0.7352941176470589,0.7058823529411765,0.7352941176470589,0.7941176470588235,0.029411764705882353,0.3235294117647059,0.3235294117647059,0.6764705882352942,0.7352941176470589,0.7352941176470589,0.6176470588235294,0.4411764705882353,0.14705882352941177,0.4117647058823529,1.0,0.38235294117647056,0.9411764705882353,0.9411764705882353,0.9411764705882353,0.7352941176470589,,,,,,
Risk Management & Regulation,Execution & Delivery,A/B and Test and Learn Deployment,0.047619047619047616,0.2761904761904762,0.47619047619047616,0.24761904761904763,0.49523809523809526,0.41904761904761906,0.42857142857142855,0.26666666666666666,1.0,0.08571428571428572,0.18095238095238095,0.2761904761904762,0.1619047619047619,0.34285714285714286,0.11428571428571428,0.10476190476190476,0.2761904761904762,0.14285714285714285,0.2571428571428571,0.26666666666666666,0.22857142857142856,0.4380952380952381,0.17142857142857143,0.09523809523809523,0.13333333333333333,0.20952380952380953,0.17142857142857143,0.14285714285714285,0.0380952380952381,0.0761904761904762,0.009523809523809525,0.22857142857142856,0.08571428571428572,0.08571428571428572,0.3142857142857143,0.3523809523809524,0.06666666666666667,0.13333333333333333,0.18095238095238095,0.6190476190476191,0.3142857142857143,0.6190476190476191,0.6190476190476191,0.23809523809523808,0.34285714285714286,0.34285714285714286,0.3523809523809524,0.5333333333333333,0.5714285714285714,0.580952380952381,0.5714285714285714,0.34285714285714286,0.7904761904761904,0.6095238095238096,0.6190476190476191,0.6095238095238096,0.8380952380952381,0.8476190476190476,0.8380952380952381,0.8476190476190476,0.8476190476190476,0.8476190476190476,0.24761904761904763,0.34285714285714286,0.34285714285714286,0.3619047619047619,1.0,0.3238095238095238,0.7904761904761904,0.7904761904761904,1.0,0.5714285714285714,0.3238095238095238,1.0,1.0,0.6095238095238096,0.9047619047619048,0.8,0.6190476190476191,0.7523809523809524,0.580952380952381,0.38095238095238093,0.05714285714285714,0.38095238095238093,0.3619047619047619,0.2857142857142857,0.4,0.09523809523809523,0.10476190476190476,0.5333333333333333,0.6095238095238096,0.6095238095238096,0.7047619047619048,0.7047619047619048,0.6857142857142857,0.7333333333333333,0.05714285714285714,0.4095238095238095,0.13333333333333333,0.3238095238095238,0.3047619047619048,0.3523809523809524,0.29523809523809524,0.19047619047619047,0.06666666666666667,0.1619047619047619,0.7523809523809524,0.26666666666666666,0.8476190476190476,0.8476190476190476,0.8476190476190476,0.7619047619047619,,,,,,
Risk Management & Regulation,Execution & Delivery,Real Time Threat Detection,0.047619047619047616,0.2761904761904762,0.47619047619047616,0.24761904761904763,0.49523809523809526,0.41904761904761906,0.42857142857142855,0.26666666666666666,1.0,0.08571428571428572,0.18095238095238095,0.2761904761904762,0.1619047619047619,0.34285714285714286,0.11428571428571428,0.10476190476190476,0.2761904761904762,0.14285714285714285,0.2571428571428571,0.26666666666666666,0.22857142857142856,0.4380952380952381,0.17142857142857143,0.09523809523809523,0.13333333333333333,0.20952380952380953,0.17142857142857143,0.14285714285714285,0.0380952380952381,0.0761904761904762,0.009523809523809525,0.22857142857142856,0.08571428571428572,0.08571428571428572,0.3142857142857143,0.3523809523809524,0.06666666666666667,0.13333333333333333,0.18095238095238095,0.6190476190476191,0.3142857142857143,0.6190476190476191,0.6190476190476191,0.23809523809523808,0.34285714285714286,0.34285714285714286,0.3523809523809524,0.5333333333333333,0.5714285714285714,0.580952380952381,0.5714285714285714,0.34285714285714286,0.7904761904761904,0.6095238095238096,0.6190476190476191,0.6095238095238096,0.8380952380952381,0.8476190476190476,0.8380952380952381,0.8476190476190476,0.8476190476190476,0.8476190476190476,0.24761904761904763,0.34285714285714286,0.34285714285714286,0.3619047619047619,1.0,0.3238095238095238,0.7904761904761904,0.7904761904761904,1.0,0.5714285714285714,0.3238095238095238,1.0,1.0,0.6095238095238096,0.9047619047619048,0.8,0.6190476190476191,0.7523809523809524,0.580952380952381,0.38095238095238093,0.05714285714285714,0.38095238095238093,0.3619047619047619,0.2857142857142857,0.4,0.09523809523809523,0.10476190476190476,0.5333333333333333,0.6095238095238096,0.6095238095238096,0.7047619047619048,0.7047619047619048,0.6857142857142857,0.7333333333333333,0.05714285714285714,0.4095238095238095,0.13333333333333333,0.3238095238095238,0.3047619047619048,0.3523809523809524,0.29523809523809524,0.19047619047619047,0.06666666666666667,0.1619047619047619,0.7523809523809524,0.26666666666666666,0.8476190476190476,0.8476190476190476,0.8476190476190476,0.7619047619047619,,,,,,
Risk Management & Regulation,Reporting & BI,New Business MI & Reporting,0.046875,0.28125,0.515625,0.234375,0.5625,0.421875,0.515625,0.265625,1.0,0.09375,0.265625,0.34375,0.203125,0.421875,0.171875,0.15625,0.3125,0.203125,0.265625,0.3125,0.34375,0.546875,0.265625,0.15625,0.1875,0.25,0.21875,0.125,0.046875,0.109375,0.015625,0.28125,0.078125,0.125,0.265625,0.40625,0.09375,0.125,0.1875,1.0,0.453125,0.75,0.75,0.375,0.46875,0.484375,0.46875,0.59375,0.703125,0.703125,0.703125,0.5,0.921875,0.703125,0.703125,0.703125,0.859375,0.859375,0.859375,0.859375,0.859375,0.859375,0.25,0.359375,0.359375,0.390625,1.0,0.46875,0.921875,0.921875,1.0,0.703125,0.46875,1.0,1.0,1.0,1.0,0.9375,0.71875,0.75,0.71875,0.390625,0.0625,0.390625,0.40625,0.296875,0.390625,0.046875,0.078125,0.53125,0.640625,0.609375,0.765625,0.71875,0.765625,0.78125,0.015625,0.421875,0.171875,0.34375,0.390625,0.375,0.328125,0.25,0.109375,0.203125,0.75,0.34375,0.9375,0.9375,0.9375,0.734375,,,,,,
Risk Management & Regulation,Reporting & BI,Model Performance Analytics,0.05263157894736842,0.30526315789473685,0.5157894736842106,0.25263157894736843,0.5263157894736842,0.4,0.47368421052631576,0.29473684210526313,1.0,0.09473684210526316,0.2,0.30526315789473685,0.16842105263157894,0.37894736842105264,0.12631578947368421,0.11578947368421053,0.30526315789473685,0.15789473684210525,0.23157894736842105,0.29473684210526313,0.25263157894736843,0.4842105263157895,0.18947368421052632,0.10526315789473684,0.14736842105263157,0.23157894736842105,0.18947368421052632,0.15789473684210525,0.042105263157894736,0.07368421052631578,0.010526315789473684,0.25263157894736843,0.06315789473684211,0.09473684210526316,0.30526315789473685,0.37894736842105264,0.07368421052631578,0.12631578947368421,0.17894736842105263,0.6842105263157895,0.3473684210526316,0.6526315789473685,0.6526315789473685,0.2631578947368421,0.37894736842105264,0.37894736842105264,0.3894736842105263,0.5578947368421052,0.6210526315789474,0.6210526315789474,0.6210526315789474,0.37894736842105264,0.8736842105263158,0.6736842105263158,0.6736842105263158,0.6736842105263158,0.8631578947368421,0.8631578947368421,0.8631578947368421,0.8631578947368421,0.8631578947368421,0.8631578947368421,0.23157894736842105,0.3473684210526316,0.3473684210526316,0.3684210526315789,1.0,0.35789473684210527,0.8736842105263158,0.8736842105263158,1.0,0.6210526315789474,0.35789473684210527,1.0,1.0,0.6736842105263158,1.0,0.8842105263157894,0.6842105263157895,0.7578947368421053,0.631578947368421,0.4,0.042105263157894736,0.4,0.37894736842105264,0.29473684210526313,0.4105263157894737,0.07368421052631578,0.08421052631578947,0.5473684210526316,0.6421052631578947,0.6421052631578947,0.7684210526315789,0.7368421052631579,0.7578947368421053,0.7789473684210526,0.031578947368421054,0.43157894736842106,0.12631578947368421,0.3263157894736842,0.3368421052631579,0.3684210526315789,0.29473684210526313,0.21052631578947367,0.07368421052631578,0.15789473684210525,0.7578947368421053,0.29473684210526313,0.8947368421052632,0.8947368421052632,0.8947368421052632,0.7684210526315789,,,,,,
Risk Management & Regulation,Reporting & BI,Portfolio MI & Portfolio Performance Analytics,0.047619047619047616,0.30952380952380953,0.5238095238095238,0.25,0.5595238095238095,0.39285714285714285,0.4880952380952381,0.2976190476190476,1.0,0.10714285714285714,0.21428571428571427,0.2976190476190476,0.19047619047619047,0.36904761904761907,0.13095238095238096,0.11904761904761904,0.30952380952380953,0.17857142857142858,0.23809523809523808,0.2619047619047619,0.25,0.4880952380952381,0.17857142857142858,0.09523809523809523,0.14285714285714285,0.2261904761904762,0.19047619047619047,0.14285714285714285,0.047619047619047616,0.08333333333333333,0.011904761904761904,0.2261904761904762,0.05952380952380952,0.08333333333333333,0.2857142857142857,0.40476190476190477,0.08333333333333333,0.13095238095238096,0.17857142857142858,0.7261904761904762,0.36904761904761907,0.6547619047619048,0.6547619047619048,0.2976190476190476,0.4166666666666667,0.4166666666666667,0.42857142857142855,0.5833333333333334,0.7023809523809523,0.7023809523809523,0.7023809523809523,0.42857142857142855,0.9880952380952381,0.75,0.75,0.75,0.8452380952380952,0.8452380952380952,0.8452380952380952,0.8452380952380952,0.8452380952380952,0.8452380952380952,0.25,0.36904761904761907,0.36904761904761907,0.39285714285714285,1.0,0.40476190476190477,0.9880952380952381,0.9880952380952381,1.0,0.7023809523809523,0.40476190476190477,1.0,1.0,0.7142857142857143,1.0,1.0,0.7619047619047619,0.7380952380952381,0.7142857142857143,0.4166666666666667,0.047619047619047616,0.4166666666666667,0.39285714285714285,0.30952380952380953,0.42857142857142855,0.07142857142857142,0.08333333333333333,0.5238095238095238,0.6190476190476191,0.6309523809523809,0.75,0.7142857142857143,0.7380952380952381,0.7619047619047619,0.03571428571428571,0.39285714285714285,0.14285714285714285,0.34523809523809523,0.36904761904761907,0.38095238095238093,0.30952380952380953,0.2261904761904762,0.08333333333333333,0.17857142857142858,0.7380952380952381,0.30952380952380953,0.8928571428571429,0.8928571428571429,0.8928571428571429,0.75,,,,,,
Risk Management & Regulation,Reporting & BI,Collections MI,0.06153846153846154,0.38461538461538464,0.5692307692307692,0.26153846153846155,0.5692307692307692,0.46153846153846156,0.47692307692307695,0.36923076923076925,1.0,0.13846153846153847,0.2,0.3384615384615385,0.09230769230769231,0.35384615384615387,0.07692307692307693,0.12307692307692308,0.2923076923076923,0.16923076923076924,0.26153846153846155,0.27692307692307694,0.27692307692307694,0.49230769230769234,0.2,0.1076923076923077,0.1076923076923077,0.26153846153846155,0.16923076923076924,0.2,0.046153846153846156,0.03076923076923077,0.0,0.2923076923076923,0.03076923076923077,0.046153846153846156,0.3384615384615385,0.4307692307692308,0.09230769230769231,0.15384615384615385,0.15384615384615385,0.7230769230769231,0.47692307692307695,0.8153846153846154,0.8153846153846154,0.36923076923076925,0.5076923076923077,0.47692307692307695,0.5076923076923077,0.7384615384615385,0.8923076923076924,0.8923076923076924,0.8923076923076924,0.5076923076923077,0.9846153846153847,0.9846153846153847,0.9846153846153847,0.9846153846153847,0.9846153846153847,0.9846153846153847,0.9846153846153847,0.9846153846153847,0.9846153846153847,0.9846153846153847,0.2923076923076923,0.4,0.4,0.4,1.0,0.5076923076923077,0.9846153846153847,0.9692307692307692,1.0,0.8923076923076924,0.5076923076923077,1.0,1.0,0.7076923076923077,1.0,0.9846153846153847,1.0,0.8461538461538461,0.9076923076923077,0.46153846153846156,0.06153846153846154,0.46153846153846156,0.4307692307692308,0.38461538461538464,0.47692307692307695,0.09230769230769231,0.09230769230769231,0.6,0.6923076923076923,0.6307692307692307,0.7230769230769231,0.6923076923076923,0.7076923076923077,0.7076923076923077,0.03076923076923077,0.4461538461538462,0.16923076923076924,0.36923076923076925,0.4153846153846154,0.4307692307692308,0.3230769230769231,0.24615384615384617,0.07692307692307693,0.2153846153846154,0.8461538461538461,0.2923076923076923,0.8615384615384616,0.8615384615384616,0.8615384615384616,0.8,,,,,,
Risk Management & Regulation,Reporting & BI,Regulatory Reporting and Information Sharing,0.0625,0.325,0.4875,0.25,0.4625,0.475,0.35,0.3125,1.0,0.0875,0.1125,0.2625,0.05,0.275,0.0375,0.0625,0.1875,0.0875,0.2625,0.25,0.2125,0.425,0.15,0.0625,0.1,0.25,0.125,0.1875,0.025,0.025,0.0,0.275,0.05,0.0625,0.325,0.275,0.025,0.075,0.1375,0.6125,0.4125,0.725,0.725,0.3125,0.45,0.45,0.45,0.6625,0.625,0.6375,0.625,0.425,0.775,0.675,0.6875,0.675,0.8625,0.875,0.8625,0.875,0.875,0.875,0.275,0.425,0.425,0.425,1.0,0.425,0.775,0.7625,0.9875,0.625,0.425,0.9875,0.9875,0.6,0.9,0.775,0.6875,1.0,0.6375,0.5,0.075,0.5,0.475,0.375,0.525,0.125,0.1375,0.6125,0.7375,0.6625,0.725,0.725,0.725,0.775,0.05,0.475,0.175,0.4125,0.375,0.4625,0.375,0.25,0.0875,0.2125,1.0,0.2375,0.875,0.875,0.875,0.825,,,,,,
Risk Management & Regulation,Reporting & BI,Strategy (Rules) Performance MI,0.06557377049180328,0.3442622950819672,0.5409836065573771,0.2459016393442623,0.5737704918032787,0.47540983606557374,0.45901639344262296,0.32786885245901637,1.0,0.14754098360655737,0.19672131147540983,0.3442622950819672,0.11475409836065574,0.3442622950819672,0.09836065573770492,0.13114754098360656,0.2786885245901639,0.19672131147540983,0.2786885245901639,0.29508196721311475,0.29508196721311475,0.45901639344262296,0.21311475409836064,0.09836065573770492,0.13114754098360656,0.26229508196721313,0.16393442622950818,0.16393442622950818,0.04918032786885246,0.04918032786885246,0.0,0.2786885245901639,0.04918032786885246,0.06557377049180328,0.3442622950819672,0.3770491803278688,0.09836065573770492,0.13114754098360656,0.16393442622950818,0.7704918032786885,0.4918032786885246,0.8688524590163934,0.8688524590163934,0.39344262295081966,0.5409836065573771,0.5081967213114754,0.5245901639344263,0.7540983606557377,0.9836065573770492,0.9836065573770492,0.9836065573770492,0.5409836065573771,0.9836065573770492,0.9508196721311475,0.9508196721311475,0.9508196721311475,0.9672131147540983,0.9672131147540983,0.9672131147540983,0.9672131147540983,0.9672131147540983,0.9672131147540983,0.29508196721311475,0.4098360655737705,0.4098360655737705,0.4098360655737705,1.0,0.5409836065573771,0.9836065573770492,0.9672131147540983,1.0,0.9836065573770492,0.5409836065573771,1.0,1.0,0.7540983606557377,0.9836065573770492,0.9836065573770492,0.9672131147540983,0.8360655737704918,1.0,0.4426229508196721,0.06557377049180328,0.4426229508196721,0.4262295081967213,0.36065573770491804,0.45901639344262296,0.09836065573770492,0.09836065573770492,0.5737704918032787,0.6885245901639344,0.5901639344262295,0.7049180327868853,0.6885245901639344,0.7049180327868853,0.6885245901639344,0.03278688524590164,0.4426229508196721,0.18032786885245902,0.3770491803278688,0.4262295081967213,0.4098360655737705,0.3442622950819672,0.2459016393442623,0.08196721311475409,0.22950819672131148,0.8360655737704918,0.3114754098360656,0.8688524590163934,0.8688524590163934,0.8688524590163934,0.8032786885245902,,,,,,
Finance & Peformance Management,Financial Accounting,Financial Accounting / Accounting Hub,0.1,0.3,0.375,0.4,0.5,0.225,0.3,0.275,1.0,0.075,0.125,0.125,0.05,0.15,0.0,0.075,0.25,0.15,0.2,0.125,0.125,0.3,0.05,0.075,0.05,0.05,0.15,0.3,0.05,0.025,0.0,0.15,0.0,0.0,0.2,0.35,0.025,0.05,0.175,0.625,0.65,0.7,0.7,0.45,0.7,0.7,0.7,0.725,0.675,0.7,0.675,0.65,0.875,0.75,0.775,0.75,0.825,0.85,0.825,0.825,0.85,0.825,0.325,0.8,0.8,0.8,1.0,0.65,0.875,0.875,1.0,0.675,0.65,1.0,1.0,0.625,0.95,0.875,0.75,1.0,0.675,1.0,0.15,1.0,0.925,0.725,1.0,0.2,0.2,0.675,0.875,0.85,0.85,0.85,0.85,0.95,0.1,0.4,0.35,0.8,0.7,0.925,0.75,0.475,0.15,0.375,1.0,0.4,1.0,1.0,1.0,0.925,,,,,,
Finance & Peformance Management,Financial Accounting,Financial Consolidation,0.0,0.16666666666666666,0.0,0.5,0.5,0.0,0.16666666666666666,0.16666666666666666,1.0,0.0,0.0,0.0,0.0,0.0,0.0,0.0,0.0,0.5,0.16666666666666666,0.0,0.0,0.0,0.0,0.16666666666666666,0.0,0.0,0.3333333333333333,0.16666666666666666,0.16666666666666666,0.16666666666666666,0.0,0.16666666666666666,0.0,0.0,0.3333333333333333,0.3333333333333333,0.0,0.0,0.16666666666666666,0.6666666666666666,0.6666666666666666,0.6666666666666666,0.6666666666666666,0.5,0.6666666666666666,0.6666666666666666,0.6666666666666666,0.6666666666666666,0.6666666666666666,0.8333333333333334,0.6666666666666666,0.6666666666666666,0.6666666666666666,0.6666666666666666,0.8333333333333334,0.6666666666666666,0.6666666666666666,0.8333333333333334,0.6666666666666666,0.6666666666666666,0.8333333333333334,0.6666666666666666,1.0,1.0,1.0,1.0,1.0,0.6666666666666666,0.6666666666666666,0.6666666666666666,1.0,0.6666666666666666,0.6666666666666666,1.0,1.0,0.6666666666666666,0.6666666666666666,0.6666666666666666,0.6666666666666666,1.0,0.6666666666666666,1.0,1.0,1.0,1.0,0.8333333333333334,1.0,0.3333333333333333,0.5,0.8333333333333334,1.0,0.6666666666666666,0.6666666666666666,0.8333333333333334,0.6666666666666666,1.0,0.5,0.5,0.8333333333333334,1.0,0.6666666666666666,1.0,1.0,0.6666666666666666,0.3333333333333333,0.6666666666666666,1.0,0.3333333333333333,1.0,1.0,1.0,1.0,,,,,,
Finance & Peformance Management,Financial Accounting,Functional Profit & Loss Statement (P&L),0.1,0.3,0.375,0.4,0.5,0.225,0.3,0.275,1.0,0.075,0.125,0.125,0.05,0.15,0.0,0.075,0.25,0.15,0.2,0.125,0.125,0.3,0.05,0.075,0.05,0.05,0.15,0.3,0.05,0.025,0.0,0.15,0.0,0.0,0.2,0.35,0.025,0.05,0.175,0.625,0.65,0.7,0.7,0.45,0.7,0.7,0.7,0.725,0.675,0.7,0.675,0.65,0.875,0.75,0.775,0.75,0.825,0.85,0.825,0.825,0.85,0.825,0.325,0.8,0.8,0.8,1.0,0.65,0.875,0.875,1.0,0.675,0.65,1.0,1.0,0.625,0.95,0.875,0.75,1.0,0.675,1.0,0.15,1.0,0.925,0.725,1.0,0.2,0.2,0.675,0.875,0.85,0.85,0.85,0.85,0.95,0.1,0.4,0.35,0.8,0.7,0.925,0.75,0.475,0.15,0.375,1.0,0.4,1.0,1.0,1.0,0.925,,,,,,
Finance & Peformance Management,Financial Accounting,Fair Value & Hedge Accounting,0.13157894736842105,0.2894736842105263,0.3684210526315789,0.39473684210526316,0.5,0.2631578947368421,0.3157894736842105,0.2631578947368421,1.0,0.10526315789473684,0.15789473684210525,0.10526315789473684,0.05263157894736842,0.13157894736842105,0.02631578947368421,0.07894736842105263,0.2894736842105263,0.15789473684210525,0.18421052631578946,0.10526315789473684,0.13157894736842105,0.34210526315789475,0.07894736842105263,0.07894736842105263,0.05263157894736842,0.05263157894736842,0.13157894736842105,0.3157894736842105,0.02631578947368421,0.05263157894736842,0.0,0.15789473684210525,0.0,0.0,0.13157894736842105,0.3684210526315789,0.02631578947368421,0.07894736842105263,0.18421052631578946,0.6842105263157895,0.6842105263157895,0.7368421052631579,0.7368421052631579,0.5,0.7368421052631579,0.7368421052631579,0.7368421052631579,0.7368421052631579,0.6842105263157895,0.7105263157894737,0.6842105263157895,0.6842105263157895,0.868421052631579,0.7368421052631579,0.7631578947368421,0.7368421052631579,0.8157894736842105,0.8421052631578947,0.8157894736842105,0.8157894736842105,0.8421052631578947,0.8157894736842105,0.3157894736842105,0.8421052631578947,0.8421052631578947,0.8421052631578947,1.0,0.6842105263157895,0.868421052631579,0.868421052631579,1.0,0.6842105263157895,0.6842105263157895,1.0,1.0,0.6842105263157895,0.9473684210526315,0.868421052631579,0.7368421052631579,1.0,0.6842105263157895,0.9736842105263158,0.15789473684210525,0.9736842105263158,1.0,0.7105263157894737,0.9736842105263158,0.21052631578947367,0.18421052631578946,0.6578947368421053,0.868421052631579,0.8421052631578947,0.8421052631578947,0.8421052631578947,0.8421052631578947,0.9473684210526315,0.10526315789473684,0.3684210526315789,0.3684210526315789,0.8421052631578947,0.7631578947368421,0.9210526315789473,0.7894736842105263,0.5263157894736842,0.18421052631578946,0.42105263157894735,1.0,0.42105263157894735,1.0,1.0,1.0,0.9210526315789473,,,,,,
Finance & Peformance Management,Financial Accounting,"Reconciliation, Validation & Adjustments",0.13333333333333333,0.36666666666666664,0.4666666666666667,0.43333333333333335,0.6,0.26666666666666666,0.3333333333333333,0.3333333333333333,1.0,0.13333333333333333,0.2,0.16666666666666666,0.06666666666666667,0.2,0.03333333333333333,0.13333333333333333,0.3,0.2,0.2,0.13333333333333333,0.16666666666666666,0.3333333333333333,0.1,0.06666666666666667,0.06666666666666667,0.1,0.16666666666666666,0.3,0.03333333333333333,0.06666666666666667,0.0,0.2,0.0,0.0,0.26666666666666666,0.36666666666666664,0.03333333333333333,0.1,0.2,0.6333333333333333,0.7,0.7333333333333333,0.7333333333333333,0.4666666666666667,0.7,0.7,0.7333333333333333,0.8,0.7333333333333333,0.7666666666666667,0.7333333333333333,0.6666666666666666,0.8666666666666667,0.8333333333333334,0.8666666666666667,0.8333333333333334,0.9,0.9333333333333333,0.9,0.9,0.9333333333333333,0.9,0.4,0.7666666666666667,0.7666666666666667,0.7666666666666667,1.0,0.6666666666666666,0.8666666666666667,0.8666666666666667,1.0,0.7333333333333333,0.6666666666666666,1.0,1.0,0.6333333333333333,0.9333333333333333,0.8666666666666667,0.8333333333333334,1.0,0.7333333333333333,0.9666666666666667,0.16666666666666666,0.9666666666666667,0.9,1.0,0.9666666666666667,0.26666666666666666,0.16666666666666666,0.6666666666666666,0.9333333333333333,0.8,0.8666666666666667,0.8666666666666667,0.8666666666666667,0.9333333333333333,0.1,0.4666666666666667,0.3333333333333333,0.7666666666666667,0.7,0.9333333333333333,0.7333333333333333,0.5666666666666667,0.2,0.4666666666666667,1.0,0.5333333333333333,1.0,1.0,1.0,0.9,,,,,,
Finance & Peformance Management,Financial Accounting,Tax Management & Optimisation,0.09523809523809523,0.2857142857142857,0.35714285714285715,0.38095238095238093,0.5,0.23809523809523808,0.2857142857142857,0.2619047619047619,1.0,0.09523809523809523,0.11904761904761904,0.11904761904761904,0.047619047619047616,0.14285714285714285,0.0,0.07142857142857142,0.23809523809523808,0.14285714285714285,0.19047619047619047,0.11904761904761904,0.11904761904761904,0.2857142857142857,0.047619047619047616,0.07142857142857142,0.047619047619047616,0.047619047619047616,0.14285714285714285,0.2857142857142857,0.047619047619047616,0.023809523809523808,0.0,0.14285714285714285,0.047619047619047616,0.0,0.21428571428571427,0.3333333333333333,0.023809523809523808,0.047619047619047616,0.19047619047619047,0.5952380952380952,0.6190476190476191,0.6904761904761905,0.6904761904761905,0.42857142857142855,0.6666666666666666,0.6666666666666666,0.6666666666666666,0.7142857142857143,0.6666666666666666,0.6904761904761905,0.6666666666666666,0.6190476190476191,0.8571428571428571,0.7380952380952381,0.7619047619047619,0.7380952380952381,0.8333333333333334,0.8571428571428571,0.8333333333333334,0.8333333333333334,0.8571428571428571,0.8333333333333334,0.3333333333333333,0.7619047619047619,0.7619047619047619,0.7619047619047619,1.0,0.6190476190476191,0.8571428571428571,0.8571428571428571,1.0,0.6666666666666666,0.6190476190476191,1.0,1.0,0.5952380952380952,0.9285714285714286,0.8571428571428571,0.7380952380952381,1.0,0.6666666666666666,0.9523809523809523,0.14285714285714285,0.9523809523809523,0.8809523809523809,0.6904761904761905,1.0,0.23809523809523808,0.23809523809523808,0.6428571428571429,0.8333333333333334,0.8095238095238095,0.8095238095238095,0.8095238095238095,0.8095238095238095,0.9047619047619048,0.09523809523809523,0.38095238095238093,0.3333333333333333,0.7619047619047619,0.6666666666666666,0.8809523809523809,0.7142857142857143,0.4523809523809524,0.14285714285714285,0.35714285714285715,1.0,0.38095238095238093,0.9761904761904762,0.9761904761904762,0.9761904761904762,0.9047619047619048,,,,,,
Finance & Peformance Management,Financial Accounting,Third Party Settlement Controls,0.2,0.3,0.4,0.4,0.5,0.3,0.3,0.3,1.0,0.1,0.2,0.2,0.1,0.0,0.0,0.0,0.2,0.0,0.2,0.1,0.2,0.3,0.0,0.0,0.0,0.1,0.0,0.4,0.0,0.1,0.0,0.1,0.2,0.0,0.3,0.2,0.0,0.0,0.3,0.3,0.4,0.6,0.6,0.3,0.4,0.4,0.4,0.7,0.6,0.7,0.6,0.4,0.6,0.6,0.7,0.6,0.8,0.9,0.8,0.8,0.9,0.8,0.6,0.8,0.8,0.8,1.0,0.4,0.6,0.6,1.0,0.6,0.4,1.0,1.0,0.3,0.7,0.6,0.6,1.0,0.6,0.8,0.2,0.8,0.8,0.8,1.0,1.0,0.4,0.6,0.8,0.8,0.6,0.8,0.6,0.8,0.3,0.4,0.5,0.8,0.5,0.8,0.8,0.5,0.0,0.5,1.0,0.5,0.9,0.9,0.9,0.9,,,,,,
Finance & Peformance Management,Financial Accounting,Fixed Assets Management,0.0,0.09090909090909091,0.09090909090909091,0.2727272727272727,0.2727272727272727,0.18181818181818182,0.0,0.09090909090909091,1.0,0.09090909090909091,0.0,0.0,0.0,0.09090909090909091,0.0,0.0,0.09090909090909091,0.09090909090909091,0.2727272727272727,0.0,0.09090909090909091,0.0,0.0,0.18181818181818182,0.09090909090909091,0.09090909090909091,0.18181818181818182,0.0,0.09090909090909091,0.09090909090909091,0.0,0.09090909090909091,0.18181818181818182,0.0,0.2727272727272727,0.09090909090909091,0.0,0.0,0.18181818181818182,0.45454545454545453,0.45454545454545453,0.6363636363636364,0.6363636363636364,0.0,0.45454545454545453,0.45454545454545453,0.45454545454545453,0.5454545454545454,0.5454545454545454,0.6363636363636364,0.5454545454545454,0.45454545454545453,0.6363636363636364,0.5454545454545454,0.6363636363636364,0.5454545454545454,0.7272727272727273,0.8181818181818182,0.7272727272727273,0.7272727272727273,0.8181818181818182,0.7272727272727273,0.45454545454545453,0.36363636363636365,0.36363636363636365,0.36363636363636365,1.0,0.45454545454545453,0.6363636363636364,0.6363636363636364,1.0,0.5454545454545454,0.45454545454545453,1.0,1.0,0.45454545454545453,0.7272727272727273,0.6363636363636364,0.5454545454545454,1.0,0.5454545454545454,0.7272727272727273,0.2727272727272727,0.7272727272727273,0.6363636363636364,0.45454545454545453,0.9090909090909091,0.36363636363636365,1.0,0.6363636363636364,0.6363636363636364,0.5454545454545454,0.45454545454545453,0.6363636363636364,0.45454545454545453,0.6363636363636364,0.2727272727272727,0.2727272727272727,0.2727272727272727,0.36363636363636365,0.36363636363636365,0.6363636363636364,0.36363636363636365,0.09090909090909091,0.0,0.18181818181818182,1.0,0.18181818181818182,0.9090909090909091,0.9090909090909091,0.9090909090909091,0.7272727272727273,,,,,,
Finance & Peformance Management,Financial Planning & Controlling,Activity Based Costing,0.08196721311475409,0.4262295081967213,0.5901639344262295,0.32786885245901637,0.4426229508196721,0.45901639344262296,0.4918032786885246,0.4098360655737705,1.0,0.09836065573770492,0.09836065573770492,0.39344262295081966,0.11475409836065574,0.4426229508196721,0.08196721311475409,0.13114754098360656,0.2786885245901639,0.19672131147540983,0.2459016393442623,0.4098360655737705,0.2786885245901639,0.5081967213114754,0.22950819672131148,0.08196721311475409,0.16393442622950818,0.3770491803278688,0.16393442622950818,0.18032786885245902,0.04918032786885246,0.13114754098360656,0.0,0.4098360655737705,0.11475409836065574,0.13114754098360656,0.47540983606557374,0.36065573770491804,0.09836065573770492,0.13114754098360656,0.18032786885245902,0.5737704918032787,0.29508196721311475,0.6557377049180327,0.6557377049180327,0.22950819672131148,0.3114754098360656,0.2786885245901639,0.3114754098360656,0.5737704918032787,0.5737704918032787,0.5901639344262295,0.5737704918032787,0.32786885245901637,0.7213114754098361,0.639344262295082,0.6557377049180327,0.639344262295082,0.819672131147541,0.8360655737704918,0.819672131147541,0.819672131147541,0.8360655737704918,0.819672131147541,0.2786885245901639,0.3770491803278688,0.3770491803278688,0.39344262295081966,1.0,0.3114754098360656,0.7213114754098361,0.7213114754098361,0.9180327868852459,0.5737704918032787,0.3114754098360656,0.9180327868852459,0.9180327868852459,0.5573770491803278,0.8524590163934426,0.7213114754098361,0.639344262295082,0.8032786885245902,0.5737704918032787,0.4426229508196721,0.08196721311475409,0.4426229508196721,0.4098360655737705,0.32786885245901637,0.4426229508196721,0.09836065573770492,0.11475409836065574,1.0,0.9344262295081968,0.7704918032786885,0.9180327868852459,0.9508196721311475,0.8688524590163934,0.9180327868852459,0.08196721311475409,0.7377049180327869,0.19672131147540983,0.3770491803278688,0.29508196721311475,0.4098360655737705,0.32786885245901637,0.19672131147540983,0.08196721311475409,0.21311475409836064,0.8032786885245902,0.2786885245901639,0.9508196721311475,0.9508196721311475,0.9508196721311475,0.9016393442622951,,,,,,
Finance & Peformance Management,Financial Planning & Controlling,Profitability Modelling,0.07462686567164178,0.40298507462686567,0.5671641791044776,0.34328358208955223,0.4626865671641791,0.417910447761194,0.43283582089552236,0.3880597014925373,1.0,0.07462686567164178,0.1044776119402985,0.34328358208955223,0.08955223880597014,0.3880597014925373,0.08955223880597014,0.1044776119402985,0.26865671641791045,0.14925373134328357,0.208955223880597,0.3582089552238806,0.26865671641791045,0.5074626865671642,0.208955223880597,0.07462686567164178,0.14925373134328357,0.34328358208955223,0.16417910447761194,0.19402985074626866,0.04477611940298507,0.1044776119402985,0.0,0.373134328358209,0.07462686567164178,0.11940298507462686,0.40298507462686567,0.3283582089552239,0.07462686567164178,0.08955223880597014,0.13432835820895522,0.6268656716417911,0.373134328358209,0.7014925373134329,0.7014925373134329,0.2835820895522388,0.40298507462686567,0.40298507462686567,0.417910447761194,0.6268656716417911,0.6119402985074627,0.6268656716417911,0.6119402985074627,0.40298507462686567,0.7761194029850746,0.6567164179104478,0.6716417910447762,0.6567164179104478,0.8208955223880597,0.835820895522388,0.8208955223880597,0.8208955223880597,0.835820895522388,0.8208955223880597,0.29850746268656714,0.4626865671641791,0.4626865671641791,0.47761194029850745,1.0,0.3880597014925373,0.7761194029850746,0.7761194029850746,0.9552238805970149,0.6119402985074627,0.3880597014925373,0.9552238805970149,0.9552238805970149,0.6119402985074627,0.9104477611940298,0.7761194029850746,0.6716417910447762,0.8805970149253731,0.6268656716417911,0.5223880597014925,0.08955223880597014,0.5223880597014925,0.4925373134328358,0.417910447761194,0.5223880597014925,0.11940298507462686,0.1044776119402985,0.8507462686567164,1.0,0.8059701492537313,0.9402985074626866,0.9552238805970149,0.9253731343283582,0.9701492537313433,0.07462686567164178,0.6417910447761194,0.19402985074626866,0.4626865671641791,0.3880597014925373,0.4925373134328358,0.417910447761194,0.26865671641791045,0.08955223880597014,0.2537313432835821,0.8805970149253731,0.31343283582089554,0.9850746268656716,0.9850746268656716,0.9850746268656716,0.9104477611940298,,,,,,
Finance & Peformance Management,Financial Planning & Controlling,Future / Lifetime Value,0.078125,0.40625,0.59375,0.40625,0.5,0.359375,0.546875,0.390625,1.0,0.0625,0.171875,0.328125,0.140625,0.4375,0.125,0.09375,0.328125,0.109375,0.171875,0.34375,0.3125,0.53125,0.1875,0.0625,0.078125,0.296875,0.15625,0.171875,0.0625,0.0625,0.015625,0.359375,0.046875,0.09375,0.375,0.40625,0.046875,0.109375,0.15625,0.625,0.359375,0.65625,0.65625,0.28125,0.390625,0.390625,0.421875,0.609375,0.546875,0.5625,0.546875,0.375,0.8125,0.625,0.640625,0.625,0.8125,0.828125,0.8125,0.8125,0.828125,0.8125,0.265625,0.453125,0.453125,0.46875,1.0,0.359375,0.8125,0.828125,1.0,0.546875,0.359375,1.0,1.0,0.609375,0.953125,0.828125,0.640625,0.828125,0.5625,0.53125,0.0625,0.53125,0.5,0.375,0.53125,0.125,0.09375,0.734375,0.84375,1.0,0.921875,0.9375,0.90625,1.0,0.09375,0.546875,0.203125,0.453125,0.390625,0.484375,0.421875,0.265625,0.078125,0.25,0.828125,0.328125,0.984375,0.984375,0.984375,0.890625,,,,,,
Finance & Peformance Management,Financial Planning & Controlling,Profitability Analytics and Optimisation,0.0641025641025641,0.358974358974359,0.5384615384615384,0.3076923076923077,0.5256410256410257,0.38461538461538464,0.5128205128205128,0.34615384615384615,1.0,0.08974358974358974,0.1794871794871795,0.3333333333333333,0.19230769230769232,0.4230769230769231,0.1282051282051282,0.10256410256410256,0.32051282051282054,0.19230769230769232,0.23076923076923078,0.3333333333333333,0.28205128205128205,0.5256410256410257,0.20512820512820512,0.07692307692307693,0.15384615384615385,0.2948717948717949,0.20512820512820512,0.16666666666666666,0.05128205128205128,0.10256410256410256,0.01282051282051282,0.32051282051282054,0.08974358974358974,0.11538461538461539,0.3974358974358974,0.3974358974358974,0.07692307692307693,0.1282051282051282,0.21794871794871795,0.6410256410256411,0.32051282051282054,0.6153846153846154,0.6153846153846154,0.24358974358974358,0.34615384615384615,0.34615384615384615,0.3717948717948718,0.5641025641025641,0.5384615384615384,0.5384615384615384,0.5384615384615384,0.34615384615384615,0.7948717948717948,0.5897435897435898,0.5897435897435898,0.5897435897435898,0.8205128205128205,0.8205128205128205,0.8205128205128205,0.8205128205128205,0.8205128205128205,0.8205128205128205,0.21794871794871795,0.358974358974359,0.358974358974359,0.38461538461538464,1.0,0.32051282051282054,0.7948717948717948,0.8076923076923077,0.9487179487179487,0.5384615384615384,0.32051282051282054,0.9487179487179487,0.9487179487179487,0.6282051282051282,0.9358974358974359,0.8076923076923077,0.6025641025641025,0.7435897435897436,0.5512820512820513,0.4358974358974359,0.05128205128205128,0.4358974358974359,0.41025641025641024,0.3333333333333333,0.4358974358974359,0.07692307692307693,0.0641025641025641,0.717948717948718,0.8076923076923077,0.7564102564102564,1.0,0.9358974358974359,0.9615384615384616,0.9358974358974359,0.038461538461538464,0.5897435897435898,0.14102564102564102,0.358974358974359,0.34615384615384615,0.3974358974358974,0.3333333333333333,0.23076923076923078,0.07692307692307693,0.19230769230769232,0.7435897435897436,0.3333333333333333,0.9615384615384616,0.9615384615384616,0.9615384615384616,0.8461538461538461,,,,,,
Finance & Peformance Management,Financial Planning & Controlling,Performance Management and KPIs,0.0641025641025641,0.3717948717948718,0.5641025641025641,0.3333333333333333,0.5256410256410257,0.38461538461538464,0.5,0.358974358974359,1.0,0.10256410256410256,0.1794871794871795,0.32051282051282054,0.1794871794871795,0.4230769230769231,0.1282051282051282,0.10256410256410256,0.32051282051282054,0.19230769230769232,0.23076923076923078,0.3333333333333333,0.28205128205128205,0.5384615384615384,0.19230769230769232,0.07692307692307693,0.15384615384615385,0.2948717948717949,0.20512820512820512,0.16666666666666666,0.05128205128205128,0.11538461538461539,0.01282051282051282,0.32051282051282054,0.08974358974358974,0.1282051282051282,0.3974358974358974,0.3974358974358974,0.07692307692307693,0.11538461538461539,0.21794871794871795,0.6025641025641025,0.3076923076923077,0.6153846153846154,0.6153846153846154,0.23076923076923078,0.3333333333333333,0.32051282051282054,0.358974358974359,0.5384615384615384,0.5256410256410257,0.5384615384615384,0.5256410256410257,0.3333333333333333,0.7564102564102564,0.5641025641025641,0.5769230769230769,0.5641025641025641,0.8076923076923077,0.8205128205128205,0.8076923076923077,0.8076923076923077,0.8205128205128205,0.8076923076923077,0.24358974358974358,0.3717948717948718,0.3717948717948718,0.3974358974358974,1.0,0.3076923076923077,0.7564102564102564,0.7692307692307693,0.9487179487179487,0.5256410256410257,0.3076923076923077,0.9487179487179487,0.9487179487179487,0.5897435897435898,0.8974358974358975,0.7692307692307693,0.5769230769230769,0.7435897435897436,0.5384615384615384,0.4358974358974359,0.0641025641025641,0.4358974358974359,0.41025641025641024,0.3333333333333333,0.4358974358974359,0.10256410256410256,0.08974358974358974,0.7435897435897436,0.8205128205128205,0.7692307692307693,0.9358974358974359,1.0,0.9102564102564102,0.9230769230769231,0.07692307692307693,0.5897435897435898,0.16666666666666666,0.3717948717948718,0.3076923076923077,0.3974358974358974,0.34615384615384615,0.20512820512820512,0.0641025641025641,0.21794871794871795,0.7435897435897436,0.3333333333333333,0.9615384615384616,0.9615384615384616,0.9615384615384616,0.8461538461538461,,,,,,
Finance & Peformance Management,Financial Planning & Controlling,Pricing Analysis & Optimisation,0.06666666666666667,0.37333333333333335,0.56,0.32,0.5333333333333333,0.4,0.52,0.36,1.0,0.09333333333333334,0.18666666666666668,0.3466666666666667,0.2,0.44,0.13333333333333333,0.10666666666666667,0.3333333333333333,0.2,0.22666666666666666,0.3466666666666667,0.29333333333333333,0.5466666666666666,0.21333333333333335,0.08,0.16,0.30666666666666664,0.21333333333333335,0.17333333333333334,0.05333333333333334,0.10666666666666667,0.013333333333333334,0.3333333333333333,0.08,0.12,0.38666666666666666,0.38666666666666666,0.08,0.10666666666666667,0.21333333333333335,0.6666666666666666,0.3333333333333333,0.6266666666666667,0.6266666666666667,0.25333333333333335,0.36,0.36,0.38666666666666666,0.5733333333333334,0.56,0.56,0.56,0.36,0.8133333333333334,0.6,0.6,0.6,0.8266666666666667,0.8266666666666667,0.8266666666666667,0.8266666666666667,0.8266666666666667,0.8266666666666667,0.22666666666666666,0.37333333333333335,0.37333333333333335,0.4,1.0,0.3333333333333333,0.8133333333333334,0.8266666666666667,0.96,0.56,0.3333333333333333,0.96,0.96,0.6533333333333333,0.96,0.8266666666666667,0.6133333333333333,0.7733333333333333,0.5733333333333334,0.4533333333333333,0.05333333333333334,0.4533333333333333,0.4266666666666667,0.3466666666666667,0.4533333333333333,0.08,0.06666666666666667,0.7066666666666667,0.8266666666666667,0.7733333333333333,1.0,0.9466666666666667,1.0,0.9466666666666667,0.04,0.5866666666666667,0.14666666666666667,0.37333333333333335,0.3466666666666667,0.41333333333333333,0.3466666666666667,0.24,0.08,0.2,0.7733333333333333,0.3466666666666667,0.9866666666666667,0.9866666666666667,0.9866666666666667,0.8533333333333334,,,,,,
Finance & Peformance Management,Financial Planning & Controlling,"Financial Budgeting, Planning & Forecasting",0.0625,0.3375,0.5125,0.325,0.475,0.3625,0.4875,0.325,1.0,0.05,0.15,0.2875,0.175,0.3875,0.125,0.1,0.2875,0.15,0.2125,0.3125,0.2625,0.4875,0.175,0.075,0.1375,0.275,0.2,0.15,0.05,0.1125,0.0125,0.3,0.075,0.1125,0.3375,0.4,0.0625,0.1,0.175,0.6375,0.325,0.5875,0.5875,0.2625,0.3625,0.375,0.3875,0.525,0.5125,0.525,0.5125,0.3625,0.7875,0.5625,0.575,0.5625,0.775,0.7875,0.775,0.775,0.7875,0.775,0.2625,0.4125,0.4125,0.4375,1.0,0.3375,0.7875,0.7875,0.9625,0.5125,0.3375,0.9625,0.9625,0.625,0.925,0.8,0.575,0.775,0.525,0.475,0.075,0.475,0.45,0.35,0.475,0.1,0.0875,0.7,0.8125,0.8,0.9125,0.9,0.8875,1.0,0.075,0.5375,0.175,0.4125,0.375,0.4375,0.3875,0.25,0.0875,0.2125,0.775,0.325,0.975,0.975,0.975,0.825,,,,,,
Finance & Peformance Management,Financial Planning & Controlling,"GL, AP, HR, Expense Analytics & Optimisation",0.16666666666666666,0.16666666666666666,0.3333333333333333,0.6666666666666666,0.5,0.16666666666666666,0.16666666666666666,0.16666666666666666,1.0,0.0,0.16666666666666666,0.16666666666666666,0.16666666666666666,0.16666666666666666,0.0,0.0,0.3333333333333333,0.3333333333333333,0.16666666666666666,0.3333333333333333,0.0,0.3333333333333333,0.0,0.16666666666666666,0.0,0.16666666666666666,0.3333333333333333,0.16666666666666666,0.16666666666666666,0.16666666666666666,0.0,0.0,0.0,0.0,0.5,0.5,0.0,0.0,0.16666666666666666,0.16666666666666666,0.16666666666666666,0.3333333333333333,0.3333333333333333,0.0,0.16666666666666666,0.16666666666666666,0.3333333333333333,0.3333333333333333,0.3333333333333333,0.5,0.3333333333333333,0.16666666666666666,0.5,0.3333333333333333,0.5,0.3333333333333333,0.3333333333333333,0.5,0.3333333333333333,0.3333333333333333,0.5,0.3333333333333333,0.8333333333333334,0.8333333333333334,0.8333333333333334,0.8333333333333334,1.0,0.16666666666666666,0.5,0.5,1.0,0.3333333333333333,0.16666666666666666,1.0,1.0,0.16666666666666666,0.5,0.5,0.3333333333333333,0.6666666666666666,0.3333333333333333,0.6666666666666666,0.5,0.6666666666666666,0.6666666666666666,0.5,0.6666666666666666,0.5,0.5,0.8333333333333334,0.8333333333333334,1.0,0.5,1.0,0.5,1.0,1.0,0.5,0.5,0.8333333333333334,0.3333333333333333,0.6666666666666666,0.8333333333333334,0.3333333333333333,0.0,0.3333333333333333,0.6666666666666666,0.16666666666666666,1.0,1.0,1.0,1.0,,,,,,
Finance & Peformance Management,Financial Planning & Controlling,Business Process Analytics & Optimisation,0.10638297872340426,0.5319148936170213,0.723404255319149,0.2978723404255319,0.5106382978723404,0.5319148936170213,0.5319148936170213,0.5106382978723404,1.0,0.10638297872340426,0.14893617021276595,0.48936170212765956,0.14893617021276595,0.5531914893617021,0.10638297872340426,0.14893617021276595,0.2978723404255319,0.2553191489361702,0.3404255319148936,0.5319148936170213,0.3617021276595745,0.6170212765957447,0.2978723404255319,0.10638297872340426,0.2127659574468085,0.48936170212765956,0.23404255319148937,0.1702127659574468,0.06382978723404255,0.10638297872340426,0.0,0.46808510638297873,0.1276595744680851,0.1702127659574468,0.6170212765957447,0.2978723404255319,0.10638297872340426,0.14893617021276595,0.2127659574468085,0.5957446808510638,0.2553191489361702,0.6808510638297872,0.6808510638297872,0.19148936170212766,0.23404255319148937,0.23404255319148937,0.2553191489361702,0.6170212765957447,0.574468085106383,0.574468085106383,0.574468085106383,0.23404255319148937,0.7021276595744681,0.6170212765957447,0.6170212765957447,0.6170212765957447,0.851063829787234,0.851063829787234,0.851063829787234,0.8723404255319149,0.851063829787234,0.8723404255319149,0.23404255319148937,0.23404255319148937,0.23404255319148937,0.23404255319148937,1.0,0.23404255319148937,0.7021276595744681,0.7021276595744681,0.9148936170212766,0.574468085106383,0.23404255319148937,0.9148936170212766,0.9148936170212766,0.574468085106383,0.8723404255319149,0.7021276595744681,0.6170212765957447,0.8085106382978723,0.574468085106383,0.3404255319148936,0.06382978723404255,0.3404255319148936,0.2978723404255319,0.2978723404255319,0.3404255319148936,0.0851063829787234,0.06382978723404255,0.9574468085106383,0.9148936170212766,0.7446808510638298,0.9787234042553191,0.9787234042553191,0.9361702127659575,0.9148936170212766,0.06382978723404255,1.0,0.1702127659574468,0.23404255319148937,0.23404255319148937,0.3191489361702128,0.2127659574468085,0.2127659574468085,0.10638297872340426,0.1702127659574468,0.8085106382978723,0.2978723404255319,0.9361702127659575,0.9361702127659575,0.9361702127659575,0.9361702127659575,,,,,,
Finance & Peformance Management,Treasury Mgmt & Insight,Funds Transfer Pricing,0.14285714285714285,0.5,0.5,0.6428571428571429,0.7142857142857143,0.21428571428571427,0.6428571428571429,0.42857142857142855,1.0,0.14285714285714285,0.35714285714285715,0.21428571428571427,0.14285714285714285,0.21428571428571427,0.0,0.14285714285714285,0.42857142857142855,0.35714285714285715,0.35714285714285715,0.14285714285714285,0.35714285714285715,0.5,0.14285714285714285,0.21428571428571427,0.14285714285714285,0.0,0.2857142857142857,0.5,0.07142857142857142,0.07142857142857142,0.0,0.21428571428571427,0.0,0.0,0.2857142857142857,0.6428571428571429,0.07142857142857142,0.14285714285714285,0.42857142857142855,0.7857142857142857,0.7142857142857143,0.7857142857142857,0.7857142857142857,0.7142857142857143,0.7857142857142857,0.8571428571428571,0.7857142857142857,0.7857142857142857,0.7857142857142857,0.8571428571428571,0.7857142857142857,0.7857142857142857,0.8571428571428571,0.7857142857142857,0.8571428571428571,0.7857142857142857,0.7857142857142857,0.8571428571428571,0.7857142857142857,0.7857142857142857,0.8571428571428571,0.7857142857142857,0.5714285714285714,1.0,1.0,1.0,1.0,0.7857142857142857,0.8571428571428571,0.8571428571428571,1.0,0.7857142857142857,0.7857142857142857,1.0,1.0,0.7857142857142857,0.8571428571428571,0.8571428571428571,0.7857142857142857,1.0,0.7857142857142857,1.0,0.35714285714285715,1.0,1.0,0.7142857142857143,1.0,0.35714285714285715,0.21428571428571427,0.8571428571428571,0.9285714285714286,0.9285714285714286,0.7857142857142857,0.9285714285714286,0.7857142857142857,1.0,0.21428571428571427,0.5714285714285714,1.0,1.0,0.8571428571428571,1.0,1.0,0.7142857142857143,0.35714285714285715,0.8571428571428571,1.0,0.5714285714285714,1.0,1.0,1.0,1.0,,,,,,
Finance & Peformance Management,Treasury Mgmt & Insight,Asset & Liability Management,0.08823529411764706,0.2647058823529412,0.35294117647058826,0.4117647058823529,0.5,0.2647058823529412,0.3235294117647059,0.23529411764705882,1.0,0.08823529411764706,0.14705882352941177,0.11764705882352941,0.058823529411764705,0.11764705882352941,0.0,0.058823529411764705,0.2647058823529412,0.14705882352941177,0.17647058823529413,0.08823529411764706,0.14705882352941177,0.3235294117647059,0.058823529411764705,0.08823529411764706,0.058823529411764705,0.029411764705882353,0.14705882352941177,0.29411764705882354,0.029411764705882353,0.029411764705882353,0.0,0.11764705882352941,0.0,0.0,0.14705882352941177,0.4117647058823529,0.029411764705882353,0.058823529411764705,0.20588235294117646,0.6470588235294118,0.6470588235294118,0.7352941176470589,0.7352941176470589,0.5294117647058824,0.7352941176470589,0.7058823529411765,0.7058823529411765,0.7352941176470589,0.6764705882352942,0.7058823529411765,0.6764705882352942,0.6764705882352942,0.8529411764705882,0.7058823529411765,0.7352941176470589,0.7058823529411765,0.7647058823529411,0.7941176470588235,0.7647058823529411,0.7647058823529411,0.7941176470588235,0.7647058823529411,0.4117647058823529,1.0,1.0,1.0,1.0,0.6764705882352942,0.8529411764705882,0.8529411764705882,1.0,0.6764705882352942,0.6764705882352942,1.0,1.0,0.6470588235294118,0.9117647058823529,0.8529411764705882,0.7058823529411765,0.9705882352941176,0.6764705882352942,0.9411764705882353,0.17647058823529413,0.9411764705882353,0.9411764705882353,0.6764705882352942,0.9411764705882353,0.23529411764705882,0.11764705882352941,0.6764705882352942,0.9117647058823529,0.8529411764705882,0.8235294117647058,0.8529411764705882,0.8235294117647058,0.9705882352941176,0.14705882352941177,0.3235294117647059,0.4117647058823529,1.0,0.7647058823529411,0.9117647058823529,0.9117647058823529,0.5588235294117647,0.17647058823529413,0.4411764705882353,0.9705882352941176,0.4117647058823529,1.0,1.0,1.0,0.9705882352941176,,,,,,
Finance & Peformance Management,Treasury Mgmt & Insight,Capital Planning and Management,0.125,0.28125,0.375,0.4375,0.53125,0.25,0.40625,0.25,1.0,0.09375,0.21875,0.125,0.09375,0.15625,0.0625,0.09375,0.3125,0.1875,0.1875,0.09375,0.1875,0.375,0.09375,0.09375,0.0625,0.0625,0.15625,0.28125,0.03125,0.03125,0.0,0.125,0.0,0.0,0.125,0.46875,0.03125,0.125,0.21875,0.78125,0.75,0.8125,0.8125,0.59375,0.8125,0.875,0.8125,0.8125,0.78125,0.78125,0.78125,0.78125,0.96875,0.8125,0.8125,0.8125,0.84375,0.84375,0.84375,0.84375,0.84375,0.84375,0.34375,0.8125,0.8125,0.8125,1.0,0.78125,0.96875,0.96875,1.0,0.78125,0.78125,1.0,1.0,0.78125,1.0,0.96875,0.84375,0.9375,0.8125,0.875,0.125,0.875,0.90625,0.65625,0.875,0.15625,0.125,0.5625,0.8125,0.78125,0.84375,0.75,0.8125,0.9375,0.0625,0.34375,0.375,0.8125,1.0,0.875,0.78125,0.5625,0.21875,0.4375,0.9375,0.40625,0.9375,0.9375,0.9375,0.8125,,,,,,
Finance & Peformance Management,Treasury Mgmt & Insight,Cashflow Generation,0.10810810810810811,0.32432432432432434,0.40540540540540543,0.43243243243243246,0.5135135135135135,0.24324324324324326,0.2972972972972973,0.2972972972972973,1.0,0.08108108108108109,0.13513513513513514,0.13513513513513514,0.05405405405405406,0.13513513513513514,0.0,0.05405405405405406,0.2702702702702703,0.13513513513513514,0.21621621621621623,0.13513513513513514,0.13513513513513514,0.32432432432432434,0.05405405405405406,0.08108108108108109,0.05405405405405406,0.05405405405405406,0.13513513513513514,0.32432432432432434,0.02702702702702703,0.02702702702702703,0.0,0.13513513513513514,0.0,0.0,0.1891891891891892,0.3783783783783784,0.02702702702702703,0.05405405405405406,0.1891891891891892,0.6486486486486487,0.6756756756756757,0.7297297297297297,0.7297297297297297,0.4864864864864865,0.7027027027027027,0.7297297297297297,0.7297297297297297,0.7837837837837838,0.6756756756756757,0.7027027027027027,0.6756756756756757,0.6756756756756757,0.8648648648648649,0.7567567567567568,0.7837837837837838,0.7567567567567568,0.8378378378378378,0.8648648648648649,0.8378378378378378,0.8378378378378378,0.8648648648648649,0.8378378378378378,0.35135135135135137,0.8378378378378378,0.8378378378378378,0.8378378378378378,1.0,0.6756756756756757,0.8648648648648649,0.8648648648648649,1.0,0.6756756756756757,0.6756756756756757,1.0,1.0,0.6486486486486487,0.9459459459459459,0.8648648648648649,0.7567567567567568,1.0,0.6756756756756757,1.0,0.16216216216216217,1.0,0.9459459459459459,0.7567567567567568,1.0,0.21621621621621623,0.1891891891891892,0.6756756756756757,0.8918918918918919,0.8378378378378378,0.8378378378378378,0.8378378378378378,0.8378378378378378,0.9459459459459459,0.10810810810810811,0.40540540540540543,0.3783783783783784,0.8378378378378378,0.7567567567567568,1.0,0.7837837837837838,0.5135135135135135,0.16216216216216217,0.40540540540540543,1.0,0.3783783783783784,1.0,1.0,1.0,0.918918918918919,,,,,,
Finance & Peformance Management,Treasury Mgmt & Insight,Liquidity Management,0.0967741935483871,0.22580645161290322,0.3225806451612903,0.41935483870967744,0.4838709677419355,0.22580645161290322,0.3225806451612903,0.1935483870967742,1.0,0.0967741935483871,0.16129032258064516,0.12903225806451613,0.06451612903225806,0.12903225806451613,0.0,0.06451612903225806,0.25806451612903225,0.16129032258064516,0.16129032258064516,0.0967741935483871,0.16129032258064516,0.2903225806451613,0.06451612903225806,0.0967741935483871,0.06451612903225806,0.03225806451612903,0.16129032258064516,0.2903225806451613,0.03225806451612903,0.03225806451612903,0.0,0.0967741935483871,0.0,0.0,0.16129032258064516,0.41935483870967744,0.03225806451612903,0.06451612903225806,0.22580645161290322,0.6774193548387096,0.6774193548387096,0.7096774193548387,0.7096774193548387,0.5483870967741935,0.7419354838709677,0.7419354838709677,0.7096774193548387,0.7419354838709677,0.6774193548387096,0.7096774193548387,0.6774193548387096,0.6774193548387096,0.8387096774193549,0.6774193548387096,0.7096774193548387,0.6774193548387096,0.7419354838709677,0.7741935483870968,0.7419354838709677,0.7419354838709677,0.7741935483870968,0.7419354838709677,0.41935483870967744,1.0,1.0,1.0,1.0,0.6774193548387096,0.8387096774193549,0.8387096774193549,1.0,0.6774193548387096,0.6774193548387096,1.0,1.0,0.6774193548387096,0.9032258064516129,0.8387096774193549,0.6774193548387096,0.967741935483871,0.6774193548387096,0.967741935483871,0.1935483870967742,0.967741935483871,0.967741935483871,0.7096774193548387,0.967741935483871,0.25806451612903225,0.12903225806451613,0.6451612903225806,0.9032258064516129,0.8709677419354839,0.8387096774193549,0.8709677419354839,0.8387096774193549,1.0,0.16129032258064516,0.3225806451612903,0.45161290322580644,1.0,0.8064516129032258,0.9354838709677419,1.0,0.5806451612903226,0.1935483870967742,0.4838709677419355,0.967741935483871,0.41935483870967744,1.0,1.0,1.0,0.967741935483871,,,,,,
Finance & Peformance Management,Treasury Mgmt & Insight,FX & Trading Book Management,0.2,0.4,0.45,0.45,0.7,0.3,0.45,0.35,1.0,0.2,0.3,0.2,0.1,0.2,0.05,0.15,0.35,0.3,0.25,0.15,0.25,0.4,0.15,0.15,0.1,0.1,0.2,0.4,0.05,0.05,0.0,0.25,0.0,0.0,0.2,0.5,0.05,0.15,0.3,0.8,0.8,0.9,0.9,0.6,0.8,0.85,0.85,0.9,0.75,0.75,0.75,0.75,0.95,0.8,0.8,0.8,0.85,0.85,0.85,0.85,0.85,0.85,0.4,0.95,0.95,0.95,1.0,0.75,0.95,0.95,1.0,0.75,0.75,1.0,1.0,0.8,1.0,0.95,0.8,1.0,0.75,0.95,0.2,0.95,1.0,0.85,0.95,0.25,0.05,0.6,0.9,0.85,0.9,0.8,0.9,1.0,0.1,0.5,0.5,0.95,0.9,0.95,0.9,1.0,0.35,0.45,1.0,0.7,1.0,1.0,1.0,1.0,,,,,,
Finance & Peformance Management,Treasury Mgmt & Insight,Interest Rate Management,0.14285714285714285,0.42857142857142855,0.42857142857142855,0.42857142857142855,0.7142857142857143,0.2857142857142857,0.5714285714285714,0.2857142857142857,1.0,0.42857142857142855,0.42857142857142855,0.2857142857142857,0.14285714285714285,0.42857142857142855,0.14285714285714285,0.42857142857142855,0.42857142857142855,0.7142857142857143,0.2857142857142857,0.2857142857142857,0.2857142857142857,0.42857142857142855,0.42857142857142855,0.2857142857142857,0.2857142857142857,0.14285714285714285,0.2857142857142857,0.14285714285714285,0.0,0.14285714285714285,0.0,0.2857142857142857,0.0,0.0,0.42857142857142855,0.5714285714285714,0.14285714285714285,0.42857142857142855,0.42857142857142855,1.0,0.7142857142857143,0.7142857142857143,0.7142857142857143,0.7142857142857143,0.7142857142857143,1.0,0.7142857142857143,0.7142857142857143,0.7142857142857143,0.7142857142857143,0.7142857142857143,0.7142857142857143,1.0,0.7142857142857143,0.7142857142857143,0.7142857142857143,0.7142857142857143,0.7142857142857143,0.7142857142857143,0.7142857142857143,0.7142857142857143,0.7142857142857143,0.2857142857142857,0.8571428571428571,0.8571428571428571,0.8571428571428571,1.0,0.7142857142857143,1.0,1.0,1.0,0.7142857142857143,0.7142857142857143,1.0,1.0,1.0,1.0,1.0,0.7142857142857143,1.0,0.7142857142857143,0.8571428571428571,0.2857142857142857,0.8571428571428571,1.0,0.8571428571428571,0.8571428571428571,0.0,0.0,0.7142857142857143,0.8571428571428571,0.7142857142857143,0.8571428571428571,0.7142857142857143,0.8571428571428571,1.0,0.0,0.7142857142857143,0.7142857142857143,0.8571428571428571,1.0,0.8571428571428571,0.8571428571428571,1.0,1.0,0.7142857142857143,1.0,0.7142857142857143,1.0,1.0,1.0,1.0,,,,,,
Finance & Peformance Management,MIS & Reporting,Statutory Financial Reporting,0.17647058823529413,0.47058823529411764,0.5882352941176471,0.5882352941176471,0.7058823529411765,0.29411764705882354,0.5882352941176471,0.4117647058823529,1.0,0.17647058823529413,0.35294117647058826,0.17647058823529413,0.11764705882352941,0.23529411764705882,0.058823529411764705,0.17647058823529413,0.47058823529411764,0.29411764705882354,0.23529411764705882,0.11764705882352941,0.29411764705882354,0.5294117647058824,0.17647058823529413,0.11764705882352941,0.11764705882352941,0.058823529411764705,0.23529411764705882,0.4117647058823529,0.0,0.11764705882352941,0.0,0.23529411764705882,0.0,0.0,0.23529411764705882,0.5882352941176471,0.058823529411764705,0.17647058823529413,0.35294117647058826,0.7647058823529411,0.7647058823529411,0.8235294117647058,0.8235294117647058,0.8235294117647058,0.8235294117647058,0.8823529411764706,0.8823529411764706,0.8235294117647058,0.8235294117647058,0.8823529411764706,0.8235294117647058,0.8235294117647058,0.8823529411764706,0.8235294117647058,0.8823529411764706,0.8235294117647058,0.8235294117647058,0.8823529411764706,0.8235294117647058,0.8235294117647058,0.8823529411764706,0.8235294117647058,0.5294117647058824,0.8823529411764706,0.8823529411764706,0.8823529411764706,1.0,0.8235294117647058,0.8823529411764706,0.8823529411764706,1.0,0.8235294117647058,0.8235294117647058,1.0,1.0,0.7647058823529411,0.8823529411764706,0.8823529411764706,0.8235294117647058,1.0,0.8235294117647058,0.8823529411764706,0.23529411764705882,0.8823529411764706,0.9411764705882353,0.8235294117647058,0.8823529411764706,0.29411764705882354,0.11764705882352941,0.7647058823529411,1.0,0.9411764705882353,0.8823529411764706,1.0,0.8823529411764706,1.0,0.11764705882352941,0.47058823529411764,0.7058823529411765,0.8823529411764706,0.8235294117647058,0.8823529411764706,0.8823529411764706,0.5294117647058824,0.29411764705882354,1.0,1.0,0.5882352941176471,1.0,1.0,1.0,0.9411764705882353,,,,,,
Finance & Peformance Management,MIS & Reporting,Regulatory & Compliance Reporting,0.0625,0.325,0.4875,0.25,0.4625,0.475,0.35,0.3125,1.0,0.0875,0.1125,0.2625,0.05,0.275,0.0375,0.0625,0.1875,0.0875,0.2625,0.25,0.2125,0.425,0.15,0.0625,0.1,0.25,0.125,0.1875,0.025,0.025,0.0,0.275,0.05,0.0625,0.325,0.275,0.025,0.075,0.1375,0.6125,0.4125,0.725,0.725,0.3125,0.45,0.45,0.45,0.6625,0.625,0.6375,0.625,0.425,0.775,0.675,0.6875,0.675,0.8625,0.875,0.8625,0.875,0.875,0.875,0.275,0.425,0.425,0.425,1.0,0.425,0.775,0.7625,0.9875,0.625,0.425,0.9875,0.9875,0.6,0.9,0.775,0.6875,1.0,0.6375,0.5,0.075,0.5,0.475,0.375,0.525,0.125,0.1375,0.6125,0.7375,0.6625,0.725,0.725,0.725,0.775,0.05,0.475,0.175,0.4125,0.375,0.4625,0.375,0.25,0.0875,0.2125,1.0,0.2375,0.875,0.875,0.875,0.825,,,,,,
Finance & Peformance Management,MIS & Reporting,Sales Reporting,0.13793103448275862,0.3448275862068966,0.5862068965517241,0.3793103448275862,0.7586206896551724,0.3448275862068966,0.5862068965517241,0.3103448275862069,1.0,0.13793103448275862,0.41379310344827586,0.3448275862068966,0.41379310344827586,0.4827586206896552,0.3448275862068966,0.3448275862068966,0.4827586206896552,0.3448275862068966,0.27586206896551724,0.3448275862068966,0.41379310344827586,0.5862068965517241,0.1724137931034483,0.2413793103448276,0.3448275862068966,0.13793103448275862,0.41379310344827586,0.27586206896551724,0.06896551724137931,0.1724137931034483,0.034482758620689655,0.27586206896551724,0.13793103448275862,0.13793103448275862,0.20689655172413793,0.5517241379310345,0.1724137931034483,0.20689655172413793,0.3103448275862069,0.7586206896551724,0.4827586206896552,0.6551724137931034,0.6551724137931034,0.3793103448275862,0.4827586206896552,0.4482758620689655,0.5172413793103449,0.5517241379310345,0.6551724137931034,0.6551724137931034,0.6551724137931034,0.4482758620689655,0.8620689655172413,0.6551724137931034,0.6551724137931034,0.6551724137931034,0.896551724137931,0.896551724137931,0.896551724137931,0.896551724137931,0.896551724137931,0.896551724137931,0.20689655172413793,0.4827586206896552,0.4827586206896552,0.4827586206896552,1.0,0.4482758620689655,0.8620689655172413,0.896551724137931,0.9655172413793104,0.6551724137931034,0.4482758620689655,0.9655172413793104,0.9655172413793104,0.7586206896551724,0.9655172413793104,0.896551724137931,0.6551724137931034,0.6551724137931034,0.6551724137931034,0.5517241379310345,0.06896551724137931,0.5517241379310345,0.5517241379310345,0.5517241379310345,0.5517241379310345,0.1724137931034483,0.06896551724137931,0.5862068965517241,0.7241379310344828,0.7241379310344828,0.896551724137931,0.896551724137931,0.896551724137931,0.896551724137931,0.034482758620689655,0.4827586206896552,0.27586206896551724,0.4827586206896552,0.4482758620689655,0.4827586206896552,0.4482758620689655,0.4827586206896552,0.1724137931034483,0.3448275862068966,0.6551724137931034,1.0,1.0,1.0,1.0,0.7586206896551724,,,,,,
Finance & Peformance Management,MIS & Reporting,Performance Reporting,0.052083333333333336,0.3020833333333333,0.46875,0.2708333333333333,0.4791666666666667,0.3645833333333333,0.4583333333333333,0.2916666666666667,1.0,0.09375,0.1875,0.3229166666666667,0.20833333333333334,0.3854166666666667,0.13541666666666666,0.13541666666666666,0.3125,0.20833333333333334,0.21875,0.3020833333333333,0.25,0.46875,0.1875,0.09375,0.15625,0.22916666666666666,0.19791666666666666,0.13541666666666666,0.041666666666666664,0.125,0.010416666666666666,0.2604166666666667,0.125,0.10416666666666667,0.3229166666666667,0.3541666666666667,0.09375,0.10416666666666667,0.17708333333333334,0.6354166666666666,0.3125,0.59375,0.59375,0.23958333333333334,0.3541666666666667,0.3541666666666667,0.3645833333333333,0.5104166666666666,0.5416666666666666,0.5520833333333334,0.5416666666666666,0.3541666666666667,0.7708333333333334,0.5729166666666666,0.5833333333333334,0.5729166666666666,0.7604166666666666,0.7708333333333334,0.7604166666666666,0.7604166666666666,0.7708333333333334,0.7604166666666666,0.25,0.3541666666666667,0.3541666666666667,0.375,1.0,0.3333333333333333,0.7708333333333334,0.7708333333333334,0.9270833333333334,0.5416666666666666,0.3333333333333333,0.9270833333333334,0.9270833333333334,0.625,0.8854166666666666,0.78125,0.5833333333333334,0.7291666666666666,0.5520833333333334,0.4166666666666667,0.0625,0.4166666666666667,0.3958333333333333,0.3125,0.4270833333333333,0.09375,0.10416666666666667,0.6041666666666666,0.6875,0.65625,0.78125,0.78125,0.7708333333333334,0.8125,0.0625,0.4583333333333333,0.14583333333333334,0.3541666666666667,0.3125,0.3854166666666667,0.3229166666666667,0.20833333333333334,0.07291666666666667,0.17708333333333334,0.7291666666666666,0.3020833333333333,1.0,1.0,1.0,0.8020833333333334,,,,,,
Finance & Peformance Management,MIS & Reporting,Exception Reporting,0.052083333333333336,0.3020833333333333,0.46875,0.2708333333333333,0.4791666666666667,0.3645833333333333,0.4583333333333333,0.2916666666666667,1.0,0.09375,0.1875,0.3229166666666667,0.20833333333333334,0.3854166666666667,0.13541666666666666,0.13541666666666666,0.3125,0.20833333333333334,0.21875,0.3020833333333333,0.25,0.46875,0.1875,0.09375,0.15625,0.22916666666666666,0.19791666666666666,0.13541666666666666,0.041666666666666664,0.125,0.010416666666666666,0.2604166666666667,0.125,0.10416666666666667,0.3229166666666667,0.3541666666666667,0.09375,0.10416666666666667,0.17708333333333334,0.6354166666666666,0.3125,0.59375,0.59375,0.23958333333333334,0.3541666666666667,0.3541666666666667,0.3645833333333333,0.5104166666666666,0.5416666666666666,0.5520833333333334,0.5416666666666666,0.3541666666666667,0.7708333333333334,0.5729166666666666,0.5833333333333334,0.5729166666666666,0.7604166666666666,0.7708333333333334,0.7604166666666666,0.7604166666666666,0.7708333333333334,0.7604166666666666,0.25,0.3541666666666667,0.3541666666666667,0.375,1.0,0.3333333333333333,0.7708333333333334,0.7708333333333334,0.9270833333333334,0.5416666666666666,0.3333333333333333,0.9270833333333334,0.9270833333333334,0.625,0.8854166666666666,0.78125,0.5833333333333334,0.7291666666666666,0.5520833333333334,0.4166666666666667,0.0625,0.4166666666666667,0.3958333333333333,0.3125,0.4270833333333333,0.09375,0.10416666666666667,0.6041666666666666,0.6875,0.65625,0.78125,0.78125,0.7708333333333334,0.8125,0.0625,0.4583333333333333,0.14583333333333334,0.3541666666666667,0.3125,0.3854166666666667,0.3229166666666667,0.20833333333333334,0.07291666666666667,0.17708333333333334,0.7291666666666666,0.3020833333333333,1.0,1.0,1.0,0.8020833333333334,,,,,,
Finance & Peformance Management,MIS & Reporting,Executive Dashboards,0.052083333333333336,0.3020833333333333,0.46875,0.2708333333333333,0.4791666666666667,0.3645833333333333,0.4583333333333333,0.2916666666666667,1.0,0.09375,0.1875,0.3229166666666667,0.20833333333333334,0.3854166666666667,0.13541666666666666,0.13541666666666666,0.3125,0.20833333333333334,0.21875,0.3020833333333333,0.25,0.46875,0.1875,0.09375,0.15625,0.22916666666666666,0.19791666666666666,0.13541666666666666,0.041666666666666664,0.125,0.010416666666666666,0.2604166666666667,0.125,0.10416666666666667,0.3229166666666667,0.3541666666666667,0.09375,0.10416666666666667,0.17708333333333334,0.6354166666666666,0.3125,0.59375,0.59375,0.23958333333333334,0.3541666666666667,0.3541666666666667,0.3645833333333333,0.5104166666666666,0.5416666666666666,0.5520833333333334,0.5416666666666666,0.3541666666666667,0.7708333333333334,0.5729166666666666,0.5833333333333334,0.5729166666666666,0.7604166666666666,0.7708333333333334,0.7604166666666666,0.7604166666666666,0.7708333333333334,0.7604166666666666,0.25,0.3541666666666667,0.3541666666666667,0.375,1.0,0.3333333333333333,0.7708333333333334,0.7708333333333334,0.9270833333333334,0.5416666666666666,0.3333333333333333,0.9270833333333334,0.9270833333333334,0.625,0.8854166666666666,0.78125,0.5833333333333334,0.7291666666666666,0.5520833333333334,0.4166666666666667,0.0625,0.4166666666666667,0.3958333333333333,0.3125,0.4270833333333333,0.09375,0.10416666666666667,0.6041666666666666,0.6875,0.65625,0.78125,0.78125,0.7708333333333334,0.8125,0.0625,0.4583333333333333,0.14583333333333334,0.3541666666666667,0.3125,0.3854166666666667,0.3229166666666667,0.20833333333333334,0.07291666666666667,0.17708333333333334,0.7291666666666666,0.3020833333333333,1.0,1.0,1.0,0.8020833333333334,,,,,,
Finance & Peformance Management,MIS & Reporting,Operational Dashboard & Decisioning,0.060240963855421686,0.3493975903614458,0.5301204819277109,0.26506024096385544,0.5180722891566265,0.4457831325301205,0.4578313253012048,0.3373493975903614,1.0,0.12048192771084337,0.1566265060240964,0.3132530120481928,0.12048192771084337,0.3373493975903614,0.060240963855421686,0.0963855421686747,0.2891566265060241,0.1686746987951807,0.27710843373493976,0.3132530120481928,0.24096385542168675,0.46987951807228917,0.21686746987951808,0.0963855421686747,0.14457831325301204,0.26506024096385544,0.18072289156626506,0.1566265060240964,0.03614457831325301,0.07228915662650602,0.0,0.2891566265060241,0.07228915662650602,0.060240963855421686,0.40963855421686746,0.3493975903614458,0.07228915662650602,0.14457831325301204,0.20481927710843373,0.5783132530120482,0.3132530120481928,0.6506024096385542,0.6506024096385542,0.2289156626506024,0.3253012048192771,0.3132530120481928,0.3253012048192771,0.5903614457831325,0.5903614457831325,0.6024096385542169,0.5903614457831325,0.3132530120481928,0.7590361445783133,0.6265060240963856,0.6385542168674698,0.6265060240963856,0.8192771084337349,0.8313253012048193,0.8192771084337349,0.8313253012048193,0.8313253012048193,0.8313253012048193,0.24096385542168675,0.40963855421686746,0.40963855421686746,0.42168674698795183,1.0,0.30120481927710846,0.7590361445783133,0.7590361445783133,0.963855421686747,0.5903614457831325,0.30120481927710846,0.963855421686747,0.963855421686747,0.5662650602409639,0.8795180722891566,0.7590361445783133,0.6265060240963856,0.7951807228915663,0.5903614457831325,0.4457831325301205,0.07228915662650602,0.4457831325301205,0.42168674698795183,0.3253012048192771,0.4578313253012048,0.10843373493975904,0.0963855421686747,0.6626506024096386,0.7349397590361446,0.6867469879518072,0.7951807228915663,0.7951807228915663,0.7710843373493976,0.7951807228915663,0.07228915662650602,0.5301204819277109,0.1686746987951807,0.39759036144578314,0.3132530120481928,0.40963855421686746,0.3614457831325301,0.24096385542168675,0.08433734939759036,0.1927710843373494,0.7951807228915663,0.26506024096385544,0.927710843373494,0.927710843373494,0.927710843373494,1.0,,,,,,
Finance & Peformance Management,Key,% Data Coverage,,,,,,,,,,,,,,,,,,,,,,,,,,,,,,,,,,,,,,,,,,,,,,,,,,,,,,,,,,,,,,,,,,,,,,,,,,,,,,,,,,,,,,,,,,,,,,,,,,,,,,,,,,,,,,,,,,,,,,
Finance & Peformance Management,Key,1,,,,,,,,,,,,,,,,,,,,,,,,,,,,,,,,,,,,,,,,,,,,,,,,,,,,,,,,,,,,,,,,,,,,,,,,,,,,,,,,,,,,,,,,,,,,,,,,,,,,,,,,,,,,,,,,,,,,,,
Finance & Peformance Management,Key,80-99%,,,,,,,,,,,,,,,,,,,,,,,,,,,,,,,,,,,,,,,,,,,,,,,,,,,,,,,,,,,,,,,,,,,,,,,,,,,,,,,,,,,,,,,,,,,,,,,,,,,,,,,,,,,,,,,,,,,,,,
Finance & Peformance Management,Key,60-79%,,,,,,,,,,,,,,,,,,,,,,,,,,,,,,,,,,,,,,,,,,,,,,,,,,,,,,,,,,,,,,,,,,,,,,,,,,,,,,,,,,,,,,,,,,,,,,,,,,,,,,,,,,,,,,,,,,,,,,
Finance & Peformance Management,Key,40-59%,,,,,,,,,,,,,,,,,,,,,,,,,,,,,,,,,,,,,,,,,,,,,,,,,,,,,,,,,,,,,,,,,,,,,,,,,,,,,,,,,,,,,,,,,,,,,,,,,,,,,,,,,,,,,,,,,,,,,,
Finance & Peformance Management,Key,<40%,,,,,,,,,,,,,,,,,,,,,,,,,,,,,,,,,,,,,,,,,,,,,,,,,,,,,,,,,,,,,,,,,,,,,,,,,,,,,,,,,,,,,,,,,,,,,,,,,,,,,,,,,,,,,,,,,,,,,,
