BVF_Data_Requirement,FSDM_Subject_Area,FSDM_Entity,Match_Confidence,Match_Method,Entity_Column_Count,Entity_Relationship_Count
Single Customer View (Master Record),Party,PARTY,HIGH,exact_match,7,299
Single Customer View (Master Record),Party,ORGANIZATION,HIGH,exact_match,15,47
Single Customer View (Master Record),Party,PARTY_ASSET,HIGH,pattern_match,13,46
Single Customer View (Master Record),Party,INDIVIDUAL,HIGH,exact_match,10,30
Single Customer View (Master Record),Party,PARTY_CLASS_VALUE,HIGH,pattern_match,10,16
Single Customer View (Master Record),Party,PARTY_GROUP,HIGH,pattern_match,6,16
Single Customer View (Master Record),Party,PARTY_ASSET_CLASS_VALUE,HIGH,pattern_match,10,15
Single Customer View (Master Record),Party,PARTY_CLASS_SCHEME_TYPE,HIGH,pattern_match,5,10
Single Customer View (Master Record),Party,PARTY_CREDIT_REPORT,HIGH,pattern_match,9,10
Single Customer View (Master Record),Party,ORGANIZATION_BUSINESS_TYPE,HIGH,pattern_match,4,9
Single Customer View (Master Record),Party,ORGANIZATION_POSITION,HIGH,pattern_match,7,9
Single Customer View (Master Record),Party,PARTY_AGREEMENT,HIGH,pattern_match,9,8
Single Customer View (Master Record),Party,PARTY_IDENTIFICATION_TYPE,HIGH,pattern_match,3,8
Single Customer View (Master Record),Party,PARTY_PRIVACY_PREFERENCE,HIGH,pattern_match,13,8
Single Customer View (Master Record),Party,PARTY_RELATED,HIGH,pattern_match,9,8
Single Customer View (Master Record),Party,PARTY_RISK_GRADE,HIGH,pattern_match,9,8
Single Customer View (Master Record),Party,PRODUCT_PARTY,HIGH,pattern_match,5,8
Single Customer View (Master Record),Party,FINANCIAL_INSTITUTION_INTERNAL_ORGANIZATION,HIGH,pattern_match,4,8
Single Customer View (Master Record),Party,PARTY_ASSET_CLASS_SCHEME_TYPE,HIGH,pattern_match,5,7
Single Customer View (Master Record),Party,PARTY_CLAIM,HIGH,pattern_match,6,7
Single Customer View (Master Record),Party,PARTY_LOCATOR,HIGH,pattern_match,6,7
Single Customer View (Master Record),Party,PARTY_RELATED_ROLE,HIGH,pattern_match,2,7
Single Customer View (Master Record),Party,UNKNOWN_PARTY_SESSION_PRIVACY_PREFERENCE,HIGH,pattern_match,7,7
Single Customer View (Master Record),Party,PARTY_ADDRESS,HIGH,pattern_match,6,6
Single Customer View (Master Record),Party,PARTY_FINANCIAL_DOCUMENT,HIGH,pattern_match,9,6
Single Customer View (Master Record),Party,PARTY_FINANCIAL_DOCUMENT_ITEM,HIGH,pattern_match,12,6
Single Customer View (Master Record),Party,PARTY_METRIC,HIGH,pattern_match,13,6
Single Customer View (Master Record),Party,PARTY_METRIC_TYPE,HIGH,pattern_match,3,6
Single Customer View (Master Record),Party,PARTY_TO_PARTY_ASSET,HIGH,pattern_match,8,6
Single Customer View (Master Record),Party,EVENT_PARTY,HIGH,pattern_match,6,5
KYC Data,Party,PARTY_IDENTIFICATION_TYPE,HIGH,pattern_match,3,8
KYC Data,Party,PARTY_IDENTIFICATION,HIGH,exact_match,7,5
KYC Data,Party,PARTY_IDENTIFICATION_VALIDATION,HIGH,pattern_match,8,4
KYC Data,Party,PARTY_DOCUMENT,HIGH,exact_match,4,4
KYC Data,Party,PARTY_IDENTIFICATION_LOCATOR,HIGH,pattern_match,6,3
KYC Data,Party,PARTY_RELATIONSHIP_COST,HIGH,pattern_match,9,3
KYC Data,Party,PARTY_IDENTIFICATION_DOCUMENT,HIGH,pattern_match,7,2
KYC Data,Party,PARTY_IDENTIFICATION_STATUS,HIGH,pattern_match,5,2
KYC Data,Party,PARTY_DOCUMENT_LOCATOR,HIGH,pattern_match,8,2
KYC Data,Party,PARTY_IDENTIFICATION_CATEGORY,HIGH,pattern_match,2,1
KYC Data,Party,PARTY_IDENTIFICATION_EVENT,HIGH,pattern_match,4,1
KYC Data,Party,PARTY_IDENTIFICATION_LOCATOR_USAGE_TYPE,HIGH,pattern_match,2,1
KYC Data,Party,PARTY_IDENTIFICATION_ROLE,HIGH,pattern_match,2,1
KYC Data,Party,PARTY_IDENTIFICATION_STATUS_TYPE,HIGH,pattern_match,2,1
KYC Data,Party,PARTY_IDENTIFICATION_TYPE_RELATED,HIGH,pattern_match,3,1
KYC Data,Party,PARTY_IDENTIFICATION_TYPE_RELATED_REASON,HIGH,pattern_match,2,1
KYC Data,Party,PARTY_DOCUMENT_ROLE_TYPE,HIGH,pattern_match,2,1
KYC Data,Party,INTERNAL_PARTY_IDENTIFICATION,HIGH,pattern_match,0,0
KYC Data,Party,GLOBAL_INTERMEDIARY_IDENTIFICATION_NUMBER,MEDIUM,inheritance_subtype,4,2
KYC Data,Party,PARTY_BANK_IDENTIFICATION_NUMBER,MEDIUM,inheritance_subtype,0,1
KYC Data,Party,PARTY_DRIVING_LICENSE,MEDIUM,inheritance_subtype,0,1
KYC Data,Party,PARTY_MARKET_IDENTIFIER_CODE,MEDIUM,inheritance_subtype,1,1
KYC Data,Party,PARTY_ROUTING_TRANSIT_NUMBER,MEDIUM,inheritance_subtype,1,1
KYC Data,Party,LEGAL_ENTITY_IDENTIFIER,MEDIUM,inheritance_subtype,5,0
KYC Data,Party,PERSONAL_IDENTIFICATION,MEDIUM,inheritance_subtype,0,0
KYC Data,Party,PROFESSIONAL_IDENTIFICATION,MEDIUM,inheritance_subtype,0,0
Customer Demographics,Party,ORGANIZATION,HIGH,exact_match,15,47
Customer Demographics,Party,GEOGRAPHICAL_AREA,HIGH,exact_match,7,36
Customer Demographics,Party,INDIVIDUAL,HIGH,exact_match,10,30
Customer Demographics,Party,ORGANIZATION_BUSINESS_TYPE,HIGH,pattern_match,4,9
Customer Demographics,Party,ORGANIZATION_POSITION,HIGH,pattern_match,7,9
Customer Demographics,Party,FINANCIAL_INSTITUTION_INTERNAL_ORGANIZATION,HIGH,pattern_match,4,8
Customer Demographics,Party,INTERNAL_ORGANIZATION,HIGH,pattern_match,4,5
Customer Demographics,Party,GEOGRAPHICAL_AREA_HOLIDAY,HIGH,pattern_match,4,5
Customer Demographics,Party,INDIVIDUAL_MORTALITY,HIGH,pattern_match,11,4
Customer Demographics,Party,INDIVIDUAL_PAY_TIMING,HIGH,pattern_match,4,4
Customer Demographics,Party,HR_INTERNAL_ORGANIZATION,HIGH,pattern_match,1,4
Customer Demographics,Party,ORGANIZATION_NAICS__GEO,HIGH,pattern_match,9,4
Customer Demographics,Party,ORGANIZATION_OPERATING_HOURS,HIGH,pattern_match,5,4
Customer Demographics,Party,INDIVIDUAL_HEALTH_CONDITION,HIGH,pattern_match,6,3
Customer Demographics,Party,INDIVIDUAL_MEDICAL,HIGH,pattern_match,9,3
Customer Demographics,Party,INDIVIDUAL_NAME,HIGH,pattern_match,10,3
Customer Demographics,Party,ORGANIZATION_LEVEL,HIGH,pattern_match,3,3
Customer Demographics,Party,ORGANIZATION_NAME,HIGH,pattern_match,6,3
Customer Demographics,Party,ORGANIZATION_POSITION_TRAIT_XREF,HIGH,pattern_match,9,3
Customer Demographics,Party,ORGANIZATION_SIC__GEO,HIGH,pattern_match,5,3
Customer Demographics,Party,FEATURE_GEOGRAPHICAL_AREA,HIGH,pattern_match,5,3
Customer Demographics,Party,GEOGRAPHICAL_AREA_CURRENCY,HIGH,pattern_match,5,3
Customer Demographics,Party,GEOGRAPHICAL_AREA_SEASON,HIGH,pattern_match,2,3
Customer Demographics,Party,INDIVIDUAL_MARITAL_STATUS,HIGH,pattern_match,3,2
Customer Demographics,Party,INDIVIDUAL_MILITARY_STATUS,HIGH,pattern_match,3,2
Customer Demographics,Party,INDIVIDUAL_OCCUPATION,HIGH,pattern_match,5,2
Customer Demographics,Party,INDIVIDUAL_SKILL,HIGH,pattern_match,3,2
Customer Demographics,Party,INDIVIDUAL_SPECIAL_NEED,HIGH,pattern_match,2,2
Customer Demographics,Party,INDIVIDUAL_VIP_STATUS,HIGH,pattern_match,3,2
Customer Demographics,Party,ASSOCIATE_ORGANIZATION_POSITION,HIGH,pattern_match,10,2
Customer Attitudinal Data,Party,PARTY_SURVEY_RESPONSE,HIGH,pattern_match,1,1
Customer Attitudinal Data,Party,DRUG_NDC__GEO,MEDIUM,keyword_match,14,10
Customer Attitudinal Data,Party,METROPOLITAN_STATISTICAL_AREA__GEO,MEDIUM,keyword_match,1,5
Customer Attitudinal Data,Party,ORGANIZATION_NAICS__GEO,MEDIUM,keyword_match,9,4
Customer Attitudinal Data,Party,CENSUS_BLOCK__GEO,MEDIUM,keyword_match,3,3
Customer Attitudinal Data,Party,DESIGNATED_MARKET_AREA__GEO,MEDIUM,keyword_match,1,3
Customer Attitudinal Data,Party,NAICS_INDUSTRY__GEO,MEDIUM,keyword_match,5,3
Customer Attitudinal Data,Party,ORGANIZATION_SIC__GEO,MEDIUM,keyword_match,5,3
Customer Attitudinal Data,Party,CENSUS_BLOCK_GROUP__GEO,MEDIUM,keyword_match,2,2
Customer Attitudinal Data,Party,CENSUS_TRACT__GEO,MEDIUM,keyword_match,2,2
Customer Attitudinal Data,Party,DEA_DRUG_CLASSIFICATION__GEO,MEDIUM,keyword_match,4,2
Customer Attitudinal Data,Party,FORMULARY_DRUG_NDC__GEO,MEDIUM,keyword_match,5,2
Customer Attitudinal Data,Party,NAICS_INDUSTRY_GROUP__GEO,MEDIUM,keyword_match,4,2
Customer Attitudinal Data,Party,NAICS_NATIONAL_INDUSTRY__GEO,MEDIUM,keyword_match,6,2
Customer Attitudinal Data,Party,NAICS_SUBSECTOR__GEO,MEDIUM,keyword_match,3,2
Customer Attitudinal Data,Party,ORGANIZATION_NACE__GEO,MEDIUM,keyword_match,8,2
Customer Attitudinal Data,Party,DEA_SCHEDULE__GEO,MEDIUM,keyword_match,3,1
Customer Attitudinal Data,Party,NAICS_SECTOR__GEO,MEDIUM,keyword_match,2,1
Customer Attitudinal Data,Party,ORANGE_BOOK_THERAPEUTIC_EQUIVALENCE_TYPE__GEO,MEDIUM,keyword_match,2,1
Customer Segments,Party,MARKET_SEGMENT,HIGH,exact_match,10,18
Customer Segments,Party,PARTY_SEGMENT,HIGH,exact_match,4,3
Customer Segments,Party,MARKET_SEGMENT_DEMOGRAPHIC,HIGH,pattern_match,7,3
Customer Segments,Party,PARTY_SEGMENT_SCORE,HIGH,pattern_match,4,2
Customer Segments,Party,MARKET_SEGMENT_SCHEME,HIGH,pattern_match,4,2
Customer Segments,Party,PRODUCT_MARKET_SEGMENT,HIGH,pattern_match,4,2
Customer Segments,Party,PARTY_CLASSIFICATION_SUBJECT,HIGH,pattern_match,2,1
Customer Segments,Party,MARKET_SEGMENT_GROUP,HIGH,pattern_match,2,1
Customer Segments,Party,DRUG_NDC__GEO,MEDIUM,keyword_match,14,10
Customer Segments,Party,METROPOLITAN_STATISTICAL_AREA__GEO,MEDIUM,keyword_match,1,5
Customer Segments,Party,ORGANIZATION_NAICS__GEO,MEDIUM,keyword_match,9,4
Customer Segments,Party,CENSUS_BLOCK__GEO,MEDIUM,keyword_match,3,3
Customer Segments,Party,DESIGNATED_MARKET_AREA__GEO,MEDIUM,keyword_match,1,3
Customer Segments,Party,NAICS_INDUSTRY__GEO,MEDIUM,keyword_match,5,3
Customer Segments,Party,ORGANIZATION_SIC__GEO,MEDIUM,keyword_match,5,3
Customer Segments,Party,CENSUS_BLOCK_GROUP__GEO,MEDIUM,keyword_match,2,2
Customer Segments,Party,CENSUS_TRACT__GEO,MEDIUM,keyword_match,2,2
Customer Segments,Party,CHART_OF_ACCOUNTS_CODE_TO_SEGMENT,MEDIUM,keyword_match,6,2
Customer Segments,Party,DEA_DRUG_CLASSIFICATION__GEO,MEDIUM,keyword_match,4,2
Customer Segments,Party,FORMULARY_DRUG_NDC__GEO,MEDIUM,keyword_match,5,2
Customer Segments,Party,NAICS_INDUSTRY_GROUP__GEO,MEDIUM,keyword_match,4,2
Customer Segments,Party,NAICS_NATIONAL_INDUSTRY__GEO,MEDIUM,keyword_match,6,2
Customer Segments,Party,NAICS_SUBSECTOR__GEO,MEDIUM,keyword_match,3,2
Customer Segments,Party,ORGANIZATION_NACE__GEO,MEDIUM,keyword_match,8,2
Customer Segments,Party,DEA_SCHEDULE__GEO,MEDIUM,keyword_match,3,1
Customer Segments,Party,NAICS_SECTOR__GEO,MEDIUM,keyword_match,2,1
Customer Segments,Party,ORANGE_BOOK_THERAPEUTIC_EQUIVALENCE_TYPE__GEO,MEDIUM,keyword_match,2,1
Customer Contact Preferences,Party,LOCATOR,HIGH,exact_match,2,44
Customer Contact Preferences,Party,ELECTRONIC_ADDRESS,HIGH,exact_match,5,8
Customer Contact Preferences,Party,PARTY_LOCATOR,HIGH,pattern_match,6,7
Customer Contact Preferences,Party,LOCATOR_METRIC,HIGH,pattern_match,12,6
Customer Contact Preferences,Party,LOCATOR_PERIL_TYPE_METRIC,HIGH,pattern_match,9,5
Customer Contact Preferences,Party,AGREEMENT_LOCATOR,HIGH,pattern_match,5,3
Customer Contact Preferences,Party,AGREEMENT_LOCATOR_ROLE,HIGH,pattern_match,2,3
Customer Contact Preferences,Party,ALERT_SETUP_NOTIFICATION_LOCATOR,HIGH,pattern_match,3,3
Customer Contact Preferences,Party,APPLICATION_LOCATOR,HIGH,pattern_match,5,3
Customer Contact Preferences,Party,CAMPAIGN_LOCATOR,HIGH,pattern_match,5,3
Customer Contact Preferences,Party,CHANNEL_INSTANCE_LOCATOR,HIGH,pattern_match,5,3
Customer Contact Preferences,Party,CLAIM_LOCATOR,HIGH,pattern_match,3,3
Customer Contact Preferences,Party,EVENT_LOCATOR,HIGH,pattern_match,5,3
Customer Contact Preferences,Party,FEATURE_LOCATOR,HIGH,pattern_match,5,3
Customer Contact Preferences,Party,LOCATOR_DEMOGRAPHIC,HIGH,pattern_match,7,3
Customer Contact Preferences,Party,PARTY_ASSET_LOCATOR,HIGH,pattern_match,5,3
Customer Contact Preferences,Party,PARTY_IDENTIFICATION_LOCATOR,HIGH,pattern_match,6,3
Customer Contact Preferences,Party,PAYMENT_INSTRUCTION_LOCATOR,HIGH,pattern_match,5,3
Customer Contact Preferences,Party,PRODUCT_FEATURE_LOCATOR,HIGH,pattern_match,8,3
Customer Contact Preferences,Party,PRODUCT_FEATURE_LOCATOR_TYPE,HIGH,pattern_match,2,3
Customer Contact Preferences,Party,PRODUCT_LOCATOR,HIGH,pattern_match,5,3
Customer Contact Preferences,Party,PROJECT_LOCATOR,HIGH,pattern_match,5,3
Customer Contact Preferences,Party,QUOTATION_LOCATOR,HIGH,pattern_match,5,3
Customer Contact Preferences,Party,SITE_LOCATOR,HIGH,pattern_match,6,3
Customer Contact Preferences,Party,TRADE_SETTLEMENT_INSTRUCTION_LOCATOR,HIGH,pattern_match,4,3
Customer Contact Preferences,Party,FEATURE_RELATED_LOCATOR,HIGH,pattern_match,7,2
Customer Contact Preferences,Party,LOCATOR_METRIC_TYPE,HIGH,pattern_match,2,2
Customer Contact Preferences,Party,LOCATOR_USAGE_TYPE,HIGH,pattern_match,2,2
Customer Contact Preferences,Party,PARTY_AGREEMENT_LOCATOR,HIGH,pattern_match,7,2
Customer Contact Preferences,Party,PARTY_DOCUMENT_LOCATOR,HIGH,pattern_match,8,2
Customer Marketing Preferences,Party,THIRD_PARTY_CONSENT,HIGH,pattern_match,4,2
Customer Marketing Preferences,Party,UNKNOWN_PARTY_THIRD_PARTY_CONSENT,HIGH,pattern_match,3,2
Customer Marketing Preferences,Party,DRUG_NDC__GEO,MEDIUM,keyword_match,14,10
Customer Marketing Preferences,Party,METROPOLITAN_STATISTICAL_AREA__GEO,MEDIUM,keyword_match,1,5
Customer Marketing Preferences,Party,ORGANIZATION_NAICS__GEO,MEDIUM,keyword_match,9,4
Customer Marketing Preferences,Party,CENSUS_BLOCK__GEO,MEDIUM,keyword_match,3,3
Customer Marketing Preferences,Party,DESIGNATED_MARKET_AREA__GEO,MEDIUM,keyword_match,1,3
Customer Marketing Preferences,Party,NAICS_INDUSTRY__GEO,MEDIUM,keyword_match,5,3
Customer Marketing Preferences,Party,ORGANIZATION_SIC__GEO,MEDIUM,keyword_match,5,3
Customer Marketing Preferences,Party,CENSUS_BLOCK_GROUP__GEO,MEDIUM,keyword_match,2,2
Customer Marketing Preferences,Party,CENSUS_TRACT__GEO,MEDIUM,keyword_match,2,2
Customer Marketing Preferences,Party,DEA_DRUG_CLASSIFICATION__GEO,MEDIUM,keyword_match,4,2
Customer Marketing Preferences,Party,FORMULARY_DRUG_NDC__GEO,MEDIUM,keyword_match,5,2
Customer Marketing Preferences,Party,NAICS_INDUSTRY_GROUP__GEO,MEDIUM,keyword_match,4,2
Customer Marketing Preferences,Party,NAICS_NATIONAL_INDUSTRY__GEO,MEDIUM,keyword_match,6,2
Customer Marketing Preferences,Party,NAICS_SUBSECTOR__GEO,MEDIUM,keyword_match,3,2
Customer Marketing Preferences,Party,ORGANIZATION_NACE__GEO,MEDIUM,keyword_match,8,2
Customer Marketing Preferences,Party,DEA_SCHEDULE__GEO,MEDIUM,keyword_match,3,1
Customer Marketing Preferences,Party,NAICS_SECTOR__GEO,MEDIUM,keyword_match,2,1
Customer Marketing Preferences,Party,ORANGE_BOOK_THERAPEUTIC_EQUIVALENCE_TYPE__GEO,MEDIUM,keyword_match,2,1
Customer Marketing Preferences,Party,MARK_TO_MARKET,MEDIUM,keyword_match,3,0
Customer Satisfaction Measurement (E.g. NPS),Party,SURVEY_RESPONSE,HIGH,pattern_match,6,7
Customer Satisfaction Measurement (E.g. NPS),Party,SURVEY_QUESTION_RESPONSE,HIGH,pattern_match,5,6
Customer Satisfaction Measurement (E.g. NPS),Party,GROUP_SURVEY,HIGH,pattern_match,6,5
Customer Satisfaction Measurement (E.g. NPS),Party,SURVEY_COST,HIGH,pattern_match,6,3
Customer Satisfaction Measurement (E.g. NPS),Party,SURVEY_EVENT,HIGH,pattern_match,3,3
Customer Satisfaction Measurement (E.g. NPS),Party,SURVEY_FEEDBACK,HIGH,pattern_match,2,3
Customer Satisfaction Measurement (E.g. NPS),Party,CLAIM_PROVIDER_SURVEY_RESPONSE,HIGH,pattern_match,2,2
Customer Satisfaction Measurement (E.g. NPS),Party,SURVEY_FEEDBACK_SURVEY_RESPONSE,HIGH,pattern_match,4,2
Customer Satisfaction Measurement (E.g. NPS),Party,SURVEY_RESOLUTION,HIGH,pattern_match,3,2
Customer Satisfaction Measurement (E.g. NPS),Party,SURVEY_RESPONSE_ANSWER,HIGH,pattern_match,4,2
Customer Satisfaction Measurement (E.g. NPS),Party,SURVEY_RESPONSE_TEXT,HIGH,pattern_match,5,2
Customer Satisfaction Measurement (E.g. NPS),Party,SURVEY_RESPONSE_TEXT_SECTION,HIGH,pattern_match,5,2
Customer Satisfaction Measurement (E.g. NPS),Party,AGREEMENT_SURVEY_RESPONSE,HIGH,pattern_match,1,1
Customer Satisfaction Measurement (E.g. NPS),Party,CHANNEL_TYPE_SURVEY_RESPONSE,HIGH,pattern_match,1,1
Customer Satisfaction Measurement (E.g. NPS),Party,CLAIM_SURVEY_RESPONSE,HIGH,pattern_match,1,1
Customer Satisfaction Measurement (E.g. NPS),Party,EVENT_SURVEY_RESPONSE,HIGH,pattern_match,1,1
Customer Satisfaction Measurement (E.g. NPS),Party,PARTY_SURVEY_RESPONSE,HIGH,pattern_match,1,1
Customer Satisfaction Measurement (E.g. NPS),Party,SURVEY_EVENT_REASON_TYPE,HIGH,pattern_match,2,1
Customer Satisfaction Measurement (E.g. NPS),Party,SURVEY_RESOLUTION_TYPE,HIGH,pattern_match,2,1
Customer Satisfaction Measurement (E.g. NPS),Party,SURVEY_SUBJECT_SUBTYPE,HIGH,pattern_match,2,1
Customer Satisfaction Measurement (E.g. NPS),Party,DRUG_NDC__GEO,MEDIUM,keyword_match,14,10
Customer Satisfaction Measurement (E.g. NPS),Party,METROPOLITAN_STATISTICAL_AREA__GEO,MEDIUM,keyword_match,1,5
Customer Satisfaction Measurement (E.g. NPS),Party,ORGANIZATION_NAICS__GEO,MEDIUM,keyword_match,9,4
Customer Satisfaction Measurement (E.g. NPS),Party,CENSUS_BLOCK__GEO,MEDIUM,keyword_match,3,3
Customer Satisfaction Measurement (E.g. NPS),Party,DESIGNATED_MARKET_AREA__GEO,MEDIUM,keyword_match,1,3
Customer Satisfaction Measurement (E.g. NPS),Party,NAICS_INDUSTRY__GEO,MEDIUM,keyword_match,5,3
Customer Satisfaction Measurement (E.g. NPS),Party,ORGANIZATION_SIC__GEO,MEDIUM,keyword_match,5,3
Customer Satisfaction Measurement (E.g. NPS),Party,CENSUS_BLOCK_GROUP__GEO,MEDIUM,keyword_match,2,2
Customer Satisfaction Measurement (E.g. NPS),Party,CENSUS_TRACT__GEO,MEDIUM,keyword_match,2,2
Customer Satisfaction Measurement (E.g. NPS),Party,DEA_DRUG_CLASSIFICATION__GEO,MEDIUM,keyword_match,4,2
Economic Forecast Data,Party,MARKET_INDEX,HIGH,exact_match,4,3
Economic Forecast Data,Party,MARKET_INDEX_VALUE,HIGH,pattern_match,5,2
Economic Forecast Data,Party,DRUG_NDC__GEO,MEDIUM,keyword_match,14,10
Economic Forecast Data,Party,METROPOLITAN_STATISTICAL_AREA__GEO,MEDIUM,keyword_match,1,5
Economic Forecast Data,Party,ORGANIZATION_NAICS__GEO,MEDIUM,keyword_match,9,4
Economic Forecast Data,Party,CENSUS_BLOCK__GEO,MEDIUM,keyword_match,3,3
Economic Forecast Data,Party,DESIGNATED_MARKET_AREA__GEO,MEDIUM,keyword_match,1,3
Economic Forecast Data,Party,NAICS_INDUSTRY__GEO,MEDIUM,keyword_match,5,3
Economic Forecast Data,Party,ORGANIZATION_SIC__GEO,MEDIUM,keyword_match,5,3
Economic Forecast Data,Party,CENSUS_BLOCK_GROUP__GEO,MEDIUM,keyword_match,2,2
Economic Forecast Data,Party,CENSUS_TRACT__GEO,MEDIUM,keyword_match,2,2
Economic Forecast Data,Party,DEA_DRUG_CLASSIFICATION__GEO,MEDIUM,keyword_match,4,2
Economic Forecast Data,Party,FORMULARY_DRUG_NDC__GEO,MEDIUM,keyword_match,5,2
Economic Forecast Data,Party,NAICS_INDUSTRY_GROUP__GEO,MEDIUM,keyword_match,4,2
Economic Forecast Data,Party,NAICS_NATIONAL_INDUSTRY__GEO,MEDIUM,keyword_match,6,2
Economic Forecast Data,Party,NAICS_SUBSECTOR__GEO,MEDIUM,keyword_match,3,2
Economic Forecast Data,Party,ORGANIZATION_NACE__GEO,MEDIUM,keyword_match,8,2
Economic Forecast Data,Party,DEA_SCHEDULE__GEO,MEDIUM,keyword_match,3,1
Economic Forecast Data,Party,NAICS_SECTOR__GEO,MEDIUM,keyword_match,2,1
Economic Forecast Data,Party,ORANGE_BOOK_THERAPEUTIC_EQUIVALENCE_TYPE__GEO,MEDIUM,keyword_match,2,1
Legal Actions,Party,LEGAL_ACTION,HIGH,exact_match,8,15
Legal Actions,Party,LEGAL_ACTION_FINANCIAL,HIGH,pattern_match,5,3
Legal Actions,Party,PARTY_LEGAL_ACTION,HIGH,pattern_match,5,3
Legal Actions,Party,AGREEMENT_LEGAL_ACTION,HIGH,pattern_match,5,2
Legal Actions,Party,CLAIM_COVERAGE_LEGAL_ACTION,HIGH,pattern_match,3,2
Legal Actions,Party,CLAIM_LEGAL_ACTION,HIGH,pattern_match,2,2
Legal Actions,Party,CLAIM_SERVICE_LEGAL_ACTION,HIGH,pattern_match,5,2
Legal Actions,Party,LEGAL_ACTION_DOCUMENT,HIGH,pattern_match,2,2
Legal Actions,Party,LEGAL_ACTION_OUTCOME,HIGH,pattern_match,4,2
Legal Actions,Party,LEGAL_ACTION_STATUS,HIGH,pattern_match,3,2
Legal Actions,Party,LEGAL_ACTION_STATUS_TYPE,HIGH,pattern_match,2,2
Legal Actions,Party,PARTY_ASSET_LEGAL_ACTION,HIGH,pattern_match,2,2
Legal Actions,Party,LEGAL_ACTION_EVENT,HIGH,pattern_match,1,1
Legal Actions,Party,LEGAL_ACTION_METRIC_TYPE,HIGH,pattern_match,2,1
Legal Actions,Party,LEGAL_ACTION_OUTCOME_TYPE,HIGH,pattern_match,2,1
Legal Actions,Party,LEGAL_ACTION_PARTY_ROLE_TYPE,HIGH,pattern_match,2,1
Legal Actions,Party,LEGAL_ACTION_RECOVERY,HIGH,pattern_match,5,1
Legal Actions,Party,LEGAL_ACTION_RELATED,HIGH,pattern_match,5,1
Legal Actions,Party,LEGAL_ACTION_RELATED_TYPE,HIGH,pattern_match,2,1
Legal Actions,Party,LEGAL_ACTION_TYPE,HIGH,pattern_match,2,1
Legal Actions,Party,DRUG_NDC__GEO,MEDIUM,keyword_match,14,10
Legal Actions,Party,METROPOLITAN_STATISTICAL_AREA__GEO,MEDIUM,keyword_match,1,5
Legal Actions,Party,ORGANIZATION_NAICS__GEO,MEDIUM,keyword_match,9,4
Legal Actions,Party,CENSUS_BLOCK__GEO,MEDIUM,keyword_match,3,3
Legal Actions,Party,DESIGNATED_MARKET_AREA__GEO,MEDIUM,keyword_match,1,3
Legal Actions,Party,NAICS_INDUSTRY__GEO,MEDIUM,keyword_match,5,3
Legal Actions,Party,ORGANIZATION_SIC__GEO,MEDIUM,keyword_match,5,3
Legal Actions,Party,CENSUS_BLOCK_GROUP__GEO,MEDIUM,keyword_match,2,2
Legal Actions,Party,CENSUS_TRACT__GEO,MEDIUM,keyword_match,2,2
Legal Actions,Party,DEA_DRUG_CLASSIFICATION__GEO,MEDIUM,keyword_match,4,2
External Prospect Data / Lists,Party,DATA_SOURCE_TYPE,HIGH,pattern_match,2,27
External Prospect Data / Lists,Party,EXTERNALLY_REPORTED_CLAIM,HIGH,pattern_match,24,10
External Prospect Data / Lists,Party,PRIVACY_DATA_USAGE,HIGH,pattern_match,2,6
External Prospect Data / Lists,Party,EXTERNAL_DIRECT_DEBIT,HIGH,pattern_match,9,5
External Prospect Data / Lists,Party,EXTERNAL_STANDING_ORDER,HIGH,pattern_match,9,5
External Prospect Data / Lists,Party,EXTERNALLY_REPORTED_VEHICLE_CLAIM,HIGH,pattern_match,16,4
External Prospect Data / Lists,Party,EXTERNAL_LIST,HIGH,pattern_match,5,4
External Prospect Data / Lists,Party,EXTERNAL_AGREEMENT,HIGH,pattern_match,2,3
External Prospect Data / Lists,Party,EXTERNAL_CLAIM_LOSS_DETAIL,HIGH,pattern_match,6,3
External Prospect Data / Lists,Party,EXTERNAL_COUPON,HIGH,pattern_match,5,3
External Prospect Data / Lists,Party,DATA_QUALITY_TYPE,HIGH,pattern_match,2,3
External Prospect Data / Lists,Party,PARTY_TO_EXTERNAL_LIST,HIGH,pattern_match,3,2
External Prospect Data / Lists,Party,PRIVACY_DATA_TRANSFER,HIGH,pattern_match,6,2
External Prospect Data / Lists,Party,EXTERNALLY_REPORTED_PERSONAL_PROPERTY_CLAIM,HIGH,pattern_match,8,1
External Prospect Data / Lists,Party,EXTERNAL_AGREEMENT_TYPE,HIGH,pattern_match,2,1
External Prospect Data / Lists,Party,EXTERNAL_CLAIM_CRIME_REPORT_TYPE,HIGH,pattern_match,2,1
External Prospect Data / Lists,Party,EXTERNAL_CLAIM_FAULT_TYPE,HIGH,pattern_match,2,1
External Prospect Data / Lists,Party,EXTERNAL_CLAIM_LOSS_STATUS_TYPE,HIGH,pattern_match,2,1
External Prospect Data / Lists,Party,EXTERNAL_CLAIM_LOSS_TYPE,HIGH,pattern_match,2,1
External Prospect Data / Lists,Party,EXTERNAL_CLAIM_POLICY_TYPE,HIGH,pattern_match,2,1
External Prospect Data / Lists,Party,EXTERNAL_CLAIM_SUBTYPE,HIGH,pattern_match,2,1
External Prospect Data / Lists,Party,EXTERNAL_CLAIM_VEHICLE_DISPOSITION_STATUS_TYPE,HIGH,pattern_match,2,1
External Prospect Data / Lists,Party,EXTERNAL_LIST_TYPE,HIGH,pattern_match,2,1
External Prospect Data / Lists,Party,EXTERNAL_MARGIN_AGREEMENT,HIGH,pattern_match,3,1
External Prospect Data / Lists,Party,EXTERNAL_TRIGGER,HIGH,pattern_match,2,1
External Prospect Data / Lists,Party,EXTERNAL_TRIGGER_TYPE,HIGH,pattern_match,2,1
External Prospect Data / Lists,Party,EXTERNAL_WATCH_LIST_SOURCE,HIGH,pattern_match,1,1
External Prospect Data / Lists,Party,INVESTMENT_PRODUCT_EXTERNAL_EVENT_SUBTYPE,HIGH,pattern_match,2,1
External Prospect Data / Lists,Party,PARTY_EXTERNAL_SCORE,HIGH,pattern_match,5,1
External Prospect Data / Lists,Party,DATA_RETENTION_METHOD_TYPE,HIGH,pattern_match,2,1
External Data - Social Media Data,Party,DATA_SOURCE_TYPE,HIGH,pattern_match,2,27
External Data - Social Media Data,Party,MULTIMEDIA_OBJECT,HIGH,pattern_match,10,20
External Data - Social Media Data,Party,SOCIAL_MEDIA_INTERACTION,HIGH,pattern_match,15,16
External Data - Social Media Data,Party,EXTERNALLY_REPORTED_CLAIM,HIGH,pattern_match,24,10
External Data - Social Media Data,Party,PRIVACY_DATA_USAGE,HIGH,pattern_match,2,6
External Data - Social Media Data,Party,SOCIAL_MEDIA_CATEGORY,HIGH,pattern_match,4,6
External Data - Social Media Data,Party,SOCIAL_MEDIA_TRANSFER,HIGH,pattern_match,21,6
External Data - Social Media Data,Party,AGREEMENT_REMEDIATION_PLAN,HIGH,pattern_match,5,6
External Data - Social Media Data,Party,EXTERNAL_DIRECT_DEBIT,HIGH,pattern_match,9,5
External Data - Social Media Data,Party,EXTERNAL_STANDING_ORDER,HIGH,pattern_match,9,5
External Data - Social Media Data,Party,EXTERNALLY_REPORTED_VEHICLE_CLAIM,HIGH,pattern_match,16,4
External Data - Social Media Data,Party,EXTERNAL_LIST,HIGH,pattern_match,5,4
External Data - Social Media Data,Party,SOCIAL_MEDIA_POST,HIGH,pattern_match,11,4
External Data - Social Media Data,Party,SOCIAL_NETWORK_MEMBER,HIGH,pattern_match,5,4
External Data - Social Media Data,Party,EXTERNAL_AGREEMENT,HIGH,pattern_match,2,3
External Data - Social Media Data,Party,EXTERNAL_CLAIM_LOSS_DETAIL,HIGH,pattern_match,6,3
External Data - Social Media Data,Party,EXTERNAL_COUPON,HIGH,pattern_match,5,3
External Data - Social Media Data,Party,DATA_QUALITY_TYPE,HIGH,pattern_match,2,3
External Data - Social Media Data,Party,SOCIAL_MEDIA_CONTENT_REVIEW,HIGH,pattern_match,10,3
External Data - Social Media Data,Party,SOCIAL_NETWORK_AFFILIATION,HIGH,pattern_match,9,3
External Data - Social Media Data,Party,SOCIAL_NETWORK_PROFILE,HIGH,pattern_match,8,3
External Data - Social Media Data,Party,EVENT_MULTIMEDIA_OBJECT,HIGH,pattern_match,3,3
External Data - Social Media Data,Party,MULTIMEDIA_SOURCE,HIGH,pattern_match,6,3
External Data - Social Media Data,Party,PARTY_TO_EXTERNAL_LIST,HIGH,pattern_match,3,2
External Data - Social Media Data,Party,PRIVACY_DATA_TRANSFER,HIGH,pattern_match,6,2
External Data - Social Media Data,Party,SOCIAL_MEDIA_ACTIVITY_IMPRESSION_XREF,HIGH,pattern_match,6,2
External Data - Social Media Data,Party,SOCIAL_MEDIA_AUTHOR,HIGH,pattern_match,9,2
External Data - Social Media Data,Party,SOCIAL_MEDIA_AUTHOR_RANK,HIGH,pattern_match,8,2
External Data - Social Media Data,Party,SOCIAL_MEDIA_CATEGORY_SCORE,HIGH,pattern_match,9,2
External Data - Social Media Data,Party,SOCIAL_MEDIA_CATEGORY_XREF,HIGH,pattern_match,9,2
External Data - Bureau data,Party,PARTY_CREDIT_REPORT,HIGH,pattern_match,9,10
External Data - Bureau data,Party,AGREEMENT_CREDIT_REPORT,HIGH,pattern_match,5,3
External Data - Bureau data,Party,APPLICATION_CREDIT_REPORT,HIGH,pattern_match,5,3
External Data - Bureau data,Party,CREDIT_REPORT_ROLE_TYPE,HIGH,pattern_match,2,2
External Data - Bureau data,Party,PARTY_CREDIT_REPORT_COMMENT,HIGH,pattern_match,5,2
External Data - Bureau data,Party,PARTY_CREDIT_REPORT_SCORE,HIGH,pattern_match,5,2
External Data - Bureau data,Party,CREDIT_REPORTING_PARTY_SUBTYPE,HIGH,pattern_match,2,1
External Data - Bureau data,Party,CREDIT_REPORT_COMMENT_TYPE,HIGH,pattern_match,2,1
External Data - Bureau data,Party,INTERNAL_CREDIT_REPORT,HIGH,pattern_match,2,1
External Data - Bureau data,Party,AGENCY_CREDIT_REPORT,HIGH,pattern_match,16,0
External Data - Credit Rating,Party,PARTY_LIABILITY_CREDIT_RATING,HIGH,pattern_match,18,3
External Data - Credit Rating,Party,CREDIT_RATING_TYPE,HIGH,pattern_match,2,1
External Data - Credit Rating,Party,RATING_AGENCY_BUSINESS_TYPE,HIGH,pattern_match,0,0
External Data - Credit Rating,Party,DRUG_NDC__GEO,MEDIUM,keyword_match,14,10
External Data - Credit Rating,Party,METROPOLITAN_STATISTICAL_AREA__GEO,MEDIUM,keyword_match,1,5
External Data - Credit Rating,Party,ORGANIZATION_NAICS__GEO,MEDIUM,keyword_match,9,4
External Data - Credit Rating,Party,CENSUS_BLOCK__GEO,MEDIUM,keyword_match,3,3
External Data - Credit Rating,Party,DESIGNATED_MARKET_AREA__GEO,MEDIUM,keyword_match,1,3
External Data - Credit Rating,Party,NAICS_INDUSTRY__GEO,MEDIUM,keyword_match,5,3
External Data - Credit Rating,Party,ORGANIZATION_SIC__GEO,MEDIUM,keyword_match,5,3
External Data - Credit Rating,Party,CENSUS_BLOCK_GROUP__GEO,MEDIUM,keyword_match,2,2
External Data - Credit Rating,Party,CENSUS_TRACT__GEO,MEDIUM,keyword_match,2,2
External Data - Credit Rating,Party,DEA_DRUG_CLASSIFICATION__GEO,MEDIUM,keyword_match,4,2
External Data - Credit Rating,Party,FORMULARY_DRUG_NDC__GEO,MEDIUM,keyword_match,5,2
External Data - Credit Rating,Party,NAICS_INDUSTRY_GROUP__GEO,MEDIUM,keyword_match,4,2
External Data - Credit Rating,Party,NAICS_NATIONAL_INDUSTRY__GEO,MEDIUM,keyword_match,6,2
External Data - Credit Rating,Party,NAICS_SUBSECTOR__GEO,MEDIUM,keyword_match,3,2
External Data - Credit Rating,Party,ORGANIZATION_NACE__GEO,MEDIUM,keyword_match,8,2
External Data - Credit Rating,Party,DEA_SCHEDULE__GEO,MEDIUM,keyword_match,3,1
External Data - Credit Rating,Party,NAICS_SECTOR__GEO,MEDIUM,keyword_match,2,1
External Data - Credit Rating,Party,ORANGE_BOOK_THERAPEUTIC_EQUIVALENCE_TYPE__GEO,MEDIUM,keyword_match,2,1
"External Economic Data (E.g. Property Prices, Salary)",Party,DATA_SOURCE_TYPE,HIGH,pattern_match,2,27
"External Economic Data (E.g. Property Prices, Salary)",Party,EXTERNALLY_REPORTED_CLAIM,HIGH,pattern_match,24,10
"External Economic Data (E.g. Property Prices, Salary)",Party,PRIVACY_DATA_USAGE,HIGH,pattern_match,2,6
"External Economic Data (E.g. Property Prices, Salary)",Party,EXTERNAL_DIRECT_DEBIT,HIGH,pattern_match,9,5
"External Economic Data (E.g. Property Prices, Salary)",Party,EXTERNAL_STANDING_ORDER,HIGH,pattern_match,9,5
"External Economic Data (E.g. Property Prices, Salary)",Party,GEOGRAPHIC_ECONOMIC_MEASURE,HIGH,pattern_match,10,5
"External Economic Data (E.g. Property Prices, Salary)",Party,EXTERNALLY_REPORTED_VEHICLE_CLAIM,HIGH,pattern_match,16,4
"External Economic Data (E.g. Property Prices, Salary)",Party,EXTERNAL_LIST,HIGH,pattern_match,5,4
"External Economic Data (E.g. Property Prices, Salary)",Party,EXTERNAL_AGREEMENT,HIGH,pattern_match,2,3
"External Economic Data (E.g. Property Prices, Salary)",Party,EXTERNAL_CLAIM_LOSS_DETAIL,HIGH,pattern_match,6,3
"External Economic Data (E.g. Property Prices, Salary)",Party,EXTERNAL_COUPON,HIGH,pattern_match,5,3
"External Economic Data (E.g. Property Prices, Salary)",Party,DATA_QUALITY_TYPE,HIGH,pattern_match,2,3
"External Economic Data (E.g. Property Prices, Salary)",Party,PARTY_TO_EXTERNAL_LIST,HIGH,pattern_match,3,2
"External Economic Data (E.g. Property Prices, Salary)",Party,ECONOMIC_MEASURE_TYPE,HIGH,pattern_match,2,2
"External Economic Data (E.g. Property Prices, Salary)",Party,SIC_ECONOMIC_MEASURE,HIGH,pattern_match,5,2
"External Economic Data (E.g. Property Prices, Salary)",Party,PRIVACY_DATA_TRANSFER,HIGH,pattern_match,6,2
"External Economic Data (E.g. Property Prices, Salary)",Party,INTELLECTUAL_PROPERTY,HIGH,pattern_match,1,2
"External Economic Data (E.g. Property Prices, Salary)",Party,PROPERTY_AND_CASUALTY_CLAIM,HIGH,pattern_match,2,2
"External Economic Data (E.g. Property Prices, Salary)",Party,EXTERNALLY_REPORTED_PERSONAL_PROPERTY_CLAIM,HIGH,pattern_match,8,1
"External Economic Data (E.g. Property Prices, Salary)",Party,EXTERNAL_AGREEMENT_TYPE,HIGH,pattern_match,2,1
"External Economic Data (E.g. Property Prices, Salary)",Party,EXTERNAL_CLAIM_CRIME_REPORT_TYPE,HIGH,pattern_match,2,1
"External Economic Data (E.g. Property Prices, Salary)",Party,EXTERNAL_CLAIM_FAULT_TYPE,HIGH,pattern_match,2,1
"External Economic Data (E.g. Property Prices, Salary)",Party,EXTERNAL_CLAIM_LOSS_STATUS_TYPE,HIGH,pattern_match,2,1
"External Economic Data (E.g. Property Prices, Salary)",Party,EXTERNAL_CLAIM_LOSS_TYPE,HIGH,pattern_match,2,1
"External Economic Data (E.g. Property Prices, Salary)",Party,EXTERNAL_CLAIM_POLICY_TYPE,HIGH,pattern_match,2,1
"External Economic Data (E.g. Property Prices, Salary)",Party,EXTERNAL_CLAIM_SUBTYPE,HIGH,pattern_match,2,1
"External Economic Data (E.g. Property Prices, Salary)",Party,EXTERNAL_CLAIM_VEHICLE_DISPOSITION_STATUS_TYPE,HIGH,pattern_match,2,1
"External Economic Data (E.g. Property Prices, Salary)",Party,EXTERNAL_LIST_TYPE,HIGH,pattern_match,2,1
"External Economic Data (E.g. Property Prices, Salary)",Party,EXTERNAL_MARGIN_AGREEMENT,HIGH,pattern_match,3,1
"External Economic Data (E.g. Property Prices, Salary)",Party,EXTERNAL_TRIGGER,HIGH,pattern_match,2,1
Master & Reference Data - staff / colleague,Party,DATA_SOURCE_TYPE,HIGH,pattern_match,2,27
Master & Reference Data - staff / colleague,Party,PARTY_PRIVACY_PREFERENCE,HIGH,pattern_match,13,8
Master & Reference Data - staff / colleague,Party,UNKNOWN_PARTY_SESSION_PRIVACY_PREFERENCE,HIGH,pattern_match,7,7
Master & Reference Data - staff / colleague,Party,PRIVACY_DATA_USAGE,HIGH,pattern_match,2,6
Master & Reference Data - staff / colleague,Party,AGREEMENT_PRIVACY_PREFERENCE,HIGH,pattern_match,8,5
Master & Reference Data - staff / colleague,Party,PARTY_SOLICITATION_PREFERENCE,HIGH,pattern_match,10,5
Master & Reference Data - staff / colleague,Party,PARTY_CHANNEL_PREFERENCE_SCORE,HIGH,pattern_match,6,4
Master & Reference Data - staff / colleague,Party,MEMBER_PRIVACY_PREFERENCE,HIGH,pattern_match,7,3
Master & Reference Data - staff / colleague,Party,PARTY_CHANNEL_INSTANCE_PREFERENCE,HIGH,pattern_match,5,3
Master & Reference Data - staff / colleague,Party,DATA_QUALITY_TYPE,HIGH,pattern_match,2,3
Master & Reference Data - staff / colleague,Party,JOB_LABOR_TASK_CROSS-REFERENCE,HIGH,pattern_match,2,2
Master & Reference Data - staff / colleague,Party,PRIVACY_DATA_TRANSFER,HIGH,pattern_match,6,2
Master & Reference Data - staff / colleague,Party,REFERENCE_RATE_TYPE,HIGH,pattern_match,2,1
Master & Reference Data - staff / colleague,Party,DATA_RETENTION_METHOD_TYPE,HIGH,pattern_match,2,1
Master & Reference Data - staff / colleague,Party,WEB_SITE_DATABASE_REPOSITORY,HIGH,pattern_match,2,1
Master & Reference Data - staff / colleague,Party,MARKET_DATA_PROVIDER_BUSINESS_TYPE,HIGH,pattern_match,0,0
Master & Reference Data - staff / colleague,Party,TEXT_DATASET,HIGH,pattern_match,0,0
Master & Reference Data - staff / colleague,Party,DRUG_NDC__GEO,MEDIUM,keyword_match,14,10
Master & Reference Data - staff / colleague,Party,METROPOLITAN_STATISTICAL_AREA__GEO,MEDIUM,keyword_match,1,5
Master & Reference Data - staff / colleague,Party,ORGANIZATION_NAICS__GEO,MEDIUM,keyword_match,9,4
Master & Reference Data - staff / colleague,Party,CENSUS_BLOCK__GEO,MEDIUM,keyword_match,3,3
Master & Reference Data - staff / colleague,Party,DESIGNATED_MARKET_AREA__GEO,MEDIUM,keyword_match,1,3
Master & Reference Data - staff / colleague,Party,NAICS_INDUSTRY__GEO,MEDIUM,keyword_match,5,3
Master & Reference Data - staff / colleague,Party,ORGANIZATION_SIC__GEO,MEDIUM,keyword_match,5,3
Master & Reference Data - staff / colleague,Party,CENSUS_BLOCK_GROUP__GEO,MEDIUM,keyword_match,2,2
Master & Reference Data - staff / colleague,Party,CENSUS_TRACT__GEO,MEDIUM,keyword_match,2,2
Master & Reference Data - staff / colleague,Party,DEA_DRUG_CLASSIFICATION__GEO,MEDIUM,keyword_match,4,2
Master & Reference Data - staff / colleague,Party,FORMULARY_DRUG_NDC__GEO,MEDIUM,keyword_match,5,2
Master & Reference Data - staff / colleague,Party,NAICS_INDUSTRY_GROUP__GEO,MEDIUM,keyword_match,4,2
Master & Reference Data - staff / colleague,Party,NAICS_NATIONAL_INDUSTRY__GEO,MEDIUM,keyword_match,6,2
"Sales and Performance Forecasts, Targets & KPIs",Party,SALES_MARKETING_ACTIVITY,HIGH,pattern_match,12,12
"Sales and Performance Forecasts, Targets & KPIs",Party,ASSOCIATE_PERFORMANCE_EVALUATION,HIGH,pattern_match,9,5
"Sales and Performance Forecasts, Targets & KPIs",Party,AD_PERFORMANCE_RATING,HIGH,pattern_match,5,4
"Sales and Performance Forecasts, Targets & KPIs",Party,OPPORTUNITY_SALES_STAGE,HIGH,pattern_match,5,3
"Sales and Performance Forecasts, Targets & KPIs",Party,SALES_MARKETING_ACTIVITY_PARTY,HIGH,pattern_match,5,3
"Sales and Performance Forecasts, Targets & KPIs",Party,SALES_MARKETING_ACTIVITY_RELATED_STATUS,HIGH,pattern_match,7,3
"Sales and Performance Forecasts, Targets & KPIs",Party,SALES_MARKETING_ACTIVITY_TEXT_COMMENT,HIGH,pattern_match,5,3
"Sales and Performance Forecasts, Targets & KPIs",Party,SALES_PROGRAM,HIGH,pattern_match,7,3
"Sales and Performance Forecasts, Targets & KPIs",Party,AD_PERFORMANCE_RATING_DAYPART,HIGH,pattern_match,5,3
"Sales and Performance Forecasts, Targets & KPIs",Party,APPLICATION_PERFORMANCE_RATING,HIGH,pattern_match,6,3
"Sales and Performance Forecasts, Targets & KPIs",Party,ASSOCIATE_PERFORMANCE_EVALUATION_DETAIL,HIGH,pattern_match,7,3
"Sales and Performance Forecasts, Targets & KPIs",Party,OPPORTUNITY_SALES_STAGE_STATUS,HIGH,pattern_match,5,2
"Sales and Performance Forecasts, Targets & KPIs",Party,SALES_MARKETING_ACTIVITY_CONTACT,HIGH,pattern_match,2,2
"Sales and Performance Forecasts, Targets & KPIs",Party,SALES_MARKETING_ACTIVITY_LOCATOR,HIGH,pattern_match,4,2
"Sales and Performance Forecasts, Targets & KPIs",Party,SALES_MARKETING_ACTIVITY_RELATED,HIGH,pattern_match,5,2
"Sales and Performance Forecasts, Targets & KPIs",Party,SALES_MARKETING_ACTIVITY_STATUS,HIGH,pattern_match,4,2
"Sales and Performance Forecasts, Targets & KPIs",Party,SALES_METHOD_TYPE,HIGH,pattern_match,2,2
"Sales and Performance Forecasts, Targets & KPIs",Party,SALES_STAGE,HIGH,pattern_match,6,2
"Sales and Performance Forecasts, Targets & KPIs",Party,ASSOCIATE_PERFORMANCE_GRADE_TYPE,HIGH,pattern_match,2,2
"Sales and Performance Forecasts, Targets & KPIs",Party,PARTY_SALES_ACTIVITY_ROLE,HIGH,pattern_match,2,1
"Sales and Performance Forecasts, Targets & KPIs",Party,SALES_ACTIVITY_TYPE,HIGH,pattern_match,2,1
"Sales and Performance Forecasts, Targets & KPIs",Party,SALES_MARKET,HIGH,pattern_match,2,1
"Sales and Performance Forecasts, Targets & KPIs",Party,SALES_MARKETING_ACTIVITY_RELATED_ROLE,HIGH,pattern_match,2,1
"Sales and Performance Forecasts, Targets & KPIs",Party,SALES_MARKETING_ACTIVITY_RELATED_STATUS_REASON,HIGH,pattern_match,2,1
"Sales and Performance Forecasts, Targets & KPIs",Party,SALES_MARKETING_ACTIVITY_RELATED_STATUS_TYPE,HIGH,pattern_match,2,1
"Sales and Performance Forecasts, Targets & KPIs",Party,SALES_MARKETING_ACTIVITY_STATUS_TYPE,HIGH,pattern_match,2,1
"Sales and Performance Forecasts, Targets & KPIs",Party,SALES_PROGRAM_TYPE,HIGH,pattern_match,2,1
"Sales and Performance Forecasts, Targets & KPIs",Party,SALES_STAGE_PHASE_TYPE,HIGH,pattern_match,2,1
"Sales and Performance Forecasts, Targets & KPIs",Party,SALES_STAGE_STATUS_TYPE,HIGH,pattern_match,2,1
"Sales and Performance Forecasts, Targets & KPIs",Party,COST_OF_SALES_ACCOUNT,HIGH,pattern_match,0,0
HR Performance Data,Party,INDIVIDUAL,HIGH,exact_match,10,30
HR Performance Data,Party,GRIEVANCE_PROCEDURE,HIGH,exact_match,7,6
HR Performance Data,Party,ASSOCIATE_PERFORMANCE_EVALUATION,HIGH,pattern_match,9,5
HR Performance Data,Party,AD_PERFORMANCE_RATING,HIGH,pattern_match,5,4
HR Performance Data,Party,INDIVIDUAL_MORTALITY,HIGH,pattern_match,11,4
HR Performance Data,Party,INDIVIDUAL_PAY_TIMING,HIGH,pattern_match,4,4
HR Performance Data,Party,AD_PERFORMANCE_RATING_DAYPART,HIGH,pattern_match,5,3
HR Performance Data,Party,APPLICATION_PERFORMANCE_RATING,HIGH,pattern_match,6,3
HR Performance Data,Party,ASSOCIATE_PERFORMANCE_EVALUATION_DETAIL,HIGH,pattern_match,7,3
HR Performance Data,Party,INDIVIDUAL_HEALTH_CONDITION,HIGH,pattern_match,6,3
HR Performance Data,Party,INDIVIDUAL_MEDICAL,HIGH,pattern_match,9,3
HR Performance Data,Party,INDIVIDUAL_NAME,HIGH,pattern_match,10,3
HR Performance Data,Party,ASSOCIATE_PERFORMANCE_GRADE_TYPE,HIGH,pattern_match,2,2
HR Performance Data,Party,INDIVIDUAL_MARITAL_STATUS,HIGH,pattern_match,3,2
HR Performance Data,Party,INDIVIDUAL_MILITARY_STATUS,HIGH,pattern_match,3,2
HR Performance Data,Party,INDIVIDUAL_OCCUPATION,HIGH,pattern_match,5,2
HR Performance Data,Party,INDIVIDUAL_SKILL,HIGH,pattern_match,3,2
HR Performance Data,Party,INDIVIDUAL_SPECIAL_NEED,HIGH,pattern_match,2,2
HR Performance Data,Party,INDIVIDUAL_VIP_STATUS,HIGH,pattern_match,3,2
HR Performance Data,Party,INDIVIDUAL_BONUS_TIMING,HIGH,pattern_match,3,1
HR Performance Data,Party,INDIVIDUAL_MIGRATION,HIGH,pattern_match,4,1
HR Performance Data,Party,PROJECT_TASK_RESOURCE_INDIVIDUAL,HIGH,pattern_match,0,1
HR Performance Data,Party,GRIEVANCE_PROCEDURE_SCOPE_TYPE,HIGH,pattern_match,2,1
HR Performance Data,Party,GRIEVANCE_PROCEDURE_TYPE,HIGH,pattern_match,2,1
HR Performance Data,Party,INDIVIDUAL_CARD,HIGH,pattern_match,0,0
HR Performance Data,Party,INDIVIDUAL_INSURANCE_POLICY,HIGH,pattern_match,0,0
HR Performance Data,Party,INDIVIDUAL_OFFERING,HIGH,pattern_match,0,0
HR Performance Data,Party,ASSOCIATE,MEDIUM,inheritance_subtype,3,20
HR Performance Data,Party,INSURANCE_AGENT,MEDIUM,inheritance_subtype,12,10
Customer Core Contact Details,Location,LOCATOR,HIGH,exact_match,2,44
Customer Core Contact Details,Location,ELECTRONIC_ADDRESS,HIGH,exact_match,5,8
Customer Core Contact Details,Location,PARTY_LOCATOR,HIGH,pattern_match,6,7
Customer Core Contact Details,Location,TELEPHONE_NUMBER,HIGH,exact_match,7,6
Customer Core Contact Details,Location,LOCATOR_METRIC,HIGH,pattern_match,12,6
Customer Core Contact Details,Location,LOCATOR_PERIL_TYPE_METRIC,HIGH,pattern_match,9,5
Customer Core Contact Details,Location,AGREEMENT_LOCATOR,HIGH,pattern_match,5,3
Customer Core Contact Details,Location,AGREEMENT_LOCATOR_ROLE,HIGH,pattern_match,2,3
Customer Core Contact Details,Location,ALERT_SETUP_NOTIFICATION_LOCATOR,HIGH,pattern_match,3,3
Customer Core Contact Details,Location,APPLICATION_LOCATOR,HIGH,pattern_match,5,3
Customer Core Contact Details,Location,CAMPAIGN_LOCATOR,HIGH,pattern_match,5,3
Customer Core Contact Details,Location,CHANNEL_INSTANCE_LOCATOR,HIGH,pattern_match,5,3
Customer Core Contact Details,Location,CLAIM_LOCATOR,HIGH,pattern_match,3,3
Customer Core Contact Details,Location,EVENT_LOCATOR,HIGH,pattern_match,5,3
Customer Core Contact Details,Location,FEATURE_LOCATOR,HIGH,pattern_match,5,3
Customer Core Contact Details,Location,LOCATOR_DEMOGRAPHIC,HIGH,pattern_match,7,3
Customer Core Contact Details,Location,PARTY_ASSET_LOCATOR,HIGH,pattern_match,5,3
Customer Core Contact Details,Location,PARTY_IDENTIFICATION_LOCATOR,HIGH,pattern_match,6,3
Customer Core Contact Details,Location,PAYMENT_INSTRUCTION_LOCATOR,HIGH,pattern_match,5,3
Customer Core Contact Details,Location,PRODUCT_FEATURE_LOCATOR,HIGH,pattern_match,8,3
Customer Core Contact Details,Location,PRODUCT_FEATURE_LOCATOR_TYPE,HIGH,pattern_match,2,3
Customer Core Contact Details,Location,PRODUCT_LOCATOR,HIGH,pattern_match,5,3
Customer Core Contact Details,Location,PROJECT_LOCATOR,HIGH,pattern_match,5,3
Customer Core Contact Details,Location,QUOTATION_LOCATOR,HIGH,pattern_match,5,3
Customer Core Contact Details,Location,SITE_LOCATOR,HIGH,pattern_match,6,3
Customer Core Contact Details,Location,TRADE_SETTLEMENT_INSTRUCTION_LOCATOR,HIGH,pattern_match,4,3
Customer Core Contact Details,Location,MOBILE_TELEPHONE_NUMBER,HIGH,pattern_match,4,2
Customer Core Contact Details,Location,FEATURE_RELATED_LOCATOR,HIGH,pattern_match,7,2
Customer Core Contact Details,Location,LOCATOR_METRIC_TYPE,HIGH,pattern_match,2,2
Customer Core Contact Details,Location,LOCATOR_USAGE_TYPE,HIGH,pattern_match,2,2
Master & Reference Data - geography / location,Location,DATA_SOURCE_TYPE,HIGH,pattern_match,2,27
Master & Reference Data - geography / location,Location,PARTY_PRIVACY_PREFERENCE,HIGH,pattern_match,13,8
Master & Reference Data - geography / location,Location,UNKNOWN_PARTY_SESSION_PRIVACY_PREFERENCE,HIGH,pattern_match,7,7
Master & Reference Data - geography / location,Location,PRIVACY_DATA_USAGE,HIGH,pattern_match,2,6
Master & Reference Data - geography / location,Location,AGREEMENT_PRIVACY_PREFERENCE,HIGH,pattern_match,8,5
Master & Reference Data - geography / location,Location,PARTY_SOLICITATION_PREFERENCE,HIGH,pattern_match,10,5
Master & Reference Data - geography / location,Location,PARTY_CHANNEL_PREFERENCE_SCORE,HIGH,pattern_match,6,4
Master & Reference Data - geography / location,Location,MEMBER_PRIVACY_PREFERENCE,HIGH,pattern_match,7,3
Master & Reference Data - geography / location,Location,PARTY_CHANNEL_INSTANCE_PREFERENCE,HIGH,pattern_match,5,3
Master & Reference Data - geography / location,Location,DATA_QUALITY_TYPE,HIGH,pattern_match,2,3
Master & Reference Data - geography / location,Location,GEOGRAPHY_RISK_GRADE,HIGH,pattern_match,6,3
Master & Reference Data - geography / location,Location,JOB_LABOR_TASK_CROSS-REFERENCE,HIGH,pattern_match,2,2
Master & Reference Data - geography / location,Location,PRIVACY_DATA_TRANSFER,HIGH,pattern_match,6,2
Master & Reference Data - geography / location,Location,INVESTMENT_AGREEMENT_ALLOCATION,HIGH,pattern_match,5,2
Master & Reference Data - geography / location,Location,PORTFOLIO_INVESTMENT_ALLOCATION,HIGH,pattern_match,5,2
Master & Reference Data - geography / location,Location,REFERENCE_RATE_TYPE,HIGH,pattern_match,2,1
Master & Reference Data - geography / location,Location,DATA_RETENTION_METHOD_TYPE,HIGH,pattern_match,2,1
Master & Reference Data - geography / location,Location,WEB_SITE_DATABASE_REPOSITORY,HIGH,pattern_match,2,1
Master & Reference Data - geography / location,Location,CUSTOMER_LOCATION_TYPE,HIGH,pattern_match,2,1
Master & Reference Data - geography / location,Location,LOCATION_OF_LOSS_TYPE,HIGH,pattern_match,2,1
Master & Reference Data - geography / location,Location,MARKET_DATA_PROVIDER_BUSINESS_TYPE,HIGH,pattern_match,0,0
Master & Reference Data - geography / location,Location,TEXT_DATASET,HIGH,pattern_match,0,0
Master & Reference Data - geography / location,Location,DRUG_NDC__GEO,MEDIUM,keyword_match,14,10
Master & Reference Data - geography / location,Location,METROPOLITAN_STATISTICAL_AREA__GEO,MEDIUM,keyword_match,1,5
Master & Reference Data - geography / location,Location,ORGANIZATION_NAICS__GEO,MEDIUM,keyword_match,9,4
Master & Reference Data - geography / location,Location,CENSUS_BLOCK__GEO,MEDIUM,keyword_match,3,3
Master & Reference Data - geography / location,Location,DESIGNATED_MARKET_AREA__GEO,MEDIUM,keyword_match,1,3
Master & Reference Data - geography / location,Location,NAICS_INDUSTRY__GEO,MEDIUM,keyword_match,5,3
Master & Reference Data - geography / location,Location,ORGANIZATION_SIC__GEO,MEDIUM,keyword_match,5,3
Master & Reference Data - geography / location,Location,CENSUS_BLOCK_GROUP__GEO,MEDIUM,keyword_match,2,2
Master & Reference Data - product,Product,PRODUCT,HIGH,exact_match,12,88
Master & Reference Data - product,Product,PRODUCT_GROUP,HIGH,pattern_match,8,43
Master & Reference Data - product,Product,INVESTMENT_PRODUCT,HIGH,pattern_match,11,33
Master & Reference Data - product,Product,DATA_SOURCE_TYPE,HIGH,pattern_match,2,27
Master & Reference Data - product,Product,PRODUCT_FEATURE,HIGH,pattern_match,11,17
Master & Reference Data - product,Product,TRADE_SETTLEMENT_PRODUCT_GROUP,HIGH,pattern_match,13,10
Master & Reference Data - product,Product,PORTFOLIO_PRODUCT_AGREEMENT_HOLDING,HIGH,pattern_match,10,9
Master & Reference Data - product,Product,PARTY_PRIVACY_PREFERENCE,HIGH,pattern_match,13,8
Master & Reference Data - product,Product,PRODUCT_PARTY,HIGH,pattern_match,5,8
Master & Reference Data - product,Product,UNKNOWN_PARTY_SESSION_PRIVACY_PREFERENCE,HIGH,pattern_match,7,7
Master & Reference Data - product,Product,OPTION_PRODUCT,HIGH,pattern_match,13,7
Master & Reference Data - product,Product,PORTFOLIO_PRODUCT_HOLDING,HIGH,pattern_match,7,7
Master & Reference Data - product,Product,PRIVACY_DATA_USAGE,HIGH,pattern_match,2,6
Master & Reference Data - product,Product,AGREEMENT_PRODUCT,HIGH,pattern_match,5,6
Master & Reference Data - product,Product,PRODUCT_CLASS_VALUE,HIGH,pattern_match,10,6
Master & Reference Data - product,Product,PRODUCT_GROUP_METRIC,HIGH,pattern_match,11,6
Master & Reference Data - product,Product,PRODUCT_IDENTIFICATION,HIGH,pattern_match,6,6
Master & Reference Data - product,Product,AGREEMENT_PRIVACY_PREFERENCE,HIGH,pattern_match,8,5
Master & Reference Data - product,Product,PARTY_SOLICITATION_PREFERENCE,HIGH,pattern_match,10,5
Master & Reference Data - product,Product,AGREEMENT_PRODUCT_FEATURE,HIGH,pattern_match,16,5
Master & Reference Data - product,Product,PRODUCT_FEATURE_ELIGIBILITY_TYPE,HIGH,pattern_match,3,5
Master & Reference Data - product,Product,PRODUCT_METRIC,HIGH,pattern_match,12,5
Master & Reference Data - product,Product,PRODUCT_PACKAGE_FEATURE,HIGH,pattern_match,6,5
Master & Reference Data - product,Product,PRODUCT_RISK_GRADE,HIGH,pattern_match,6,5
Master & Reference Data - product,Product,PARTY_CHANNEL_PREFERENCE_SCORE,HIGH,pattern_match,6,4
Master & Reference Data - product,Product,AGREEMENT_PRODUCT_FEATURE_RELATED,HIGH,pattern_match,16,4
Master & Reference Data - product,Product,ASSET-BACKED_SECURITY_PRODUCT,HIGH,pattern_match,7,4
Master & Reference Data - product,Product,CAMPAIGN_PRODUCT,HIGH,pattern_match,3,4
Master & Reference Data - product,Product,DOCUMENT_PRODUCTION_CYCLE_TYPE,HIGH,pattern_match,5,4
Master & Reference Data - product,Product,INVESTMENT_PRODUCT_COMPLEMENTARY_IDENTIFICATION_CODE,HIGH,pattern_match,6,4
Master & Reference Data - FTP rates,Product,DATA_SOURCE_TYPE,HIGH,pattern_match,2,27
Master & Reference Data - FTP rates,Product,PARTY_PRIVACY_PREFERENCE,HIGH,pattern_match,13,8
Master & Reference Data - FTP rates,Product,UNKNOWN_PARTY_SESSION_PRIVACY_PREFERENCE,HIGH,pattern_match,7,7
Master & Reference Data - FTP rates,Product,PRIVACY_DATA_USAGE,HIGH,pattern_match,2,6
Master & Reference Data - FTP rates,Product,AGREEMENT_PRIVACY_PREFERENCE,HIGH,pattern_match,8,5
Master & Reference Data - FTP rates,Product,PARTY_SOLICITATION_PREFERENCE,HIGH,pattern_match,10,5
Master & Reference Data - FTP rates,Product,PARTY_CHANNEL_PREFERENCE_SCORE,HIGH,pattern_match,6,4
Master & Reference Data - FTP rates,Product,MEMBER_PRIVACY_PREFERENCE,HIGH,pattern_match,7,3
Master & Reference Data - FTP rates,Product,PARTY_CHANNEL_INSTANCE_PREFERENCE,HIGH,pattern_match,5,3
Master & Reference Data - FTP rates,Product,DATA_QUALITY_TYPE,HIGH,pattern_match,2,3
Master & Reference Data - FTP rates,Product,JOB_LABOR_TASK_CROSS-REFERENCE,HIGH,pattern_match,2,2
Master & Reference Data - FTP rates,Product,PRIVACY_DATA_TRANSFER,HIGH,pattern_match,6,2
Master & Reference Data - FTP rates,Product,REFERENCE_RATE_TYPE,HIGH,pattern_match,2,1
Master & Reference Data - FTP rates,Product,DATA_RETENTION_METHOD_TYPE,HIGH,pattern_match,2,1
Master & Reference Data - FTP rates,Product,WEB_SITE_DATABASE_REPOSITORY,HIGH,pattern_match,2,1
Master & Reference Data - FTP rates,Product,MARKET_DATA_PROVIDER_BUSINESS_TYPE,HIGH,pattern_match,0,0
Master & Reference Data - FTP rates,Product,TEXT_DATASET,HIGH,pattern_match,0,0
Master & Reference Data - FTP rates,Product,DRUG_NDC__GEO,MEDIUM,keyword_match,14,10
Master & Reference Data - FTP rates,Product,METROPOLITAN_STATISTICAL_AREA__GEO,MEDIUM,keyword_match,1,5
Master & Reference Data - FTP rates,Product,ORGANIZATION_NAICS__GEO,MEDIUM,keyword_match,9,4
Master & Reference Data - FTP rates,Product,CENSUS_BLOCK__GEO,MEDIUM,keyword_match,3,3
Master & Reference Data - FTP rates,Product,DESIGNATED_MARKET_AREA__GEO,MEDIUM,keyword_match,1,3
Master & Reference Data - FTP rates,Product,NAICS_INDUSTRY__GEO,MEDIUM,keyword_match,5,3
Master & Reference Data - FTP rates,Product,ORGANIZATION_SIC__GEO,MEDIUM,keyword_match,5,3
Master & Reference Data - FTP rates,Product,CENSUS_BLOCK_GROUP__GEO,MEDIUM,keyword_match,2,2
Master & Reference Data - FTP rates,Product,CENSUS_TRACT__GEO,MEDIUM,keyword_match,2,2
Master & Reference Data - FTP rates,Product,DEA_DRUG_CLASSIFICATION__GEO,MEDIUM,keyword_match,4,2
Master & Reference Data - FTP rates,Product,FORMULARY_DRUG_NDC__GEO,MEDIUM,keyword_match,5,2
Master & Reference Data - FTP rates,Product,NAICS_INDUSTRY_GROUP__GEO,MEDIUM,keyword_match,4,2
Master & Reference Data - FTP rates,Product,NAICS_NATIONAL_INDUSTRY__GEO,MEDIUM,keyword_match,6,2
Master & Reference Data - exchange rates,Product,DATA_SOURCE_TYPE,HIGH,pattern_match,2,27
Master & Reference Data - exchange rates,Product,PARTY_PRIVACY_PREFERENCE,HIGH,pattern_match,13,8
Master & Reference Data - exchange rates,Product,UNKNOWN_PARTY_SESSION_PRIVACY_PREFERENCE,HIGH,pattern_match,7,7
Master & Reference Data - exchange rates,Product,PRIVACY_DATA_USAGE,HIGH,pattern_match,2,6
Master & Reference Data - exchange rates,Product,AGREEMENT_PRIVACY_PREFERENCE,HIGH,pattern_match,8,5
Master & Reference Data - exchange rates,Product,PARTY_SOLICITATION_PREFERENCE,HIGH,pattern_match,10,5
Master & Reference Data - exchange rates,Product,PARTY_CHANNEL_PREFERENCE_SCORE,HIGH,pattern_match,6,4
Master & Reference Data - exchange rates,Product,MEMBER_PRIVACY_PREFERENCE,HIGH,pattern_match,7,3
Master & Reference Data - exchange rates,Product,PARTY_CHANNEL_INSTANCE_PREFERENCE,HIGH,pattern_match,5,3
Master & Reference Data - exchange rates,Product,DATA_QUALITY_TYPE,HIGH,pattern_match,2,3
Master & Reference Data - exchange rates,Product,FOREIGN_EXCHANGE_METRIC,HIGH,pattern_match,9,3
Master & Reference Data - exchange rates,Product,JOB_LABOR_TASK_CROSS-REFERENCE,HIGH,pattern_match,2,2
Master & Reference Data - exchange rates,Product,PRIVACY_DATA_TRANSFER,HIGH,pattern_match,6,2
Master & Reference Data - exchange rates,Product,EXCHANGE,HIGH,exact_match,1,2
Master & Reference Data - exchange rates,Product,FOREIGN_EXCHANGE_AGREEMENT,HIGH,pattern_match,12,2
Master & Reference Data - exchange rates,Product,FOREIGN_EXCHANGE_POINT,HIGH,pattern_match,12,2
Master & Reference Data - exchange rates,Product,REFERENCE_RATE_TYPE,HIGH,pattern_match,2,1
Master & Reference Data - exchange rates,Product,DATA_RETENTION_METHOD_TYPE,HIGH,pattern_match,2,1
Master & Reference Data - exchange rates,Product,WEB_SITE_DATABASE_REPOSITORY,HIGH,pattern_match,2,1
Master & Reference Data - exchange rates,Product,CURRENCY_EXCHANGE_RISK_FACTOR,HIGH,pattern_match,5,1
Master & Reference Data - exchange rates,Product,EXCHANGE_CODE,HIGH,pattern_match,2,1
Master & Reference Data - exchange rates,Product,EXCHANGE_DELISTING,HIGH,pattern_match,1,1
Master & Reference Data - exchange rates,Product,EXCHANGE_DELISTING_REASON_TYPE,HIGH,pattern_match,2,1
Master & Reference Data - exchange rates,Product,EXCHANGE_LISTED_PRODUCT_RELATED,HIGH,pattern_match,8,1
Master & Reference Data - exchange rates,Product,FOREIGN_EXCHANGE_EVENT,HIGH,pattern_match,1,1
Master & Reference Data - exchange rates,Product,FOREIGN_EXCHANGE_POINT_TENOR_TYPE,HIGH,pattern_match,2,1
Master & Reference Data - exchange rates,Product,MARKET_DATA_PROVIDER_BUSINESS_TYPE,HIGH,pattern_match,0,0
Master & Reference Data - exchange rates,Product,TEXT_DATASET,HIGH,pattern_match,0,0
Master & Reference Data - exchange rates,Product,CURRENCY_EXCHANGE_QUOTATION,HIGH,pattern_match,4,0
Master & Reference Data - exchange rates,Product,DRUG_NDC__GEO,MEDIUM,keyword_match,14,10
"Product Revenue, Cost & Margin",Product,PORTFOLIO_PRODUCT_COST_BASIS,HIGH,pattern_match,7,3
"Product Revenue, Cost & Margin",Product,PRODUCT_COST,HIGH,exact_match,6,3
"Product Revenue, Cost & Margin",Product,PLANNED_PRODUCT_REVENUE,HIGH,pattern_match,6,3
"Product Revenue, Cost & Margin",Product,PRODUCT_REVENUE,HIGH,exact_match,6,3
"Product Revenue, Cost & Margin",Product,AGREEMENT_COST,HIGH,exact_match,7,3
"Product Revenue, Cost & Margin",Product,DRUG_NDC__GEO,MEDIUM,keyword_match,14,10
"Product Revenue, Cost & Margin",Product,METROPOLITAN_STATISTICAL_AREA__GEO,MEDIUM,keyword_match,1,5
"Product Revenue, Cost & Margin",Product,ORGANIZATION_NAICS__GEO,MEDIUM,keyword_match,9,4
"Product Revenue, Cost & Margin",Product,CENSUS_BLOCK__GEO,MEDIUM,keyword_match,3,3
"Product Revenue, Cost & Margin",Product,DESIGNATED_MARKET_AREA__GEO,MEDIUM,keyword_match,1,3
"Product Revenue, Cost & Margin",Product,NAICS_INDUSTRY__GEO,MEDIUM,keyword_match,5,3
"Product Revenue, Cost & Margin",Product,ORGANIZATION_SIC__GEO,MEDIUM,keyword_match,5,3
"Product Revenue, Cost & Margin",Product,CENSUS_BLOCK_GROUP__GEO,MEDIUM,keyword_match,2,2
"Product Revenue, Cost & Margin",Product,CENSUS_TRACT__GEO,MEDIUM,keyword_match,2,2
"Product Revenue, Cost & Margin",Product,DEA_DRUG_CLASSIFICATION__GEO,MEDIUM,keyword_match,4,2
"Product Revenue, Cost & Margin",Product,FORMULARY_DRUG_NDC__GEO,MEDIUM,keyword_match,5,2
"Product Revenue, Cost & Margin",Product,NAICS_INDUSTRY_GROUP__GEO,MEDIUM,keyword_match,4,2
"Product Revenue, Cost & Margin",Product,NAICS_NATIONAL_INDUSTRY__GEO,MEDIUM,keyword_match,6,2
"Product Revenue, Cost & Margin",Product,NAICS_SUBSECTOR__GEO,MEDIUM,keyword_match,3,2
"Product Revenue, Cost & Margin",Product,ORGANIZATION_NACE__GEO,MEDIUM,keyword_match,8,2
"Product Revenue, Cost & Margin",Product,DEA_SCHEDULE__GEO,MEDIUM,keyword_match,3,1
"Product Revenue, Cost & Margin",Product,NAICS_SECTOR__GEO,MEDIUM,keyword_match,2,1
"Product Revenue, Cost & Margin",Product,ORANGE_BOOK_THERAPEUTIC_EQUIVALENCE_TYPE__GEO,MEDIUM,keyword_match,2,1
"Product Revenue, Cost & Margin",Product,PORTFOLIO_PRODUCT_MARGIN_DETAIL,MEDIUM,keyword_match,9,1
"Product Revenue, Cost & Margin",Product,PRODUCT_GROUP_MARGIN,MEDIUM,keyword_match,4,1
Product NPV's,Product,AGREEMENT_COST,HIGH,exact_match,7,3
Product NPV's,Product,AGREEMENT_SUMMARY,HIGH,exact_match,44,2
External Data - market interest rates,Product,DATA_SOURCE_TYPE,HIGH,pattern_match,2,27
External Data - market interest rates,Product,MARKET_SEGMENT,HIGH,pattern_match,10,18
External Data - market interest rates,Product,SALES_MARKETING_ACTIVITY,HIGH,pattern_match,12,12
External Data - market interest rates,Product,INTEREST_RATE_INDEX,HIGH,pattern_match,10,12
External Data - market interest rates,Product,EXTERNALLY_REPORTED_CLAIM,HIGH,pattern_match,24,10
External Data - market interest rates,Product,CLAIM_INSURABLE_INTEREST,HIGH,pattern_match,6,8
External Data - market interest rates,Product,INSURABLE_INTEREST,HIGH,pattern_match,3,7
External Data - market interest rates,Product,PRIVACY_DATA_USAGE,HIGH,pattern_match,2,6
External Data - market interest rates,Product,EXTERNAL_DIRECT_DEBIT,HIGH,pattern_match,9,5
External Data - market interest rates,Product,EXTERNAL_STANDING_ORDER,HIGH,pattern_match,9,5
External Data - market interest rates,Product,CLAIM_COVERAGE_INSURABLE_INTEREST,HIGH,pattern_match,3,5
External Data - market interest rates,Product,INSURABLE_INTEREST_METRIC,HIGH,pattern_match,11,5
External Data - market interest rates,Product,POLICY_INSURABLE_INTEREST,HIGH,pattern_match,5,5
External Data - market interest rates,Product,EXTERNALLY_REPORTED_VEHICLE_CLAIM,HIGH,pattern_match,16,4
External Data - market interest rates,Product,EXTERNAL_LIST,HIGH,pattern_match,5,4
External Data - market interest rates,Product,ISO_10383_MARKET_IDENTIFIER_CODE,HIGH,pattern_match,7,4
External Data - market interest rates,Product,MARKET_QUOTATION,HIGH,pattern_match,8,4
External Data - market interest rates,Product,MARKET_QUOTATION_METRIC_TYPE,HIGH,pattern_match,2,4
External Data - market interest rates,Product,MARKET_QUOTATION_TIME_PERIOD_METRIC,HIGH,pattern_match,8,4
External Data - market interest rates,Product,CLAIM_COVERAGE_INSURABLE_INTEREST_AMOUNT,HIGH,pattern_match,9,4
External Data - market interest rates,Product,INTEREST_RATE_QUOTATION,HIGH,pattern_match,9,4
External Data - market interest rates,Product,EXTERNAL_AGREEMENT,HIGH,pattern_match,2,3
External Data - market interest rates,Product,EXTERNAL_CLAIM_LOSS_DETAIL,HIGH,pattern_match,6,3
External Data - market interest rates,Product,EXTERNAL_COUPON,HIGH,pattern_match,5,3
External Data - market interest rates,Product,DATA_QUALITY_TYPE,HIGH,pattern_match,2,3
External Data - market interest rates,Product,AGREEMENT_MARKET_RISK_TYPE,HIGH,pattern_match,7,3
External Data - market interest rates,Product,DESIGNATED_MARKET_AREA__GEO,HIGH,pattern_match,1,3
External Data - market interest rates,Product,MARKET_INDEX,HIGH,pattern_match,4,3
External Data - market interest rates,Product,MARKET_PARTICIPANT_PARAMETER,HIGH,pattern_match,8,3
External Data - market interest rates,Product,MARKET_PLAN,HIGH,pattern_match,9,3
"External Data - market prices (E.g. equities, bonds, commodities)",Product,DATA_SOURCE_TYPE,HIGH,pattern_match,2,27
"External Data - market prices (E.g. equities, bonds, commodities)",Product,MARKET_SEGMENT,HIGH,pattern_match,10,18
"External Data - market prices (E.g. equities, bonds, commodities)",Product,SALES_MARKETING_ACTIVITY,HIGH,pattern_match,12,12
"External Data - market prices (E.g. equities, bonds, commodities)",Product,EXTERNALLY_REPORTED_CLAIM,HIGH,pattern_match,24,10
"External Data - market prices (E.g. equities, bonds, commodities)",Product,PRIVACY_DATA_USAGE,HIGH,pattern_match,2,6
"External Data - market prices (E.g. equities, bonds, commodities)",Product,EXTERNAL_DIRECT_DEBIT,HIGH,pattern_match,9,5
"External Data - market prices (E.g. equities, bonds, commodities)",Product,EXTERNAL_STANDING_ORDER,HIGH,pattern_match,9,5
"External Data - market prices (E.g. equities, bonds, commodities)",Product,EXTERNALLY_REPORTED_VEHICLE_CLAIM,HIGH,pattern_match,16,4
"External Data - market prices (E.g. equities, bonds, commodities)",Product,EXTERNAL_LIST,HIGH,pattern_match,5,4
"External Data - market prices (E.g. equities, bonds, commodities)",Product,ISO_10383_MARKET_IDENTIFIER_CODE,HIGH,pattern_match,7,4
"External Data - market prices (E.g. equities, bonds, commodities)",Product,MARKET_QUOTATION,HIGH,pattern_match,8,4
"External Data - market prices (E.g. equities, bonds, commodities)",Product,MARKET_QUOTATION_METRIC_TYPE,HIGH,pattern_match,2,4
"External Data - market prices (E.g. equities, bonds, commodities)",Product,MARKET_QUOTATION_TIME_PERIOD_METRIC,HIGH,pattern_match,8,4
"External Data - market prices (E.g. equities, bonds, commodities)",Product,EXTERNAL_AGREEMENT,HIGH,pattern_match,2,3
"External Data - market prices (E.g. equities, bonds, commodities)",Product,EXTERNAL_CLAIM_LOSS_DETAIL,HIGH,pattern_match,6,3
"External Data - market prices (E.g. equities, bonds, commodities)",Product,EXTERNAL_COUPON,HIGH,pattern_match,5,3
"External Data - market prices (E.g. equities, bonds, commodities)",Product,DATA_QUALITY_TYPE,HIGH,pattern_match,2,3
"External Data - market prices (E.g. equities, bonds, commodities)",Product,AGREEMENT_MARKET_RISK_TYPE,HIGH,pattern_match,7,3
"External Data - market prices (E.g. equities, bonds, commodities)",Product,DESIGNATED_MARKET_AREA__GEO,HIGH,pattern_match,1,3
"External Data - market prices (E.g. equities, bonds, commodities)",Product,MARKET_INDEX,HIGH,pattern_match,4,3
"External Data - market prices (E.g. equities, bonds, commodities)",Product,MARKET_PARTICIPANT_PARAMETER,HIGH,pattern_match,8,3
"External Data - market prices (E.g. equities, bonds, commodities)",Product,MARKET_PLAN,HIGH,pattern_match,9,3
"External Data - market prices (E.g. equities, bonds, commodities)",Product,MARKET_QUOTATION_METRIC,HIGH,pattern_match,6,3
"External Data - market prices (E.g. equities, bonds, commodities)",Product,MARKET_SEGMENT_DEMOGRAPHIC,HIGH,pattern_match,7,3
"External Data - market prices (E.g. equities, bonds, commodities)",Product,SALES_MARKETING_ACTIVITY_PARTY,HIGH,pattern_match,5,3
"External Data - market prices (E.g. equities, bonds, commodities)",Product,SALES_MARKETING_ACTIVITY_RELATED_STATUS,HIGH,pattern_match,7,3
"External Data - market prices (E.g. equities, bonds, commodities)",Product,SALES_MARKETING_ACTIVITY_TEXT_COMMENT,HIGH,pattern_match,5,3
"External Data - market prices (E.g. equities, bonds, commodities)",Product,PARTY_TO_EXTERNAL_LIST,HIGH,pattern_match,3,2
"External Data - market prices (E.g. equities, bonds, commodities)",Product,PRIVACY_DATA_TRANSFER,HIGH,pattern_match,6,2
"External Data - market prices (E.g. equities, bonds, commodities)",Product,AGREEMENT_MARKET_RISK_FACTOR,HIGH,pattern_match,4,2
External Data - Competitor Product & Pricing,Party & Product,PRODUCT,HIGH,exact_match,12,88
External Data - Competitor Product & Pricing,Party & Product,PRODUCT_GROUP,HIGH,pattern_match,8,43
External Data - Competitor Product & Pricing,Party & Product,INVESTMENT_PRODUCT,HIGH,pattern_match,11,33
External Data - Competitor Product & Pricing,Party & Product,DATA_SOURCE_TYPE,HIGH,pattern_match,2,27
External Data - Competitor Product & Pricing,Party & Product,PRODUCT_FEATURE,HIGH,pattern_match,11,17
External Data - Competitor Product & Pricing,Party & Product,EXTERNALLY_REPORTED_CLAIM,HIGH,pattern_match,24,10
External Data - Competitor Product & Pricing,Party & Product,TRADE_SETTLEMENT_PRODUCT_GROUP,HIGH,pattern_match,13,10
External Data - Competitor Product & Pricing,Party & Product,PORTFOLIO_PRODUCT_AGREEMENT_HOLDING,HIGH,pattern_match,10,9
External Data - Competitor Product & Pricing,Party & Product,PRODUCT_PARTY,HIGH,pattern_match,5,8
External Data - Competitor Product & Pricing,Party & Product,OPTION_PRODUCT,HIGH,pattern_match,13,7
External Data - Competitor Product & Pricing,Party & Product,PORTFOLIO_PRODUCT_HOLDING,HIGH,pattern_match,7,7
External Data - Competitor Product & Pricing,Party & Product,PRIVACY_DATA_USAGE,HIGH,pattern_match,2,6
External Data - Competitor Product & Pricing,Party & Product,AGREEMENT_PRODUCT,HIGH,pattern_match,5,6
External Data - Competitor Product & Pricing,Party & Product,PRODUCT_CLASS_VALUE,HIGH,pattern_match,10,6
External Data - Competitor Product & Pricing,Party & Product,PRODUCT_GROUP_METRIC,HIGH,pattern_match,11,6
External Data - Competitor Product & Pricing,Party & Product,PRODUCT_IDENTIFICATION,HIGH,pattern_match,6,6
External Data - Competitor Product & Pricing,Party & Product,EXTERNAL_DIRECT_DEBIT,HIGH,pattern_match,9,5
External Data - Competitor Product & Pricing,Party & Product,EXTERNAL_STANDING_ORDER,HIGH,pattern_match,9,5
External Data - Competitor Product & Pricing,Party & Product,OPPORTUNITY_COMPETITOR,HIGH,pattern_match,3,5
External Data - Competitor Product & Pricing,Party & Product,AGREEMENT_PRODUCT_FEATURE,HIGH,pattern_match,16,5
External Data - Competitor Product & Pricing,Party & Product,PRODUCT_FEATURE_ELIGIBILITY_TYPE,HIGH,pattern_match,3,5
External Data - Competitor Product & Pricing,Party & Product,PRODUCT_METRIC,HIGH,pattern_match,12,5
External Data - Competitor Product & Pricing,Party & Product,PRODUCT_PACKAGE_FEATURE,HIGH,pattern_match,6,5
External Data - Competitor Product & Pricing,Party & Product,PRODUCT_RISK_GRADE,HIGH,pattern_match,6,5
External Data - Competitor Product & Pricing,Party & Product,EXTERNALLY_REPORTED_VEHICLE_CLAIM,HIGH,pattern_match,16,4
External Data - Competitor Product & Pricing,Party & Product,EXTERNAL_LIST,HIGH,pattern_match,5,4
External Data - Competitor Product & Pricing,Party & Product,AGREEMENT_PRODUCT_FEATURE_RELATED,HIGH,pattern_match,16,4
External Data - Competitor Product & Pricing,Party & Product,ASSET-BACKED_SECURITY_PRODUCT,HIGH,pattern_match,7,4
External Data - Competitor Product & Pricing,Party & Product,CAMPAIGN_PRODUCT,HIGH,pattern_match,3,4
External Data - Competitor Product & Pricing,Party & Product,DOCUMENT_PRODUCTION_CYCLE_TYPE,HIGH,pattern_match,5,4
Account / Policy / Service Holdings,Agreement,CHART_OF_ACCOUNTS_CODE,HIGH,pattern_match,5,24
Account / Policy / Service Holdings,Agreement,CLAIM_SERVICE,HIGH,pattern_match,12,16
Account / Policy / Service Holdings,Agreement,ACCOUNT,HIGH,exact_match,13,13
Account / Policy / Service Holdings,Agreement,PHARMACY_CLAIM_SERVICE,HIGH,pattern_match,21,11
Account / Policy / Service Holdings,Agreement,PHARMACY_CLAIM_SERVICE_DRUG,HIGH,pattern_match,19,10
Account / Policy / Service Holdings,Agreement,SERVICE_REQUEST,HIGH,pattern_match,13,10
Account / Policy / Service Holdings,Agreement,GL_MAIN_ACCOUNT,HIGH,pattern_match,9,8
Account / Policy / Service Holdings,Agreement,POLICY_INSURABLE_COVERAGE,HIGH,pattern_match,7,7
Account / Policy / Service Holdings,Agreement,INSTITUTIONAL_CLAIM_SERVICE_DRUG,HIGH,pattern_match,14,7
Account / Policy / Service Holdings,Agreement,GL_MAIN_ACCOUNT_CLASS_VALUE,HIGH,pattern_match,10,6
Account / Policy / Service Holdings,Agreement,POLICY_METRIC,HIGH,pattern_match,13,6
Account / Policy / Service Holdings,Agreement,HEALTH_CLAIM_SERVICE,HIGH,pattern_match,11,6
Account / Policy / Service Holdings,Agreement,PROFESSIONAL_CLAIM_SERVICE,HIGH,pattern_match,20,6
Account / Policy / Service Holdings,Agreement,ACCOUNT_METRIC,HIGH,pattern_match,8,5
Account / Policy / Service Holdings,Agreement,POLICY_ASSET_COVERAGE_METRIC,HIGH,pattern_match,16,5
Account / Policy / Service Holdings,Agreement,POLICY_COVERAGE_METRIC,HIGH,pattern_match,15,5
Account / Policy / Service Holdings,Agreement,POLICY_INSURABLE_COVERAGE_METRIC,HIGH,pattern_match,16,5
Account / Policy / Service Holdings,Agreement,POLICY_INSURABLE_INTEREST,HIGH,pattern_match,5,5
Account / Policy / Service Holdings,Agreement,POLICY_PARTY_COVERAGE_METRIC,HIGH,pattern_match,17,5
Account / Policy / Service Holdings,Agreement,CLAIM_SERVICE_AMOUNT,HIGH,pattern_match,9,5
Account / Policy / Service Holdings,Agreement,PARTY_CLAIM_SERVICE,HIGH,pattern_match,8,5
Account / Policy / Service Holdings,Agreement,PARTY_CLAIM_SERVICE_DIAGNOSIS_AMOUNT,HIGH,pattern_match,14,5
Account / Policy / Service Holdings,Agreement,PROFESSIONAL_CLAIM_SERVICE_DRUG,HIGH,pattern_match,14,5
Account / Policy / Service Holdings,Agreement,GL_MAIN_ACCOUNT_SCHEME_TYPE,HIGH,pattern_match,5,4
Account / Policy / Service Holdings,Agreement,POLICY_INSURABLE_COVERAGE_PARTY_METRIC,HIGH,pattern_match,17,4
Account / Policy / Service Holdings,Agreement,CLAIM_AUTHORIZATION_SERVICE,HIGH,pattern_match,6,4
Account / Policy / Service Holdings,Agreement,CLAIM_AUTHORIZATION_SERVICE_AMOUNT,HIGH,pattern_match,8,4
Account / Policy / Service Holdings,Agreement,CLAIM_SERVICE_COVERAGE_AMOUNT,HIGH,pattern_match,10,4
Account / Policy / Service Holdings,Agreement,CLAIM_SERVICE_DIAGNOSIS_CODE,HIGH,pattern_match,9,4
Account / Policy / Service Holdings,Agreement,DENTAL_CLAIM_SERVICE,HIGH,pattern_match,11,4
Account / Policy / Service Detail,Agreement,CHART_OF_ACCOUNTS_CODE,HIGH,pattern_match,5,24
Account / Policy / Service Detail,Agreement,CLAIM_SERVICE,HIGH,pattern_match,12,16
Account / Policy / Service Detail,Agreement,ACCOUNT,HIGH,exact_match,13,13
Account / Policy / Service Detail,Agreement,CASE_DETAIL,HIGH,pattern_match,8,12
Account / Policy / Service Detail,Agreement,PHARMACY_CLAIM_SERVICE,HIGH,pattern_match,21,11
Account / Policy / Service Detail,Agreement,PHARMACY_CLAIM_SERVICE_DRUG,HIGH,pattern_match,19,10
Account / Policy / Service Detail,Agreement,SERVICE_REQUEST,HIGH,pattern_match,13,10
Account / Policy / Service Detail,Agreement,GL_MAIN_ACCOUNT,HIGH,pattern_match,9,8
Account / Policy / Service Detail,Agreement,POLICY_INSURABLE_COVERAGE,HIGH,pattern_match,7,7
Account / Policy / Service Detail,Agreement,INSTITUTIONAL_CLAIM_SERVICE_DRUG,HIGH,pattern_match,14,7
Account / Policy / Service Detail,Agreement,GL_MAIN_ACCOUNT_CLASS_VALUE,HIGH,pattern_match,10,6
Account / Policy / Service Detail,Agreement,POLICY_METRIC,HIGH,pattern_match,13,6
Account / Policy / Service Detail,Agreement,HEALTH_CLAIM_SERVICE,HIGH,pattern_match,11,6
Account / Policy / Service Detail,Agreement,PROFESSIONAL_CLAIM_SERVICE,HIGH,pattern_match,20,6
Account / Policy / Service Detail,Agreement,AD_ORDER_HEADER_DETAIL,HIGH,pattern_match,11,6
Account / Policy / Service Detail,Agreement,ACCOUNT_METRIC,HIGH,pattern_match,8,5
Account / Policy / Service Detail,Agreement,POLICY_ASSET_COVERAGE_METRIC,HIGH,pattern_match,16,5
Account / Policy / Service Detail,Agreement,POLICY_COVERAGE_METRIC,HIGH,pattern_match,15,5
Account / Policy / Service Detail,Agreement,POLICY_INSURABLE_COVERAGE_METRIC,HIGH,pattern_match,16,5
Account / Policy / Service Detail,Agreement,POLICY_INSURABLE_INTEREST,HIGH,pattern_match,5,5
Account / Policy / Service Detail,Agreement,POLICY_PARTY_COVERAGE_METRIC,HIGH,pattern_match,17,5
Account / Policy / Service Detail,Agreement,CLAIM_SERVICE_AMOUNT,HIGH,pattern_match,9,5
Account / Policy / Service Detail,Agreement,PARTY_CLAIM_SERVICE,HIGH,pattern_match,8,5
Account / Policy / Service Detail,Agreement,PARTY_CLAIM_SERVICE_DIAGNOSIS_AMOUNT,HIGH,pattern_match,14,5
Account / Policy / Service Detail,Agreement,PROFESSIONAL_CLAIM_SERVICE_DRUG,HIGH,pattern_match,14,5
Account / Policy / Service Detail,Agreement,GL_MAIN_ACCOUNT_SCHEME_TYPE,HIGH,pattern_match,5,4
Account / Policy / Service Detail,Agreement,POLICY_INSURABLE_COVERAGE_PARTY_METRIC,HIGH,pattern_match,17,4
Account / Policy / Service Detail,Agreement,CLAIM_AUTHORIZATION_SERVICE,HIGH,pattern_match,6,4
Account / Policy / Service Detail,Agreement,CLAIM_AUTHORIZATION_SERVICE_AMOUNT,HIGH,pattern_match,8,4
Account / Policy / Service Detail,Agreement,CLAIM_SERVICE_COVERAGE_AMOUNT,HIGH,pattern_match,10,4
Account Status (open closed active / domant /inactive / closure reason ),Agreement,CHART_OF_ACCOUNTS_CODE,HIGH,pattern_match,5,24
Account Status (open closed active / domant /inactive / closure reason ),Agreement,ACCOUNT,HIGH,exact_match,13,13
Account Status (open closed active / domant /inactive / closure reason ),Agreement,INTERACTIVE_DEVICE,HIGH,pattern_match,11,9
Account Status (open closed active / domant /inactive / closure reason ),Agreement,GL_MAIN_ACCOUNT,HIGH,pattern_match,9,8
Account Status (open closed active / domant /inactive / closure reason ),Agreement,GL_MAIN_ACCOUNT_CLASS_VALUE,HIGH,pattern_match,10,6
Account Status (open closed active / domant /inactive / closure reason ),Agreement,AGREEMENT_STATUS_TYPE,HIGH,pattern_match,3,6
Account Status (open closed active / domant /inactive / closure reason ),Agreement,ACCOUNT_METRIC,HIGH,pattern_match,8,5
Account Status (open closed active / domant /inactive / closure reason ),Agreement,GL_MAIN_ACCOUNT_SCHEME_TYPE,HIGH,pattern_match,5,4
Account Status (open closed active / domant /inactive / closure reason ),Agreement,AGREEMENT_STATUS,HIGH,pattern_match,5,4
Account Status (open closed active / domant /inactive / closure reason ),Agreement,AP_INVOICE_LINE_STATUS,HIGH,pattern_match,6,4
Account Status (open closed active / domant /inactive / closure reason ),Agreement,ASSOCIATE_STATUS,HIGH,pattern_match,5,4
Account Status (open closed active / domant /inactive / closure reason ),Agreement,BASEL_DEFAULT_STATUS_PARAMETER,HIGH,pattern_match,10,4
Account Status (open closed active / domant /inactive / closure reason ),Agreement,INVOICE_STATUS,HIGH,pattern_match,5,4
Account Status (open closed active / domant /inactive / closure reason ),Agreement,PARTY_STATUS,HIGH,pattern_match,5,4
Account Status (open closed active / domant /inactive / closure reason ),Agreement,PO_DELIVERY_RELEASE_STATUS,HIGH,pattern_match,6,4
Account Status (open closed active / domant /inactive / closure reason ),Agreement,PURCHASE_REQUISITION_LINE_STATUS,HIGH,pattern_match,6,4
Account Status (open closed active / domant /inactive / closure reason ),Agreement,PURCHASE_REQUISITION_STATUS,HIGH,pattern_match,5,4
Account Status (open closed active / domant /inactive / closure reason ),Agreement,SERVICE_REQUEST_STATUS,HIGH,pattern_match,5,4
Account Status (open closed active / domant /inactive / closure reason ),Agreement,VENDOR_PO_LINE_STATUS_ASSIGNMENT,HIGH,pattern_match,6,4
Account Status (open closed active / domant /inactive / closure reason ),Agreement,VENDOR_PO_STATUS,HIGH,pattern_match,2,4
Account Status (open closed active / domant /inactive / closure reason ),Agreement,VENDOR_PO_STATUS_ASSIGN,HIGH,pattern_match,5,4
Account Status (open closed active / domant /inactive / closure reason ),Agreement,LIMIT_CHANGE_REASON_TYPE,HIGH,pattern_match,2,4
Account Status (open closed active / domant /inactive / closure reason ),Agreement,RISK_ADJUSTMENT_REASON_TYPE,HIGH,pattern_match,2,4
Account Status (open closed active / domant /inactive / closure reason ),Agreement,VENDOR_PO_REASON,HIGH,pattern_match,2,4
Account Status (open closed active / domant /inactive / closure reason ),Agreement,ACCOUNTING_CURRENCY,HIGH,pattern_match,5,3
Account Status (open closed active / domant /inactive / closure reason ),Agreement,EXPENSE_ACCOUNT_COST_TYPE_XREF,HIGH,pattern_match,3,3
Account Status (open closed active / domant /inactive / closure reason ),Agreement,GL_MAIN_ACCOUNT_CLASS_XREF,HIGH,pattern_match,5,3
Account Status (open closed active / domant /inactive / closure reason ),Agreement,PARTY_ACCOUNT,HIGH,pattern_match,5,3
Account Status (open closed active / domant /inactive / closure reason ),Agreement,PAYMENT_INSTRUCTION_ACCOUNT,HIGH,pattern_match,3,3
Account Status (open closed active / domant /inactive / closure reason ),Agreement,REVENUE_ACCOUNT_REVENUE_TYPE_XREF,HIGH,pattern_match,3,3
Account Terms & Conditions,Agreement,CHART_OF_ACCOUNTS_CODE,HIGH,pattern_match,5,24
Account Terms & Conditions,Agreement,ACCOUNT,HIGH,exact_match,13,13
Account Terms & Conditions,Agreement,GL_MAIN_ACCOUNT,HIGH,pattern_match,9,8
Account Terms & Conditions,Agreement,GL_MAIN_ACCOUNT_CLASS_VALUE,HIGH,pattern_match,10,6
Account Terms & Conditions,Agreement,ACCOUNT_METRIC,HIGH,pattern_match,8,5
Account Terms & Conditions,Agreement,GL_MAIN_ACCOUNT_SCHEME_TYPE,HIGH,pattern_match,5,4
Account Terms & Conditions,Agreement,ACCOUNTING_CURRENCY,HIGH,pattern_match,5,3
Account Terms & Conditions,Agreement,EXPENSE_ACCOUNT_COST_TYPE_XREF,HIGH,pattern_match,3,3
Account Terms & Conditions,Agreement,GL_MAIN_ACCOUNT_CLASS_XREF,HIGH,pattern_match,5,3
Account Terms & Conditions,Agreement,PARTY_ACCOUNT,HIGH,pattern_match,5,3
Account Terms & Conditions,Agreement,PAYMENT_INSTRUCTION_ACCOUNT,HIGH,pattern_match,3,3
Account Terms & Conditions,Agreement,REVENUE_ACCOUNT_REVENUE_TYPE_XREF,HIGH,pattern_match,3,3
Account Terms & Conditions,Agreement,SEARCH_ENGINE_SYSTEM_ACCOUNT,HIGH,pattern_match,8,3
Account Terms & Conditions,Agreement,AGREEMENT_CHART_OF_ACCOUNTS,HIGH,pattern_match,5,2
Account Terms & Conditions,Agreement,AGREEMENT_GROUP_CHART_OF_ACCOUNTS,HIGH,pattern_match,5,2
Account Terms & Conditions,Agreement,BALANCE_SHEET_GL_MAIN_ACCOUNT,HIGH,pattern_match,2,2
Account Terms & Conditions,Agreement,CHART_OF_ACCOUNTS_CODE_TO_SEGMENT,HIGH,pattern_match,6,2
Account Terms & Conditions,Agreement,DEPRECIABLE_ASSET_ACCOUNT_PAYABLE,HIGH,pattern_match,2,2
Account Terms & Conditions,Agreement,EXPENSE_ACCOUNT,HIGH,pattern_match,1,2
Account Terms & Conditions,Agreement,GL_ACCOUNT_COA_CODE_SEGMENT,HIGH,pattern_match,4,2
Account Terms & Conditions,Agreement,GL_MAIN_ACCOUNT_SEGMENT,HIGH,pattern_match,1,2
Account Terms & Conditions,Agreement,GL_MAIN_ACCOUNT_SET_OF_BOOKS_XREF,HIGH,pattern_match,4,2
Account Terms & Conditions,Agreement,GL_MAIN_ACCOUNT_STATUS,HIGH,pattern_match,3,2
Account Terms & Conditions,Agreement,INCOME_STATEMENT_GL_MAIN_ACCOUNT_TYPE,HIGH,pattern_match,2,2
Account Terms & Conditions,Agreement,INTANGIBLE_ASSET_ACCOUNT,HIGH,pattern_match,3,2
Account Terms & Conditions,Agreement,PROJECT_TASK_CHART_OF_ACCOUNTS,HIGH,pattern_match,8,2
Account Terms & Conditions,Agreement,REVENUE_ACCOUNT,HIGH,pattern_match,1,2
Account Terms & Conditions,Agreement,SEARCH_ENGINE_ACCOUNT_CAMPAIGN_XREF,HIGH,pattern_match,2,2
Account Terms & Conditions,Agreement,TRANSACTION_ACCOUNT,HIGH,pattern_match,2,2
Account Terms & Conditions,Agreement,ACCOUNTING_TYPE,HIGH,pattern_match,2,1
Account Feature Usage,Agreement,FEATURE,HIGH,exact_match,8,71
Account Feature Usage,Agreement,CHART_OF_ACCOUNTS_CODE,HIGH,pattern_match,5,24
Account Feature Usage,Agreement,PRODUCT_FEATURE,HIGH,pattern_match,11,17
Account Feature Usage,Agreement,ACCOUNT,HIGH,exact_match,13,13
Account Feature Usage,Agreement,FEATURE_GROUP,HIGH,pattern_match,8,9
Account Feature Usage,Agreement,GL_MAIN_ACCOUNT,HIGH,pattern_match,9,8
Account Feature Usage,Agreement,AGREEMENT_FEATURE,HIGH,pattern_match,16,8
Account Feature Usage,Agreement,AGREEMENT_FEATURE_ROLE_TYPE,HIGH,pattern_match,2,8
Account Feature Usage,Agreement,GL_MAIN_ACCOUNT_CLASS_VALUE,HIGH,pattern_match,10,6
Account Feature Usage,Agreement,FEATURE_CLASS_VALUE,HIGH,pattern_match,10,6
Account Feature Usage,Agreement,PRIVACY_DATA_USAGE,HIGH,pattern_match,2,6
Account Feature Usage,Agreement,ACCOUNT_METRIC,HIGH,pattern_match,8,5
Account Feature Usage,Agreement,AGREEMENT_INSURED_ASSET_FEATURE,HIGH,pattern_match,14,5
Account Feature Usage,Agreement,AGREEMENT_PRODUCT_FEATURE,HIGH,pattern_match,16,5
Account Feature Usage,Agreement,APPLICATION_FEATURE,HIGH,pattern_match,12,5
Account Feature Usage,Agreement,COVERAGE_FEATURE,HIGH,pattern_match,3,5
Account Feature Usage,Agreement,PRODUCT_FEATURE_ELIGIBILITY_TYPE,HIGH,pattern_match,3,5
Account Feature Usage,Agreement,PRODUCT_PACKAGE_FEATURE,HIGH,pattern_match,6,5
Account Feature Usage,Agreement,QUOTATION_FEATURE,HIGH,pattern_match,12,5
Account Feature Usage,Agreement,GL_MAIN_ACCOUNT_SCHEME_TYPE,HIGH,pattern_match,5,4
Account Feature Usage,Agreement,AGREEMENT_FEATURE_METRIC,HIGH,pattern_match,12,4
Account Feature Usage,Agreement,AGREEMENT_FEATURE_RELATED,HIGH,pattern_match,15,4
Account Feature Usage,Agreement,AGREEMENT_PRODUCT_FEATURE_RELATED,HIGH,pattern_match,16,4
Account Feature Usage,Agreement,APPLICATION_FEATURE_RELATED,HIGH,pattern_match,15,4
Account Feature Usage,Agreement,FEATURE_CLASS_SCHEME_TYPE,HIGH,pattern_match,5,4
Account Feature Usage,Agreement,FEATURE_DEMOGRAPHIC_ELIGIBILITY,HIGH,pattern_match,6,4
Account Feature Usage,Agreement,FEATURE_GROUP_METRIC,HIGH,pattern_match,7,4
Account Feature Usage,Agreement,FEATURE_RISK_GRADE_ELIGIBILITY_RULE,HIGH,pattern_match,6,4
Account Feature Usage,Agreement,PRODUCT_FEATURE_DEMOGRAPHIC_ELIGIBILITY,HIGH,pattern_match,9,4
Account Feature Usage,Agreement,PRODUCT_FEATURE_PERIL,HIGH,pattern_match,7,4
"Application Data (New Customer, New Product)",Agreement,PRODUCT,HIGH,exact_match,12,88
"Application Data (New Customer, New Product)",Agreement,PRODUCT_GROUP,HIGH,pattern_match,8,43
"Application Data (New Customer, New Product)",Agreement,INVESTMENT_PRODUCT,HIGH,pattern_match,11,33
"Application Data (New Customer, New Product)",Agreement,APPLICATION,HIGH,exact_match,13,32
"Application Data (New Customer, New Product)",Agreement,DATA_SOURCE_TYPE,HIGH,pattern_match,2,27
"Application Data (New Customer, New Product)",Agreement,ONLINE_APPLICATION_ACCESS,HIGH,pattern_match,22,20
"Application Data (New Customer, New Product)",Agreement,PRODUCT_FEATURE,HIGH,pattern_match,11,17
"Application Data (New Customer, New Product)",Agreement,ONLINE_APPLICATION_PROGRAM,HIGH,pattern_match,7,13
"Application Data (New Customer, New Product)",Agreement,TRADE_SETTLEMENT_PRODUCT_GROUP,HIGH,pattern_match,13,10
"Application Data (New Customer, New Product)",Agreement,PORTFOLIO_PRODUCT_AGREEMENT_HOLDING,HIGH,pattern_match,10,9
"Application Data (New Customer, New Product)",Agreement,ONLINE_APPLICATION_PROGRAM_VERSION,HIGH,pattern_match,2,8
"Application Data (New Customer, New Product)",Agreement,PRODUCT_PARTY,HIGH,pattern_match,5,8
"Application Data (New Customer, New Product)",Agreement,OPTION_PRODUCT,HIGH,pattern_match,13,7
"Application Data (New Customer, New Product)",Agreement,PORTFOLIO_PRODUCT_HOLDING,HIGH,pattern_match,7,7
"Application Data (New Customer, New Product)",Agreement,PRIVACY_DATA_USAGE,HIGH,pattern_match,2,6
"Application Data (New Customer, New Product)",Agreement,AGREEMENT_PRODUCT,HIGH,pattern_match,5,6
"Application Data (New Customer, New Product)",Agreement,PRODUCT_CLASS_VALUE,HIGH,pattern_match,10,6
"Application Data (New Customer, New Product)",Agreement,PRODUCT_GROUP_METRIC,HIGH,pattern_match,11,6
"Application Data (New Customer, New Product)",Agreement,PRODUCT_IDENTIFICATION,HIGH,pattern_match,6,6
"Application Data (New Customer, New Product)",Agreement,APPLICATION_FEATURE,HIGH,pattern_match,12,5
"Application Data (New Customer, New Product)",Agreement,APPLICATION_FORM,HIGH,pattern_match,4,5
"Application Data (New Customer, New Product)",Agreement,APPLICATION_UNDERWRITE_REQUIREMENT,HIGH,pattern_match,3,5
"Application Data (New Customer, New Product)",Agreement,ONLINE_APPLICATION_PROGRAM_GENRE,HIGH,pattern_match,9,5
"Application Data (New Customer, New Product)",Agreement,ONLINE_APPLICATION_PROGRAM_TRAIT_VALUE,HIGH,pattern_match,8,5
"Application Data (New Customer, New Product)",Agreement,AGREEMENT_PRODUCT_FEATURE,HIGH,pattern_match,16,5
"Application Data (New Customer, New Product)",Agreement,PRODUCT_FEATURE_ELIGIBILITY_TYPE,HIGH,pattern_match,3,5
"Application Data (New Customer, New Product)",Agreement,PRODUCT_METRIC,HIGH,pattern_match,12,5
"Application Data (New Customer, New Product)",Agreement,PRODUCT_PACKAGE_FEATURE,HIGH,pattern_match,6,5
"Application Data (New Customer, New Product)",Agreement,PRODUCT_RISK_GRADE,HIGH,pattern_match,6,5
"Application Data (New Customer, New Product)",Agreement,APPLICATION_FEATURE_RELATED,HIGH,pattern_match,15,4
Coverage (insurance),Agreement,CLAIM_COVERAGE,HIGH,pattern_match,3,9
Coverage (insurance),Agreement,POLICY_INSURABLE_COVERAGE,HIGH,pattern_match,7,7
Coverage (insurance),Agreement,CLAIM_COVERAGE_AMOUNT,HIGH,pattern_match,6,5
Coverage (insurance),Agreement,CLAIM_COVERAGE_INSURABLE_INTEREST,HIGH,pattern_match,3,5
Coverage (insurance),Agreement,COVERAGE_FEATURE,HIGH,pattern_match,3,5
Coverage (insurance),Agreement,INSURANCE_COVERAGE_TYPE,HIGH,pattern_match,3,5
Coverage (insurance),Agreement,POLICY_ASSET_COVERAGE_METRIC,HIGH,pattern_match,16,5
Coverage (insurance),Agreement,POLICY_COVERAGE_METRIC,HIGH,pattern_match,15,5
Coverage (insurance),Agreement,POLICY_INSURABLE_COVERAGE_METRIC,HIGH,pattern_match,16,5
Coverage (insurance),Agreement,POLICY_PARTY_COVERAGE_METRIC,HIGH,pattern_match,17,5
Coverage (insurance),Agreement,AGREEMENT_COVERAGE_EVENT,HIGH,pattern_match,9,4
Coverage (insurance),Agreement,CLAIM_COVERAGE_INSURABLE_INTEREST_AMOUNT,HIGH,pattern_match,9,4
Coverage (insurance),Agreement,CLAIM_SERVICE_COVERAGE_AMOUNT,HIGH,pattern_match,10,4
Coverage (insurance),Agreement,POLICY_INSURABLE_COVERAGE_PARTY_METRIC,HIGH,pattern_match,17,4
Coverage (insurance),Agreement,CLAIM_COVERAGE_ADJUDICATION,HIGH,pattern_match,3,3
Coverage (insurance),Agreement,CLAIM_COVERAGE_ADJUDICATION_AMOUNT,HIGH,pattern_match,6,3
Coverage (insurance),Agreement,CLAIM_COVERAGE_INSURABLE_INTEREST_REINSURANCE,HIGH,pattern_match,4,3
Coverage (insurance),Agreement,CLAIM_COVERAGE_STATUS,HIGH,pattern_match,5,3
Coverage (insurance),Agreement,CLAIM_COVERAGE_TEXT,HIGH,pattern_match,5,3
Coverage (insurance),Agreement,CLAIM_SERVICE_COVERAGE,HIGH,pattern_match,5,3
Coverage (insurance),Agreement,OTHER_PARTY_INSURANCE_COVERAGE,HIGH,pattern_match,9,3
Coverage (insurance),Agreement,PARTY_ASSET_INSURANCE_COVERAGE,HIGH,pattern_match,9,3
Coverage (insurance),Agreement,POLICY_INSURABLE_COVERAGE_PARTY,HIGH,pattern_match,9,3
Coverage (insurance),Agreement,CLAIM_COVERAGE_COST_RECOVERY,HIGH,pattern_match,8,2
Coverage (insurance),Agreement,CLAIM_COVERAGE_LEGAL_ACTION,HIGH,pattern_match,3,2
Coverage (insurance),Agreement,CLAIM_COVERAGE_SCORE,HIGH,pattern_match,5,2
Coverage (insurance),Agreement,CLAIM_COVERAGE_TEXT_SECTION,HIGH,pattern_match,5,2
Coverage (insurance),Agreement,FEATURE_UNIFIED_COVERAGE,HIGH,pattern_match,4,2
Coverage (insurance),Agreement,POLICY_INSURABLE_INTEREST_COVERAGE_STATUS,HIGH,pattern_match,10,2
Coverage (insurance),Agreement,REINSURANCE_UNDERLYING_COVERAGE,HIGH,pattern_match,9,2
Account Balances,Agreement,AGREEMENT_BALANCE_TYPE_METRIC,HIGH,pattern_match,11,6
Account Balances,Agreement,ACCOUNT_METRIC,HIGH,exact_match,8,5
Account Balances,Agreement,PARTY_AGREEMENT_BALANCE_SUMMARY,HIGH,pattern_match,9,2
Account Balances,Agreement,AGREEMENT_SUMMARY,HIGH,exact_match,44,2
Account Balances,Agreement,ACCOUNT_METRIC_TYPE,HIGH,pattern_match,2,1
Account Balances,Agreement,DRUG_NDC__GEO,MEDIUM,keyword_match,14,10
Account Balances,Agreement,METROPOLITAN_STATISTICAL_AREA__GEO,MEDIUM,keyword_match,1,5
Account Balances,Agreement,ORGANIZATION_NAICS__GEO,MEDIUM,keyword_match,9,4
Account Balances,Agreement,CENSUS_BLOCK__GEO,MEDIUM,keyword_match,3,3
Account Balances,Agreement,DESIGNATED_MARKET_AREA__GEO,MEDIUM,keyword_match,1,3
Account Balances,Agreement,NAICS_INDUSTRY__GEO,MEDIUM,keyword_match,5,3
Account Balances,Agreement,ORGANIZATION_SIC__GEO,MEDIUM,keyword_match,5,3
Account Balances,Agreement,BALANCE_SHEET_GL_MAIN_ACCOUNT,MEDIUM,keyword_match,2,2
Account Balances,Agreement,CENSUS_BLOCK_GROUP__GEO,MEDIUM,keyword_match,2,2
Account Balances,Agreement,CENSUS_TRACT__GEO,MEDIUM,keyword_match,2,2
Account Balances,Agreement,DEA_DRUG_CLASSIFICATION__GEO,MEDIUM,keyword_match,4,2
Account Balances,Agreement,FORMULARY_DRUG_NDC__GEO,MEDIUM,keyword_match,5,2
Account Balances,Agreement,NAICS_INDUSTRY_GROUP__GEO,MEDIUM,keyword_match,4,2
Account Balances,Agreement,NAICS_NATIONAL_INDUSTRY__GEO,MEDIUM,keyword_match,6,2
Account Balances,Agreement,NAICS_SUBSECTOR__GEO,MEDIUM,keyword_match,3,2
Account Balances,Agreement,ORGANIZATION_NACE__GEO,MEDIUM,keyword_match,8,2
Account Balances,Agreement,BALANCE_SHEET_GL_MAIN_ACCOUNT_TYPE,MEDIUM,keyword_match,2,1
Account Balances,Agreement,DEA_SCHEDULE__GEO,MEDIUM,keyword_match,3,1
Account Balances,Agreement,NAICS_SECTOR__GEO,MEDIUM,keyword_match,2,1
Account Balances,Agreement,ORANGE_BOOK_THERAPEUTIC_EQUIVALENCE_TYPE__GEO,MEDIUM,keyword_match,2,1
Account Balances,Agreement,ASSET_ACCOUNT,MEDIUM,inheritance_subtype,1,1
Account Balances,Agreement,EQUITY_ACCOUNT,MEDIUM,inheritance_subtype,1,1
Account Balances,Agreement,LIABILITY_ACCOUNT,MEDIUM,inheritance_subtype,1,1
Investment Value,Agreement,INVESTMENT_PRODUCT,HIGH,exact_match,11,33
Investment Value,Agreement,INVESTMENT_POSITION,HIGH,exact_match,9,5
Investment Value,Agreement,INVESTMENT_PRODUCT_COMPLEMENTARY_IDENTIFICATION_CODE,HIGH,pattern_match,6,4
Investment Value,Agreement,INVESTMENT_PRODUCT_EVENT,HIGH,pattern_match,7,4
Investment Value,Agreement,INVESTMENT_POSITION_SPECIFIC,HIGH,pattern_match,11,3
Investment Value,Agreement,INVESTMENT_PRODUCT_INDEX,HIGH,pattern_match,3,3
Investment Value,Agreement,ASSET_VALUATION_AMOUNT_TYPE,HIGH,pattern_match,2,2
Investment Value,Agreement,ASSET_VALUATION_METHOD_TYPE,HIGH,pattern_match,2,2
Investment Value,Agreement,INVESTMENT_PRODUCT_CFI,HIGH,pattern_match,3,2
Investment Value,Agreement,INVESTMENT_PRODUCT_GROUP_RISK_FACTOR,HIGH,pattern_match,4,2
Investment Value,Agreement,INVESTMENT_PRODUCT_RISK_FACTOR,HIGH,pattern_match,4,2
Investment Value,Agreement,INVESTMENT_PRODUCT_RISK_METRIC,HIGH,pattern_match,6,2
Investment Value,Agreement,TRADED_INVESTMENT_PRODUCT,HIGH,pattern_match,4,2
Investment Value,Agreement,ASSET_VALUATION_PURPOSE_TYPE,HIGH,pattern_match,2,1
Investment Value,Agreement,INVESTMENT_PRODUCT_EXTERNAL_EVENT_SUBTYPE,HIGH,pattern_match,2,1
Investment Value,Agreement,INVESTMENT_PRODUCT_INDEX_PURPOSE_TYPE,HIGH,pattern_match,2,1
Investment Value,Agreement,INVESTMENT_PRODUCT_SUBTYPE,HIGH,pattern_match,2,1
Investment Value,Agreement,INVESTMENT_PRODUCT_TRADE_SUBTYPE,HIGH,pattern_match,2,1
Investment Value,Agreement,INVESTMENT_PRODUCT_TRADING_SUSPENSION,HIGH,pattern_match,1,0
Investment Value,Agreement,NONTRADED_INVESTMENT_PRODUCT,HIGH,pattern_match,0,0
Investment Value,Agreement,TRADE_ORDER,MEDIUM,inheritance_subtype,47,17
Investment Value,Agreement,BOND,MEDIUM,inheritance_subtype,19,11
Investment Value,Agreement,DRUG_NDC__GEO,MEDIUM,keyword_match,14,10
Investment Value,Agreement,OPTION_PRODUCT,MEDIUM,inheritance_subtype,13,7
Investment Value,Agreement,RISK_FACTOR_INSTRUMENT,MEDIUM,inheritance_subtype,5,7
Investment Value,Agreement,TRADE_EXECUTION,MEDIUM,inheritance_subtype,30,7
Investment Value,Agreement,METROPOLITAN_STATISTICAL_AREA__GEO,MEDIUM,keyword_match,1,5
Investment Value,Agreement,STOCK,MEDIUM,inheritance_subtype,5,5
Investment Value,Agreement,ORGANIZATION_NAICS__GEO,MEDIUM,keyword_match,9,4
Investment Value,Agreement,ASSET-BACKED_SECURITY_PRODUCT,MEDIUM,inheritance_subtype,7,4
Market / Trading Book Positions,Agreement,MARKET_SEGMENT,HIGH,pattern_match,10,18
Market / Trading Book Positions,Agreement,SET_OF_BOOKS,HIGH,pattern_match,8,13
Market / Trading Book Positions,Agreement,SALES_MARKETING_ACTIVITY,HIGH,pattern_match,12,12
Market / Trading Book Positions,Agreement,PASSBOOK,HIGH,pattern_match,5,7
Market / Trading Book Positions,Agreement,ISO_10383_MARKET_IDENTIFIER_CODE,HIGH,pattern_match,7,4
Market / Trading Book Positions,Agreement,MARKET_QUOTATION,HIGH,pattern_match,8,4
Market / Trading Book Positions,Agreement,MARKET_QUOTATION_METRIC_TYPE,HIGH,pattern_match,2,4
Market / Trading Book Positions,Agreement,MARKET_QUOTATION_TIME_PERIOD_METRIC,HIGH,pattern_match,8,4
Market / Trading Book Positions,Agreement,CHECK_BOOK_METRIC,HIGH,pattern_match,10,4
Market / Trading Book Positions,Agreement,AGREEMENT_MARKET_RISK_TYPE,HIGH,pattern_match,7,3
Market / Trading Book Positions,Agreement,DESIGNATED_MARKET_AREA__GEO,HIGH,pattern_match,1,3
Market / Trading Book Positions,Agreement,MARKET_INDEX,HIGH,pattern_match,4,3
Market / Trading Book Positions,Agreement,MARKET_PARTICIPANT_PARAMETER,HIGH,pattern_match,8,3
Market / Trading Book Positions,Agreement,MARKET_PLAN,HIGH,pattern_match,9,3
Market / Trading Book Positions,Agreement,MARKET_QUOTATION_METRIC,HIGH,pattern_match,6,3
Market / Trading Book Positions,Agreement,MARKET_SEGMENT_DEMOGRAPHIC,HIGH,pattern_match,7,3
Market / Trading Book Positions,Agreement,SALES_MARKETING_ACTIVITY_PARTY,HIGH,pattern_match,5,3
Market / Trading Book Positions,Agreement,SALES_MARKETING_ACTIVITY_RELATED_STATUS,HIGH,pattern_match,7,3
Market / Trading Book Positions,Agreement,SALES_MARKETING_ACTIVITY_TEXT_COMMENT,HIGH,pattern_match,5,3
Market / Trading Book Positions,Agreement,INTEREST_RATE_BANKING_BOOK_SUMMARY,HIGH,pattern_match,7,3
Market / Trading Book Positions,Agreement,AGREEMENT_MARKET_RISK_FACTOR,HIGH,pattern_match,4,2
Market / Trading Book Positions,Agreement,CAMPAIGN_TARGET_MARKET,HIGH,pattern_match,4,2
Market / Trading Book Positions,Agreement,CELL_TARGET_MARKET,HIGH,pattern_match,4,2
Market / Trading Book Positions,Agreement,CREDIT_AGREEMENT_SECONDARY_MARKET_STATUS,HIGH,pattern_match,4,2
Market / Trading Book Positions,Agreement,MARKETING_SUPPORT_TYPE,HIGH,pattern_match,2,2
Market / Trading Book Positions,Agreement,MARKET_INDEX_VALUE,HIGH,pattern_match,5,2
Market / Trading Book Positions,Agreement,MARKET_RISK_DERIVATIVE_TREATMENT_PARAMETER,HIGH,pattern_match,5,2
Market / Trading Book Positions,Agreement,MARKET_RISK_HORIZONTAL_DISALLOWANCE_CALCULATION,HIGH,pattern_match,7,2
Market / Trading Book Positions,Agreement,MARKET_SEGMENT_SCHEME,HIGH,pattern_match,4,2
Market / Trading Book Positions,Agreement,PRODUCT_MARKET_SEGMENT,HIGH,pattern_match,4,2
Mark to market valuations,Agreement,MARKET_SEGMENT,HIGH,pattern_match,10,18
Mark to market valuations,Agreement,SALES_MARKETING_ACTIVITY,HIGH,pattern_match,12,12
Mark to market valuations,Agreement,ISO_10383_MARKET_IDENTIFIER_CODE,HIGH,pattern_match,7,4
Mark to market valuations,Agreement,MARKET_QUOTATION,HIGH,pattern_match,8,4
Mark to market valuations,Agreement,MARKET_QUOTATION_METRIC_TYPE,HIGH,pattern_match,2,4
Mark to market valuations,Agreement,MARKET_QUOTATION_TIME_PERIOD_METRIC,HIGH,pattern_match,8,4
Mark to market valuations,Agreement,AGREEMENT_MARKET_RISK_TYPE,HIGH,pattern_match,7,3
Mark to market valuations,Agreement,DESIGNATED_MARKET_AREA__GEO,HIGH,pattern_match,1,3
Mark to market valuations,Agreement,MARKET_INDEX,HIGH,pattern_match,4,3
Mark to market valuations,Agreement,MARKET_PARTICIPANT_PARAMETER,HIGH,pattern_match,8,3
Mark to market valuations,Agreement,MARKET_PLAN,HIGH,pattern_match,9,3
Mark to market valuations,Agreement,MARKET_QUOTATION_METRIC,HIGH,pattern_match,6,3
Mark to market valuations,Agreement,MARKET_SEGMENT_DEMOGRAPHIC,HIGH,pattern_match,7,3
Mark to market valuations,Agreement,SALES_MARKETING_ACTIVITY_PARTY,HIGH,pattern_match,5,3
Mark to market valuations,Agreement,SALES_MARKETING_ACTIVITY_RELATED_STATUS,HIGH,pattern_match,7,3
Mark to market valuations,Agreement,SALES_MARKETING_ACTIVITY_TEXT_COMMENT,HIGH,pattern_match,5,3
Mark to market valuations,Agreement,AGREEMENT_MARKET_RISK_FACTOR,HIGH,pattern_match,4,2
Mark to market valuations,Agreement,CAMPAIGN_TARGET_MARKET,HIGH,pattern_match,4,2
Mark to market valuations,Agreement,CELL_TARGET_MARKET,HIGH,pattern_match,4,2
Mark to market valuations,Agreement,CREDIT_AGREEMENT_SECONDARY_MARKET_STATUS,HIGH,pattern_match,4,2
Mark to market valuations,Agreement,MARKETING_SUPPORT_TYPE,HIGH,pattern_match,2,2
Mark to market valuations,Agreement,MARKET_INDEX_VALUE,HIGH,pattern_match,5,2
Mark to market valuations,Agreement,MARKET_RISK_DERIVATIVE_TREATMENT_PARAMETER,HIGH,pattern_match,5,2
Mark to market valuations,Agreement,MARKET_RISK_HORIZONTAL_DISALLOWANCE_CALCULATION,HIGH,pattern_match,7,2
Mark to market valuations,Agreement,MARKET_SEGMENT_SCHEME,HIGH,pattern_match,4,2
Mark to market valuations,Agreement,PRODUCT_MARKET_SEGMENT,HIGH,pattern_match,4,2
Mark to market valuations,Agreement,SALES_MARKETING_ACTIVITY_CONTACT,HIGH,pattern_match,2,2
Mark to market valuations,Agreement,SALES_MARKETING_ACTIVITY_LOCATOR,HIGH,pattern_match,4,2
Mark to market valuations,Agreement,SALES_MARKETING_ACTIVITY_RELATED,HIGH,pattern_match,5,2
Mark to market valuations,Agreement,SALES_MARKETING_ACTIVITY_STATUS,HIGH,pattern_match,4,2
Cashflow Projections,Agreement,DRUG_NDC__GEO,MEDIUM,keyword_match,14,10
Cashflow Projections,Agreement,METROPOLITAN_STATISTICAL_AREA__GEO,MEDIUM,keyword_match,1,5
Cashflow Projections,Agreement,ORGANIZATION_NAICS__GEO,MEDIUM,keyword_match,9,4
Cashflow Projections,Agreement,CENSUS_BLOCK__GEO,MEDIUM,keyword_match,3,3
Cashflow Projections,Agreement,DESIGNATED_MARKET_AREA__GEO,MEDIUM,keyword_match,1,3
Cashflow Projections,Agreement,NAICS_INDUSTRY__GEO,MEDIUM,keyword_match,5,3
Cashflow Projections,Agreement,ORGANIZATION_SIC__GEO,MEDIUM,keyword_match,5,3
Cashflow Projections,Agreement,CENSUS_BLOCK_GROUP__GEO,MEDIUM,keyword_match,2,2
Cashflow Projections,Agreement,CENSUS_TRACT__GEO,MEDIUM,keyword_match,2,2
Cashflow Projections,Agreement,DEA_DRUG_CLASSIFICATION__GEO,MEDIUM,keyword_match,4,2
Cashflow Projections,Agreement,FORMULARY_DRUG_NDC__GEO,MEDIUM,keyword_match,5,2
Cashflow Projections,Agreement,NAICS_INDUSTRY_GROUP__GEO,MEDIUM,keyword_match,4,2
Cashflow Projections,Agreement,NAICS_NATIONAL_INDUSTRY__GEO,MEDIUM,keyword_match,6,2
Cashflow Projections,Agreement,NAICS_SUBSECTOR__GEO,MEDIUM,keyword_match,3,2
Cashflow Projections,Agreement,ORGANIZATION_NACE__GEO,MEDIUM,keyword_match,8,2
Cashflow Projections,Agreement,DEA_SCHEDULE__GEO,MEDIUM,keyword_match,3,1
Cashflow Projections,Agreement,NAICS_SECTOR__GEO,MEDIUM,keyword_match,2,1
Cashflow Projections,Agreement,ORANGE_BOOK_THERAPEUTIC_EQUIVALENCE_TYPE__GEO,MEDIUM,keyword_match,2,1
Account Maturity Dates & Repricing Schedules,Agreement,CHART_OF_ACCOUNTS_CODE,HIGH,pattern_match,5,24
Account Maturity Dates & Repricing Schedules,Agreement,ACCOUNT,HIGH,exact_match,13,13
Account Maturity Dates & Repricing Schedules,Agreement,GL_MAIN_ACCOUNT,HIGH,pattern_match,9,8
Account Maturity Dates & Repricing Schedules,Agreement,GL_MAIN_ACCOUNT_CLASS_VALUE,HIGH,pattern_match,10,6
Account Maturity Dates & Repricing Schedules,Agreement,ACCOUNT_METRIC,HIGH,pattern_match,8,5
Account Maturity Dates & Repricing Schedules,Agreement,GL_MAIN_ACCOUNT_SCHEME_TYPE,HIGH,pattern_match,5,4
Account Maturity Dates & Repricing Schedules,Agreement,ASSET_CLASS_MATURITY_RISK_GRADE,HIGH,pattern_match,9,4
Account Maturity Dates & Repricing Schedules,Agreement,CREDIT_MATURITY_SUMMARY,HIGH,pattern_match,10,4
Account Maturity Dates & Repricing Schedules,Agreement,ACCOUNTING_CURRENCY,HIGH,pattern_match,5,3
Account Maturity Dates & Repricing Schedules,Agreement,EXPENSE_ACCOUNT_COST_TYPE_XREF,HIGH,pattern_match,3,3
Account Maturity Dates & Repricing Schedules,Agreement,GL_MAIN_ACCOUNT_CLASS_XREF,HIGH,pattern_match,5,3
Account Maturity Dates & Repricing Schedules,Agreement,PARTY_ACCOUNT,HIGH,pattern_match,5,3
Account Maturity Dates & Repricing Schedules,Agreement,PAYMENT_INSTRUCTION_ACCOUNT,HIGH,pattern_match,3,3
Account Maturity Dates & Repricing Schedules,Agreement,REVENUE_ACCOUNT_REVENUE_TYPE_XREF,HIGH,pattern_match,3,3
Account Maturity Dates & Repricing Schedules,Agreement,SEARCH_ENGINE_SYSTEM_ACCOUNT,HIGH,pattern_match,8,3
Account Maturity Dates & Repricing Schedules,Agreement,AGREEMENT_CHART_OF_ACCOUNTS,HIGH,pattern_match,5,2
Account Maturity Dates & Repricing Schedules,Agreement,AGREEMENT_GROUP_CHART_OF_ACCOUNTS,HIGH,pattern_match,5,2
Account Maturity Dates & Repricing Schedules,Agreement,BALANCE_SHEET_GL_MAIN_ACCOUNT,HIGH,pattern_match,2,2
Account Maturity Dates & Repricing Schedules,Agreement,CHART_OF_ACCOUNTS_CODE_TO_SEGMENT,HIGH,pattern_match,6,2
Account Maturity Dates & Repricing Schedules,Agreement,DEPRECIABLE_ASSET_ACCOUNT_PAYABLE,HIGH,pattern_match,2,2
Account Maturity Dates & Repricing Schedules,Agreement,EXPENSE_ACCOUNT,HIGH,pattern_match,1,2
Account Maturity Dates & Repricing Schedules,Agreement,GL_ACCOUNT_COA_CODE_SEGMENT,HIGH,pattern_match,4,2
Account Maturity Dates & Repricing Schedules,Agreement,GL_MAIN_ACCOUNT_SEGMENT,HIGH,pattern_match,1,2
Account Maturity Dates & Repricing Schedules,Agreement,GL_MAIN_ACCOUNT_SET_OF_BOOKS_XREF,HIGH,pattern_match,4,2
Account Maturity Dates & Repricing Schedules,Agreement,GL_MAIN_ACCOUNT_STATUS,HIGH,pattern_match,3,2
Account Maturity Dates & Repricing Schedules,Agreement,INCOME_STATEMENT_GL_MAIN_ACCOUNT_TYPE,HIGH,pattern_match,2,2
Account Maturity Dates & Repricing Schedules,Agreement,INTANGIBLE_ASSET_ACCOUNT,HIGH,pattern_match,3,2
Account Maturity Dates & Repricing Schedules,Agreement,PROJECT_TASK_CHART_OF_ACCOUNTS,HIGH,pattern_match,8,2
Account Maturity Dates & Repricing Schedules,Agreement,REVENUE_ACCOUNT,HIGH,pattern_match,1,2
Account Maturity Dates & Repricing Schedules,Agreement,SEARCH_ENGINE_ACCOUNT_CAMPAIGN_XREF,HIGH,pattern_match,2,2
Account Repayment Schedules,Agreement,CHART_OF_ACCOUNTS_CODE,HIGH,pattern_match,5,24
Account Repayment Schedules,Agreement,ACCOUNT,HIGH,exact_match,13,13
Account Repayment Schedules,Agreement,GL_MAIN_ACCOUNT,HIGH,pattern_match,9,8
Account Repayment Schedules,Agreement,GL_MAIN_ACCOUNT_CLASS_VALUE,HIGH,pattern_match,10,6
Account Repayment Schedules,Agreement,ACCOUNT_METRIC,HIGH,pattern_match,8,5
Account Repayment Schedules,Agreement,GL_MAIN_ACCOUNT_SCHEME_TYPE,HIGH,pattern_match,5,4
Account Repayment Schedules,Agreement,ACCOUNTING_CURRENCY,HIGH,pattern_match,5,3
Account Repayment Schedules,Agreement,EXPENSE_ACCOUNT_COST_TYPE_XREF,HIGH,pattern_match,3,3
Account Repayment Schedules,Agreement,GL_MAIN_ACCOUNT_CLASS_XREF,HIGH,pattern_match,5,3
Account Repayment Schedules,Agreement,PARTY_ACCOUNT,HIGH,pattern_match,5,3
Account Repayment Schedules,Agreement,PAYMENT_INSTRUCTION_ACCOUNT,HIGH,pattern_match,3,3
Account Repayment Schedules,Agreement,REVENUE_ACCOUNT_REVENUE_TYPE_XREF,HIGH,pattern_match,3,3
Account Repayment Schedules,Agreement,SEARCH_ENGINE_SYSTEM_ACCOUNT,HIGH,pattern_match,8,3
Account Repayment Schedules,Agreement,AGREEMENT_CHART_OF_ACCOUNTS,HIGH,pattern_match,5,2
Account Repayment Schedules,Agreement,AGREEMENT_GROUP_CHART_OF_ACCOUNTS,HIGH,pattern_match,5,2
Account Repayment Schedules,Agreement,BALANCE_SHEET_GL_MAIN_ACCOUNT,HIGH,pattern_match,2,2
Account Repayment Schedules,Agreement,CHART_OF_ACCOUNTS_CODE_TO_SEGMENT,HIGH,pattern_match,6,2
Account Repayment Schedules,Agreement,DEPRECIABLE_ASSET_ACCOUNT_PAYABLE,HIGH,pattern_match,2,2
Account Repayment Schedules,Agreement,EXPENSE_ACCOUNT,HIGH,pattern_match,1,2
Account Repayment Schedules,Agreement,GL_ACCOUNT_COA_CODE_SEGMENT,HIGH,pattern_match,4,2
Account Repayment Schedules,Agreement,GL_MAIN_ACCOUNT_SEGMENT,HIGH,pattern_match,1,2
Account Repayment Schedules,Agreement,GL_MAIN_ACCOUNT_SET_OF_BOOKS_XREF,HIGH,pattern_match,4,2
Account Repayment Schedules,Agreement,GL_MAIN_ACCOUNT_STATUS,HIGH,pattern_match,3,2
Account Repayment Schedules,Agreement,INCOME_STATEMENT_GL_MAIN_ACCOUNT_TYPE,HIGH,pattern_match,2,2
Account Repayment Schedules,Agreement,INTANGIBLE_ASSET_ACCOUNT,HIGH,pattern_match,3,2
Account Repayment Schedules,Agreement,PROJECT_TASK_CHART_OF_ACCOUNTS,HIGH,pattern_match,8,2
Account Repayment Schedules,Agreement,REVENUE_ACCOUNT,HIGH,pattern_match,1,2
Account Repayment Schedules,Agreement,SEARCH_ENGINE_ACCOUNT_CAMPAIGN_XREF,HIGH,pattern_match,2,2
Account Repayment Schedules,Agreement,TRANSACTION_ACCOUNT,HIGH,pattern_match,2,2
Account Repayment Schedules,Agreement,ACCOUNTING_TYPE,HIGH,pattern_match,2,1
Amortisation Schedules,Agreement,BOND_AMORTIZATION_SCHEDULE,HIGH,pattern_match,3,1
Amortisation Schedules,Agreement,SWAP_LEG_AMORTIZATION_SCHEDULE,HIGH,pattern_match,4,1
Amortisation Schedules,Agreement,DRUG_NDC__GEO,MEDIUM,keyword_match,14,10
Amortisation Schedules,Agreement,METROPOLITAN_STATISTICAL_AREA__GEO,MEDIUM,keyword_match,1,5
Amortisation Schedules,Agreement,ORGANIZATION_NAICS__GEO,MEDIUM,keyword_match,9,4
Amortisation Schedules,Agreement,CENSUS_BLOCK__GEO,MEDIUM,keyword_match,3,3
Amortisation Schedules,Agreement,DESIGNATED_MARKET_AREA__GEO,MEDIUM,keyword_match,1,3
Amortisation Schedules,Agreement,NAICS_INDUSTRY__GEO,MEDIUM,keyword_match,5,3
Amortisation Schedules,Agreement,ORGANIZATION_SIC__GEO,MEDIUM,keyword_match,5,3
Amortisation Schedules,Agreement,CENSUS_BLOCK_GROUP__GEO,MEDIUM,keyword_match,2,2
Amortisation Schedules,Agreement,CENSUS_TRACT__GEO,MEDIUM,keyword_match,2,2
Amortisation Schedules,Agreement,DEA_DRUG_CLASSIFICATION__GEO,MEDIUM,keyword_match,4,2
Amortisation Schedules,Agreement,FORMULARY_DRUG_NDC__GEO,MEDIUM,keyword_match,5,2
Amortisation Schedules,Agreement,NAICS_INDUSTRY_GROUP__GEO,MEDIUM,keyword_match,4,2
Amortisation Schedules,Agreement,NAICS_NATIONAL_INDUSTRY__GEO,MEDIUM,keyword_match,6,2
Amortisation Schedules,Agreement,NAICS_SUBSECTOR__GEO,MEDIUM,keyword_match,3,2
Amortisation Schedules,Agreement,ORGANIZATION_NACE__GEO,MEDIUM,keyword_match,8,2
Amortisation Schedules,Agreement,DEA_SCHEDULE__GEO,MEDIUM,keyword_match,3,1
Amortisation Schedules,Agreement,NAICS_SECTOR__GEO,MEDIUM,keyword_match,2,1
Amortisation Schedules,Agreement,ORANGE_BOOK_THERAPEUTIC_EQUIVALENCE_TYPE__GEO,MEDIUM,keyword_match,2,1
Customer Illustrations,Agreement,CUSTOMER_LOCATION_TYPE,HIGH,pattern_match,2,1
Customer Illustrations,Agreement,CUSTOMER_PORTFOLIO_EVENT,HIGH,pattern_match,1,1
Customer Illustrations,Agreement,CUSTOMER_TONE_TYPE,HIGH,pattern_match,2,1
Customer Illustrations,Agreement,CUSTOMER_AGREEMENT_AS_COLLATERAL_AGREEMENT,HIGH,pattern_match,0,0
Customer Illustrations,Agreement,CUSTOMER_INVESTMENT_AGREEMENT,HIGH,pattern_match,0,0
Customer Illustrations,Agreement,CUSTOMER_MARGIN_AGREEMENT,HIGH,pattern_match,0,0
Customer Illustrations,Agreement,CUSTOMER_TRANSACTION_FRAUD,HIGH,pattern_match,0,0
Customer Illustrations,Agreement,DRUG_NDC__GEO,MEDIUM,keyword_match,14,10
Customer Illustrations,Agreement,METROPOLITAN_STATISTICAL_AREA__GEO,MEDIUM,keyword_match,1,5
Customer Illustrations,Agreement,ORGANIZATION_NAICS__GEO,MEDIUM,keyword_match,9,4
Customer Illustrations,Agreement,CENSUS_BLOCK__GEO,MEDIUM,keyword_match,3,3
Customer Illustrations,Agreement,DESIGNATED_MARKET_AREA__GEO,MEDIUM,keyword_match,1,3
Customer Illustrations,Agreement,NAICS_INDUSTRY__GEO,MEDIUM,keyword_match,5,3
Customer Illustrations,Agreement,ORGANIZATION_SIC__GEO,MEDIUM,keyword_match,5,3
Customer Illustrations,Agreement,CENSUS_BLOCK_GROUP__GEO,MEDIUM,keyword_match,2,2
Customer Illustrations,Agreement,CENSUS_TRACT__GEO,MEDIUM,keyword_match,2,2
Customer Illustrations,Agreement,DEA_DRUG_CLASSIFICATION__GEO,MEDIUM,keyword_match,4,2
Customer Illustrations,Agreement,FORMULARY_DRUG_NDC__GEO,MEDIUM,keyword_match,5,2
Customer Illustrations,Agreement,NAICS_INDUSTRY_GROUP__GEO,MEDIUM,keyword_match,4,2
Customer Illustrations,Agreement,NAICS_NATIONAL_INDUSTRY__GEO,MEDIUM,keyword_match,6,2
Customer Illustrations,Agreement,NAICS_SUBSECTOR__GEO,MEDIUM,keyword_match,3,2
Customer Illustrations,Agreement,ORGANIZATION_NACE__GEO,MEDIUM,keyword_match,8,2
Customer Illustrations,Agreement,DEA_SCHEDULE__GEO,MEDIUM,keyword_match,3,1
Customer Illustrations,Agreement,NAICS_SECTOR__GEO,MEDIUM,keyword_match,2,1
Customer Illustrations,Agreement,ORANGE_BOOK_THERAPEUTIC_EQUIVALENCE_TYPE__GEO,MEDIUM,keyword_match,2,1
Customer Quotes,Agreement,CUSTOMER_LOCATION_TYPE,HIGH,pattern_match,2,1
Customer Quotes,Agreement,CUSTOMER_PORTFOLIO_EVENT,HIGH,pattern_match,1,1
Customer Quotes,Agreement,CUSTOMER_TONE_TYPE,HIGH,pattern_match,2,1
Customer Quotes,Agreement,CUSTOMER_AGREEMENT_AS_COLLATERAL_AGREEMENT,HIGH,pattern_match,0,0
Customer Quotes,Agreement,CUSTOMER_INVESTMENT_AGREEMENT,HIGH,pattern_match,0,0
Customer Quotes,Agreement,CUSTOMER_MARGIN_AGREEMENT,HIGH,pattern_match,0,0
Customer Quotes,Agreement,CUSTOMER_TRANSACTION_FRAUD,HIGH,pattern_match,0,0
Customer Quotes,Agreement,DRUG_NDC__GEO,MEDIUM,keyword_match,14,10
Customer Quotes,Agreement,METROPOLITAN_STATISTICAL_AREA__GEO,MEDIUM,keyword_match,1,5
Customer Quotes,Agreement,ORGANIZATION_NAICS__GEO,MEDIUM,keyword_match,9,4
Customer Quotes,Agreement,CENSUS_BLOCK__GEO,MEDIUM,keyword_match,3,3
Customer Quotes,Agreement,DESIGNATED_MARKET_AREA__GEO,MEDIUM,keyword_match,1,3
Customer Quotes,Agreement,NAICS_INDUSTRY__GEO,MEDIUM,keyword_match,5,3
Customer Quotes,Agreement,ORGANIZATION_SIC__GEO,MEDIUM,keyword_match,5,3
Customer Quotes,Agreement,CENSUS_BLOCK_GROUP__GEO,MEDIUM,keyword_match,2,2
Customer Quotes,Agreement,CENSUS_TRACT__GEO,MEDIUM,keyword_match,2,2
Customer Quotes,Agreement,DEA_DRUG_CLASSIFICATION__GEO,MEDIUM,keyword_match,4,2
Customer Quotes,Agreement,FORMULARY_DRUG_NDC__GEO,MEDIUM,keyword_match,5,2
Customer Quotes,Agreement,NAICS_INDUSTRY_GROUP__GEO,MEDIUM,keyword_match,4,2
Customer Quotes,Agreement,NAICS_NATIONAL_INDUSTRY__GEO,MEDIUM,keyword_match,6,2
Customer Quotes,Agreement,NAICS_SUBSECTOR__GEO,MEDIUM,keyword_match,3,2
Customer Quotes,Agreement,ORGANIZATION_NACE__GEO,MEDIUM,keyword_match,8,2
Customer Quotes,Agreement,DEA_SCHEDULE__GEO,MEDIUM,keyword_match,3,1
Customer Quotes,Agreement,NAICS_SECTOR__GEO,MEDIUM,keyword_match,2,1
Customer Quotes,Agreement,ORANGE_BOOK_THERAPEUTIC_EQUIVALENCE_TYPE__GEO,MEDIUM,keyword_match,2,1
Collateral Agreements,Agreement,COLLATERAL_ITEM,HIGH,pattern_match,4,12
Collateral Agreements,Agreement,BASEL_COLLATERAL_HAIRCUT_PARAMETER,HIGH,pattern_match,15,7
Collateral Agreements,Agreement,COMMUNICATION_COLLATERAL,HIGH,pattern_match,7,7
Collateral Agreements,Agreement,BASEL_ELIGIBLE_COLLATERAL_PARAMETER,HIGH,pattern_match,10,5
Collateral Agreements,Agreement,COLLATERAL_ITEM_VALUE,HIGH,pattern_match,14,5
Collateral Agreements,Agreement,COLLATERALIZED_EXPOSURE,HIGH,pattern_match,14,4
Collateral Agreements,Agreement,AGREEMENT_COLLATERAL_ITEM,HIGH,pattern_match,5,3
Collateral Agreements,Agreement,ASSET_COLLATERAL_ITEM,HIGH,pattern_match,5,3
Collateral Agreements,Agreement,ASSET_COLLATERAL_ROLE_TYPE,HIGH,pattern_match,2,3
Collateral Agreements,Agreement,COLLATERALIZED_EXPOSURE_ADJUSTMENT,HIGH,pattern_match,10,3
Collateral Agreements,Agreement,COLLATERAL_ITEM_ADJUSTMENT,HIGH,pattern_match,8,3
Collateral Agreements,Agreement,COLLATERAL_ITEM_CLASS_XREF,HIGH,pattern_match,5,3
Collateral Agreements,Agreement,EXPOSURE_AGREEMENT_COLLATERAL_ITEM,HIGH,pattern_match,5,3
Collateral Agreements,Agreement,PORTFOLIO_COLLATERAL_ITEM,HIGH,pattern_match,10,3
Collateral Agreements,Agreement,CAMPAIGN_COLLATERAL,HIGH,pattern_match,3,2
Collateral Agreements,Agreement,COLLATERAL_ITEM_GROUPED,HIGH,pattern_match,4,2
Collateral Agreements,Agreement,COLLATERAL_ITEM_RISK_METRIC,HIGH,pattern_match,7,2
Collateral Agreements,Agreement,COLLATERAL_ITEM_STATUS,HIGH,pattern_match,3,2
Collateral Agreements,Agreement,OFFER_COLLATERAL,HIGH,pattern_match,3,2
Collateral Agreements,Agreement,PROMOTION_COLLATERAL,HIGH,pattern_match,3,2
Collateral Agreements,Agreement,BASEL_II_LGD_NO_COLLATERAL_PARAMETER,HIGH,pattern_match,5,1
Collateral Agreements,Agreement,COLLATERAL_AGREEMENT,HIGH,pattern_match,2,1
Collateral Agreements,Agreement,COLLATERAL_AGREEMENT_COVERAGE,HIGH,pattern_match,8,1
Collateral Agreements,Agreement,COLLATERAL_AGREEMENT_TYPE,HIGH,pattern_match,2,1
Collateral Agreements,Agreement,COLLATERAL_ITEM_GROUP,HIGH,pattern_match,5,1
Collateral Agreements,Agreement,COLLATERAL_ITEM_STATUS_TYPE,HIGH,pattern_match,2,1
Collateral Agreements,Agreement,COLLATERAL_ITEM_TYPE,HIGH,pattern_match,2,1
Collateral Agreements,Agreement,COMMUNICATION_COLLATERAL_TYPE,HIGH,pattern_match,2,1
Collateral Agreements,Agreement,APPLICATION_COLLATERAL_ASSET,HIGH,pattern_match,2,0
Collateral Agreements,Agreement,COLLATERALIZED_DEBT_OBLIGATION,HIGH,pattern_match,0,0
Risk Exposures,Agreement,CREDIT_RISK_SUMMARY,HIGH,pattern_match,23,8
Risk Exposures,Agreement,AGREEMENT_RISK_METRIC,HIGH,exact_match,54,3
Risk Exposures,Agreement,AGREEMENT_CREDIT_RISK_TYPE_METRIC,HIGH,pattern_match,7,3
Risk Exposures,Agreement,RISK_EXPOSURE_MITIGANT_SUBTYPE,HIGH,pattern_match,2,1
Risk Exposures,Agreement,AGREEMENT_RISK_METRIC_INTERNAL_INVESTMENT,HIGH,pattern_match,3,0
Risk Exposures,Agreement,AGREEMENT_RISK_METRIC_OFF_BALANCE_SHEET,HIGH,pattern_match,4,0
Risk Exposures,Agreement,AGREEMENT_RISK_METRIC_OTC_DERIVATIVE,HIGH,pattern_match,1,0
Risk Exposures,Agreement,AGREEMENT_RISK_METRIC_PURCHASED_RECEIVABLE,HIGH,pattern_match,2,0
Risk Exposures,Agreement,AGREEMENT_RISK_METRIC_SECURITIZATION,HIGH,pattern_match,7,0
Risk Exposures,Agreement,DRUG_NDC__GEO,MEDIUM,keyword_match,14,10
Risk Exposures,Agreement,METROPOLITAN_STATISTICAL_AREA__GEO,MEDIUM,keyword_match,1,5
Risk Exposures,Agreement,ORGANIZATION_NAICS__GEO,MEDIUM,keyword_match,9,4
Risk Exposures,Agreement,CENSUS_BLOCK__GEO,MEDIUM,keyword_match,3,3
Risk Exposures,Agreement,DESIGNATED_MARKET_AREA__GEO,MEDIUM,keyword_match,1,3
Risk Exposures,Agreement,NAICS_INDUSTRY__GEO,MEDIUM,keyword_match,5,3
Risk Exposures,Agreement,ORGANIZATION_SIC__GEO,MEDIUM,keyword_match,5,3
Risk Exposures,Agreement,CENSUS_BLOCK_GROUP__GEO,MEDIUM,keyword_match,2,2
Risk Exposures,Agreement,CENSUS_TRACT__GEO,MEDIUM,keyword_match,2,2
Risk Exposures,Agreement,DEA_DRUG_CLASSIFICATION__GEO,MEDIUM,keyword_match,4,2
Risk Exposures,Agreement,EXPOSURE_AGREEMENT_RISK_MITIGANT_AGREEMENT,MEDIUM,keyword_match,4,2
Risk Exposures,Agreement,FINANCE_EXPOSURE_RISK_TYPE,MEDIUM,keyword_match,2,2
Risk Exposures,Agreement,FORMULARY_DRUG_NDC__GEO,MEDIUM,keyword_match,5,2
Risk Exposures,Agreement,NAICS_INDUSTRY_GROUP__GEO,MEDIUM,keyword_match,4,2
Risk Exposures,Agreement,NAICS_NATIONAL_INDUSTRY__GEO,MEDIUM,keyword_match,6,2
Risk Exposures,Agreement,NAICS_SUBSECTOR__GEO,MEDIUM,keyword_match,3,2
Risk Exposures,Agreement,ORGANIZATION_NACE__GEO,MEDIUM,keyword_match,8,2
Risk Exposures,Agreement,DEA_SCHEDULE__GEO,MEDIUM,keyword_match,3,1
Risk Exposures,Agreement,NAICS_SECTOR__GEO,MEDIUM,keyword_match,2,1
Risk Exposures,Agreement,ORANGE_BOOK_THERAPEUTIC_EQUIVALENCE_TYPE__GEO,MEDIUM,keyword_match,2,1
Risk Exposures,Agreement,EXPOSURE_RISK_FACTOR,MEDIUM,keyword_match,0,0
Risk Weighted Assets & Capital Results,Agreement,CAPITAL_REQUIREMENTS_SUMMARY,HIGH,pattern_match,18,4
Risk Weighted Assets & Capital Results,Agreement,BANK_CAPITAL_SUMMARY,HIGH,exact_match,27,2
Risk Weighted Assets & Capital Results,Agreement,DRUG_NDC__GEO,MEDIUM,keyword_match,14,10
Risk Weighted Assets & Capital Results,Agreement,ASSET_RISK_GRADE,MEDIUM,keyword_match,6,5
Risk Weighted Assets & Capital Results,Agreement,METROPOLITAN_STATISTICAL_AREA__GEO,MEDIUM,keyword_match,1,5
Risk Weighted Assets & Capital Results,Agreement,ASSET_CLASS_MATURITY_RISK_GRADE,MEDIUM,keyword_match,9,4
Risk Weighted Assets & Capital Results,Agreement,ORGANIZATION_NAICS__GEO,MEDIUM,keyword_match,9,4
Risk Weighted Assets & Capital Results,Agreement,STANDARD_RESULT_SET,MEDIUM,keyword_match,4,4
Risk Weighted Assets & Capital Results,Agreement,ASSET_INSPECTION_RESULT,MEDIUM,keyword_match,6,3
Risk Weighted Assets & Capital Results,Agreement,ASSET_RISK_GRADE_RELATED,MEDIUM,keyword_match,10,3
Risk Weighted Assets & Capital Results,Agreement,CENSUS_BLOCK__GEO,MEDIUM,keyword_match,3,3
Risk Weighted Assets & Capital Results,Agreement,DESIGNATED_MARKET_AREA__GEO,MEDIUM,keyword_match,1,3
Risk Weighted Assets & Capital Results,Agreement,NAICS_INDUSTRY__GEO,MEDIUM,keyword_match,5,3
Risk Weighted Assets & Capital Results,Agreement,ORGANIZATION_SIC__GEO,MEDIUM,keyword_match,5,3
Risk Weighted Assets & Capital Results,Agreement,PARTY_ASSET_CLASS_RISK_GRADE,MEDIUM,keyword_match,7,3
Risk Weighted Assets & Capital Results,Agreement,ASSET_INSURANCE_RISK_CATEGORY,MEDIUM,keyword_match,2,2
Risk Weighted Assets & Capital Results,Agreement,ASSET_INSURANCE_RISK_FACTOR,MEDIUM,keyword_match,4,2
Risk Weighted Assets & Capital Results,Agreement,CENSUS_BLOCK_GROUP__GEO,MEDIUM,keyword_match,2,2
Risk Weighted Assets & Capital Results,Agreement,CENSUS_TRACT__GEO,MEDIUM,keyword_match,2,2
Risk Weighted Assets & Capital Results,Agreement,DEA_DRUG_CLASSIFICATION__GEO,MEDIUM,keyword_match,4,2
Risk Weighted Assets & Capital Results,Agreement,FORMULARY_DRUG_NDC__GEO,MEDIUM,keyword_match,5,2
Risk Weighted Assets & Capital Results,Agreement,NAICS_INDUSTRY_GROUP__GEO,MEDIUM,keyword_match,4,2
Risk Weighted Assets & Capital Results,Agreement,NAICS_NATIONAL_INDUSTRY__GEO,MEDIUM,keyword_match,6,2
Risk Weighted Assets & Capital Results,Agreement,NAICS_SUBSECTOR__GEO,MEDIUM,keyword_match,3,2
Risk Weighted Assets & Capital Results,Agreement,ORGANIZATION_NACE__GEO,MEDIUM,keyword_match,8,2
Risk Weighted Assets & Capital Results,Agreement,BASEL_EQUITY_RISK_WEIGHT_PARAMETER,MEDIUM,keyword_match,6,1
Risk Weighted Assets & Capital Results,Agreement,DEA_SCHEDULE__GEO,MEDIUM,keyword_match,3,1
Risk Weighted Assets & Capital Results,Agreement,NAICS_SECTOR__GEO,MEDIUM,keyword_match,2,1
Risk Weighted Assets & Capital Results,Agreement,ORANGE_BOOK_THERAPEUTIC_EQUIVALENCE_TYPE__GEO,MEDIUM,keyword_match,2,1
Risk Weighted Assets & Capital Results,Agreement,STANDARD_RESULT_SET_TYPE,MEDIUM,keyword_match,3,1
Profitability Results,Agreement,AGREEMENT_COST,HIGH,exact_match,7,3
Profitability Results,Agreement,DRUG_NDC__GEO,MEDIUM,keyword_match,14,10
Profitability Results,Agreement,METROPOLITAN_STATISTICAL_AREA__GEO,MEDIUM,keyword_match,1,5
Profitability Results,Agreement,ORGANIZATION_NAICS__GEO,MEDIUM,keyword_match,9,4
Profitability Results,Agreement,CENSUS_BLOCK__GEO,MEDIUM,keyword_match,3,3
Profitability Results,Agreement,DESIGNATED_MARKET_AREA__GEO,MEDIUM,keyword_match,1,3
Profitability Results,Agreement,NAICS_INDUSTRY__GEO,MEDIUM,keyword_match,5,3
Profitability Results,Agreement,ORGANIZATION_SIC__GEO,MEDIUM,keyword_match,5,3
Profitability Results,Agreement,CENSUS_BLOCK_GROUP__GEO,MEDIUM,keyword_match,2,2
Profitability Results,Agreement,CENSUS_TRACT__GEO,MEDIUM,keyword_match,2,2
Profitability Results,Agreement,DEA_DRUG_CLASSIFICATION__GEO,MEDIUM,keyword_match,4,2
Profitability Results,Agreement,FORMULARY_DRUG_NDC__GEO,MEDIUM,keyword_match,5,2
Profitability Results,Agreement,NAICS_INDUSTRY_GROUP__GEO,MEDIUM,keyword_match,4,2
Profitability Results,Agreement,NAICS_NATIONAL_INDUSTRY__GEO,MEDIUM,keyword_match,6,2
Profitability Results,Agreement,NAICS_SUBSECTOR__GEO,MEDIUM,keyword_match,3,2
Profitability Results,Agreement,ORGANIZATION_NACE__GEO,MEDIUM,keyword_match,8,2
Profitability Results,Agreement,DEA_SCHEDULE__GEO,MEDIUM,keyword_match,3,1
Profitability Results,Agreement,NAICS_SECTOR__GEO,MEDIUM,keyword_match,2,1
Profitability Results,Agreement,ORANGE_BOOK_THERAPEUTIC_EQUIVALENCE_TYPE__GEO,MEDIUM,keyword_match,2,1
Account Limits,Cross Subject  -  Limits,CHART_OF_ACCOUNTS_CODE,HIGH,pattern_match,5,24
Account Limits,Cross Subject  -  Limits,ACCOUNT,HIGH,exact_match,13,13
Account Limits,Cross Subject  -  Limits,GL_MAIN_ACCOUNT,HIGH,pattern_match,9,8
Account Limits,Cross Subject  -  Limits,GL_MAIN_ACCOUNT_CLASS_VALUE,HIGH,pattern_match,10,6
Account Limits,Cross Subject  -  Limits,ACCOUNT_METRIC,HIGH,pattern_match,8,5
Account Limits,Cross Subject  -  Limits,GL_MAIN_ACCOUNT_SCHEME_TYPE,HIGH,pattern_match,5,4
Account Limits,Cross Subject  -  Limits,ACCOUNTING_CURRENCY,HIGH,pattern_match,5,3
Account Limits,Cross Subject  -  Limits,EXPENSE_ACCOUNT_COST_TYPE_XREF,HIGH,pattern_match,3,3
Account Limits,Cross Subject  -  Limits,GL_MAIN_ACCOUNT_CLASS_XREF,HIGH,pattern_match,5,3
Account Limits,Cross Subject  -  Limits,PARTY_ACCOUNT,HIGH,pattern_match,5,3
Account Limits,Cross Subject  -  Limits,PAYMENT_INSTRUCTION_ACCOUNT,HIGH,pattern_match,3,3
Account Limits,Cross Subject  -  Limits,REVENUE_ACCOUNT_REVENUE_TYPE_XREF,HIGH,pattern_match,3,3
Account Limits,Cross Subject  -  Limits,SEARCH_ENGINE_SYSTEM_ACCOUNT,HIGH,pattern_match,8,3
Account Limits,Cross Subject  -  Limits,AGREEMENT_CHART_OF_ACCOUNTS,HIGH,pattern_match,5,2
Account Limits,Cross Subject  -  Limits,AGREEMENT_GROUP_CHART_OF_ACCOUNTS,HIGH,pattern_match,5,2
Account Limits,Cross Subject  -  Limits,BALANCE_SHEET_GL_MAIN_ACCOUNT,HIGH,pattern_match,2,2
Account Limits,Cross Subject  -  Limits,CHART_OF_ACCOUNTS_CODE_TO_SEGMENT,HIGH,pattern_match,6,2
Account Limits,Cross Subject  -  Limits,DEPRECIABLE_ASSET_ACCOUNT_PAYABLE,HIGH,pattern_match,2,2
Account Limits,Cross Subject  -  Limits,EXPENSE_ACCOUNT,HIGH,pattern_match,1,2
Account Limits,Cross Subject  -  Limits,GL_ACCOUNT_COA_CODE_SEGMENT,HIGH,pattern_match,4,2
Account Limits,Cross Subject  -  Limits,GL_MAIN_ACCOUNT_SEGMENT,HIGH,pattern_match,1,2
Account Limits,Cross Subject  -  Limits,GL_MAIN_ACCOUNT_SET_OF_BOOKS_XREF,HIGH,pattern_match,4,2
Account Limits,Cross Subject  -  Limits,GL_MAIN_ACCOUNT_STATUS,HIGH,pattern_match,3,2
Account Limits,Cross Subject  -  Limits,INCOME_STATEMENT_GL_MAIN_ACCOUNT_TYPE,HIGH,pattern_match,2,2
Account Limits,Cross Subject  -  Limits,INTANGIBLE_ASSET_ACCOUNT,HIGH,pattern_match,3,2
Account Limits,Cross Subject  -  Limits,PROJECT_TASK_CHART_OF_ACCOUNTS,HIGH,pattern_match,8,2
Account Limits,Cross Subject  -  Limits,REVENUE_ACCOUNT,HIGH,pattern_match,1,2
Account Limits,Cross Subject  -  Limits,SEARCH_ENGINE_ACCOUNT_CAMPAIGN_XREF,HIGH,pattern_match,2,2
Account Limits,Cross Subject  -  Limits,TRANSACTION_ACCOUNT,HIGH,pattern_match,2,2
Account Limits,Cross Subject  -  Limits,ACCOUNTING_TYPE,HIGH,pattern_match,2,1
Predictive Models - propensity to buy,Party or Agreement,DRUG_NDC__GEO,MEDIUM,keyword_match,14,10
Predictive Models - propensity to buy,Party or Agreement,METROPOLITAN_STATISTICAL_AREA__GEO,MEDIUM,keyword_match,1,5
Predictive Models - propensity to buy,Party or Agreement,ORGANIZATION_NAICS__GEO,MEDIUM,keyword_match,9,4
Predictive Models - propensity to buy,Party or Agreement,CENSUS_BLOCK__GEO,MEDIUM,keyword_match,3,3
Predictive Models - propensity to buy,Party or Agreement,DESIGNATED_MARKET_AREA__GEO,MEDIUM,keyword_match,1,3
Predictive Models - propensity to buy,Party or Agreement,NAICS_INDUSTRY__GEO,MEDIUM,keyword_match,5,3
Predictive Models - propensity to buy,Party or Agreement,ORGANIZATION_SIC__GEO,MEDIUM,keyword_match,5,3
Predictive Models - propensity to buy,Party or Agreement,CENSUS_BLOCK_GROUP__GEO,MEDIUM,keyword_match,2,2
Predictive Models - propensity to buy,Party or Agreement,CENSUS_TRACT__GEO,MEDIUM,keyword_match,2,2
Predictive Models - propensity to buy,Party or Agreement,DEA_DRUG_CLASSIFICATION__GEO,MEDIUM,keyword_match,4,2
Predictive Models - propensity to buy,Party or Agreement,FORMULARY_DRUG_NDC__GEO,MEDIUM,keyword_match,5,2
Predictive Models - propensity to buy,Party or Agreement,NAICS_INDUSTRY_GROUP__GEO,MEDIUM,keyword_match,4,2
Predictive Models - propensity to buy,Party or Agreement,NAICS_NATIONAL_INDUSTRY__GEO,MEDIUM,keyword_match,6,2
Predictive Models - propensity to buy,Party or Agreement,NAICS_SUBSECTOR__GEO,MEDIUM,keyword_match,3,2
Predictive Models - propensity to buy,Party or Agreement,ORGANIZATION_NACE__GEO,MEDIUM,keyword_match,8,2
Predictive Models - propensity to buy,Party or Agreement,DEA_SCHEDULE__GEO,MEDIUM,keyword_match,3,1
Predictive Models - propensity to buy,Party or Agreement,NAICS_SECTOR__GEO,MEDIUM,keyword_match,2,1
Predictive Models - propensity to buy,Party or Agreement,ORANGE_BOOK_THERAPEUTIC_EQUIVALENCE_TYPE__GEO,MEDIUM,keyword_match,2,1
Predictive Models - attrition,Party or Agreement,DRUG_NDC__GEO,MEDIUM,keyword_match,14,10
Predictive Models - attrition,Party or Agreement,METROPOLITAN_STATISTICAL_AREA__GEO,MEDIUM,keyword_match,1,5
Predictive Models - attrition,Party or Agreement,ORGANIZATION_NAICS__GEO,MEDIUM,keyword_match,9,4
Predictive Models - attrition,Party or Agreement,CENSUS_BLOCK__GEO,MEDIUM,keyword_match,3,3
Predictive Models - attrition,Party or Agreement,DESIGNATED_MARKET_AREA__GEO,MEDIUM,keyword_match,1,3
Predictive Models - attrition,Party or Agreement,NAICS_INDUSTRY__GEO,MEDIUM,keyword_match,5,3
Predictive Models - attrition,Party or Agreement,ORGANIZATION_SIC__GEO,MEDIUM,keyword_match,5,3
Predictive Models - attrition,Party or Agreement,CENSUS_BLOCK_GROUP__GEO,MEDIUM,keyword_match,2,2
Predictive Models - attrition,Party or Agreement,CENSUS_TRACT__GEO,MEDIUM,keyword_match,2,2
Predictive Models - attrition,Party or Agreement,DEA_DRUG_CLASSIFICATION__GEO,MEDIUM,keyword_match,4,2
Predictive Models - attrition,Party or Agreement,FORMULARY_DRUG_NDC__GEO,MEDIUM,keyword_match,5,2
Predictive Models - attrition,Party or Agreement,NAICS_INDUSTRY_GROUP__GEO,MEDIUM,keyword_match,4,2
Predictive Models - attrition,Party or Agreement,NAICS_NATIONAL_INDUSTRY__GEO,MEDIUM,keyword_match,6,2
Predictive Models - attrition,Party or Agreement,NAICS_SUBSECTOR__GEO,MEDIUM,keyword_match,3,2
Predictive Models - attrition,Party or Agreement,ORGANIZATION_NACE__GEO,MEDIUM,keyword_match,8,2
Predictive Models - attrition,Party or Agreement,DEA_SCHEDULE__GEO,MEDIUM,keyword_match,3,1
Predictive Models - attrition,Party or Agreement,NAICS_SECTOR__GEO,MEDIUM,keyword_match,2,1
Predictive Models - attrition,Party or Agreement,ORANGE_BOOK_THERAPEUTIC_EQUIVALENCE_TYPE__GEO,MEDIUM,keyword_match,2,1
Predictive Models - price elasticity,Party or Agreement,DRUG_PUBLISHED_PRICE,HIGH,pattern_match,5,4
Predictive Models - price elasticity,Party or Agreement,DRUG_STANDARD_PRICE_TYPE,HIGH,pattern_match,2,2
Predictive Models - price elasticity,Party or Agreement,PARTY_ASSET_PRICE_SENSITIVITY,HIGH,pattern_match,5,2
Predictive Models - price elasticity,Party or Agreement,COMMODITY_FINAL_PRICE_TYPE,HIGH,pattern_match,2,1
Predictive Models - price elasticity,Party or Agreement,TRADE_ORDER_PRICE_NOTATION_TYPE,HIGH,pattern_match,2,1
Predictive Models - price elasticity,Party or Agreement,AVERAGE_PRICE_OPTION,HIGH,pattern_match,0,0
Predictive Models - price elasticity,Party or Agreement,DRUG_NDC__GEO,MEDIUM,keyword_match,14,10
Predictive Models - price elasticity,Party or Agreement,METROPOLITAN_STATISTICAL_AREA__GEO,MEDIUM,keyword_match,1,5
Predictive Models - price elasticity,Party or Agreement,ORGANIZATION_NAICS__GEO,MEDIUM,keyword_match,9,4
Predictive Models - price elasticity,Party or Agreement,CENSUS_BLOCK__GEO,MEDIUM,keyword_match,3,3
Predictive Models - price elasticity,Party or Agreement,DESIGNATED_MARKET_AREA__GEO,MEDIUM,keyword_match,1,3
Predictive Models - price elasticity,Party or Agreement,NAICS_INDUSTRY__GEO,MEDIUM,keyword_match,5,3
Predictive Models - price elasticity,Party or Agreement,ORGANIZATION_SIC__GEO,MEDIUM,keyword_match,5,3
Predictive Models - price elasticity,Party or Agreement,CENSUS_BLOCK_GROUP__GEO,MEDIUM,keyword_match,2,2
Predictive Models - price elasticity,Party or Agreement,CENSUS_TRACT__GEO,MEDIUM,keyword_match,2,2
Predictive Models - price elasticity,Party or Agreement,DEA_DRUG_CLASSIFICATION__GEO,MEDIUM,keyword_match,4,2
Predictive Models - price elasticity,Party or Agreement,FORMULARY_DRUG_NDC__GEO,MEDIUM,keyword_match,5,2
Predictive Models - price elasticity,Party or Agreement,NAICS_INDUSTRY_GROUP__GEO,MEDIUM,keyword_match,4,2
Predictive Models - price elasticity,Party or Agreement,NAICS_NATIONAL_INDUSTRY__GEO,MEDIUM,keyword_match,6,2
Predictive Models - price elasticity,Party or Agreement,NAICS_SUBSECTOR__GEO,MEDIUM,keyword_match,3,2
Predictive Models - price elasticity,Party or Agreement,ORGANIZATION_NACE__GEO,MEDIUM,keyword_match,8,2
Predictive Models - price elasticity,Party or Agreement,DEA_SCHEDULE__GEO,MEDIUM,keyword_match,3,1
Predictive Models - price elasticity,Party or Agreement,NAICS_SECTOR__GEO,MEDIUM,keyword_match,2,1
Predictive Models - price elasticity,Party or Agreement,ORANGE_BOOK_THERAPEUTIC_EQUIVALENCE_TYPE__GEO,MEDIUM,keyword_match,2,1
Attribution Models - response,Party or Agreement,SURVEY_RESPONSE,HIGH,pattern_match,6,7
Attribution Models - response,Party or Agreement,SURVEY_QUESTION_RESPONSE,HIGH,pattern_match,5,6
Attribution Models - response,Party or Agreement,RESPONSE_TYPE,HIGH,pattern_match,2,4
Attribution Models - response,Party or Agreement,CAMPAIGN_CELL_RESPONSE,HIGH,pattern_match,5,3
Attribution Models - response,Party or Agreement,PROMOTION_PARTY_STEP_RESPONSE,HIGH,pattern_match,7,3
Attribution Models - response,Party or Agreement,PROMOTION_RESPONSE_SCORE,HIGH,pattern_match,5,3
Attribution Models - response,Party or Agreement,TEXT_PATTERN_RESPONSE,HIGH,pattern_match,4,3
Attribution Models - response,Party or Agreement,APPLICATION_QUESTION_RESPONSE,HIGH,pattern_match,5,2
Attribution Models - response,Party or Agreement,CAMPAIGN_STEP_RESPONSE,HIGH,pattern_match,5,2
Attribution Models - response,Party or Agreement,CLAIM_PROVIDER_SURVEY_RESPONSE,HIGH,pattern_match,2,2
Attribution Models - response,Party or Agreement,COURSE_FEEDBACK_RESPONSE,HIGH,pattern_match,4,2
Attribution Models - response,Party or Agreement,PARTY_AUTHORIZATION_RESPONSE,HIGH,pattern_match,3,2
Attribution Models - response,Party or Agreement,PROMOTION_STEP_RESPONSE,HIGH,pattern_match,5,2
Attribution Models - response,Party or Agreement,SUPPLEMENTAL_FORM_RESPONSE,HIGH,pattern_match,7,2
Attribution Models - response,Party or Agreement,SURVEY_FEEDBACK_SURVEY_RESPONSE,HIGH,pattern_match,4,2
Attribution Models - response,Party or Agreement,SURVEY_RESPONSE_ANSWER,HIGH,pattern_match,4,2
Attribution Models - response,Party or Agreement,SURVEY_RESPONSE_TEXT,HIGH,pattern_match,5,2
Attribution Models - response,Party or Agreement,SURVEY_RESPONSE_TEXT_SECTION,HIGH,pattern_match,5,2
Attribution Models - response,Party or Agreement,ACCESS_DEVICE_VERIFICATION_RESPONSE_TYPE,HIGH,pattern_match,2,1
Attribution Models - response,Party or Agreement,AGREEMENT_SURVEY_RESPONSE,HIGH,pattern_match,1,1
Attribution Models - response,Party or Agreement,CAMPAIGN_RESPONSE_TYPE,HIGH,pattern_match,2,1
Attribution Models - response,Party or Agreement,CHANNEL_TYPE_SURVEY_RESPONSE,HIGH,pattern_match,1,1
Attribution Models - response,Party or Agreement,CLAIM_SURVEY_RESPONSE,HIGH,pattern_match,1,1
Attribution Models - response,Party or Agreement,EVENT_SURVEY_RESPONSE,HIGH,pattern_match,1,1
Attribution Models - response,Party or Agreement,PARTY_SURVEY_RESPONSE,HIGH,pattern_match,1,1
Attribution Models - response,Party or Agreement,RESPONSE_STATUS_TYPE,HIGH,pattern_match,2,1
Attribution Models - response,Party or Agreement,DRUG_NDC__GEO,MEDIUM,keyword_match,14,10
Attribution Models - response,Party or Agreement,METROPOLITAN_STATISTICAL_AREA__GEO,MEDIUM,keyword_match,1,5
Attribution Models - response,Party or Agreement,ORGANIZATION_NAICS__GEO,MEDIUM,keyword_match,9,4
Attribution Models - response,Party or Agreement,CENSUS_BLOCK__GEO,MEDIUM,keyword_match,3,3
Lead Foodchain data,Party or Agreement,DATA_SOURCE_TYPE,HIGH,pattern_match,2,27
Lead Foodchain data,Party or Agreement,LEAD,HIGH,exact_match,8,8
Lead Foodchain data,Party or Agreement,PRIVACY_DATA_USAGE,HIGH,pattern_match,2,6
Lead Foodchain data,Party or Agreement,LEAD_TRAIT_VALUE,HIGH,pattern_match,8,4
Lead Foodchain data,Party or Agreement,LEAD_PARTY_ROLE,HIGH,pattern_match,5,3
Lead Foodchain data,Party or Agreement,LEAD_TEXT_COMMENT,HIGH,pattern_match,5,3
Lead Foodchain data,Party or Agreement,LEAD_TRAIT_VALUE_XREF,HIGH,pattern_match,5,3
Lead Foodchain data,Party or Agreement,DATA_QUALITY_TYPE,HIGH,pattern_match,2,3
Lead Foodchain data,Party or Agreement,CONTACT_LEAD_SOURCE,HIGH,pattern_match,2,2
Lead Foodchain data,Party or Agreement,LEAD_CONTACT_EVENT,HIGH,pattern_match,2,2
Lead Foodchain data,Party or Agreement,LEAD_STATUS,HIGH,pattern_match,4,2
Lead Foodchain data,Party or Agreement,LEAD_STEP,HIGH,pattern_match,4,2
Lead Foodchain data,Party or Agreement,PRIVACY_DATA_TRANSFER,HIGH,pattern_match,6,2
Lead Foodchain data,Party or Agreement,LEAD_PARTY_ROLE_TYPE,HIGH,pattern_match,2,1
Lead Foodchain data,Party or Agreement,LEAD_STATUS_TYPE,HIGH,pattern_match,2,1
Lead Foodchain data,Party or Agreement,LEAD_STEP_TYPE,HIGH,pattern_match,2,1
Lead Foodchain data,Party or Agreement,LEAD_TRAIT,HIGH,pattern_match,0,1
Lead Foodchain data,Party or Agreement,OPPORTUNITY_LEAD_TYPE,HIGH,pattern_match,2,1
Lead Foodchain data,Party or Agreement,DATA_RETENTION_METHOD_TYPE,HIGH,pattern_match,2,1
Lead Foodchain data,Party or Agreement,WEB_SITE_DATABASE_REPOSITORY,HIGH,pattern_match,2,1
Lead Foodchain data,Party or Agreement,LEAD_CONTACT,HIGH,pattern_match,5,0
Lead Foodchain data,Party or Agreement,MARKET_DATA_PROVIDER_BUSINESS_TYPE,HIGH,pattern_match,0,0
Lead Foodchain data,Party or Agreement,TEXT_DATASET,HIGH,pattern_match,0,0
Lead Foodchain data,Party or Agreement,DRUG_NDC__GEO,MEDIUM,keyword_match,14,10
Lead Foodchain data,Party or Agreement,METROPOLITAN_STATISTICAL_AREA__GEO,MEDIUM,keyword_match,1,5
Lead Foodchain data,Party or Agreement,ORGANIZATION_NAICS__GEO,MEDIUM,keyword_match,9,4
Lead Foodchain data,Party or Agreement,CENSUS_BLOCK__GEO,MEDIUM,keyword_match,3,3
Lead Foodchain data,Party or Agreement,DESIGNATED_MARKET_AREA__GEO,MEDIUM,keyword_match,1,3
Lead Foodchain data,Party or Agreement,NAICS_INDUSTRY__GEO,MEDIUM,keyword_match,5,3
Lead Foodchain data,Party or Agreement,ORGANIZATION_SIC__GEO,MEDIUM,keyword_match,5,3
Predictive Models - risk,Party or Agreement,RISK_CALCULATION_SCENARIO,HIGH,pattern_match,11,50
Predictive Models - risk,Party or Agreement,RISK_GRADE_VALUE,HIGH,pattern_match,12,40
Predictive Models - risk,Party or Agreement,RISK_GRADE_SCHEME,HIGH,pattern_match,6,34
Predictive Models - risk,Party or Agreement,FINANCIAL_RISK_FACTOR,HIGH,pattern_match,5,15
Predictive Models - risk,Party or Agreement,CREDIT_RISK_SUMMARY,HIGH,pattern_match,23,8
Predictive Models - risk,Party or Agreement,INSURANCE_RISK_CATEGORY,HIGH,pattern_match,3,8
Predictive Models - risk,Party or Agreement,PARTY_RISK_GRADE,HIGH,pattern_match,9,8
Predictive Models - risk,Party or Agreement,RISK_METRIC_TYPE,HIGH,pattern_match,2,8
Predictive Models - risk,Party or Agreement,RISK_TYPE,HIGH,pattern_match,2,8
Predictive Models - risk,Party or Agreement,AGREEMENT_RISK_GRADE,HIGH,pattern_match,8,7
Predictive Models - risk,Party or Agreement,INSURANCE_RISK_FACTOR_TYPE,HIGH,pattern_match,2,7
Predictive Models - risk,Party or Agreement,RISK_ASSESS_OVERRIDE_TYPE,HIGH,pattern_match,2,7
Predictive Models - risk,Party or Agreement,RISK_FACTOR_INSTRUMENT,HIGH,pattern_match,5,7
Predictive Models - risk,Party or Agreement,RISK_ASSESSMENT_RELATED_TYPE,HIGH,pattern_match,2,6
Predictive Models - risk,Party or Agreement,ASSET_RISK_GRADE,HIGH,pattern_match,6,5
Predictive Models - risk,Party or Agreement,NONRETAIL_RISK_ASSESSMENT_SUMMARY,HIGH,pattern_match,14,5
Predictive Models - risk,Party or Agreement,PRODUCT_RISK_GRADE,HIGH,pattern_match,6,5
Predictive Models - risk,Party or Agreement,RETAIL_RISK_ASSESSMENT_SUMMARY,HIGH,pattern_match,15,5
Predictive Models - risk,Party or Agreement,RISK_ADJUSTMENT_METRIC_TYPE,HIGH,pattern_match,2,5
Predictive Models - risk,Party or Agreement,AGREEMENT_GROUP_RISK_TYPE_METRIC,HIGH,pattern_match,8,4
Predictive Models - risk,Party or Agreement,ASSET_CLASS_MATURITY_RISK_GRADE,HIGH,pattern_match,9,4
Predictive Models - risk,Party or Agreement,FEATURE_RISK_GRADE_ELIGIBILITY_RULE,HIGH,pattern_match,6,4
Predictive Models - risk,Party or Agreement,PRODUCT_FEATURE_RISK_ELIGIBILITY_RULE,HIGH,pattern_match,9,4
Predictive Models - risk,Party or Agreement,PRODUCT_RISK_GRADE_ELIGIBILITY_RULE,HIGH,pattern_match,6,4
Predictive Models - risk,Party or Agreement,RISK_ADJUSTMENT_REASON_TYPE,HIGH,pattern_match,2,4
Predictive Models - risk,Party or Agreement,RISK_MITIGATION_SUMMARY,HIGH,pattern_match,10,4
Predictive Models - risk,Party or Agreement,RISK_POSITION,HIGH,pattern_match,9,4
Predictive Models - risk,Party or Agreement,AGREEMENT_CLASS_RISK_GRADE,HIGH,pattern_match,7,3
Predictive Models - risk,Party or Agreement,AGREEMENT_CREDIT_RISK_TYPE_METRIC,HIGH,pattern_match,7,3
Predictive Models - risk,Party or Agreement,AGREEMENT_GROUP_RISK_GRADE,HIGH,pattern_match,7,3
"Risk Segments, Cohorts & Groupings",Party or Agreement,RISK_CALCULATION_SCENARIO,HIGH,pattern_match,11,50
"Risk Segments, Cohorts & Groupings",Party or Agreement,RISK_GRADE_VALUE,HIGH,pattern_match,12,40
"Risk Segments, Cohorts & Groupings",Party or Agreement,RISK_GRADE_SCHEME,HIGH,pattern_match,6,34
"Risk Segments, Cohorts & Groupings",Party or Agreement,FINANCIAL_RISK_FACTOR,HIGH,pattern_match,5,15
"Risk Segments, Cohorts & Groupings",Party or Agreement,CREDIT_RISK_SUMMARY,HIGH,pattern_match,23,8
"Risk Segments, Cohorts & Groupings",Party or Agreement,INSURANCE_RISK_CATEGORY,HIGH,pattern_match,3,8
"Risk Segments, Cohorts & Groupings",Party or Agreement,PARTY_RISK_GRADE,HIGH,pattern_match,9,8
"Risk Segments, Cohorts & Groupings",Party or Agreement,RISK_METRIC_TYPE,HIGH,pattern_match,2,8
"Risk Segments, Cohorts & Groupings",Party or Agreement,RISK_TYPE,HIGH,pattern_match,2,8
"Risk Segments, Cohorts & Groupings",Party or Agreement,AGREEMENT_RISK_GRADE,HIGH,pattern_match,8,7
"Risk Segments, Cohorts & Groupings",Party or Agreement,INSURANCE_RISK_FACTOR_TYPE,HIGH,pattern_match,2,7
"Risk Segments, Cohorts & Groupings",Party or Agreement,RISK_ASSESS_OVERRIDE_TYPE,HIGH,pattern_match,2,7
"Risk Segments, Cohorts & Groupings",Party or Agreement,RISK_FACTOR_INSTRUMENT,HIGH,pattern_match,5,7
"Risk Segments, Cohorts & Groupings",Party or Agreement,RISK_ASSESSMENT_RELATED_TYPE,HIGH,pattern_match,2,6
"Risk Segments, Cohorts & Groupings",Party or Agreement,ASSET_RISK_GRADE,HIGH,pattern_match,6,5
"Risk Segments, Cohorts & Groupings",Party or Agreement,NONRETAIL_RISK_ASSESSMENT_SUMMARY,HIGH,pattern_match,14,5
"Risk Segments, Cohorts & Groupings",Party or Agreement,PRODUCT_RISK_GRADE,HIGH,pattern_match,6,5
"Risk Segments, Cohorts & Groupings",Party or Agreement,RETAIL_RISK_ASSESSMENT_SUMMARY,HIGH,pattern_match,15,5
"Risk Segments, Cohorts & Groupings",Party or Agreement,RISK_ADJUSTMENT_METRIC_TYPE,HIGH,pattern_match,2,5
"Risk Segments, Cohorts & Groupings",Party or Agreement,AGREEMENT_GROUP_RISK_TYPE_METRIC,HIGH,pattern_match,8,4
"Risk Segments, Cohorts & Groupings",Party or Agreement,ASSET_CLASS_MATURITY_RISK_GRADE,HIGH,pattern_match,9,4
"Risk Segments, Cohorts & Groupings",Party or Agreement,FEATURE_RISK_GRADE_ELIGIBILITY_RULE,HIGH,pattern_match,6,4
"Risk Segments, Cohorts & Groupings",Party or Agreement,PRODUCT_FEATURE_RISK_ELIGIBILITY_RULE,HIGH,pattern_match,9,4
"Risk Segments, Cohorts & Groupings",Party or Agreement,PRODUCT_RISK_GRADE_ELIGIBILITY_RULE,HIGH,pattern_match,6,4
"Risk Segments, Cohorts & Groupings",Party or Agreement,RISK_ADJUSTMENT_REASON_TYPE,HIGH,pattern_match,2,4
"Risk Segments, Cohorts & Groupings",Party or Agreement,RISK_MITIGATION_SUMMARY,HIGH,pattern_match,10,4
"Risk Segments, Cohorts & Groupings",Party or Agreement,RISK_POSITION,HIGH,pattern_match,9,4
"Risk Segments, Cohorts & Groupings",Party or Agreement,AGREEMENT_CLASS_RISK_GRADE,HIGH,pattern_match,7,3
"Risk Segments, Cohorts & Groupings",Party or Agreement,AGREEMENT_CREDIT_RISK_TYPE_METRIC,HIGH,pattern_match,7,3
"Risk Segments, Cohorts & Groupings",Party or Agreement,AGREEMENT_GROUP_RISK_GRADE,HIGH,pattern_match,7,3
"Provisions, Losses & Writeoffs",Party or Agreement,LOAN_PROVISION_BALANCE,HIGH,pattern_match,7,5
"Provisions, Losses & Writeoffs",Party or Agreement,BUSINESS_LINE_LOSS_TYPE_MEASURE,HIGH,pattern_match,3,5
"Provisions, Losses & Writeoffs",Party or Agreement,BANK_ACTUAL_RISK_LOSS,HIGH,pattern_match,7,3
"Provisions, Losses & Writeoffs",Party or Agreement,EXTERNAL_CLAIM_LOSS_DETAIL,HIGH,pattern_match,6,3
"Provisions, Losses & Writeoffs",Party or Agreement,AGREEMENT_PROVISION,HIGH,pattern_match,4,2
"Provisions, Losses & Writeoffs",Party or Agreement,PROVISION_TYPE,HIGH,pattern_match,2,2
"Provisions, Losses & Writeoffs",Party or Agreement,BUSINESS_LINE_LOSS_SCORE,HIGH,pattern_match,6,2
"Provisions, Losses & Writeoffs",Party or Agreement,LOSS_GIVEN_DEFAULT_RISK_GRADE_VALUE,HIGH,pattern_match,3,2
"Provisions, Losses & Writeoffs",Party or Agreement,LOAN_PROVISION_CHANGE,HIGH,pattern_match,8,1
"Provisions, Losses & Writeoffs",Party or Agreement,BANK_LOSS_TYPE,HIGH,pattern_match,2,1
"Provisions, Losses & Writeoffs",Party or Agreement,EXTERNAL_CLAIM_LOSS_STATUS_TYPE,HIGH,pattern_match,2,1
"Provisions, Losses & Writeoffs",Party or Agreement,EXTERNAL_CLAIM_LOSS_TYPE,HIGH,pattern_match,2,1
"Provisions, Losses & Writeoffs",Party or Agreement,LOCATION_OF_LOSS_TYPE,HIGH,pattern_match,2,1
"Provisions, Losses & Writeoffs",Party or Agreement,OPERATIONAL_LOSS_TYPE,HIGH,pattern_match,2,1
"Provisions, Losses & Writeoffs",Party or Agreement,PROVISION_FOR_LOAN_LOSS_ACCOUNT,HIGH,pattern_match,0,0
"Provisions, Losses & Writeoffs",Party or Agreement,ALLOWANCE_FOR_LOAN_LOSS_ACCOUNT,HIGH,pattern_match,0,0
"Provisions, Losses & Writeoffs",Party or Agreement,LOSS_ADJUSTED_EXPENSE_ACCOUNT,HIGH,pattern_match,0,0
"Provisions, Losses & Writeoffs",Party or Agreement,LOSS_ADJUSTED_RESERVE_ACCOUNT,HIGH,pattern_match,0,0
"Provisions, Losses & Writeoffs",Party or Agreement,DRUG_NDC__GEO,MEDIUM,keyword_match,14,10
"Provisions, Losses & Writeoffs",Party or Agreement,METROPOLITAN_STATISTICAL_AREA__GEO,MEDIUM,keyword_match,1,5
"Provisions, Losses & Writeoffs",Party or Agreement,ORGANIZATION_NAICS__GEO,MEDIUM,keyword_match,9,4
"Provisions, Losses & Writeoffs",Party or Agreement,CENSUS_BLOCK__GEO,MEDIUM,keyword_match,3,3
"Provisions, Losses & Writeoffs",Party or Agreement,DESIGNATED_MARKET_AREA__GEO,MEDIUM,keyword_match,1,3
"Provisions, Losses & Writeoffs",Party or Agreement,NAICS_INDUSTRY__GEO,MEDIUM,keyword_match,5,3
"Provisions, Losses & Writeoffs",Party or Agreement,ORGANIZATION_SIC__GEO,MEDIUM,keyword_match,5,3
"Provisions, Losses & Writeoffs",Party or Agreement,CENSUS_BLOCK_GROUP__GEO,MEDIUM,keyword_match,2,2
"Provisions, Losses & Writeoffs",Party or Agreement,CENSUS_TRACT__GEO,MEDIUM,keyword_match,2,2
"Provisions, Losses & Writeoffs",Party or Agreement,DEA_DRUG_CLASSIFICATION__GEO,MEDIUM,keyword_match,4,2
"Provisions, Losses & Writeoffs",Party or Agreement,FORMULARY_DRUG_NDC__GEO,MEDIUM,keyword_match,5,2
"Provisions, Losses & Writeoffs",Party or Agreement,NAICS_INDUSTRY_GROUP__GEO,MEDIUM,keyword_match,4,2
Financial Transactions,Event,PAYMENT_INSTRUCTION,HIGH,pattern_match,6,9
Financial Transactions,Event,PAYMENT_SCHEDULE,HIGH,pattern_match,5,8
Financial Transactions,Event,ASSOCIATE_PAYROLL_TRANSACTION,HIGH,pattern_match,11,7
Financial Transactions,Event,INVOICE_PAYMENT,HIGH,pattern_match,6,5
Financial Transactions,Event,PAYMENT_TIMING_TYPE,HIGH,pattern_match,2,5
Financial Transactions,Event,AGREEMENT_PAYMENT_OPTION,HIGH,pattern_match,6,3
Financial Transactions,Event,EVENT_PAYMENT_INSTRUCTION,HIGH,pattern_match,3,3
Financial Transactions,Event,INVOICE_LINE_PAYMENT,HIGH,pattern_match,6,3
Financial Transactions,Event,INVOICE_LINE_PAYMENT_STATUS,HIGH,pattern_match,7,3
Financial Transactions,Event,PAYMENT_INSTRUCTION_ACCOUNT,HIGH,pattern_match,3,3
Financial Transactions,Event,PAYMENT_INSTRUCTION_AGREEMENT,HIGH,pattern_match,3,3
Financial Transactions,Event,PAYMENT_INSTRUCTION_LOCATOR,HIGH,pattern_match,5,3
Financial Transactions,Event,PAYMENT_INSTRUCTION_STATUS,HIGH,pattern_match,4,3
Financial Transactions,Event,PAYMENT_MODE,HIGH,pattern_match,2,3
Financial Transactions,Event,PAYMENT_STATUS,HIGH,pattern_match,5,3
Financial Transactions,Event,IVR_STEP_TRANSACTION,HIGH,pattern_match,2,3
Financial Transactions,Event,AP_INVOICE_LINE_PAYMENT,HIGH,pattern_match,6,2
Financial Transactions,Event,PAYMENT_ACTION_TYPE,HIGH,pattern_match,2,2
Financial Transactions,Event,PAYMENT_ADJUSTMENT,HIGH,pattern_match,4,2
Financial Transactions,Event,PAYMENT_BANK_DRAFT_XREF,HIGH,pattern_match,2,2
Financial Transactions,Event,PAYMENT_INSTRUCTION_AGREEMENT_ROLE,HIGH,pattern_match,2,2
Financial Transactions,Event,PAYMENT_INSTRUCTION_IDENTIFICATION,HIGH,pattern_match,3,2
Financial Transactions,Event,PAYMENT_OPTION_TYPE,HIGH,pattern_match,2,2
Financial Transactions,Event,PAYMENT_SCHEDULE_AMOUNT,HIGH,pattern_match,10,2
Financial Transactions,Event,PAYMENT_SCHEDULE_PAYMENT,HIGH,pattern_match,2,2
Financial Transactions,Event,PAYMENT_SCHEDULE_TERM,HIGH,pattern_match,3,2
Financial Transactions,Event,PAYMENT_STATUS_REASON_TYPE,HIGH,pattern_match,2,2
Financial Transactions,Event,PAYMENT_STATUS_TYPE,HIGH,pattern_match,2,2
Financial Transactions,Event,PAYMENT_TERM_TYPE,HIGH,pattern_match,2,2
Financial Transactions,Event,PAYMENT_TERM_TYPE_INVOICE_XREF,HIGH,pattern_match,2,2
"Account Fees, Commissions & Charges",Event,SURVEY_FEEDBACK,HIGH,pattern_match,2,3
"Account Fees, Commissions & Charges",Event,CHARGE_TYPE,HIGH,pattern_match,4,3
"Account Fees, Commissions & Charges",Event,COURSE_FEEDBACK_QUESTION,HIGH,pattern_match,3,2
"Account Fees, Commissions & Charges",Event,COURSE_FEEDBACK_RESPONSE,HIGH,pattern_match,4,2
"Account Fees, Commissions & Charges",Event,SURVEY_FEEDBACK_SURVEY_RESPONSE,HIGH,pattern_match,4,2
"Account Fees, Commissions & Charges",Event,AD_ORDER_COMMISSION,HIGH,pattern_match,4,2
"Account Fees, Commissions & Charges",Event,CREDIT_APPLICATION_PRECREDIT_CHARGE,HIGH,pattern_match,5,2
"Account Fees, Commissions & Charges",Event,INVOICE_CHARGE,HIGH,pattern_match,3,2
"Account Fees, Commissions & Charges",Event,AGENT_COMMISSION_OPTION_TYPE,HIGH,pattern_match,2,1
"Account Fees, Commissions & Charges",Event,COMMISSION_TYPE,HIGH,pattern_match,2,1
"Account Fees, Commissions & Charges",Event,CHARGE_GROUP_TYPE,HIGH,pattern_match,2,1
"Account Fees, Commissions & Charges",Event,GENERAL_MARKET_RISK_CHARGE_TYPE,HIGH,pattern_match,2,1
"Account Fees, Commissions & Charges",Event,PATIENT_DISCHARGE_REASON_TYPE,HIGH,pattern_match,2,1
"Account Fees, Commissions & Charges",Event,COMMISSION,HIGH,exact_match,0,0
"Account Fees, Commissions & Charges",Event,DEFERRED_CHARGE_ACCOUNT,HIGH,pattern_match,0,0
"Account Fees, Commissions & Charges",Event,DRUG_NDC__GEO,MEDIUM,keyword_match,14,10
"Account Fees, Commissions & Charges",Event,METROPOLITAN_STATISTICAL_AREA__GEO,MEDIUM,keyword_match,1,5
"Account Fees, Commissions & Charges",Event,ORGANIZATION_NAICS__GEO,MEDIUM,keyword_match,9,4
"Account Fees, Commissions & Charges",Event,CENSUS_BLOCK__GEO,MEDIUM,keyword_match,3,3
"Account Fees, Commissions & Charges",Event,DESIGNATED_MARKET_AREA__GEO,MEDIUM,keyword_match,1,3
"Account Fees, Commissions & Charges",Event,NAICS_INDUSTRY__GEO,MEDIUM,keyword_match,5,3
"Account Fees, Commissions & Charges",Event,ORGANIZATION_SIC__GEO,MEDIUM,keyword_match,5,3
"Account Fees, Commissions & Charges",Event,CENSUS_BLOCK_GROUP__GEO,MEDIUM,keyword_match,2,2
"Account Fees, Commissions & Charges",Event,CENSUS_TRACT__GEO,MEDIUM,keyword_match,2,2
"Account Fees, Commissions & Charges",Event,DEA_DRUG_CLASSIFICATION__GEO,MEDIUM,keyword_match,4,2
"Account Fees, Commissions & Charges",Event,FORMULARY_DRUG_NDC__GEO,MEDIUM,keyword_match,5,2
"Account Fees, Commissions & Charges",Event,NAICS_INDUSTRY_GROUP__GEO,MEDIUM,keyword_match,4,2
"Account Fees, Commissions & Charges",Event,NAICS_NATIONAL_INDUSTRY__GEO,MEDIUM,keyword_match,6,2
"Account Fees, Commissions & Charges",Event,NAICS_SUBSECTOR__GEO,MEDIUM,keyword_match,3,2
"Account Fees, Commissions & Charges",Event,ORGANIZATION_NACE__GEO,MEDIUM,keyword_match,8,2
Financial Interbank Payments,Event,FINANCIAL_AGREEMENT,HIGH,pattern_match,8,16
Financial Interbank Payments,Event,FINANCIAL_RISK_FACTOR,HIGH,pattern_match,5,15
Financial Interbank Payments,Event,FINANCIAL_INSTITUTION_INTERNAL_ORGANIZATION,HIGH,pattern_match,4,8
Financial Interbank Payments,Event,FINANCIAL_RULE,HIGH,pattern_match,9,8
Financial Interbank Payments,Event,FINANCIAL_EVENT,HIGH,pattern_match,8,7
Financial Interbank Payments,Event,FINANCIAL_PLAN,HIGH,pattern_match,8,6
Financial Interbank Payments,Event,PARTY_FINANCIAL_DOCUMENT,HIGH,pattern_match,9,6
Financial Interbank Payments,Event,PARTY_FINANCIAL_DOCUMENT_ITEM,HIGH,pattern_match,12,6
Financial Interbank Payments,Event,LABOR_FINANCIAL_PLAN,HIGH,pattern_match,11,5
Financial Interbank Payments,Event,FINANCIAL_AGREEMENT_ADJUSTMENT,HIGH,pattern_match,7,4
Financial Interbank Payments,Event,FINANCIAL_AGREEMENT_JAPAN,HIGH,pattern_match,17,4
Financial Interbank Payments,Event,FINANCIAL_EVENT_AMOUNT,HIGH,pattern_match,10,4
Financial Interbank Payments,Event,FINANCIAL_EVENT_JOURNAL_ENTRY_LINE,HIGH,pattern_match,5,3
Financial Interbank Payments,Event,FINANCIAL_INSTRUMENT_GLOBAL_IDENTIFIER,HIGH,pattern_match,6,3
Financial Interbank Payments,Event,FINANCIAL_PLAN_PROJECT_TASK_RESOURCE,HIGH,pattern_match,10,3
Financial Interbank Payments,Event,LEGAL_ACTION_FINANCIAL,HIGH,pattern_match,5,3
Financial Interbank Payments,Event,AGREEMENT_FINANCIAL_RULE,HIGH,pattern_match,5,2
Financial Interbank Payments,Event,FINANCIAL_AGREEMENT_BASEL_II_APPROACH,HIGH,pattern_match,5,2
Financial Interbank Payments,Event,FINANCIAL_AGREEMENT_PASSBOOK,HIGH,pattern_match,4,2
Financial Interbank Payments,Event,FINANCIAL_EVENT_AMOUNT_FEATURE,HIGH,pattern_match,4,2
Financial Interbank Payments,Event,FINANCIAL_INSTITUTION_ID_TYPE,HIGH,pattern_match,2,2
Financial Interbank Payments,Event,FINANCIAL_PLAN_BALANCE,HIGH,pattern_match,9,2
Financial Interbank Payments,Event,FINANCIAL_PRODUCT,HIGH,pattern_match,2,2
Financial Interbank Payments,Event,FINANCIAL_RULE_METRIC_TYPE,HIGH,pattern_match,3,2
Financial Interbank Payments,Event,FINANCIAL_RULE_STRATEGY,HIGH,pattern_match,2,2
Financial Interbank Payments,Event,PRODUCT_FINANCIAL_RULE,HIGH,pattern_match,2,2
Financial Interbank Payments,Event,PROJECT_FINANCIAL_PLAN,HIGH,pattern_match,2,2
Financial Interbank Payments,Event,PROJECT_TASK_FINANCIAL_PLAN,HIGH,pattern_match,3,2
Financial Interbank Payments,Event,INTERBANK_EVENT,HIGH,pattern_match,2,2
Financial Interbank Payments,Event,DIRECT_EARNINGS_FINANCIAL_INSTRUMENT,HIGH,pattern_match,1,1
Non-Financial Transactions,Event,NETWORK_SERVICE_EVENT,HIGH,pattern_match,2,1
Non-Financial Transactions,Event,DRUG_NDC__GEO,MEDIUM,keyword_match,14,10
Non-Financial Transactions,Event,METROPOLITAN_STATISTICAL_AREA__GEO,MEDIUM,keyword_match,1,5
Non-Financial Transactions,Event,ORGANIZATION_NAICS__GEO,MEDIUM,keyword_match,9,4
Non-Financial Transactions,Event,CENSUS_BLOCK__GEO,MEDIUM,keyword_match,3,3
Non-Financial Transactions,Event,DESIGNATED_MARKET_AREA__GEO,MEDIUM,keyword_match,1,3
Non-Financial Transactions,Event,LEGAL_ACTION_FINANCIAL,MEDIUM,keyword_match,5,3
Non-Financial Transactions,Event,NAICS_INDUSTRY__GEO,MEDIUM,keyword_match,5,3
Non-Financial Transactions,Event,ORGANIZATION_SIC__GEO,MEDIUM,keyword_match,5,3
Non-Financial Transactions,Event,CENSUS_BLOCK_GROUP__GEO,MEDIUM,keyword_match,2,2
Non-Financial Transactions,Event,CENSUS_TRACT__GEO,MEDIUM,keyword_match,2,2
Non-Financial Transactions,Event,DEA_DRUG_CLASSIFICATION__GEO,MEDIUM,keyword_match,4,2
Non-Financial Transactions,Event,FORMULARY_DRUG_NDC__GEO,MEDIUM,keyword_match,5,2
Non-Financial Transactions,Event,NAICS_INDUSTRY_GROUP__GEO,MEDIUM,keyword_match,4,2
Non-Financial Transactions,Event,NAICS_NATIONAL_INDUSTRY__GEO,MEDIUM,keyword_match,6,2
Non-Financial Transactions,Event,NAICS_SUBSECTOR__GEO,MEDIUM,keyword_match,3,2
Non-Financial Transactions,Event,ORGANIZATION_NACE__GEO,MEDIUM,keyword_match,8,2
Non-Financial Transactions,Event,DEA_SCHEDULE__GEO,MEDIUM,keyword_match,3,1
Non-Financial Transactions,Event,NAICS_SECTOR__GEO,MEDIUM,keyword_match,2,1
Non-Financial Transactions,Event,ORANGE_BOOK_THERAPEUTIC_EQUIVALENCE_TYPE__GEO,MEDIUM,keyword_match,2,1
Service Usage,Event,CHANNEL_USAGE_TYPE,HIGH,pattern_match,2,1
Service Usage,Event,NETWORK_SERVICE_EVENT,HIGH,pattern_match,2,1
Service Usage,Event,DRUG_NDC__GEO,MEDIUM,keyword_match,14,10
Service Usage,Event,METROPOLITAN_STATISTICAL_AREA__GEO,MEDIUM,keyword_match,1,5
Service Usage,Event,ORGANIZATION_NAICS__GEO,MEDIUM,keyword_match,9,4
Service Usage,Event,CENSUS_BLOCK__GEO,MEDIUM,keyword_match,3,3
Service Usage,Event,DESIGNATED_MARKET_AREA__GEO,MEDIUM,keyword_match,1,3
Service Usage,Event,NAICS_INDUSTRY__GEO,MEDIUM,keyword_match,5,3
Service Usage,Event,ORGANIZATION_SIC__GEO,MEDIUM,keyword_match,5,3
Service Usage,Event,CENSUS_BLOCK_GROUP__GEO,MEDIUM,keyword_match,2,2
Service Usage,Event,CENSUS_TRACT__GEO,MEDIUM,keyword_match,2,2
Service Usage,Event,DEA_DRUG_CLASSIFICATION__GEO,MEDIUM,keyword_match,4,2
Service Usage,Event,FORMULARY_DRUG_NDC__GEO,MEDIUM,keyword_match,5,2
Service Usage,Event,NAICS_INDUSTRY_GROUP__GEO,MEDIUM,keyword_match,4,2
Service Usage,Event,NAICS_NATIONAL_INDUSTRY__GEO,MEDIUM,keyword_match,6,2
Service Usage,Event,NAICS_SUBSECTOR__GEO,MEDIUM,keyword_match,3,2
Service Usage,Event,ORGANIZATION_NACE__GEO,MEDIUM,keyword_match,8,2
Service Usage,Event,DEA_SCHEDULE__GEO,MEDIUM,keyword_match,3,1
Service Usage,Event,NAICS_SECTOR__GEO,MEDIUM,keyword_match,2,1
Service Usage,Event,ORANGE_BOOK_THERAPEUTIC_EQUIVALENCE_TYPE__GEO,MEDIUM,keyword_match,2,1
Complaint Data,Event,LABOR_GRIEVANCE,HIGH,pattern_match,6,8
Complaint Data,Event,GRIEVANCE_PROCEDURE,HIGH,pattern_match,7,6
Complaint Data,Event,GRIEVANCE_PROCESS_STATUS,HIGH,pattern_match,5,3
Complaint Data,Event,LABOR_GRIEVANCE_DOCUMENT,HIGH,pattern_match,3,3
Complaint Data,Event,LABOR_GRIEVANCE_PROCESS,HIGH,pattern_match,5,3
Complaint Data,Event,LABOR_GRIEVANCE_STATUS,HIGH,pattern_match,5,3
Complaint Data,Event,PARTY_GRIEVANCE,HIGH,pattern_match,5,3
Complaint Data,Event,GRIEVANCE_PROJECT,HIGH,pattern_match,2,2
Complaint Data,Event,GRIEVANCE_PROCEDURE_SCOPE_TYPE,HIGH,pattern_match,2,1
Complaint Data,Event,GRIEVANCE_PROCEDURE_TYPE,HIGH,pattern_match,2,1
Complaint Data,Event,GRIEVANCE_PROCESS_STATUS_REASON,HIGH,pattern_match,2,1
Complaint Data,Event,GRIEVANCE_PROCESS_STATUS_TYPE,HIGH,pattern_match,2,1
Complaint Data,Event,LABOR_GRIEVANCE_STATUS_REASON,HIGH,pattern_match,2,1
Complaint Data,Event,LABOR_GRIEVANCE_STATUS_TYPE,HIGH,pattern_match,2,1
Complaint Data,Event,LABOR_GRIEVANCE_TYPE,HIGH,pattern_match,2,1
Complaint Data,Event,PARTY_GRIEVANCE_ROLE,HIGH,pattern_match,2,1
Offline Customer Interactions - Branch,Event,CUSTOMER_LOCATION_TYPE,HIGH,pattern_match,2,1
Offline Customer Interactions - Branch,Event,CUSTOMER_PORTFOLIO_EVENT,HIGH,pattern_match,1,1
Offline Customer Interactions - Branch,Event,CUSTOMER_TONE_TYPE,HIGH,pattern_match,2,1
Offline Customer Interactions - Branch,Event,CUSTOMER_AGREEMENT_AS_COLLATERAL_AGREEMENT,HIGH,pattern_match,0,0
Offline Customer Interactions - Branch,Event,CUSTOMER_INVESTMENT_AGREEMENT,HIGH,pattern_match,0,0
Offline Customer Interactions - Branch,Event,CUSTOMER_MARGIN_AGREEMENT,HIGH,pattern_match,0,0
Offline Customer Interactions - Branch,Event,CUSTOMER_TRANSACTION_FRAUD,HIGH,pattern_match,0,0
Offline Customer Interactions - Branch,Event,BRANCH_SITE,HIGH,pattern_match,0,0
Offline Customer Interactions - Branch,Event,DRUG_NDC__GEO,MEDIUM,keyword_match,14,10
Offline Customer Interactions - Branch,Event,METROPOLITAN_STATISTICAL_AREA__GEO,MEDIUM,keyword_match,1,5
Offline Customer Interactions - Branch,Event,ORGANIZATION_NAICS__GEO,MEDIUM,keyword_match,9,4
Offline Customer Interactions - Branch,Event,CENSUS_BLOCK__GEO,MEDIUM,keyword_match,3,3
Offline Customer Interactions - Branch,Event,DESIGNATED_MARKET_AREA__GEO,MEDIUM,keyword_match,1,3
Offline Customer Interactions - Branch,Event,NAICS_INDUSTRY__GEO,MEDIUM,keyword_match,5,3
Offline Customer Interactions - Branch,Event,ORGANIZATION_SIC__GEO,MEDIUM,keyword_match,5,3
Offline Customer Interactions - Branch,Event,CENSUS_BLOCK_GROUP__GEO,MEDIUM,keyword_match,2,2
Offline Customer Interactions - Branch,Event,CENSUS_TRACT__GEO,MEDIUM,keyword_match,2,2
Offline Customer Interactions - Branch,Event,CHART_OF_ACCOUNTS_CODE_TO_SEGMENT,MEDIUM,keyword_match,6,2
Offline Customer Interactions - Branch,Event,DEA_DRUG_CLASSIFICATION__GEO,MEDIUM,keyword_match,4,2
Offline Customer Interactions - Branch,Event,FORMULARY_DRUG_NDC__GEO,MEDIUM,keyword_match,5,2
Offline Customer Interactions - Branch,Event,IN_OUT_DIRECTION_TYPE,MEDIUM,keyword_match,2,2
Offline Customer Interactions - Branch,Event,NAICS_INDUSTRY_GROUP__GEO,MEDIUM,keyword_match,4,2
Offline Customer Interactions - Branch,Event,NAICS_NATIONAL_INDUSTRY__GEO,MEDIUM,keyword_match,6,2
Offline Customer Interactions - Branch,Event,NAICS_SUBSECTOR__GEO,MEDIUM,keyword_match,3,2
Offline Customer Interactions - Branch,Event,ORGANIZATION_NACE__GEO,MEDIUM,keyword_match,8,2
Offline Customer Interactions - Branch,Event,DEA_SCHEDULE__GEO,MEDIUM,keyword_match,3,1
Offline Customer Interactions - Branch,Event,NAICS_SECTOR__GEO,MEDIUM,keyword_match,2,1
Offline Customer Interactions - Branch,Event,ORANGE_BOOK_THERAPEUTIC_EQUIVALENCE_TYPE__GEO,MEDIUM,keyword_match,2,1
Offline Customer Interactions - Call Centre,Event,CALL_CENTER_CONTACT_EVENT,HIGH,pattern_match,4,3
Offline Customer Interactions - Call Centre,Event,CALL_CENTER_TERMINAL_CHANNEL_INSTANCE,HIGH,pattern_match,3,2
Offline Customer Interactions - Call Centre,Event,OPTION_PUT_CALL_TYPE,HIGH,pattern_match,2,2
Offline Customer Interactions - Call Centre,Event,CUSTOMER_LOCATION_TYPE,HIGH,pattern_match,2,1
Offline Customer Interactions - Call Centre,Event,CUSTOMER_PORTFOLIO_EVENT,HIGH,pattern_match,1,1
Offline Customer Interactions - Call Centre,Event,CUSTOMER_TONE_TYPE,HIGH,pattern_match,2,1
Offline Customer Interactions - Call Centre,Event,BOND_CALL_SCHEDULE,HIGH,pattern_match,3,1
Offline Customer Interactions - Call Centre,Event,BOND_CALL_TYPE,HIGH,pattern_match,2,1
Offline Customer Interactions - Call Centre,Event,CALL_CENTER_CONTACT_TYPE,HIGH,pattern_match,2,1
Offline Customer Interactions - Call Centre,Event,CALL_CENTER_TYPE,HIGH,pattern_match,2,1
Offline Customer Interactions - Call Centre,Event,OUTBOUND_CALL,HIGH,pattern_match,2,1
Offline Customer Interactions - Call Centre,Event,OUTBOUND_CALL_REASON_TYPE,HIGH,pattern_match,2,1
Offline Customer Interactions - Call Centre,Event,PARTY_ASSET_PART_RECALL,HIGH,pattern_match,3,1
Offline Customer Interactions - Call Centre,Event,PARTY_ASSET_RECALL,HIGH,pattern_match,2,1
Offline Customer Interactions - Call Centre,Event,SECURITIZATION_CLEAN_UP_CALL_TYPE,HIGH,pattern_match,2,1
Offline Customer Interactions - Call Centre,Event,SWAP_LEG_CALL_SCHEDULE,HIGH,pattern_match,4,1
Offline Customer Interactions - Call Centre,Event,CUSTOMER_AGREEMENT_AS_COLLATERAL_AGREEMENT,HIGH,pattern_match,0,0
Offline Customer Interactions - Call Centre,Event,CUSTOMER_INVESTMENT_AGREEMENT,HIGH,pattern_match,0,0
Offline Customer Interactions - Call Centre,Event,CUSTOMER_MARGIN_AGREEMENT,HIGH,pattern_match,0,0
Offline Customer Interactions - Call Centre,Event,CUSTOMER_TRANSACTION_FRAUD,HIGH,pattern_match,0,0
Offline Customer Interactions - Call Centre,Event,CALL_CENTER_CHANNEL_TYPE,HIGH,pattern_match,0,0
Offline Customer Interactions - Call Centre,Event,INBOUND_CALL,HIGH,pattern_match,2,0
Offline Customer Interactions - Call Centre,Event,DRUG_NDC__GEO,MEDIUM,keyword_match,14,10
Offline Customer Interactions - Call Centre,Event,METROPOLITAN_STATISTICAL_AREA__GEO,MEDIUM,keyword_match,1,5
Offline Customer Interactions - Call Centre,Event,ORGANIZATION_NAICS__GEO,MEDIUM,keyword_match,9,4
Offline Customer Interactions - Call Centre,Event,CENSUS_BLOCK__GEO,MEDIUM,keyword_match,3,3
Offline Customer Interactions - Call Centre,Event,DESIGNATED_MARKET_AREA__GEO,MEDIUM,keyword_match,1,3
Offline Customer Interactions - Call Centre,Event,NAICS_INDUSTRY__GEO,MEDIUM,keyword_match,5,3
Offline Customer Interactions - Call Centre,Event,ORGANIZATION_SIC__GEO,MEDIUM,keyword_match,5,3
Offline Customer Interactions - Call Centre,Event,CENSUS_BLOCK_GROUP__GEO,MEDIUM,keyword_match,2,2
Offline Customer Interactions - letters,Event,CUSTOMER_LOCATION_TYPE,HIGH,pattern_match,2,1
Offline Customer Interactions - letters,Event,CUSTOMER_PORTFOLIO_EVENT,HIGH,pattern_match,1,1
Offline Customer Interactions - letters,Event,CUSTOMER_TONE_TYPE,HIGH,pattern_match,2,1
Offline Customer Interactions - letters,Event,CUSTOMER_AGREEMENT_AS_COLLATERAL_AGREEMENT,HIGH,pattern_match,0,0
Offline Customer Interactions - letters,Event,CUSTOMER_INVESTMENT_AGREEMENT,HIGH,pattern_match,0,0
Offline Customer Interactions - letters,Event,CUSTOMER_MARGIN_AGREEMENT,HIGH,pattern_match,0,0
Offline Customer Interactions - letters,Event,CUSTOMER_TRANSACTION_FRAUD,HIGH,pattern_match,0,0
Offline Customer Interactions - letters,Event,DRUG_NDC__GEO,MEDIUM,keyword_match,14,10
Offline Customer Interactions - letters,Event,METROPOLITAN_STATISTICAL_AREA__GEO,MEDIUM,keyword_match,1,5
Offline Customer Interactions - letters,Event,ORGANIZATION_NAICS__GEO,MEDIUM,keyword_match,9,4
Offline Customer Interactions - letters,Event,CENSUS_BLOCK__GEO,MEDIUM,keyword_match,3,3
Offline Customer Interactions - letters,Event,DESIGNATED_MARKET_AREA__GEO,MEDIUM,keyword_match,1,3
Offline Customer Interactions - letters,Event,NAICS_INDUSTRY__GEO,MEDIUM,keyword_match,5,3
Offline Customer Interactions - letters,Event,ORGANIZATION_SIC__GEO,MEDIUM,keyword_match,5,3
Offline Customer Interactions - letters,Event,CENSUS_BLOCK_GROUP__GEO,MEDIUM,keyword_match,2,2
Offline Customer Interactions - letters,Event,CENSUS_TRACT__GEO,MEDIUM,keyword_match,2,2
Offline Customer Interactions - letters,Event,CHART_OF_ACCOUNTS_CODE_TO_SEGMENT,MEDIUM,keyword_match,6,2
Offline Customer Interactions - letters,Event,DEA_DRUG_CLASSIFICATION__GEO,MEDIUM,keyword_match,4,2
Offline Customer Interactions - letters,Event,FORMULARY_DRUG_NDC__GEO,MEDIUM,keyword_match,5,2
Offline Customer Interactions - letters,Event,IN_OUT_DIRECTION_TYPE,MEDIUM,keyword_match,2,2
Offline Customer Interactions - letters,Event,NAICS_INDUSTRY_GROUP__GEO,MEDIUM,keyword_match,4,2
Offline Customer Interactions - letters,Event,NAICS_NATIONAL_INDUSTRY__GEO,MEDIUM,keyword_match,6,2
Offline Customer Interactions - letters,Event,NAICS_SUBSECTOR__GEO,MEDIUM,keyword_match,3,2
Offline Customer Interactions - letters,Event,ORGANIZATION_NACE__GEO,MEDIUM,keyword_match,8,2
Offline Customer Interactions - letters,Event,DEA_SCHEDULE__GEO,MEDIUM,keyword_match,3,1
Offline Customer Interactions - letters,Event,NAICS_SECTOR__GEO,MEDIUM,keyword_match,2,1
Offline Customer Interactions - letters,Event,ORANGE_BOOK_THERAPEUTIC_EQUIVALENCE_TYPE__GEO,MEDIUM,keyword_match,2,1
Offline Customer Interactions - letters,Event,LETTER_OF_CREDIT_AGREEMENT,MEDIUM,keyword_match,1,0
Offline Customer Interactions - sms text,Event,TEXT_SECTION,HIGH,pattern_match,7,19
Offline Customer Interactions - sms text,Event,TEXT_TYPE,HIGH,pattern_match,2,7
Offline Customer Interactions - sms text,Event,EVENT_TEXT,HIGH,pattern_match,5,5
Offline Customer Interactions - sms text,Event,AGREEMENT_TEXT,HIGH,pattern_match,5,4
Offline Customer Interactions - sms text,Event,OPPORTUNITY_TEXT,HIGH,pattern_match,5,4
Offline Customer Interactions - sms text,Event,AGREEMENT_GROUP_TEXT,HIGH,pattern_match,5,3
Offline Customer Interactions - sms text,Event,AGREEMENT_PARTY_TEXT,HIGH,pattern_match,8,3
Offline Customer Interactions - sms text,Event,CLAIM_COVERAGE_TEXT,HIGH,pattern_match,5,3
Offline Customer Interactions - sms text,Event,CLAIM_SERVICE_TEXT,HIGH,pattern_match,7,3
Offline Customer Interactions - sms text,Event,CLAIM_TEXT,HIGH,pattern_match,4,3
Offline Customer Interactions - sms text,Event,CLAIM_TEXT_TYPE,HIGH,pattern_match,2,3
Offline Customer Interactions - sms text,Event,LEAD_TEXT_COMMENT,HIGH,pattern_match,5,3
Offline Customer Interactions - sms text,Event,SALES_MARKETING_ACTIVITY_TEXT_COMMENT,HIGH,pattern_match,5,3
Offline Customer Interactions - sms text,Event,TEXT_PATTERN_RESPONSE,HIGH,pattern_match,4,3
Offline Customer Interactions - sms text,Event,TEXT_SUBTYPE,HIGH,pattern_match,2,3
Offline Customer Interactions - sms text,Event,WEB_AD_PLACEMENT_TEXT,HIGH,pattern_match,5,3
Offline Customer Interactions - sms text,Event,WEB_PAGE_CONTEXT,HIGH,pattern_match,3,3
Offline Customer Interactions - sms text,Event,WEB_PAGE_TEXT,HIGH,pattern_match,3,3
Offline Customer Interactions - sms text,Event,AGREEMENT_TEXT_SECTION,HIGH,pattern_match,3,2
Offline Customer Interactions - sms text,Event,ALERT_RESOLUTION_TEXT,HIGH,pattern_match,5,2
Offline Customer Interactions - sms text,Event,APPLICATION_TEXT,HIGH,pattern_match,5,2
Offline Customer Interactions - sms text,Event,CLAIM_COVERAGE_TEXT_SECTION,HIGH,pattern_match,5,2
Offline Customer Interactions - sms text,Event,CLAIM_SERVICE_TEXT_SECTION,HIGH,pattern_match,7,2
Offline Customer Interactions - sms text,Event,CLAIM_TEXT_SECTION,HIGH,pattern_match,4,2
Offline Customer Interactions - sms text,Event,DOCUMENT_TEXT_SECTION,HIGH,pattern_match,2,2
Offline Customer Interactions - sms text,Event,EVENT_PARTY_TEXT_SECTION,HIGH,pattern_match,5,2
Offline Customer Interactions - sms text,Event,EVENT_TEXT_SECTION,HIGH,pattern_match,3,2
Offline Customer Interactions - sms text,Event,MM_OBJECT_TEXT_SECTION,HIGH,pattern_match,2,2
Offline Customer Interactions - sms text,Event,OPPORTUNITY_COMPETITOR_TEXT,HIGH,pattern_match,6,2
Offline Customer Interactions - sms text,Event,OPPORTUNITY_TEXT_SECTION,HIGH,pattern_match,4,2
Online Interactions -  webchat (internal & external),Event,ONLINE_APPLICATION_ACCESS,HIGH,pattern_match,22,20
Online Interactions -  webchat (internal & external),Event,ONLINE_APPLICATION_PROGRAM,HIGH,pattern_match,7,13
Online Interactions -  webchat (internal & external),Event,INTERNAL_SEARCH_EVENT,HIGH,pattern_match,13,13
Online Interactions -  webchat (internal & external),Event,ONLINE_IMPRESSION_EXPERIENCED,HIGH,pattern_match,7,11
Online Interactions -  webchat (internal & external),Event,ONLINE_PROMOTION,HIGH,pattern_match,11,11
Online Interactions -  webchat (internal & external),Event,EXTERNALLY_REPORTED_CLAIM,HIGH,pattern_match,24,10
Online Interactions -  webchat (internal & external),Event,ONLINE_APPLICATION_PROGRAM_VERSION,HIGH,pattern_match,2,8
Online Interactions -  webchat (internal & external),Event,FINANCIAL_INSTITUTION_INTERNAL_ORGANIZATION,HIGH,pattern_match,4,8
Online Interactions -  webchat (internal & external),Event,INTERNAL_ASSET_TYPE,HIGH,pattern_match,4,6
Online Interactions -  webchat (internal & external),Event,ONLINE_APPLICATION_PROGRAM_GENRE,HIGH,pattern_match,9,5
Online Interactions -  webchat (internal & external),Event,ONLINE_APPLICATION_PROGRAM_TRAIT_VALUE,HIGH,pattern_match,8,5
Online Interactions -  webchat (internal & external),Event,ONLINE_DOCUMENT_INFORMATION,HIGH,pattern_match,8,5
Online Interactions -  webchat (internal & external),Event,INTERNAL_ORGANIZATION,HIGH,pattern_match,4,5
Online Interactions -  webchat (internal & external),Event,EXTERNAL_DIRECT_DEBIT,HIGH,pattern_match,9,5
Online Interactions -  webchat (internal & external),Event,EXTERNAL_STANDING_ORDER,HIGH,pattern_match,9,5
Online Interactions -  webchat (internal & external),Event,ONLINE_APPLICATION_PROGRAM_COUNTRY_GROUP,HIGH,pattern_match,4,4
Online Interactions -  webchat (internal & external),Event,HR_INTERNAL_ORGANIZATION,HIGH,pattern_match,1,4
Online Interactions -  webchat (internal & external),Event,EXTERNALLY_REPORTED_VEHICLE_CLAIM,HIGH,pattern_match,16,4
Online Interactions -  webchat (internal & external),Event,EXTERNAL_LIST,HIGH,pattern_match,5,4
Online Interactions -  webchat (internal & external),Event,ONLINE_APPLICATION_ACCESS_SEGMENT_DEMOGRAPHIC,HIGH,pattern_match,7,3
Online Interactions -  webchat (internal & external),Event,ONLINE_APPLICATION_PROGRAM_RATING_XREF,HIGH,pattern_match,7,3
Online Interactions -  webchat (internal & external),Event,ONLINE_APPLICATION_PROGRAM_RELATED,HIGH,pattern_match,5,3
Online Interactions -  webchat (internal & external),Event,ONLINE_APPLICATION_PROGRAM_TRAIT_XREF,HIGH,pattern_match,5,3
Online Interactions -  webchat (internal & external),Event,ONLINE_APPLICATION_RATING_DAYPART,HIGH,pattern_match,6,3
Online Interactions -  webchat (internal & external),Event,ONLINE_CHANNEL_TYPE,HIGH,pattern_match,3,3
Online Interactions -  webchat (internal & external),Event,ONLINE_PROMOTION_VISIT_XREF,HIGH,pattern_match,2,3
Online Interactions -  webchat (internal & external),Event,INTERNAL_MODEL_APPROACH_SUMMARY,HIGH,pattern_match,12,3
Online Interactions -  webchat (internal & external),Event,EXTERNAL_AGREEMENT,HIGH,pattern_match,2,3
Online Interactions -  webchat (internal & external),Event,EXTERNAL_CLAIM_LOSS_DETAIL,HIGH,pattern_match,6,3
Online Interactions -  webchat (internal & external),Event,EXTERNAL_COUPON,HIGH,pattern_match,5,3
Online Interactions colleague intranet,Event,ONLINE_APPLICATION_ACCESS,HIGH,pattern_match,22,20
Online Interactions colleague intranet,Event,ONLINE_APPLICATION_PROGRAM,HIGH,pattern_match,7,13
Online Interactions colleague intranet,Event,ONLINE_IMPRESSION_EXPERIENCED,HIGH,pattern_match,7,11
Online Interactions colleague intranet,Event,ONLINE_PROMOTION,HIGH,pattern_match,11,11
Online Interactions colleague intranet,Event,ONLINE_APPLICATION_PROGRAM_VERSION,HIGH,pattern_match,2,8
Online Interactions colleague intranet,Event,ONLINE_APPLICATION_PROGRAM_GENRE,HIGH,pattern_match,9,5
Online Interactions colleague intranet,Event,ONLINE_APPLICATION_PROGRAM_TRAIT_VALUE,HIGH,pattern_match,8,5
Online Interactions colleague intranet,Event,ONLINE_DOCUMENT_INFORMATION,HIGH,pattern_match,8,5
Online Interactions colleague intranet,Event,ONLINE_APPLICATION_PROGRAM_COUNTRY_GROUP,HIGH,pattern_match,4,4
Online Interactions colleague intranet,Event,ONLINE_APPLICATION_ACCESS_SEGMENT_DEMOGRAPHIC,HIGH,pattern_match,7,3
Online Interactions colleague intranet,Event,ONLINE_APPLICATION_PROGRAM_RATING_XREF,HIGH,pattern_match,7,3
Online Interactions colleague intranet,Event,ONLINE_APPLICATION_PROGRAM_RELATED,HIGH,pattern_match,5,3
Online Interactions colleague intranet,Event,ONLINE_APPLICATION_PROGRAM_TRAIT_XREF,HIGH,pattern_match,5,3
Online Interactions colleague intranet,Event,ONLINE_APPLICATION_RATING_DAYPART,HIGH,pattern_match,6,3
Online Interactions colleague intranet,Event,ONLINE_CHANNEL_TYPE,HIGH,pattern_match,3,3
Online Interactions colleague intranet,Event,ONLINE_PROMOTION_VISIT_XREF,HIGH,pattern_match,2,3
Online Interactions colleague intranet,Event,ONLINE_APPLICATION_ACCESS_AD_XREF,HIGH,pattern_match,5,2
Online Interactions colleague intranet,Event,ONLINE_APPLICATION_DEVELOPER_XREF,HIGH,pattern_match,3,2
Online Interactions colleague intranet,Event,ONLINE_APPLICATION_PROGRAM_CATEGORY,HIGH,pattern_match,3,2
Online Interactions colleague intranet,Event,ONLINE_APPLICATION_PROGRAM_DEVICE_XREF,HIGH,pattern_match,2,2
Online Interactions colleague intranet,Event,ONLINE_APPLICATION_PROGRAM_IDENTIFICATION,HIGH,pattern_match,4,2
Online Interactions colleague intranet,Event,ONLINE_APPLICATION_PROGRAM_METRIC,HIGH,pattern_match,6,2
Online Interactions colleague intranet,Event,ONLINE_APPLICATION_PROGRAM_PAGE_VIEW_XREF,HIGH,pattern_match,5,2
Online Interactions colleague intranet,Event,ONLINE_APPLICATION_PROGRAM_STATUS,HIGH,pattern_match,3,2
Online Interactions colleague intranet,Event,ONLINE_APPLICATION_PROGRAM_TYPE,HIGH,pattern_match,2,2
Online Interactions colleague intranet,Event,ONLINE_CHANNEL_TYPE_2,HIGH,pattern_match,1,2
Online Interactions colleague intranet,Event,ONLINE_PROMOTION_SUMMARY,HIGH,pattern_match,7,2
Online Interactions colleague intranet,Event,ONLINE_RADIO_STATION,HIGH,pattern_match,4,2
Online Interactions colleague intranet,Event,ONLINE_APPLICATION_ACCESS_SUBTYPE,HIGH,pattern_match,2,1
Online Interactions colleague intranet,Event,ONLINE_APPLICATION_GAME_TYPE,HIGH,pattern_match,3,1
Online Interactions customer digital banking site (web log),Event,SITE,HIGH,exact_match,13,45
Online Interactions customer digital banking site (web log),Event,ONLINE_APPLICATION_ACCESS,HIGH,pattern_match,22,20
Online Interactions customer digital banking site (web log),Event,WEB_SITE,HIGH,pattern_match,8,16
Online Interactions customer digital banking site (web log),Event,ONLINE_APPLICATION_PROGRAM,HIGH,pattern_match,7,13
Online Interactions customer digital banking site (web log),Event,ONLINE_IMPRESSION_EXPERIENCED,HIGH,pattern_match,7,11
Online Interactions customer digital banking site (web log),Event,ONLINE_PROMOTION,HIGH,pattern_match,11,11
Online Interactions customer digital banking site (web log),Event,DIGITAL_REQUEST_PLACEMENT,HIGH,pattern_match,12,10
Online Interactions customer digital banking site (web log),Event,MICROSITE,HIGH,pattern_match,6,9
Online Interactions customer digital banking site (web log),Event,ONLINE_APPLICATION_PROGRAM_VERSION,HIGH,pattern_match,2,8
Online Interactions customer digital banking site (web log),Event,DIGITAL_PLACEMENT,HIGH,pattern_match,15,8
Online Interactions customer digital banking site (web log),Event,SITE_SCHEDULE_GROUP,HIGH,pattern_match,3,8
Online Interactions customer digital banking site (web log),Event,WEB_SITE_SECTION,HIGH,pattern_match,6,8
Online Interactions customer digital banking site (web log),Event,SITE_CLASS_VALUE,HIGH,pattern_match,10,6
Online Interactions customer digital banking site (web log),Event,SITE_METRIC,HIGH,pattern_match,12,6
Online Interactions customer digital banking site (web log),Event,ONLINE_APPLICATION_PROGRAM_GENRE,HIGH,pattern_match,9,5
Online Interactions customer digital banking site (web log),Event,ONLINE_APPLICATION_PROGRAM_TRAIT_VALUE,HIGH,pattern_match,8,5
Online Interactions customer digital banking site (web log),Event,ONLINE_DOCUMENT_INFORMATION,HIGH,pattern_match,8,5
Online Interactions customer digital banking site (web log),Event,WEB_SITE_SUBSTITUTE_SECTION,HIGH,pattern_match,5,5
Online Interactions customer digital banking site (web log),Event,ONLINE_APPLICATION_PROGRAM_COUNTRY_GROUP,HIGH,pattern_match,4,4
Online Interactions customer digital banking site (web log),Event,DIGITAL_PLACEMENT_XREF,HIGH,pattern_match,7,4
Online Interactions customer digital banking site (web log),Event,MICROSITE_DOCUMENT_XREF,HIGH,pattern_match,9,4
Online Interactions customer digital banking site (web log),Event,MICROSITE_PARTY_XREF,HIGH,pattern_match,7,4
Online Interactions customer digital banking site (web log),Event,MICROSITE_RATING_XREF,HIGH,pattern_match,4,4
Online Interactions customer digital banking site (web log),Event,SITE_CLASS_SCHEME_TYPE,HIGH,pattern_match,5,4
Online Interactions customer digital banking site (web log),Event,SITE_IDENTIFICATION,HIGH,pattern_match,8,4
Online Interactions customer digital banking site (web log),Event,SITE_TRAIT_VALUE,HIGH,pattern_match,7,4
Online Interactions customer digital banking site (web log),Event,WEB_SITE_NAVIGATION,HIGH,pattern_match,4,4
Online Interactions customer digital banking site (web log),Event,ONLINE_APPLICATION_ACCESS_SEGMENT_DEMOGRAPHIC,HIGH,pattern_match,7,3
Online Interactions customer digital banking site (web log),Event,ONLINE_APPLICATION_PROGRAM_RATING_XREF,HIGH,pattern_match,7,3
Online Interactions customer digital banking site (web log),Event,ONLINE_APPLICATION_PROGRAM_RELATED,HIGH,pattern_match,5,3
Online Interactions customer general banking site,Event,SITE,HIGH,exact_match,13,45
Online Interactions customer general banking site,Event,ONLINE_APPLICATION_ACCESS,HIGH,pattern_match,22,20
Online Interactions customer general banking site,Event,WEB_SITE,HIGH,pattern_match,8,16
Online Interactions customer general banking site,Event,ONLINE_APPLICATION_PROGRAM,HIGH,pattern_match,7,13
Online Interactions customer general banking site,Event,ONLINE_IMPRESSION_EXPERIENCED,HIGH,pattern_match,7,11
Online Interactions customer general banking site,Event,ONLINE_PROMOTION,HIGH,pattern_match,11,11
Online Interactions customer general banking site,Event,MICROSITE,HIGH,pattern_match,6,9
Online Interactions customer general banking site,Event,ONLINE_APPLICATION_PROGRAM_VERSION,HIGH,pattern_match,2,8
Online Interactions customer general banking site,Event,SITE_SCHEDULE_GROUP,HIGH,pattern_match,3,8
Online Interactions customer general banking site,Event,WEB_SITE_SECTION,HIGH,pattern_match,6,8
Online Interactions customer general banking site,Event,SITE_CLASS_VALUE,HIGH,pattern_match,10,6
Online Interactions customer general banking site,Event,SITE_METRIC,HIGH,pattern_match,12,6
Online Interactions customer general banking site,Event,ONLINE_APPLICATION_PROGRAM_GENRE,HIGH,pattern_match,9,5
Online Interactions customer general banking site,Event,ONLINE_APPLICATION_PROGRAM_TRAIT_VALUE,HIGH,pattern_match,8,5
Online Interactions customer general banking site,Event,ONLINE_DOCUMENT_INFORMATION,HIGH,pattern_match,8,5
Online Interactions customer general banking site,Event,WEB_SITE_SUBSTITUTE_SECTION,HIGH,pattern_match,5,5
Online Interactions customer general banking site,Event,ONLINE_APPLICATION_PROGRAM_COUNTRY_GROUP,HIGH,pattern_match,4,4
Online Interactions customer general banking site,Event,MICROSITE_DOCUMENT_XREF,HIGH,pattern_match,9,4
Online Interactions customer general banking site,Event,MICROSITE_PARTY_XREF,HIGH,pattern_match,7,4
Online Interactions customer general banking site,Event,MICROSITE_RATING_XREF,HIGH,pattern_match,4,4
Online Interactions customer general banking site,Event,SITE_CLASS_SCHEME_TYPE,HIGH,pattern_match,5,4
Online Interactions customer general banking site,Event,SITE_IDENTIFICATION,HIGH,pattern_match,8,4
Online Interactions customer general banking site,Event,SITE_TRAIT_VALUE,HIGH,pattern_match,7,4
Online Interactions customer general banking site,Event,WEB_SITE_NAVIGATION,HIGH,pattern_match,4,4
Online Interactions customer general banking site,Event,ONLINE_APPLICATION_ACCESS_SEGMENT_DEMOGRAPHIC,HIGH,pattern_match,7,3
Online Interactions customer general banking site,Event,ONLINE_APPLICATION_PROGRAM_RATING_XREF,HIGH,pattern_match,7,3
Online Interactions customer general banking site,Event,ONLINE_APPLICATION_PROGRAM_RELATED,HIGH,pattern_match,5,3
Online Interactions customer general banking site,Event,ONLINE_APPLICATION_PROGRAM_TRAIT_XREF,HIGH,pattern_match,5,3
Online Interactions customer general banking site,Event,ONLINE_APPLICATION_RATING_DAYPART,HIGH,pattern_match,6,3
Online Interactions customer general banking site,Event,ONLINE_CHANNEL_TYPE,HIGH,pattern_match,3,3
Online Interactions email - customer & employee,Event,ONLINE_APPLICATION_ACCESS,HIGH,pattern_match,22,20
Online Interactions email - customer & employee,Event,ONLINE_APPLICATION_PROGRAM,HIGH,pattern_match,7,13
Online Interactions email - customer & employee,Event,ONLINE_IMPRESSION_EXPERIENCED,HIGH,pattern_match,7,11
Online Interactions email - customer & employee,Event,ONLINE_PROMOTION,HIGH,pattern_match,11,11
Online Interactions email - customer & employee,Event,ONLINE_APPLICATION_PROGRAM_VERSION,HIGH,pattern_match,2,8
Online Interactions email - customer & employee,Event,ONLINE_APPLICATION_PROGRAM_GENRE,HIGH,pattern_match,9,5
Online Interactions email - customer & employee,Event,ONLINE_APPLICATION_PROGRAM_TRAIT_VALUE,HIGH,pattern_match,8,5
Online Interactions email - customer & employee,Event,ONLINE_DOCUMENT_INFORMATION,HIGH,pattern_match,8,5
Online Interactions email - customer & employee,Event,ONLINE_APPLICATION_PROGRAM_COUNTRY_GROUP,HIGH,pattern_match,4,4
Online Interactions email - customer & employee,Event,ONLINE_APPLICATION_ACCESS_SEGMENT_DEMOGRAPHIC,HIGH,pattern_match,7,3
Online Interactions email - customer & employee,Event,ONLINE_APPLICATION_PROGRAM_RATING_XREF,HIGH,pattern_match,7,3
Online Interactions email - customer & employee,Event,ONLINE_APPLICATION_PROGRAM_RELATED,HIGH,pattern_match,5,3
Online Interactions email - customer & employee,Event,ONLINE_APPLICATION_PROGRAM_TRAIT_XREF,HIGH,pattern_match,5,3
Online Interactions email - customer & employee,Event,ONLINE_APPLICATION_RATING_DAYPART,HIGH,pattern_match,6,3
Online Interactions email - customer & employee,Event,ONLINE_CHANNEL_TYPE,HIGH,pattern_match,3,3
Online Interactions email - customer & employee,Event,ONLINE_PROMOTION_VISIT_XREF,HIGH,pattern_match,2,3
Online Interactions email - customer & employee,Event,EMAIL_REFERRAL,HIGH,pattern_match,3,3
Online Interactions email - customer & employee,Event,ONLINE_APPLICATION_ACCESS_AD_XREF,HIGH,pattern_match,5,2
Online Interactions email - customer & employee,Event,ONLINE_APPLICATION_DEVELOPER_XREF,HIGH,pattern_match,3,2
Online Interactions email - customer & employee,Event,ONLINE_APPLICATION_PROGRAM_CATEGORY,HIGH,pattern_match,3,2
Online Interactions email - customer & employee,Event,ONLINE_APPLICATION_PROGRAM_DEVICE_XREF,HIGH,pattern_match,2,2
Online Interactions email - customer & employee,Event,ONLINE_APPLICATION_PROGRAM_IDENTIFICATION,HIGH,pattern_match,4,2
Online Interactions email - customer & employee,Event,ONLINE_APPLICATION_PROGRAM_METRIC,HIGH,pattern_match,6,2
Online Interactions email - customer & employee,Event,ONLINE_APPLICATION_PROGRAM_PAGE_VIEW_XREF,HIGH,pattern_match,5,2
Online Interactions email - customer & employee,Event,ONLINE_APPLICATION_PROGRAM_STATUS,HIGH,pattern_match,3,2
Online Interactions email - customer & employee,Event,ONLINE_APPLICATION_PROGRAM_TYPE,HIGH,pattern_match,2,2
Online Interactions email - customer & employee,Event,ONLINE_CHANNEL_TYPE_2,HIGH,pattern_match,1,2
Online Interactions email - customer & employee,Event,ONLINE_PROMOTION_SUMMARY,HIGH,pattern_match,7,2
Online Interactions email - customer & employee,Event,ONLINE_RADIO_STATION,HIGH,pattern_match,4,2
Online Interactions email - customer & employee,Event,ONLINE_APPLICATION_ACCESS_SUBTYPE,HIGH,pattern_match,2,1
Online Interactions mobile app,Event,ONLINE_APPLICATION_ACCESS,HIGH,pattern_match,22,20
Online Interactions mobile app,Event,ONLINE_APPLICATION_PROGRAM,HIGH,pattern_match,7,13
Online Interactions mobile app,Event,ONLINE_IMPRESSION_EXPERIENCED,HIGH,pattern_match,7,11
Online Interactions mobile app,Event,ONLINE_PROMOTION,HIGH,pattern_match,11,11
Online Interactions mobile app,Event,ONLINE_APPLICATION_PROGRAM_VERSION,HIGH,pattern_match,2,8
Online Interactions mobile app,Event,ONLINE_APPLICATION_PROGRAM_GENRE,HIGH,pattern_match,9,5
Online Interactions mobile app,Event,ONLINE_APPLICATION_PROGRAM_TRAIT_VALUE,HIGH,pattern_match,8,5
Online Interactions mobile app,Event,ONLINE_DOCUMENT_INFORMATION,HIGH,pattern_match,8,5
Online Interactions mobile app,Event,ONLINE_APPLICATION_PROGRAM_COUNTRY_GROUP,HIGH,pattern_match,4,4
Online Interactions mobile app,Event,ONLINE_APPLICATION_ACCESS_SEGMENT_DEMOGRAPHIC,HIGH,pattern_match,7,3
Online Interactions mobile app,Event,ONLINE_APPLICATION_PROGRAM_RATING_XREF,HIGH,pattern_match,7,3
Online Interactions mobile app,Event,ONLINE_APPLICATION_PROGRAM_RELATED,HIGH,pattern_match,5,3
Online Interactions mobile app,Event,ONLINE_APPLICATION_PROGRAM_TRAIT_XREF,HIGH,pattern_match,5,3
Online Interactions mobile app,Event,ONLINE_APPLICATION_RATING_DAYPART,HIGH,pattern_match,6,3
Online Interactions mobile app,Event,ONLINE_CHANNEL_TYPE,HIGH,pattern_match,3,3
Online Interactions mobile app,Event,ONLINE_PROMOTION_VISIT_XREF,HIGH,pattern_match,2,3
Online Interactions mobile app,Event,ONLINE_APPLICATION_ACCESS_AD_XREF,HIGH,pattern_match,5,2
Online Interactions mobile app,Event,ONLINE_APPLICATION_DEVELOPER_XREF,HIGH,pattern_match,3,2
Online Interactions mobile app,Event,ONLINE_APPLICATION_PROGRAM_CATEGORY,HIGH,pattern_match,3,2
Online Interactions mobile app,Event,ONLINE_APPLICATION_PROGRAM_DEVICE_XREF,HIGH,pattern_match,2,2
Online Interactions mobile app,Event,ONLINE_APPLICATION_PROGRAM_IDENTIFICATION,HIGH,pattern_match,4,2
Online Interactions mobile app,Event,ONLINE_APPLICATION_PROGRAM_METRIC,HIGH,pattern_match,6,2
Online Interactions mobile app,Event,ONLINE_APPLICATION_PROGRAM_PAGE_VIEW_XREF,HIGH,pattern_match,5,2
Online Interactions mobile app,Event,ONLINE_APPLICATION_PROGRAM_STATUS,HIGH,pattern_match,3,2
Online Interactions mobile app,Event,ONLINE_APPLICATION_PROGRAM_TYPE,HIGH,pattern_match,2,2
Online Interactions mobile app,Event,ONLINE_CHANNEL_TYPE_2,HIGH,pattern_match,1,2
Online Interactions mobile app,Event,ONLINE_PROMOTION_SUMMARY,HIGH,pattern_match,7,2
Online Interactions mobile app,Event,ONLINE_RADIO_STATION,HIGH,pattern_match,4,2
Online Interactions mobile app,Event,MOBILE_TELEPHONE_NUMBER,HIGH,pattern_match,4,2
Online Interactions mobile app,Event,ONLINE_APPLICATION_ACCESS_SUBTYPE,HIGH,pattern_match,2,1
Online Interactions off-site - ad server,Event,SITE,HIGH,exact_match,13,45
Online Interactions off-site - ad server,Event,ONLINE_APPLICATION_ACCESS,HIGH,pattern_match,22,20
Online Interactions off-site - ad server,Event,WEB_SITE,HIGH,pattern_match,8,16
Online Interactions off-site - ad server,Event,ONLINE_APPLICATION_PROGRAM,HIGH,pattern_match,7,13
Online Interactions off-site - ad server,Event,ONLINE_IMPRESSION_EXPERIENCED,HIGH,pattern_match,7,11
Online Interactions off-site - ad server,Event,ONLINE_PROMOTION,HIGH,pattern_match,11,11
Online Interactions off-site - ad server,Event,MICROSITE,HIGH,pattern_match,6,9
Online Interactions off-site - ad server,Event,ONLINE_APPLICATION_PROGRAM_VERSION,HIGH,pattern_match,2,8
Online Interactions off-site - ad server,Event,SITE_SCHEDULE_GROUP,HIGH,pattern_match,3,8
Online Interactions off-site - ad server,Event,WEB_SITE_SECTION,HIGH,pattern_match,6,8
Online Interactions off-site - ad server,Event,WEB_SERVER,HIGH,pattern_match,11,8
Online Interactions off-site - ad server,Event,SITE_CLASS_VALUE,HIGH,pattern_match,10,6
Online Interactions off-site - ad server,Event,SITE_METRIC,HIGH,pattern_match,12,6
Online Interactions off-site - ad server,Event,ONLINE_APPLICATION_PROGRAM_GENRE,HIGH,pattern_match,9,5
Online Interactions off-site - ad server,Event,ONLINE_APPLICATION_PROGRAM_TRAIT_VALUE,HIGH,pattern_match,8,5
Online Interactions off-site - ad server,Event,ONLINE_DOCUMENT_INFORMATION,HIGH,pattern_match,8,5
Online Interactions off-site - ad server,Event,WEB_SITE_SUBSTITUTE_SECTION,HIGH,pattern_match,5,5
Online Interactions off-site - ad server,Event,ONLINE_APPLICATION_PROGRAM_COUNTRY_GROUP,HIGH,pattern_match,4,4
Online Interactions off-site - ad server,Event,MICROSITE_DOCUMENT_XREF,HIGH,pattern_match,9,4
Online Interactions off-site - ad server,Event,MICROSITE_PARTY_XREF,HIGH,pattern_match,7,4
Online Interactions off-site - ad server,Event,MICROSITE_RATING_XREF,HIGH,pattern_match,4,4
Online Interactions off-site - ad server,Event,SITE_CLASS_SCHEME_TYPE,HIGH,pattern_match,5,4
Online Interactions off-site - ad server,Event,SITE_IDENTIFICATION,HIGH,pattern_match,8,4
Online Interactions off-site - ad server,Event,SITE_TRAIT_VALUE,HIGH,pattern_match,7,4
Online Interactions off-site - ad server,Event,WEB_SITE_NAVIGATION,HIGH,pattern_match,4,4
Online Interactions off-site - ad server,Event,ONLINE_APPLICATION_ACCESS_SEGMENT_DEMOGRAPHIC,HIGH,pattern_match,7,3
Online Interactions off-site - ad server,Event,ONLINE_APPLICATION_PROGRAM_RATING_XREF,HIGH,pattern_match,7,3
Online Interactions off-site - ad server,Event,ONLINE_APPLICATION_PROGRAM_RELATED,HIGH,pattern_match,5,3
Online Interactions off-site - ad server,Event,ONLINE_APPLICATION_PROGRAM_TRAIT_XREF,HIGH,pattern_match,5,3
Online Interactions off-site - ad server,Event,ONLINE_APPLICATION_RATING_DAYPART,HIGH,pattern_match,6,3
Online Interactions prospect / unidentified customer (web log),Event,ONLINE_APPLICATION_ACCESS,HIGH,pattern_match,22,20
Online Interactions prospect / unidentified customer (web log),Event,ONLINE_APPLICATION_PROGRAM,HIGH,pattern_match,7,13
Online Interactions prospect / unidentified customer (web log),Event,ONLINE_IMPRESSION_EXPERIENCED,HIGH,pattern_match,7,11
Online Interactions prospect / unidentified customer (web log),Event,ONLINE_PROMOTION,HIGH,pattern_match,11,11
Online Interactions prospect / unidentified customer (web log),Event,ONLINE_APPLICATION_PROGRAM_VERSION,HIGH,pattern_match,2,8
Online Interactions prospect / unidentified customer (web log),Event,ONLINE_APPLICATION_PROGRAM_GENRE,HIGH,pattern_match,9,5
Online Interactions prospect / unidentified customer (web log),Event,ONLINE_APPLICATION_PROGRAM_TRAIT_VALUE,HIGH,pattern_match,8,5
Online Interactions prospect / unidentified customer (web log),Event,ONLINE_DOCUMENT_INFORMATION,HIGH,pattern_match,8,5
Online Interactions prospect / unidentified customer (web log),Event,ONLINE_APPLICATION_PROGRAM_COUNTRY_GROUP,HIGH,pattern_match,4,4
Online Interactions prospect / unidentified customer (web log),Event,ONLINE_APPLICATION_ACCESS_SEGMENT_DEMOGRAPHIC,HIGH,pattern_match,7,3
Online Interactions prospect / unidentified customer (web log),Event,ONLINE_APPLICATION_PROGRAM_RATING_XREF,HIGH,pattern_match,7,3
Online Interactions prospect / unidentified customer (web log),Event,ONLINE_APPLICATION_PROGRAM_RELATED,HIGH,pattern_match,5,3
Online Interactions prospect / unidentified customer (web log),Event,ONLINE_APPLICATION_PROGRAM_TRAIT_XREF,HIGH,pattern_match,5,3
Online Interactions prospect / unidentified customer (web log),Event,ONLINE_APPLICATION_RATING_DAYPART,HIGH,pattern_match,6,3
Online Interactions prospect / unidentified customer (web log),Event,ONLINE_CHANNEL_TYPE,HIGH,pattern_match,3,3
Online Interactions prospect / unidentified customer (web log),Event,ONLINE_PROMOTION_VISIT_XREF,HIGH,pattern_match,2,3
Online Interactions prospect / unidentified customer (web log),Event,ONLINE_APPLICATION_ACCESS_AD_XREF,HIGH,pattern_match,5,2
Online Interactions prospect / unidentified customer (web log),Event,ONLINE_APPLICATION_DEVELOPER_XREF,HIGH,pattern_match,3,2
Online Interactions prospect / unidentified customer (web log),Event,ONLINE_APPLICATION_PROGRAM_CATEGORY,HIGH,pattern_match,3,2
Online Interactions prospect / unidentified customer (web log),Event,ONLINE_APPLICATION_PROGRAM_DEVICE_XREF,HIGH,pattern_match,2,2
Online Interactions prospect / unidentified customer (web log),Event,ONLINE_APPLICATION_PROGRAM_IDENTIFICATION,HIGH,pattern_match,4,2
Online Interactions prospect / unidentified customer (web log),Event,ONLINE_APPLICATION_PROGRAM_METRIC,HIGH,pattern_match,6,2
Online Interactions prospect / unidentified customer (web log),Event,ONLINE_APPLICATION_PROGRAM_PAGE_VIEW_XREF,HIGH,pattern_match,5,2
Online Interactions prospect / unidentified customer (web log),Event,ONLINE_APPLICATION_PROGRAM_STATUS,HIGH,pattern_match,3,2
Online Interactions prospect / unidentified customer (web log),Event,ONLINE_APPLICATION_PROGRAM_TYPE,HIGH,pattern_match,2,2
Online Interactions prospect / unidentified customer (web log),Event,ONLINE_CHANNEL_TYPE_2,HIGH,pattern_match,1,2
Online Interactions prospect / unidentified customer (web log),Event,ONLINE_PROMOTION_SUMMARY,HIGH,pattern_match,7,2
Online Interactions prospect / unidentified customer (web log),Event,ONLINE_RADIO_STATION,HIGH,pattern_match,4,2
Online Interactions prospect / unidentified customer (web log),Event,ONLINE_APPLICATION_ACCESS_SUBTYPE,HIGH,pattern_match,2,1
Online Interactions prospect / unidentified customer (web log),Event,ONLINE_APPLICATION_GAME_TYPE,HIGH,pattern_match,3,1
"Case History (Fraud, Money Laundering, Complaint)",Event,CASE_DETAIL,HIGH,pattern_match,8,12
"Case History (Fraud, Money Laundering, Complaint)",Event,CASE_AMOUNT,HIGH,pattern_match,5,3
"Case History (Fraud, Money Laundering, Complaint)",Event,CASE_EVENT,HIGH,pattern_match,3,3
"Case History (Fraud, Money Laundering, Complaint)",Event,CASE_PARTY,HIGH,pattern_match,3,3
"Case History (Fraud, Money Laundering, Complaint)",Event,AGREEMENT_CASE,HIGH,pattern_match,2,2
"Case History (Fraud, Money Laundering, Complaint)",Event,APPLICATION_FRAUD_CASE,HIGH,pattern_match,2,2
"Case History (Fraud, Money Laundering, Complaint)",Event,BUSINESS_CASE,HIGH,pattern_match,4,2
"Case History (Fraud, Money Laundering, Complaint)",Event,CASE_DOCUMENT,HIGH,pattern_match,2,2
"Case History (Fraud, Money Laundering, Complaint)",Event,CASE_SCORE,HIGH,pattern_match,4,2
"Case History (Fraud, Money Laundering, Complaint)",Event,CASE_STATUS,HIGH,pattern_match,3,2
"Case History (Fraud, Money Laundering, Complaint)",Event,INSURANCE_CLAIM_CASE,HIGH,pattern_match,2,2
"Case History (Fraud, Money Laundering, Complaint)",Event,BUSINESS_CASE_TYPE,HIGH,pattern_match,2,1
"Case History (Fraud, Money Laundering, Complaint)",Event,CASE_AMOUNT_TYPE,HIGH,pattern_match,2,1
"Case History (Fraud, Money Laundering, Complaint)",Event,CASE_CATEGORY_TYPE,HIGH,pattern_match,2,1
"Case History (Fraud, Money Laundering, Complaint)",Event,CASE_EVENT_ROLE_TYPE,HIGH,pattern_match,2,1
"Case History (Fraud, Money Laundering, Complaint)",Event,CASE_PARTY_ROLE_TYPE,HIGH,pattern_match,2,1
"Case History (Fraud, Money Laundering, Complaint)",Event,CASE_RESOLUTION_TYPE,HIGH,pattern_match,2,1
"Case History (Fraud, Money Laundering, Complaint)",Event,CASE_STATUS_TYPE,HIGH,pattern_match,2,1
"Case History (Fraud, Money Laundering, Complaint)",Event,CASE_TEXT,HIGH,pattern_match,3,1
"Case History (Fraud, Money Laundering, Complaint)",Event,CASE_TYPE,HIGH,pattern_match,2,1
"Case History (Fraud, Money Laundering, Complaint)",Event,TRANSACTION_FRAUD_CASE,HIGH,pattern_match,1,1
"Case History (Fraud, Money Laundering, Complaint)",Event,PARTY_DRIVING_HISTORY,HIGH,pattern_match,11,1
"Case History (Fraud, Money Laundering, Complaint)",Event,APPLICATION_FRAUD_TYPE,HIGH,pattern_match,2,1
"Case History (Fraud, Money Laundering, Complaint)",Event,FRAUD_IDENTIFICATION_METHOD_TYPE,HIGH,pattern_match,2,1
"Case History (Fraud, Money Laundering, Complaint)",Event,TRANSACTION_FRAUD_TYPE,HIGH,pattern_match,2,1
"Case History (Fraud, Money Laundering, Complaint)",Event,MONEY_MARKET_PRODUCT,HIGH,pattern_match,1,1
"Case History (Fraud, Money Laundering, Complaint)",Event,MONEY_MARKET_PRODUCT_TYPE,HIGH,pattern_match,2,1
"Case History (Fraud, Money Laundering, Complaint)",Event,APPLICANT_FRAUD,HIGH,pattern_match,0,0
"Case History (Fraud, Money Laundering, Complaint)",Event,CUSTOMER_TRANSACTION_FRAUD,HIGH,pattern_match,0,0
"Case History (Fraud, Money Laundering, Complaint)",Event,MERCHANT_TRANSACTION_FRAUD,HIGH,pattern_match,0,0
Claims,Event,CLAIM,HIGH,exact_match,14,43
Claims,Event,CLAIM_AUTHORIZATION,HIGH,pattern_match,19,22
Claims,Event,CLAIM_SERVICE,HIGH,pattern_match,12,16
Claims,Event,HEALTH_CLAIM,HIGH,pattern_match,23,14
Claims,Event,PHARMACY_CLAIM_SERVICE,HIGH,pattern_match,21,11
Claims,Event,EXTERNALLY_REPORTED_CLAIM,HIGH,pattern_match,24,10
Claims,Event,PHARMACY_CLAIM_SERVICE_DRUG,HIGH,pattern_match,19,10
Claims,Event,CLAIM_AMOUNT_TYPE,HIGH,pattern_match,2,9
Claims,Event,CLAIM_COVERAGE,HIGH,pattern_match,3,9
Claims,Event,CLAIM_EXPOSURE_ACTIVITY,HIGH,pattern_match,13,8
Claims,Event,CLAIM_INSURABLE_INTEREST,HIGH,pattern_match,6,8
Claims,Event,INSTITUTIONAL_CLAIM,HIGH,pattern_match,23,8
Claims,Event,CLAIM_ADJUDICATION,HIGH,pattern_match,6,7
Claims,Event,INSTITUTIONAL_CLAIM_SERVICE_DRUG,HIGH,pattern_match,14,7
Claims,Event,PARTY_CLAIM,HIGH,pattern_match,6,7
Claims,Event,CLAIM_AMOUNT,HIGH,pattern_match,7,6
Claims,Event,CLAIM_CLASS_VALUE,HIGH,pattern_match,9,6
Claims,Event,CLAIM_EXPOSURE,HIGH,pattern_match,5,6
Claims,Event,HEALTH_CLAIM_SERVICE,HIGH,pattern_match,11,6
Claims,Event,PATIENT_CLAIM_AUTHORIZATION,HIGH,pattern_match,7,6
Claims,Event,PROFESSIONAL_CLAIM,HIGH,pattern_match,12,6
Claims,Event,PROFESSIONAL_CLAIM_SERVICE,HIGH,pattern_match,20,6
Claims,Event,CLAIM_COVERAGE_AMOUNT,HIGH,pattern_match,6,5
Claims,Event,CLAIM_COVERAGE_INSURABLE_INTEREST,HIGH,pattern_match,3,5
Claims,Event,CLAIM_SERVICE_AMOUNT,HIGH,pattern_match,9,5
Claims,Event,PARTY_CLAIM_SERVICE,HIGH,pattern_match,8,5
Claims,Event,PARTY_CLAIM_SERVICE_DIAGNOSIS_AMOUNT,HIGH,pattern_match,14,5
Claims,Event,PROFESSIONAL_CLAIM_SERVICE_DRUG,HIGH,pattern_match,14,5
Claims,Event,CLAIM_AUTHORIZATION_AMOUNT,HIGH,pattern_match,5,4
Claims,Event,CLAIM_AUTHORIZATION_SERVICE,HIGH,pattern_match,6,4
Defaults & Limit Breaches,Event,DRUG_NDC__GEO,MEDIUM,keyword_match,14,10
Defaults & Limit Breaches,Event,METROPOLITAN_STATISTICAL_AREA__GEO,MEDIUM,keyword_match,1,5
Defaults & Limit Breaches,Event,ORGANIZATION_NAICS__GEO,MEDIUM,keyword_match,9,4
Defaults & Limit Breaches,Event,CENSUS_BLOCK__GEO,MEDIUM,keyword_match,3,3
Defaults & Limit Breaches,Event,DESIGNATED_MARKET_AREA__GEO,MEDIUM,keyword_match,1,3
Defaults & Limit Breaches,Event,NAICS_INDUSTRY__GEO,MEDIUM,keyword_match,5,3
Defaults & Limit Breaches,Event,ORGANIZATION_SIC__GEO,MEDIUM,keyword_match,5,3
Defaults & Limit Breaches,Event,CENSUS_BLOCK_GROUP__GEO,MEDIUM,keyword_match,2,2
Defaults & Limit Breaches,Event,CENSUS_TRACT__GEO,MEDIUM,keyword_match,2,2
Defaults & Limit Breaches,Event,DEA_DRUG_CLASSIFICATION__GEO,MEDIUM,keyword_match,4,2
Defaults & Limit Breaches,Event,FORMULARY_DRUG_NDC__GEO,MEDIUM,keyword_match,5,2
Defaults & Limit Breaches,Event,NAICS_INDUSTRY_GROUP__GEO,MEDIUM,keyword_match,4,2
Defaults & Limit Breaches,Event,NAICS_NATIONAL_INDUSTRY__GEO,MEDIUM,keyword_match,6,2
Defaults & Limit Breaches,Event,NAICS_SUBSECTOR__GEO,MEDIUM,keyword_match,3,2
Defaults & Limit Breaches,Event,ORGANIZATION_NACE__GEO,MEDIUM,keyword_match,8,2
Defaults & Limit Breaches,Event,DEA_SCHEDULE__GEO,MEDIUM,keyword_match,3,1
Defaults & Limit Breaches,Event,NAICS_SECTOR__GEO,MEDIUM,keyword_match,2,1
Defaults & Limit Breaches,Event,ORANGE_BOOK_THERAPEUTIC_EQUIVALENCE_TYPE__GEO,MEDIUM,keyword_match,2,1
Closed Loop Outcomes / Channel Responses,Event,CHANNEL_INSTANCE,HIGH,pattern_match,7,33
Closed Loop Outcomes / Channel Responses,Event,CHANNEL_TYPE,HIGH,pattern_match,8,26
Closed Loop Outcomes / Channel Responses,Event,CHANNEL_CLASS_VALUE,HIGH,pattern_match,10,6
Closed Loop Outcomes / Channel Responses,Event,PARTY_CHANNEL_TYPE_ACTIVITY_QUOTA,HIGH,pattern_match,10,5
Closed Loop Outcomes / Channel Responses,Event,CHANNEL_CLASS_SCHEME_TYPE,HIGH,pattern_match,5,4
Closed Loop Outcomes / Channel Responses,Event,PACKAGE_CHANNEL_LINEUP,HIGH,pattern_match,8,4
Closed Loop Outcomes / Channel Responses,Event,PARTY_CHANNEL_INSTANCE_XREF,HIGH,pattern_match,6,4
Closed Loop Outcomes / Channel Responses,Event,PARTY_CHANNEL_PREFERENCE_SCORE,HIGH,pattern_match,6,4
Closed Loop Outcomes / Channel Responses,Event,AGREEMENT_CHANNEL,HIGH,pattern_match,7,3
Closed Loop Outcomes / Channel Responses,Event,AGREEMENT_CHANNEL_TYPE,HIGH,pattern_match,5,3
Closed Loop Outcomes / Channel Responses,Event,CAMPAIGN_CHANNEL_TYPE_XREF,HIGH,pattern_match,2,3
Closed Loop Outcomes / Channel Responses,Event,CHANNEL_CAPACITY,HIGH,pattern_match,6,3
Closed Loop Outcomes / Channel Responses,Event,CHANNEL_CHANNEL_CLASS_XREF,HIGH,pattern_match,5,3
Closed Loop Outcomes / Channel Responses,Event,CHANNEL_COST,HIGH,pattern_match,6,3
Closed Loop Outcomes / Channel Responses,Event,CHANNEL_DEMOGRAPHIC,HIGH,pattern_match,7,3
Closed Loop Outcomes / Channel Responses,Event,CHANNEL_INSTANCE_LOCATOR,HIGH,pattern_match,5,3
Closed Loop Outcomes / Channel Responses,Event,CHANNEL_OPERATING_HOURS,HIGH,pattern_match,4,3
Closed Loop Outcomes / Channel Responses,Event,CHANNEL_PROFIT,HIGH,pattern_match,6,3
Closed Loop Outcomes / Channel Responses,Event,CHANNEL_RISK_GRADE,HIGH,pattern_match,6,3
Closed Loop Outcomes / Channel Responses,Event,CHANNEL_TYPE_CAPACITY,HIGH,pattern_match,6,3
Closed Loop Outcomes / Channel Responses,Event,EVENT_CHANNEL_INSTANCE,HIGH,pattern_match,5,3
Closed Loop Outcomes / Channel Responses,Event,ONLINE_CHANNEL_TYPE,HIGH,pattern_match,3,3
Closed Loop Outcomes / Channel Responses,Event,PARTY_CHANNEL_INSTANCE_PREFERENCE,HIGH,pattern_match,5,3
Closed Loop Outcomes / Channel Responses,Event,PARTY_CHANNEL_TYPE,HIGH,pattern_match,5,3
Closed Loop Outcomes / Channel Responses,Event,PRODUCT_CHANNEL_TYPE_XREF,HIGH,pattern_match,5,3
Closed Loop Outcomes / Channel Responses,Event,PROMOTION_CHANNEL,HIGH,pattern_match,2,3
Closed Loop Outcomes / Channel Responses,Event,AGREEMENT_CHANNEL_ROLE_TYPE,HIGH,pattern_match,2,2
Closed Loop Outcomes / Channel Responses,Event,ATM_CHANNEL_INSTANCE,HIGH,pattern_match,7,2
Closed Loop Outcomes / Channel Responses,Event,CALL_CENTER_TERMINAL_CHANNEL_INSTANCE,HIGH,pattern_match,3,2
Closed Loop Outcomes / Channel Responses,Event,CAMPAIGN_CHANNEL_TYPE_MULTIMEDIA_OBJECT,HIGH,pattern_match,3,2
External Data - Corporate Actions,Event,DATA_SOURCE_TYPE,HIGH,pattern_match,2,27
External Data - Corporate Actions,Event,EXTERNALLY_REPORTED_CLAIM,HIGH,pattern_match,24,10
External Data - Corporate Actions,Event,PRIVACY_DATA_USAGE,HIGH,pattern_match,2,6
External Data - Corporate Actions,Event,EXTERNAL_DIRECT_DEBIT,HIGH,pattern_match,9,5
External Data - Corporate Actions,Event,EXTERNAL_STANDING_ORDER,HIGH,pattern_match,9,5
External Data - Corporate Actions,Event,EXTERNALLY_REPORTED_VEHICLE_CLAIM,HIGH,pattern_match,16,4
External Data - Corporate Actions,Event,EXTERNAL_LIST,HIGH,pattern_match,5,4
External Data - Corporate Actions,Event,EXTERNAL_AGREEMENT,HIGH,pattern_match,2,3
External Data - Corporate Actions,Event,EXTERNAL_CLAIM_LOSS_DETAIL,HIGH,pattern_match,6,3
External Data - Corporate Actions,Event,EXTERNAL_COUPON,HIGH,pattern_match,5,3
External Data - Corporate Actions,Event,DATA_QUALITY_TYPE,HIGH,pattern_match,2,3
External Data - Corporate Actions,Event,INVESTMENT_CORPORATE_ACTION,HIGH,pattern_match,2,3
External Data - Corporate Actions,Event,PARTY_TO_EXTERNAL_LIST,HIGH,pattern_match,3,2
External Data - Corporate Actions,Event,PRIVACY_DATA_TRANSFER,HIGH,pattern_match,6,2
External Data - Corporate Actions,Event,CORPORATE_BOND,HIGH,pattern_match,1,2
External Data - Corporate Actions,Event,EXTERNALLY_REPORTED_PERSONAL_PROPERTY_CLAIM,HIGH,pattern_match,8,1
External Data - Corporate Actions,Event,EXTERNAL_AGREEMENT_TYPE,HIGH,pattern_match,2,1
External Data - Corporate Actions,Event,EXTERNAL_CLAIM_CRIME_REPORT_TYPE,HIGH,pattern_match,2,1
External Data - Corporate Actions,Event,EXTERNAL_CLAIM_FAULT_TYPE,HIGH,pattern_match,2,1
External Data - Corporate Actions,Event,EXTERNAL_CLAIM_LOSS_STATUS_TYPE,HIGH,pattern_match,2,1
External Data - Corporate Actions,Event,EXTERNAL_CLAIM_LOSS_TYPE,HIGH,pattern_match,2,1
External Data - Corporate Actions,Event,EXTERNAL_CLAIM_POLICY_TYPE,HIGH,pattern_match,2,1
External Data - Corporate Actions,Event,EXTERNAL_CLAIM_SUBTYPE,HIGH,pattern_match,2,1
External Data - Corporate Actions,Event,EXTERNAL_CLAIM_VEHICLE_DISPOSITION_STATUS_TYPE,HIGH,pattern_match,2,1
External Data - Corporate Actions,Event,EXTERNAL_LIST_TYPE,HIGH,pattern_match,2,1
External Data - Corporate Actions,Event,EXTERNAL_MARGIN_AGREEMENT,HIGH,pattern_match,3,1
External Data - Corporate Actions,Event,EXTERNAL_TRIGGER,HIGH,pattern_match,2,1
External Data - Corporate Actions,Event,EXTERNAL_TRIGGER_TYPE,HIGH,pattern_match,2,1
External Data - Corporate Actions,Event,EXTERNAL_WATCH_LIST_SOURCE,HIGH,pattern_match,1,1
External Data - Corporate Actions,Event,INVESTMENT_PRODUCT_EXTERNAL_EVENT_SUBTYPE,HIGH,pattern_match,2,1
Internal Process Activity Data,Event,DATA_SOURCE_TYPE,HIGH,pattern_match,2,27
Internal Process Activity Data,Event,INTERNAL_SEARCH_EVENT,HIGH,pattern_match,13,13
Internal Process Activity Data,Event,SALES_MARKETING_ACTIVITY,HIGH,pattern_match,12,12
Internal Process Activity Data,Event,NEXT_ACTIVITY,HIGH,pattern_match,15,10
Internal Process Activity Data,Event,EVENT_ACTIVITY_TYPE,HIGH,pattern_match,3,9
Internal Process Activity Data,Event,FINANCIAL_INSTITUTION_INTERNAL_ORGANIZATION,HIGH,pattern_match,4,8
Internal Process Activity Data,Event,WORK_PROCESS,HIGH,pattern_match,4,8
Internal Process Activity Data,Event,CLAIM_EXPOSURE_ACTIVITY,HIGH,pattern_match,13,8
Internal Process Activity Data,Event,WORK_PROCESS_STEP_ACTUAL,HIGH,pattern_match,8,7
Internal Process Activity Data,Event,INTERNAL_ASSET_TYPE,HIGH,pattern_match,4,6
Internal Process Activity Data,Event,PRIVACY_DATA_USAGE,HIGH,pattern_match,2,6
Internal Process Activity Data,Event,INTERNAL_ORGANIZATION,HIGH,pattern_match,4,5
Internal Process Activity Data,Event,PARTY_CHANNEL_TYPE_ACTIVITY_QUOTA,HIGH,pattern_match,10,5
Internal Process Activity Data,Event,HR_INTERNAL_ORGANIZATION,HIGH,pattern_match,1,4
Internal Process Activity Data,Event,ACTIVITY_GROUP,HIGH,pattern_match,4,4
Internal Process Activity Data,Event,AR_COLLECTION_ACTIVITY,HIGH,pattern_match,8,4
Internal Process Activity Data,Event,INTERNAL_MODEL_APPROACH_SUMMARY,HIGH,pattern_match,12,3
Internal Process Activity Data,Event,GRIEVANCE_PROCESS_STATUS,HIGH,pattern_match,5,3
Internal Process Activity Data,Event,LABOR_GRIEVANCE_PROCESS,HIGH,pattern_match,5,3
Internal Process Activity Data,Event,WORK_PROCESS_STEP_PARTY,HIGH,pattern_match,6,3
Internal Process Activity Data,Event,CLAIM_EXPOSURE_ACTIVITY_AMOUNT,HIGH,pattern_match,8,3
Internal Process Activity Data,Event,CLICK_ACTIVITY,HIGH,pattern_match,11,3
Internal Process Activity Data,Event,FEATURE_EVENT_ACTIVITY_ELIGIBILITY,HIGH,pattern_match,5,3
Internal Process Activity Data,Event,PRODUCT_EVENT_ACTIVITY_ELIGIBILITY,HIGH,pattern_match,5,3
Internal Process Activity Data,Event,PRODUCT_FEATURE_EVENT_ACTIVITY_ELIGIBILITY,HIGH,pattern_match,8,3
Internal Process Activity Data,Event,SALES_MARKETING_ACTIVITY_PARTY,HIGH,pattern_match,5,3
Internal Process Activity Data,Event,SALES_MARKETING_ACTIVITY_RELATED_STATUS,HIGH,pattern_match,7,3
Internal Process Activity Data,Event,SALES_MARKETING_ACTIVITY_TEXT_COMMENT,HIGH,pattern_match,5,3
Internal Process Activity Data,Event,SERVICE_REQUEST_ACTIVITY,HIGH,pattern_match,8,3
Internal Process Activity Data,Event,SERVICE_REQUEST_ACTIVITY_PARTY,HIGH,pattern_match,4,3
Master & Reference Data - merchant / transaction,Event,DATA_SOURCE_TYPE,HIGH,pattern_match,2,27
Master & Reference Data - merchant / transaction,Event,PARTY_PRIVACY_PREFERENCE,HIGH,pattern_match,13,8
Master & Reference Data - merchant / transaction,Event,UNKNOWN_PARTY_SESSION_PRIVACY_PREFERENCE,HIGH,pattern_match,7,7
Master & Reference Data - merchant / transaction,Event,ASSOCIATE_PAYROLL_TRANSACTION,HIGH,pattern_match,11,7
Master & Reference Data - merchant / transaction,Event,PRIVACY_DATA_USAGE,HIGH,pattern_match,2,6
Master & Reference Data - merchant / transaction,Event,AGREEMENT_PRIVACY_PREFERENCE,HIGH,pattern_match,8,5
Master & Reference Data - merchant / transaction,Event,PARTY_SOLICITATION_PREFERENCE,HIGH,pattern_match,10,5
Master & Reference Data - merchant / transaction,Event,PARTY_CHANNEL_PREFERENCE_SCORE,HIGH,pattern_match,6,4
Master & Reference Data - merchant / transaction,Event,MEMBER_PRIVACY_PREFERENCE,HIGH,pattern_match,7,3
Master & Reference Data - merchant / transaction,Event,PARTY_CHANNEL_INSTANCE_PREFERENCE,HIGH,pattern_match,5,3
Master & Reference Data - merchant / transaction,Event,DATA_QUALITY_TYPE,HIGH,pattern_match,2,3
Master & Reference Data - merchant / transaction,Event,IVR_STEP_TRANSACTION,HIGH,pattern_match,2,3
Master & Reference Data - merchant / transaction,Event,JOB_LABOR_TASK_CROSS-REFERENCE,HIGH,pattern_match,2,2
Master & Reference Data - merchant / transaction,Event,PRIVACY_DATA_TRANSFER,HIGH,pattern_match,6,2
Master & Reference Data - merchant / transaction,Event,PURCHASE_TRANSACTION_AGREEMENT,HIGH,pattern_match,1,2
Master & Reference Data - merchant / transaction,Event,TRANSACTION_ACCOUNT,HIGH,pattern_match,2,2
Master & Reference Data - merchant / transaction,Event,REFERENCE_RATE_TYPE,HIGH,pattern_match,2,1
Master & Reference Data - merchant / transaction,Event,DATA_RETENTION_METHOD_TYPE,HIGH,pattern_match,2,1
Master & Reference Data - merchant / transaction,Event,WEB_SITE_DATABASE_REPOSITORY,HIGH,pattern_match,2,1
Master & Reference Data - merchant / transaction,Event,AGREEMENT_IVR_STEP_TRANSACTION,HIGH,pattern_match,1,1
Master & Reference Data - merchant / transaction,Event,CHECK_TRANSACTION_TYPE,HIGH,pattern_match,2,1
Master & Reference Data - merchant / transaction,Event,CLAIM_IVR_STEP_TRANSACTION,HIGH,pattern_match,1,1
Master & Reference Data - merchant / transaction,Event,COMMODITY_TRANSACTION_TYPE,HIGH,pattern_match,2,1
Master & Reference Data - merchant / transaction,Event,DEPOSIT_SLIP_TRANSACTION_TYPE,HIGH,pattern_match,2,1
Master & Reference Data - merchant / transaction,Event,IVR_BUSINESS_TRANSACTION_TYPE,HIGH,pattern_match,2,1
Master & Reference Data - merchant / transaction,Event,IVR_STEP_TRANSACTION_SUBTYPE,HIGH,pattern_match,2,1
Master & Reference Data - merchant / transaction,Event,LOAN_TRANSACTION_AGREEMENT,HIGH,pattern_match,1,1
Master & Reference Data - merchant / transaction,Event,LOAN_TRANSACTION_SUBTYPE,HIGH,pattern_match,2,1
Master & Reference Data - merchant / transaction,Event,PARTY_TRANSACTION_ROLE,HIGH,pattern_match,2,1
Master & Reference Data - merchant / transaction,Event,PAYROLL_TRANSACTION_SUBTYPE,HIGH,pattern_match,2,1
Customer interview / fact find,Event or Cross Subject - Document,FINANCIAL_RISK_FACTOR,HIGH,pattern_match,5,15
Customer interview / fact find,Event or Cross Subject - Document,INSURANCE_RISK_FACTOR_TYPE,HIGH,pattern_match,2,7
Customer interview / fact find,Event or Cross Subject - Document,RISK_FACTOR_INSTRUMENT,HIGH,pattern_match,5,7
Customer interview / fact find,Event or Cross Subject - Document,POSITION_APPLICANT_INTERVIEW,HIGH,pattern_match,7,3
Customer interview / fact find,Event or Cross Subject - Document,ANALYTICAL_MODEL_RISK_FACTOR,HIGH,pattern_match,5,3
Customer interview / fact find,Event or Cross Subject - Document,MANUFACTURER_MODEL,HIGH,pattern_match,5,3
Customer interview / fact find,Event or Cross Subject - Document,ADD_ON_FACTOR_PARAMETER,HIGH,pattern_match,7,2
Customer interview / fact find,Event or Cross Subject - Document,AGREEMENT_MARKET_RISK_FACTOR,HIGH,pattern_match,4,2
Customer interview / fact find,Event or Cross Subject - Document,ASSET_INSURANCE_RISK_FACTOR,HIGH,pattern_match,4,2
Customer interview / fact find,Event or Cross Subject - Document,BUSINESS_TYPE_RISK_FACTOR,HIGH,pattern_match,4,2
Customer interview / fact find,Event or Cross Subject - Document,CREDIT_CONVERSION_FACTOR_PARAMETER,HIGH,pattern_match,11,2
Customer interview / fact find,Event or Cross Subject - Document,CURRENCY_RISK_FACTOR,HIGH,pattern_match,4,2
Customer interview / fact find,Event or Cross Subject - Document,INSURANCE_RISK_FACTOR_RISK_CATEGORY,HIGH,pattern_match,4,2
Customer interview / fact find,Event or Cross Subject - Document,INTEREST_INDEX_RISK_FACTOR,HIGH,pattern_match,4,2
Customer interview / fact find,Event or Cross Subject - Document,INVESTMENT_PRODUCT_GROUP_RISK_FACTOR,HIGH,pattern_match,4,2
Customer interview / fact find,Event or Cross Subject - Document,INVESTMENT_PRODUCT_RISK_FACTOR,HIGH,pattern_match,4,2
Customer interview / fact find,Event or Cross Subject - Document,MORTALITY_TABLE_RISK_FACTOR,HIGH,pattern_match,2,2
Customer interview / fact find,Event or Cross Subject - Document,PARTY_INSURANCE_RISK_FACTOR,HIGH,pattern_match,4,2
Customer interview / fact find,Event or Cross Subject - Document,YIELD_CURVE_MATURITY_RISK_FACTOR,HIGH,pattern_match,4,2
Customer interview / fact find,Event or Cross Subject - Document,CUSTOMER_LOCATION_TYPE,HIGH,pattern_match,2,1
Customer interview / fact find,Event or Cross Subject - Document,CUSTOMER_PORTFOLIO_EVENT,HIGH,pattern_match,1,1
Customer interview / fact find,Event or Cross Subject - Document,CUSTOMER_TONE_TYPE,HIGH,pattern_match,2,1
Customer interview / fact find,Event or Cross Subject - Document,APPLICANT_INTERVIEW_RESULT_TYPE,HIGH,pattern_match,2,1
Customer interview / fact find,Event or Cross Subject - Document,ANALYTICAL_MODEL_RISK_FACTOR_ROLE,HIGH,pattern_match,2,1
Customer interview / fact find,Event or Cross Subject - Document,CONVENIENCE_FACTOR_TYPE,HIGH,pattern_match,2,1
Customer interview / fact find,Event or Cross Subject - Document,CURRENCY_EXCHANGE_RISK_FACTOR,HIGH,pattern_match,5,1
Customer interview / fact find,Event or Cross Subject - Document,INSURANCE_RISK_FACTOR_RELATED,HIGH,pattern_match,5,1
Customer interview / fact find,Event or Cross Subject - Document,INSURANCE_RISK_FACTOR_RELATIONSHIP_TYPE,HIGH,pattern_match,2,1
Customer interview / fact find,Event or Cross Subject - Document,MODEL_REVIEW_FINDING_TYPE,HIGH,pattern_match,2,1
Customer interview / fact find,Event or Cross Subject - Document,CUSTOMER_AGREEMENT_AS_COLLATERAL_AGREEMENT,HIGH,pattern_match,0,0
Physical Assets,Party Asset,PARTY_ASSET,HIGH,exact_match,13,46
Physical Assets,Party Asset,FIXED_ASSET,HIGH,exact_match,14,17
Physical Assets,Party Asset,PARTY_ASSET_CLASS_VALUE,HIGH,pattern_match,10,15
Physical Assets,Party Asset,MOTOR_VEHICLE,HIGH,pattern_match,8,8
Physical Assets,Party Asset,PARTY_ASSET_CLASS_SCHEME_TYPE,HIGH,pattern_match,5,7
Physical Assets,Party Asset,PARTY_TO_PARTY_ASSET,HIGH,pattern_match,8,6
Physical Assets,Party Asset,REAL_ESTATE,HIGH,exact_match,7,6
Physical Assets,Party Asset,FIXED_ASSET_CLASS_VALUE,HIGH,pattern_match,9,6
Physical Assets,Party Asset,PARTY_ASSET_PART_VALUATION,HIGH,pattern_match,8,5
Physical Assets,Party Asset,FIXED_ASSET_AMOUNT,HIGH,pattern_match,10,5
Physical Assets,Party Asset,PARTY_ASSET_COST,HIGH,pattern_match,7,4
Physical Assets,Party Asset,PARTY_ASSET_PART_TYPE_XREF,HIGH,pattern_match,2,4
Physical Assets,Party Asset,PARTY_ASSET_SALVAGE_SUMMARY,HIGH,pattern_match,9,4
Physical Assets,Party Asset,PARTY_ASSET_SPECIFICATION,HIGH,pattern_match,10,4
Physical Assets,Party Asset,EXTERNALLY_REPORTED_VEHICLE_CLAIM,HIGH,pattern_match,16,4
Physical Assets,Party Asset,VEHICLE_MAKE_MODEL_YEAR,HIGH,pattern_match,4,4
Physical Assets,Party Asset,VEHICLE_MAKE_MODEL_YEAR_SPECIFICATION,HIGH,pattern_match,9,4
Physical Assets,Party Asset,FIXED_ASSET_CLASS_SCHEME_TYPE,HIGH,pattern_match,5,4
Physical Assets,Party Asset,FIXED_ASSET_COMPLEMENTARY_IDENTIFICATION_CODE,HIGH,pattern_match,6,4
Physical Assets,Party Asset,PARTY_ASSET_CLASS_RISK_GRADE,HIGH,pattern_match,7,3
Physical Assets,Party Asset,PARTY_ASSET_CLASS_XREF,HIGH,pattern_match,5,3
Physical Assets,Party Asset,PARTY_ASSET_CONDITION,HIGH,pattern_match,4,3
Physical Assets,Party Asset,PARTY_ASSET_COST_RECOVERY,HIGH,pattern_match,5,3
Physical Assets,Party Asset,PARTY_ASSET_EVENT,HIGH,pattern_match,3,3
Physical Assets,Party Asset,PARTY_ASSET_INSURANCE_COVERAGE,HIGH,pattern_match,9,3
Physical Assets,Party Asset,PARTY_ASSET_LIABILITY,HIGH,pattern_match,5,3
Physical Assets,Party Asset,PARTY_ASSET_LOCATOR,HIGH,pattern_match,5,3
Physical Assets,Party Asset,PARTY_ASSET_REVENUE,HIGH,pattern_match,6,3
Physical Assets,Party Asset,PARTY_ASSET_SALVAGE_STATUS,HIGH,pattern_match,4,3
Physical Assets,Party Asset,MOTOR_VEHICLE_DETAIL,HIGH,pattern_match,14,3
Physical Asset Valuations,Party Asset,PARTY_ASSET,HIGH,exact_match,13,46
Physical Asset Valuations,Party Asset,PARTY_ASSET_CLASS_VALUE,HIGH,pattern_match,10,15
Physical Asset Valuations,Party Asset,PARTY_ASSET_CLASS_SCHEME_TYPE,HIGH,pattern_match,5,7
Physical Asset Valuations,Party Asset,PARTY_TO_PARTY_ASSET,HIGH,pattern_match,8,6
Physical Asset Valuations,Party Asset,PARTY_ASSET_PART_VALUATION,HIGH,pattern_match,8,5
Physical Asset Valuations,Party Asset,PARTY_ASSET_COST,HIGH,pattern_match,7,4
Physical Asset Valuations,Party Asset,PARTY_ASSET_PART_TYPE_XREF,HIGH,pattern_match,2,4
Physical Asset Valuations,Party Asset,PARTY_ASSET_SALVAGE_SUMMARY,HIGH,pattern_match,9,4
Physical Asset Valuations,Party Asset,PARTY_ASSET_SPECIFICATION,HIGH,pattern_match,10,4
Physical Asset Valuations,Party Asset,PARTY_ASSET_CLASS_RISK_GRADE,HIGH,pattern_match,7,3
Physical Asset Valuations,Party Asset,PARTY_ASSET_CLASS_XREF,HIGH,pattern_match,5,3
Physical Asset Valuations,Party Asset,PARTY_ASSET_CONDITION,HIGH,pattern_match,4,3
Physical Asset Valuations,Party Asset,PARTY_ASSET_COST_RECOVERY,HIGH,pattern_match,5,3
Physical Asset Valuations,Party Asset,PARTY_ASSET_EVENT,HIGH,pattern_match,3,3
Physical Asset Valuations,Party Asset,PARTY_ASSET_INSURANCE_COVERAGE,HIGH,pattern_match,9,3
Physical Asset Valuations,Party Asset,PARTY_ASSET_LIABILITY,HIGH,pattern_match,5,3
Physical Asset Valuations,Party Asset,PARTY_ASSET_LOCATOR,HIGH,pattern_match,5,3
Physical Asset Valuations,Party Asset,PARTY_ASSET_REVENUE,HIGH,pattern_match,6,3
Physical Asset Valuations,Party Asset,PARTY_ASSET_SALVAGE_STATUS,HIGH,pattern_match,4,3
Physical Asset Valuations,Party Asset,ASSET_VALUATION_AMOUNT_TYPE,HIGH,pattern_match,2,2
Physical Asset Valuations,Party Asset,ASSET_VALUATION_METHOD_TYPE,HIGH,pattern_match,2,2
Physical Asset Valuations,Party Asset,PARTY_ASSET_DAMAGE_ASSESSMENT,HIGH,pattern_match,3,2
Physical Asset Valuations,Party Asset,PARTY_ASSET_DAMAGE_TYPE,HIGH,pattern_match,2,2
Physical Asset Valuations,Party Asset,PARTY_ASSET_DOCUMENT,HIGH,pattern_match,2,2
Physical Asset Valuations,Party Asset,PARTY_ASSET_GROUP,HIGH,pattern_match,3,2
Physical Asset Valuations,Party Asset,PARTY_ASSET_GROUP_XREF,HIGH,pattern_match,4,2
Physical Asset Valuations,Party Asset,PARTY_ASSET_INTERNAL_IDENTIFIER,HIGH,pattern_match,3,2
Physical Asset Valuations,Party Asset,PARTY_ASSET_LEGAL_ACTION,HIGH,pattern_match,2,2
Physical Asset Valuations,Party Asset,PARTY_ASSET_MAINTENANCE,HIGH,pattern_match,3,2
Physical Asset Valuations,Party Asset,PARTY_ASSET_PRICE_SENSITIVITY,HIGH,pattern_match,5,2
Master & Reference Data - organisation hierarchy,Internal Organisation,DATA_SOURCE_TYPE,HIGH,pattern_match,2,27
Master & Reference Data - organisation hierarchy,Internal Organisation,PARTY_PRIVACY_PREFERENCE,HIGH,pattern_match,13,8
Master & Reference Data - organisation hierarchy,Internal Organisation,UNKNOWN_PARTY_SESSION_PRIVACY_PREFERENCE,HIGH,pattern_match,7,7
Master & Reference Data - organisation hierarchy,Internal Organisation,PRIVACY_DATA_USAGE,HIGH,pattern_match,2,6
Master & Reference Data - organisation hierarchy,Internal Organisation,AGREEMENT_PRIVACY_PREFERENCE,HIGH,pattern_match,8,5
Master & Reference Data - organisation hierarchy,Internal Organisation,PARTY_SOLICITATION_PREFERENCE,HIGH,pattern_match,10,5
Master & Reference Data - organisation hierarchy,Internal Organisation,PARTY_CHANNEL_PREFERENCE_SCORE,HIGH,pattern_match,6,4
Master & Reference Data - organisation hierarchy,Internal Organisation,MEMBER_PRIVACY_PREFERENCE,HIGH,pattern_match,7,3
Master & Reference Data - organisation hierarchy,Internal Organisation,PARTY_CHANNEL_INSTANCE_PREFERENCE,HIGH,pattern_match,5,3
Master & Reference Data - organisation hierarchy,Internal Organisation,DATA_QUALITY_TYPE,HIGH,pattern_match,2,3
Master & Reference Data - organisation hierarchy,Internal Organisation,JOB_LABOR_TASK_CROSS-REFERENCE,HIGH,pattern_match,2,2
Master & Reference Data - organisation hierarchy,Internal Organisation,PRIVACY_DATA_TRANSFER,HIGH,pattern_match,6,2
Master & Reference Data - organisation hierarchy,Internal Organisation,ORGANIZATION_HIERARCHY,HIGH,pattern_match,6,2
Master & Reference Data - organisation hierarchy,Internal Organisation,REFERENCE_RATE_TYPE,HIGH,pattern_match,2,1
Master & Reference Data - organisation hierarchy,Internal Organisation,DATA_RETENTION_METHOD_TYPE,HIGH,pattern_match,2,1
Master & Reference Data - organisation hierarchy,Internal Organisation,WEB_SITE_DATABASE_REPOSITORY,HIGH,pattern_match,2,1
Master & Reference Data - organisation hierarchy,Internal Organisation,ORGANIZATION_HIERARCHY_LEVEL,HIGH,pattern_match,2,1
Master & Reference Data - organisation hierarchy,Internal Organisation,ORGANIZATION_HIERARCHY_TYPE,HIGH,pattern_match,2,1
Master & Reference Data - organisation hierarchy,Internal Organisation,MARKET_DATA_PROVIDER_BUSINESS_TYPE,HIGH,pattern_match,0,0
Master & Reference Data - organisation hierarchy,Internal Organisation,TEXT_DATASET,HIGH,pattern_match,0,0
Master & Reference Data - organisation hierarchy,Internal Organisation,DRUG_NDC__GEO,MEDIUM,keyword_match,14,10
Master & Reference Data - organisation hierarchy,Internal Organisation,METROPOLITAN_STATISTICAL_AREA__GEO,MEDIUM,keyword_match,1,5
Master & Reference Data - organisation hierarchy,Internal Organisation,ORGANIZATION_NAICS__GEO,MEDIUM,keyword_match,9,4
Master & Reference Data - organisation hierarchy,Internal Organisation,CENSUS_BLOCK__GEO,MEDIUM,keyword_match,3,3
Master & Reference Data - organisation hierarchy,Internal Organisation,DESIGNATED_MARKET_AREA__GEO,MEDIUM,keyword_match,1,3
Master & Reference Data - organisation hierarchy,Internal Organisation,NAICS_INDUSTRY__GEO,MEDIUM,keyword_match,5,3
Master & Reference Data - organisation hierarchy,Internal Organisation,ORGANIZATION_SIC__GEO,MEDIUM,keyword_match,5,3
Master & Reference Data - organisation hierarchy,Internal Organisation,CENSUS_BLOCK_GROUP__GEO,MEDIUM,keyword_match,2,2
Master & Reference Data - organisation hierarchy,Internal Organisation,CENSUS_TRACT__GEO,MEDIUM,keyword_match,2,2
Master & Reference Data - organisation hierarchy,Internal Organisation,DEA_DRUG_CLASSIFICATION__GEO,MEDIUM,keyword_match,4,2
"Operational metrics (E.g. Wait times, queue length)",Internal Organisation,BUSINESS_UNIT_OPERATIONAL_RISK_ADVANCED,HIGH,pattern_match,8,2
"Operational metrics (E.g. Wait times, queue length)",Internal Organisation,BUSINESS_UNIT_OPERATIONAL_RISK_STANDARDIZED,HIGH,pattern_match,6,2
"Operational metrics (E.g. Wait times, queue length)",Internal Organisation,OPERATIONAL_RISK_MEASURE,HIGH,pattern_match,2,2
"Operational metrics (E.g. Wait times, queue length)",Internal Organisation,BASEL_OPERATIONAL_RISK_BETA_PARAMETER,HIGH,pattern_match,4,1
"Operational metrics (E.g. Wait times, queue length)",Internal Organisation,OPERATIONAL_AUTHORITY_TYPE,HIGH,pattern_match,2,1
"Operational metrics (E.g. Wait times, queue length)",Internal Organisation,OPERATIONAL_LOSS_TYPE,HIGH,pattern_match,2,1
"Operational metrics (E.g. Wait times, queue length)",Internal Organisation,FIVE_TIMESTAMP_TEMPORAL,HIGH,pattern_match,7,0
"Operational metrics (E.g. Wait times, queue length)",Internal Organisation,DRUG_NDC__GEO,MEDIUM,keyword_match,14,10
"Operational metrics (E.g. Wait times, queue length)",Internal Organisation,METROPOLITAN_STATISTICAL_AREA__GEO,MEDIUM,keyword_match,1,5
"Operational metrics (E.g. Wait times, queue length)",Internal Organisation,MARKET_QUOTATION_TIME_PERIOD_METRIC,MEDIUM,keyword_match,8,4
"Operational metrics (E.g. Wait times, queue length)",Internal Organisation,ORGANIZATION_NAICS__GEO,MEDIUM,keyword_match,9,4
"Operational metrics (E.g. Wait times, queue length)",Internal Organisation,CENSUS_BLOCK__GEO,MEDIUM,keyword_match,3,3
"Operational metrics (E.g. Wait times, queue length)",Internal Organisation,DESIGNATED_MARKET_AREA__GEO,MEDIUM,keyword_match,1,3
"Operational metrics (E.g. Wait times, queue length)",Internal Organisation,NAICS_INDUSTRY__GEO,MEDIUM,keyword_match,5,3
"Operational metrics (E.g. Wait times, queue length)",Internal Organisation,ORGANIZATION_SIC__GEO,MEDIUM,keyword_match,5,3
"Operational metrics (E.g. Wait times, queue length)",Internal Organisation,CENSUS_BLOCK_GROUP__GEO,MEDIUM,keyword_match,2,2
"Operational metrics (E.g. Wait times, queue length)",Internal Organisation,CENSUS_TRACT__GEO,MEDIUM,keyword_match,2,2
"Operational metrics (E.g. Wait times, queue length)",Internal Organisation,DEA_DRUG_CLASSIFICATION__GEO,MEDIUM,keyword_match,4,2
"Operational metrics (E.g. Wait times, queue length)",Internal Organisation,FORMULARY_DRUG_NDC__GEO,MEDIUM,keyword_match,5,2
"Operational metrics (E.g. Wait times, queue length)",Internal Organisation,NAICS_INDUSTRY_GROUP__GEO,MEDIUM,keyword_match,4,2
"Operational metrics (E.g. Wait times, queue length)",Internal Organisation,NAICS_NATIONAL_INDUSTRY__GEO,MEDIUM,keyword_match,6,2
"Operational metrics (E.g. Wait times, queue length)",Internal Organisation,NAICS_SUBSECTOR__GEO,MEDIUM,keyword_match,3,2
"Operational metrics (E.g. Wait times, queue length)",Internal Organisation,ORGANIZATION_NACE__GEO,MEDIUM,keyword_match,8,2
"Operational metrics (E.g. Wait times, queue length)",Internal Organisation,DEA_SCHEDULE__GEO,MEDIUM,keyword_match,3,1
"Operational metrics (E.g. Wait times, queue length)",Internal Organisation,NAICS_SECTOR__GEO,MEDIUM,keyword_match,2,1
"Operational metrics (E.g. Wait times, queue length)",Internal Organisation,ORANGE_BOOK_THERAPEUTIC_EQUIVALENCE_TYPE__GEO,MEDIUM,keyword_match,2,1
"Operational metrics (E.g. Wait times, queue length)",Internal Organisation,TIME_BAND_METRIC_TYPE,MEDIUM,keyword_match,2,1
Offer Catalogue,Campaign,PROMOTION,HIGH,exact_match,16,19
Offer Catalogue,Campaign,OFFER,HIGH,exact_match,8,11
Offer Catalogue,Campaign,ONLINE_PROMOTION,HIGH,pattern_match,11,11
Offer Catalogue,Campaign,PROMOTION_OFFER,HIGH,pattern_match,9,9
Offer Catalogue,Campaign,PROMOTION_STEP,HIGH,pattern_match,5,9
Offer Catalogue,Campaign,PROMOTION_PARTY_STEP,HIGH,pattern_match,5,5
Offer Catalogue,Campaign,CONTACT_EVENT_OFFER,HIGH,pattern_match,4,4
Offer Catalogue,Campaign,PROMOTION_EXPENSE_XREF,HIGH,pattern_match,7,4
Offer Catalogue,Campaign,TARGET_PROMOTION,HIGH,pattern_match,1,4
Offer Catalogue,Campaign,AGREEMENT_PROMOTION_OFFER,HIGH,pattern_match,4,3
Offer Catalogue,Campaign,NEXT_OFFER,HIGH,pattern_match,2,3
Offer Catalogue,Campaign,PROMOTION_PRODUCT_OFFER,HIGH,pattern_match,3,3
Offer Catalogue,Campaign,ONLINE_PROMOTION_VISIT_XREF,HIGH,pattern_match,2,3
Offer Catalogue,Campaign,PROMOTION_CELL,HIGH,pattern_match,4,3
Offer Catalogue,Campaign,PROMOTION_CELL_PARTY,HIGH,pattern_match,3,3
Offer Catalogue,Campaign,PROMOTION_CHANNEL,HIGH,pattern_match,2,3
Offer Catalogue,Campaign,PROMOTION_METRIC,HIGH,pattern_match,8,3
Offer Catalogue,Campaign,PROMOTION_PARTY,HIGH,pattern_match,5,3
Offer Catalogue,Campaign,PROMOTION_PARTY_STEP_RESPONSE,HIGH,pattern_match,7,3
Offer Catalogue,Campaign,PROMOTION_RESPONSE_SCORE,HIGH,pattern_match,5,3
Offer Catalogue,Campaign,AD_OFFER,HIGH,pattern_match,2,2
Offer Catalogue,Campaign,NEXT_OFFER_FEATURE,HIGH,pattern_match,4,2
Offer Catalogue,Campaign,OFFER_COLLATERAL,HIGH,pattern_match,3,2
Offer Catalogue,Campaign,OFFER_FEATURE,HIGH,pattern_match,2,2
Offer Catalogue,Campaign,PRODUCT_OFFER,HIGH,pattern_match,2,2
Offer Catalogue,Campaign,PROMOTION_OFFER_SEGMENT,HIGH,pattern_match,3,2
Offer Catalogue,Campaign,PROMOTION_PRODUCT_OFFER_FEATURE,HIGH,pattern_match,6,2
Offer Catalogue,Campaign,ONLINE_PROMOTION_SUMMARY,HIGH,pattern_match,7,2
Offer Catalogue,Campaign,OPPORTUNITY_PROMOTION,HIGH,pattern_match,2,2
Offer Catalogue,Campaign,PROMOTION_CHANNEL_MM_OBJECT,HIGH,pattern_match,3,2
Master & Reference Data - Campaign,Campaign,CAMPAIGN,HIGH,exact_match,19,28
Master & Reference Data - Campaign,Campaign,DATA_SOURCE_TYPE,HIGH,pattern_match,2,27
Master & Reference Data - Campaign,Campaign,CAMPAIGN_CELL,HIGH,pattern_match,12,20
Master & Reference Data - Campaign,Campaign,AD_CAMPAIGN_OBJECTIVE,HIGH,pattern_match,25,15
Master & Reference Data - Campaign,Campaign,PARTY_PRIVACY_PREFERENCE,HIGH,pattern_match,13,8
Master & Reference Data - Campaign,Campaign,UNKNOWN_PARTY_SESSION_PRIVACY_PREFERENCE,HIGH,pattern_match,7,7
Master & Reference Data - Campaign,Campaign,PRIVACY_DATA_USAGE,HIGH,pattern_match,2,6
Master & Reference Data - Campaign,Campaign,AGREEMENT_PRIVACY_PREFERENCE,HIGH,pattern_match,8,5
Master & Reference Data - Campaign,Campaign,PARTY_SOLICITATION_PREFERENCE,HIGH,pattern_match,10,5
Master & Reference Data - Campaign,Campaign,PARTY_CHANNEL_PREFERENCE_SCORE,HIGH,pattern_match,6,4
Master & Reference Data - Campaign,Campaign,CAMPAIGN_PRODUCT,HIGH,pattern_match,3,4
Master & Reference Data - Campaign,Campaign,CAMPAIGN_TRAIT_VALUE,HIGH,pattern_match,8,4
Master & Reference Data - Campaign,Campaign,MEMBER_PRIVACY_PREFERENCE,HIGH,pattern_match,7,3
Master & Reference Data - Campaign,Campaign,PARTY_CHANNEL_INSTANCE_PREFERENCE,HIGH,pattern_match,5,3
Master & Reference Data - Campaign,Campaign,DATA_QUALITY_TYPE,HIGH,pattern_match,2,3
Master & Reference Data - Campaign,Campaign,CAMPAIGN_AGREEMENT,HIGH,pattern_match,5,3
Master & Reference Data - Campaign,Campaign,CAMPAIGN_CELL_MANAGEMENT,HIGH,pattern_match,6,3
Master & Reference Data - Campaign,Campaign,CAMPAIGN_CELL_RESPONSE,HIGH,pattern_match,5,3
Master & Reference Data - Campaign,Campaign,CAMPAIGN_CELL_WEB_SITE_SECTION,HIGH,pattern_match,4,3
Master & Reference Data - Campaign,Campaign,CAMPAIGN_CHANNEL_TYPE_XREF,HIGH,pattern_match,2,3
Master & Reference Data - Campaign,Campaign,CAMPAIGN_COST_TYPE,HIGH,pattern_match,3,3
Master & Reference Data - Campaign,Campaign,CAMPAIGN_LOCATOR,HIGH,pattern_match,5,3
Master & Reference Data - Campaign,Campaign,CAMPAIGN_PARTY,HIGH,pattern_match,5,3
Master & Reference Data - Campaign,Campaign,CAMPAIGN_PARTY_ROLE,HIGH,pattern_match,2,3
Master & Reference Data - Campaign,Campaign,CAMPAIGN_RELATED_STATUS,HIGH,pattern_match,7,3
Master & Reference Data - Campaign,Campaign,CAMPAIGN_TRAIT_VALUE_XREF,HIGH,pattern_match,5,3
Master & Reference Data - Campaign,Campaign,JOB_LABOR_TASK_CROSS-REFERENCE,HIGH,pattern_match,2,2
Master & Reference Data - Campaign,Campaign,PRIVACY_DATA_TRANSFER,HIGH,pattern_match,6,2
Master & Reference Data - Campaign,Campaign,CAMPAIGN_CELL_AD,HIGH,pattern_match,3,2
Master & Reference Data - Campaign,Campaign,CAMPAIGN_CELL_COST,HIGH,pattern_match,6,2
Campaign Production Costs,Campaign,CAMPAIGN,HIGH,exact_match,19,28
Campaign Production Costs,Campaign,CAMPAIGN_CELL,HIGH,pattern_match,12,20
Campaign Production Costs,Campaign,AD_CAMPAIGN_OBJECTIVE,HIGH,pattern_match,25,15
Campaign Production Costs,Campaign,CAMPAIGN_PRODUCT,HIGH,pattern_match,3,4
Campaign Production Costs,Campaign,CAMPAIGN_TRAIT_VALUE,HIGH,pattern_match,8,4
Campaign Production Costs,Campaign,DOCUMENT_PRODUCTION_CYCLE_TYPE,HIGH,pattern_match,5,4
Campaign Production Costs,Campaign,CAMPAIGN_AGREEMENT,HIGH,pattern_match,5,3
Campaign Production Costs,Campaign,CAMPAIGN_CELL_MANAGEMENT,HIGH,pattern_match,6,3
Campaign Production Costs,Campaign,CAMPAIGN_CELL_RESPONSE,HIGH,pattern_match,5,3
Campaign Production Costs,Campaign,CAMPAIGN_CELL_WEB_SITE_SECTION,HIGH,pattern_match,4,3
Campaign Production Costs,Campaign,CAMPAIGN_CHANNEL_TYPE_XREF,HIGH,pattern_match,2,3
Campaign Production Costs,Campaign,CAMPAIGN_COST_TYPE,HIGH,pattern_match,3,3
Campaign Production Costs,Campaign,CAMPAIGN_LOCATOR,HIGH,pattern_match,5,3
Campaign Production Costs,Campaign,CAMPAIGN_PARTY,HIGH,pattern_match,5,3
Campaign Production Costs,Campaign,CAMPAIGN_PARTY_ROLE,HIGH,pattern_match,2,3
Campaign Production Costs,Campaign,CAMPAIGN_RELATED_STATUS,HIGH,pattern_match,7,3
Campaign Production Costs,Campaign,CAMPAIGN_TRAIT_VALUE_XREF,HIGH,pattern_match,5,3
Campaign Production Costs,Campaign,CAMPAIGN_CELL_AD,HIGH,pattern_match,3,2
Campaign Production Costs,Campaign,CAMPAIGN_CELL_COST,HIGH,pattern_match,6,2
Campaign Production Costs,Campaign,CAMPAIGN_CELL_PARTY,HIGH,pattern_match,4,2
Campaign Production Costs,Campaign,CAMPAIGN_CHANNEL_TYPE_MULTIMEDIA_OBJECT,HIGH,pattern_match,3,2
Campaign Production Costs,Campaign,CAMPAIGN_COLLATERAL,HIGH,pattern_match,3,2
Campaign Production Costs,Campaign,CAMPAIGN_CONDITION,HIGH,pattern_match,3,2
Campaign Production Costs,Campaign,CAMPAIGN_COST,HIGH,pattern_match,5,2
Campaign Production Costs,Campaign,CAMPAIGN_LOYALTY_PROGRAM,HIGH,pattern_match,2,2
Campaign Production Costs,Campaign,CAMPAIGN_RELATED,HIGH,pattern_match,5,2
Campaign Production Costs,Campaign,CAMPAIGN_SEGMENT,HIGH,pattern_match,2,2
Campaign Production Costs,Campaign,CAMPAIGN_STATUS,HIGH,pattern_match,3,2
Campaign Production Costs,Campaign,CAMPAIGN_STEP,HIGH,pattern_match,4,2
Campaign Production Costs,Campaign,CAMPAIGN_STEP_RESPONSE,HIGH,pattern_match,5,2
Campaign History Data,Campaign,CAMPAIGN,HIGH,exact_match,19,28
Campaign History Data,Campaign,DATA_SOURCE_TYPE,HIGH,pattern_match,2,27
Campaign History Data,Campaign,CAMPAIGN_CELL,HIGH,pattern_match,12,20
Campaign History Data,Campaign,AD_CAMPAIGN_OBJECTIVE,HIGH,pattern_match,25,15
Campaign History Data,Campaign,PRIVACY_DATA_USAGE,HIGH,pattern_match,2,6
Campaign History Data,Campaign,CAMPAIGN_PRODUCT,HIGH,pattern_match,3,4
Campaign History Data,Campaign,CAMPAIGN_TRAIT_VALUE,HIGH,pattern_match,8,4
Campaign History Data,Campaign,CAMPAIGN_AGREEMENT,HIGH,pattern_match,5,3
Campaign History Data,Campaign,CAMPAIGN_CELL_MANAGEMENT,HIGH,pattern_match,6,3
Campaign History Data,Campaign,CAMPAIGN_CELL_RESPONSE,HIGH,pattern_match,5,3
Campaign History Data,Campaign,CAMPAIGN_CELL_WEB_SITE_SECTION,HIGH,pattern_match,4,3
Campaign History Data,Campaign,CAMPAIGN_CHANNEL_TYPE_XREF,HIGH,pattern_match,2,3
Campaign History Data,Campaign,CAMPAIGN_COST_TYPE,HIGH,pattern_match,3,3
Campaign History Data,Campaign,CAMPAIGN_LOCATOR,HIGH,pattern_match,5,3
Campaign History Data,Campaign,CAMPAIGN_PARTY,HIGH,pattern_match,5,3
Campaign History Data,Campaign,CAMPAIGN_PARTY_ROLE,HIGH,pattern_match,2,3
Campaign History Data,Campaign,CAMPAIGN_RELATED_STATUS,HIGH,pattern_match,7,3
Campaign History Data,Campaign,CAMPAIGN_TRAIT_VALUE_XREF,HIGH,pattern_match,5,3
Campaign History Data,Campaign,DATA_QUALITY_TYPE,HIGH,pattern_match,2,3
Campaign History Data,Campaign,CAMPAIGN_CELL_AD,HIGH,pattern_match,3,2
Campaign History Data,Campaign,CAMPAIGN_CELL_COST,HIGH,pattern_match,6,2
Campaign History Data,Campaign,CAMPAIGN_CELL_PARTY,HIGH,pattern_match,4,2
Campaign History Data,Campaign,CAMPAIGN_CHANNEL_TYPE_MULTIMEDIA_OBJECT,HIGH,pattern_match,3,2
Campaign History Data,Campaign,CAMPAIGN_COLLATERAL,HIGH,pattern_match,3,2
Campaign History Data,Campaign,CAMPAIGN_CONDITION,HIGH,pattern_match,3,2
Campaign History Data,Campaign,CAMPAIGN_COST,HIGH,pattern_match,5,2
Campaign History Data,Campaign,CAMPAIGN_LOYALTY_PROGRAM,HIGH,pattern_match,2,2
Campaign History Data,Campaign,CAMPAIGN_RELATED,HIGH,pattern_match,5,2
Campaign History Data,Campaign,CAMPAIGN_SEGMENT,HIGH,pattern_match,2,2
Campaign History Data,Campaign,CAMPAIGN_STATUS,HIGH,pattern_match,3,2
Media Asset Details,Campaign,PARTY_ASSET,HIGH,pattern_match,13,46
Media Asset Details,Campaign,MULTIMEDIA_OBJECT,HIGH,pattern_match,10,20
Media Asset Details,Campaign,FIXED_ASSET,HIGH,pattern_match,14,17
Media Asset Details,Campaign,SOCIAL_MEDIA_INTERACTION,HIGH,pattern_match,15,16
Media Asset Details,Campaign,PARTY_ASSET_CLASS_VALUE,HIGH,pattern_match,10,15
Media Asset Details,Campaign,ASSET_VALUE,HIGH,pattern_match,13,9
Media Asset Details,Campaign,BASEL_II_ASSET_CLASS,HIGH,pattern_match,5,7
Media Asset Details,Campaign,PARTY_ASSET_CLASS_SCHEME_TYPE,HIGH,pattern_match,5,7
Media Asset Details,Campaign,AGREEMENT_REMEDIATION_PLAN,HIGH,pattern_match,5,6
Media Asset Details,Campaign,SOCIAL_MEDIA_CATEGORY,HIGH,pattern_match,4,6
Media Asset Details,Campaign,SOCIAL_MEDIA_TRANSFER,HIGH,pattern_match,21,6
Media Asset Details,Campaign,FIXED_ASSET_CLASS_VALUE,HIGH,pattern_match,9,6
Media Asset Details,Campaign,INTERNAL_ASSET_TYPE,HIGH,pattern_match,4,6
Media Asset Details,Campaign,PARTY_TO_PARTY_ASSET,HIGH,pattern_match,8,6
Media Asset Details,Campaign,AGREEMENT_INSURED_ASSET_FEATURE,HIGH,pattern_match,14,5
Media Asset Details,Campaign,ASSET_INSPECTION,HIGH,pattern_match,3,5
Media Asset Details,Campaign,ASSET_RISK_GRADE,HIGH,pattern_match,6,5
Media Asset Details,Campaign,FIXED_ASSET_AMOUNT,HIGH,pattern_match,10,5
Media Asset Details,Campaign,PARTY_ASSET_PART_VALUATION,HIGH,pattern_match,8,5
Media Asset Details,Campaign,POLICY_ASSET_COVERAGE_METRIC,HIGH,pattern_match,16,5
Media Asset Details,Campaign,SOCIAL_MEDIA_POST,HIGH,pattern_match,11,4
Media Asset Details,Campaign,AGREEMENT_ASSET,HIGH,pattern_match,5,4
Media Asset Details,Campaign,ASSET-BACKED_SECURITY_PRODUCT,HIGH,pattern_match,7,4
Media Asset Details,Campaign,ASSET_CLASS_MATURITY_RISK_GRADE,HIGH,pattern_match,9,4
Media Asset Details,Campaign,ASSET_DETAIL_CODE_XREF,HIGH,pattern_match,12,4
Media Asset Details,Campaign,EXPOSURE_AGREEMENT_ASSET_VALUE,HIGH,pattern_match,16,4
Media Asset Details,Campaign,FIXED_ASSET_CLASS_SCHEME_TYPE,HIGH,pattern_match,5,4
Media Asset Details,Campaign,FIXED_ASSET_COMPLEMENTARY_IDENTIFICATION_CODE,HIGH,pattern_match,6,4
Media Asset Details,Campaign,PARTY_AGREEMENT_ASSET,HIGH,pattern_match,10,4
Media Asset Details,Campaign,PARTY_ASSET_COST,HIGH,pattern_match,7,4
Campaign Promotional Calendar,Campaign,CAMPAIGN,HIGH,exact_match,19,28
Campaign Promotional Calendar,Campaign,CAMPAIGN_CELL,HIGH,pattern_match,12,20
Campaign Promotional Calendar,Campaign,AD_CAMPAIGN_OBJECTIVE,HIGH,pattern_match,25,15
Campaign Promotional Calendar,Campaign,CUSTOM_CALENDAR,HIGH,pattern_match,4,5
Campaign Promotional Calendar,Campaign,CAMPAIGN_PRODUCT,HIGH,pattern_match,3,4
Campaign Promotional Calendar,Campaign,CAMPAIGN_TRAIT_VALUE,HIGH,pattern_match,8,4
Campaign Promotional Calendar,Campaign,CUSTOM_CALENDAR_MONTH,HIGH,pattern_match,3,4
Campaign Promotional Calendar,Campaign,HOLIDAY_CALENDAR,HIGH,pattern_match,2,4
Campaign Promotional Calendar,Campaign,CAMPAIGN_AGREEMENT,HIGH,pattern_match,5,3
Campaign Promotional Calendar,Campaign,CAMPAIGN_CELL_MANAGEMENT,HIGH,pattern_match,6,3
Campaign Promotional Calendar,Campaign,CAMPAIGN_CELL_RESPONSE,HIGH,pattern_match,5,3
Campaign Promotional Calendar,Campaign,CAMPAIGN_CELL_WEB_SITE_SECTION,HIGH,pattern_match,4,3
Campaign Promotional Calendar,Campaign,CAMPAIGN_CHANNEL_TYPE_XREF,HIGH,pattern_match,2,3
Campaign Promotional Calendar,Campaign,CAMPAIGN_COST_TYPE,HIGH,pattern_match,3,3
Campaign Promotional Calendar,Campaign,CAMPAIGN_LOCATOR,HIGH,pattern_match,5,3
Campaign Promotional Calendar,Campaign,CAMPAIGN_PARTY,HIGH,pattern_match,5,3
Campaign Promotional Calendar,Campaign,CAMPAIGN_PARTY_ROLE,HIGH,pattern_match,2,3
Campaign Promotional Calendar,Campaign,CAMPAIGN_RELATED_STATUS,HIGH,pattern_match,7,3
Campaign Promotional Calendar,Campaign,CAMPAIGN_TRAIT_VALUE_XREF,HIGH,pattern_match,5,3
Campaign Promotional Calendar,Campaign,CUSTOM_CALENDAR_DAY,HIGH,pattern_match,6,3
Campaign Promotional Calendar,Campaign,CUSTOM_CALENDAR_MONTH_WEEK,HIGH,pattern_match,2,3
Campaign Promotional Calendar,Campaign,CUSTOM_CALENDAR_YEAR,HIGH,pattern_match,3,3
Campaign Promotional Calendar,Campaign,HOLIDAY_CALENDAR_DATE,HIGH,pattern_match,4,3
Campaign Promotional Calendar,Campaign,CAMPAIGN_CELL_AD,HIGH,pattern_match,3,2
Campaign Promotional Calendar,Campaign,CAMPAIGN_CELL_COST,HIGH,pattern_match,6,2
Campaign Promotional Calendar,Campaign,CAMPAIGN_CELL_PARTY,HIGH,pattern_match,4,2
Campaign Promotional Calendar,Campaign,CAMPAIGN_CHANNEL_TYPE_MULTIMEDIA_OBJECT,HIGH,pattern_match,3,2
Campaign Promotional Calendar,Campaign,CAMPAIGN_COLLATERAL,HIGH,pattern_match,3,2
Campaign Promotional Calendar,Campaign,CAMPAIGN_CONDITION,HIGH,pattern_match,3,2
Campaign Promotional Calendar,Campaign,CAMPAIGN_COST,HIGH,pattern_match,5,2
Master & Reference Data - Channel,Channel,CHANNEL_INSTANCE,HIGH,pattern_match,7,33
Master & Reference Data - Channel,Channel,DATA_SOURCE_TYPE,HIGH,pattern_match,2,27
Master & Reference Data - Channel,Channel,CHANNEL_TYPE,HIGH,pattern_match,8,26
Master & Reference Data - Channel,Channel,PARTY_PRIVACY_PREFERENCE,HIGH,pattern_match,13,8
Master & Reference Data - Channel,Channel,UNKNOWN_PARTY_SESSION_PRIVACY_PREFERENCE,HIGH,pattern_match,7,7
Master & Reference Data - Channel,Channel,PRIVACY_DATA_USAGE,HIGH,pattern_match,2,6
Master & Reference Data - Channel,Channel,CHANNEL_CLASS_VALUE,HIGH,pattern_match,10,6
Master & Reference Data - Channel,Channel,AGREEMENT_PRIVACY_PREFERENCE,HIGH,pattern_match,8,5
Master & Reference Data - Channel,Channel,PARTY_SOLICITATION_PREFERENCE,HIGH,pattern_match,10,5
Master & Reference Data - Channel,Channel,PARTY_CHANNEL_TYPE_ACTIVITY_QUOTA,HIGH,pattern_match,10,5
Master & Reference Data - Channel,Channel,PARTY_CHANNEL_PREFERENCE_SCORE,HIGH,pattern_match,6,4
Master & Reference Data - Channel,Channel,CHANNEL_CLASS_SCHEME_TYPE,HIGH,pattern_match,5,4
Master & Reference Data - Channel,Channel,PACKAGE_CHANNEL_LINEUP,HIGH,pattern_match,8,4
Master & Reference Data - Channel,Channel,PARTY_CHANNEL_INSTANCE_XREF,HIGH,pattern_match,6,4
Master & Reference Data - Channel,Channel,MEMBER_PRIVACY_PREFERENCE,HIGH,pattern_match,7,3
Master & Reference Data - Channel,Channel,PARTY_CHANNEL_INSTANCE_PREFERENCE,HIGH,pattern_match,5,3
Master & Reference Data - Channel,Channel,DATA_QUALITY_TYPE,HIGH,pattern_match,2,3
Master & Reference Data - Channel,Channel,AGREEMENT_CHANNEL,HIGH,pattern_match,7,3
Master & Reference Data - Channel,Channel,AGREEMENT_CHANNEL_TYPE,HIGH,pattern_match,5,3
Master & Reference Data - Channel,Channel,CAMPAIGN_CHANNEL_TYPE_XREF,HIGH,pattern_match,2,3
Master & Reference Data - Channel,Channel,CHANNEL_CAPACITY,HIGH,pattern_match,6,3
Master & Reference Data - Channel,Channel,CHANNEL_CHANNEL_CLASS_XREF,HIGH,pattern_match,5,3
Master & Reference Data - Channel,Channel,CHANNEL_COST,HIGH,pattern_match,6,3
Master & Reference Data - Channel,Channel,CHANNEL_DEMOGRAPHIC,HIGH,pattern_match,7,3
Master & Reference Data - Channel,Channel,CHANNEL_INSTANCE_LOCATOR,HIGH,pattern_match,5,3
Master & Reference Data - Channel,Channel,CHANNEL_OPERATING_HOURS,HIGH,pattern_match,4,3
Master & Reference Data - Channel,Channel,CHANNEL_PROFIT,HIGH,pattern_match,6,3
Master & Reference Data - Channel,Channel,CHANNEL_RISK_GRADE,HIGH,pattern_match,6,3
Master & Reference Data - Channel,Channel,CHANNEL_TYPE_CAPACITY,HIGH,pattern_match,6,3
Master & Reference Data - Channel,Channel,EVENT_CHANNEL_INSTANCE,HIGH,pattern_match,5,3
Finance Systems - General Ledger,Finance,LEDGER_BATCH,HIGH,pattern_match,9,7
Finance Systems - General Ledger,Finance,GL_ACCOUNT_COA_CODE_SEGMENT,HIGH,pattern_match,4,2
Finance Systems - General Ledger,Finance,USSGL_TRANSACTION_TYPE,HIGH,pattern_match,2,1
Finance Systems - General Ledger,Finance,LEDGER_BATCH_TYPE,HIGH,pattern_match,2,1
Finance Systems - General Ledger,Finance,LEDGER_POSTING_STATUS,HIGH,pattern_match,2,1
Finance Systems - General Ledger,Finance,DEPOSIT_GL_ACCOUNT,HIGH,pattern_match,0,0
Finance Systems - General Ledger,Finance,LOAN_GL_ACCOUNT,HIGH,pattern_match,0,0
Finance Systems - General Ledger,Finance,DRUG_NDC__GEO,MEDIUM,keyword_match,14,10
Finance Systems - General Ledger,Finance,METROPOLITAN_STATISTICAL_AREA__GEO,MEDIUM,keyword_match,1,5
Finance Systems - General Ledger,Finance,ORGANIZATION_NAICS__GEO,MEDIUM,keyword_match,9,4
Finance Systems - General Ledger,Finance,CENSUS_BLOCK__GEO,MEDIUM,keyword_match,3,3
Finance Systems - General Ledger,Finance,DESIGNATED_MARKET_AREA__GEO,MEDIUM,keyword_match,1,3
Finance Systems - General Ledger,Finance,NAICS_INDUSTRY__GEO,MEDIUM,keyword_match,5,3
Finance Systems - General Ledger,Finance,ORGANIZATION_SIC__GEO,MEDIUM,keyword_match,5,3
Finance Systems - General Ledger,Finance,CENSUS_BLOCK_GROUP__GEO,MEDIUM,keyword_match,2,2
Finance Systems - General Ledger,Finance,CENSUS_TRACT__GEO,MEDIUM,keyword_match,2,2
Finance Systems - General Ledger,Finance,DEA_DRUG_CLASSIFICATION__GEO,MEDIUM,keyword_match,4,2
Finance Systems - General Ledger,Finance,FORMULARY_DRUG_NDC__GEO,MEDIUM,keyword_match,5,2
Finance Systems - General Ledger,Finance,NAICS_INDUSTRY_GROUP__GEO,MEDIUM,keyword_match,4,2
Finance Systems - General Ledger,Finance,NAICS_NATIONAL_INDUSTRY__GEO,MEDIUM,keyword_match,6,2
Finance Systems - General Ledger,Finance,NAICS_SUBSECTOR__GEO,MEDIUM,keyword_match,3,2
Finance Systems - General Ledger,Finance,ORGANIZATION_NACE__GEO,MEDIUM,keyword_match,8,2
Finance Systems - General Ledger,Finance,DEA_SCHEDULE__GEO,MEDIUM,keyword_match,3,1
Finance Systems - General Ledger,Finance,NAICS_SECTOR__GEO,MEDIUM,keyword_match,2,1
Finance Systems - General Ledger,Finance,ORANGE_BOOK_THERAPEUTIC_EQUIVALENCE_TYPE__GEO,MEDIUM,keyword_match,2,1
Finance Systems - ERP,Finance,VENDOR_PO_LINE,HIGH,pattern_match,19,18
Finance Systems - ERP,Finance,VENDOR_PO,HIGH,pattern_match,11,12
Finance Systems - ERP,Finance,PROMOTION_EXPENSE_XREF,HIGH,pattern_match,7,4
Finance Systems - ERP,Finance,VENDOR,HIGH,exact_match,4,4
Finance Systems - ERP,Finance,VENDOR_PO_LINE_STATUS_ASSIGNMENT,HIGH,pattern_match,6,4
Finance Systems - ERP,Finance,VENDOR_PO_REASON,HIGH,pattern_match,2,4
Finance Systems - ERP,Finance,VENDOR_PO_STATUS,HIGH,pattern_match,2,4
Finance Systems - ERP,Finance,VENDOR_PO_STATUS_ASSIGN,HIGH,pattern_match,5,4
Finance Systems - ERP,Finance,AD_ORDER_EXPENSE_FORECAST,HIGH,pattern_match,7,3
Finance Systems - ERP,Finance,EXPENSE_ACCOUNT_COST_TYPE_XREF,HIGH,pattern_match,3,3
Finance Systems - ERP,Finance,AP_INVOICE_LINE_VENDOR_PO_LINE,HIGH,pattern_match,6,3
Finance Systems - ERP,Finance,AP_INVOICE_LINE_VENDOR_RECEIPT_LINE,HIGH,pattern_match,6,3
Finance Systems - ERP,Finance,VENDOR_PO_PARTY,HIGH,pattern_match,5,3
Finance Systems - ERP,Finance,VENDOR_RECEIPT_LINE_VENDOR_PO_LINE,HIGH,pattern_match,6,3
Finance Systems - ERP,Finance,VENDOR_RETURN_PO_LINE,HIGH,pattern_match,6,3
Finance Systems - ERP,Finance,AGREEMENT_DIRECT_EXPENSE,HIGH,pattern_match,3,2
Finance Systems - ERP,Finance,AGREEMENT_INDIRECT_EXPENSE,HIGH,pattern_match,3,2
Finance Systems - ERP,Finance,EXPENSE_ACCOUNT,HIGH,pattern_match,1,2
Finance Systems - ERP,Finance,VENDOR_PO_LINE_BACK_ORDER,HIGH,pattern_match,7,2
Finance Systems - ERP,Finance,VENDOR_PO_LINE_TERM,HIGH,pattern_match,5,2
Finance Systems - ERP,Finance,VENDOR_PO_TERM,HIGH,pattern_match,4,2
Finance Systems - ERP,Finance,VENDOR_RECEIPT_LINE,HIGH,pattern_match,1,2
Finance Systems - ERP,Finance,EXPENSE_ACCOUNT_SUBTYPE,HIGH,pattern_match,2,1
Finance Systems - ERP,Finance,OPERATING_EXPENSE_ACCOUNT,HIGH,pattern_match,1,1
Finance Systems - ERP,Finance,OPERATING_EXPENSE_ACCOUNT_SUBTYPE,HIGH,pattern_match,2,1
Finance Systems - ERP,Finance,OTHER_EXPENSE_ACCOUNT,HIGH,pattern_match,1,1
Finance Systems - ERP,Finance,OTHER_EXPENSE_ACCOUNT_SUBTYPE,HIGH,pattern_match,2,1
Finance Systems - ERP,Finance,PROMOTION_EXPENSE_TYPE,HIGH,pattern_match,2,1
Finance Systems - ERP,Finance,VENDOR_PO_COMMENT,HIGH,pattern_match,4,1
Finance Systems - ERP,Finance,VENDOR_PO_LINE_COMMENT,HIGH,pattern_match,5,1
"Finance Systems - Budgets, Plans & Forecasts",Finance,FINANCE_EXPOSURE_AGREEMENT,HIGH,pattern_match,3,4
"Finance Systems - Budgets, Plans & Forecasts",Finance,OPPORTUNITY_COMPETITOR_FINANCE,HIGH,pattern_match,9,3
"Finance Systems - Budgets, Plans & Forecasts",Finance,OPPORTUNITY_FINANCE,HIGH,pattern_match,7,3
"Finance Systems - Budgets, Plans & Forecasts",Finance,PROPOSAL_FINANCE,HIGH,pattern_match,6,3
"Finance Systems - Budgets, Plans & Forecasts",Finance,FINANCE_EXPOSURE_RISK_TYPE,HIGH,pattern_match,2,2
"Finance Systems - Budgets, Plans & Forecasts",Finance,OPPORTUNITY_FINANCE_TYPE,HIGH,pattern_match,2,2
"Finance Systems - Budgets, Plans & Forecasts",Finance,PROPOSAL_FINANCE_TYPE,HIGH,pattern_match,2,1
"Finance Systems - Budgets, Plans & Forecasts",Finance,DRUG_NDC__GEO,MEDIUM,keyword_match,14,10
"Finance Systems - Budgets, Plans & Forecasts",Finance,METROPOLITAN_STATISTICAL_AREA__GEO,MEDIUM,keyword_match,1,5
"Finance Systems - Budgets, Plans & Forecasts",Finance,ORGANIZATION_NAICS__GEO,MEDIUM,keyword_match,9,4
"Finance Systems - Budgets, Plans & Forecasts",Finance,CENSUS_BLOCK__GEO,MEDIUM,keyword_match,3,3
"Finance Systems - Budgets, Plans & Forecasts",Finance,DESIGNATED_MARKET_AREA__GEO,MEDIUM,keyword_match,1,3
"Finance Systems - Budgets, Plans & Forecasts",Finance,NAICS_INDUSTRY__GEO,MEDIUM,keyword_match,5,3
"Finance Systems - Budgets, Plans & Forecasts",Finance,ORGANIZATION_SIC__GEO,MEDIUM,keyword_match,5,3
"Finance Systems - Budgets, Plans & Forecasts",Finance,CENSUS_BLOCK_GROUP__GEO,MEDIUM,keyword_match,2,2
"Finance Systems - Budgets, Plans & Forecasts",Finance,CENSUS_TRACT__GEO,MEDIUM,keyword_match,2,2
"Finance Systems - Budgets, Plans & Forecasts",Finance,DEA_DRUG_CLASSIFICATION__GEO,MEDIUM,keyword_match,4,2
"Finance Systems - Budgets, Plans & Forecasts",Finance,FORMULARY_DRUG_NDC__GEO,MEDIUM,keyword_match,5,2
"Finance Systems - Budgets, Plans & Forecasts",Finance,NAICS_INDUSTRY_GROUP__GEO,MEDIUM,keyword_match,4,2
"Finance Systems - Budgets, Plans & Forecasts",Finance,NAICS_NATIONAL_INDUSTRY__GEO,MEDIUM,keyword_match,6,2
"Finance Systems - Budgets, Plans & Forecasts",Finance,NAICS_SUBSECTOR__GEO,MEDIUM,keyword_match,3,2
"Finance Systems - Budgets, Plans & Forecasts",Finance,ORGANIZATION_NACE__GEO,MEDIUM,keyword_match,8,2
"Finance Systems - Budgets, Plans & Forecasts",Finance,DEA_SCHEDULE__GEO,MEDIUM,keyword_match,3,1
"Finance Systems - Budgets, Plans & Forecasts",Finance,NAICS_SECTOR__GEO,MEDIUM,keyword_match,2,1
"Finance Systems - Budgets, Plans & Forecasts",Finance,ORANGE_BOOK_THERAPEUTIC_EQUIVALENCE_TYPE__GEO,MEDIUM,keyword_match,2,1
"Model Metadata (E.g. defintion, assumptions, metrics)",Analytical Model,MODEL_RUN,HIGH,pattern_match,4,28
"Model Metadata (E.g. defintion, assumptions, metrics)",Analytical Model,ANALYTICAL_MODEL,HIGH,pattern_match,16,27
"Model Metadata (E.g. defintion, assumptions, metrics)",Analytical Model,ANALYTICAL_MODEL_VALUE,HIGH,pattern_match,11,5
"Model Metadata (E.g. defintion, assumptions, metrics)",Analytical Model,VEHICLE_MAKE_MODEL_YEAR,HIGH,pattern_match,4,4
"Model Metadata (E.g. defintion, assumptions, metrics)",Analytical Model,VEHICLE_MAKE_MODEL_YEAR_SPECIFICATION,HIGH,pattern_match,9,4
"Model Metadata (E.g. defintion, assumptions, metrics)",Analytical Model,ANALYTICAL_MODEL_PARTY,HIGH,pattern_match,5,3
"Model Metadata (E.g. defintion, assumptions, metrics)",Analytical Model,ANALYTICAL_MODEL_RISK_FACTOR,HIGH,pattern_match,5,3
"Model Metadata (E.g. defintion, assumptions, metrics)",Analytical Model,ANALYTICAL_MODEL_RUN_REVIEW,HIGH,pattern_match,5,3
"Model Metadata (E.g. defintion, assumptions, metrics)",Analytical Model,FEATURE_SCORE_MODEL_ELIGIBILITY,HIGH,pattern_match,7,3
"Model Metadata (E.g. defintion, assumptions, metrics)",Analytical Model,INTERNAL_MODEL_APPROACH_SUMMARY,HIGH,pattern_match,12,3
"Model Metadata (E.g. defintion, assumptions, metrics)",Analytical Model,MANUFACTURER_MODEL,HIGH,pattern_match,5,3
"Model Metadata (E.g. defintion, assumptions, metrics)",Analytical Model,MODEL_RELATIONSHIP,HIGH,pattern_match,7,3
"Model Metadata (E.g. defintion, assumptions, metrics)",Analytical Model,MODEL_RUN_PARTY,HIGH,pattern_match,6,3
"Model Metadata (E.g. defintion, assumptions, metrics)",Analytical Model,PRODUCT_FEATURE_SCORE_MODEL_ELIGIBILITY,HIGH,pattern_match,10,3
"Model Metadata (E.g. defintion, assumptions, metrics)",Analytical Model,PRODUCT_SCORE_MODEL_ELIGIBILITY,HIGH,pattern_match,7,3
"Model Metadata (E.g. defintion, assumptions, metrics)",Analytical Model,ANALYTICAL_MODEL_DOCUMENT,HIGH,pattern_match,4,2
"Model Metadata (E.g. defintion, assumptions, metrics)",Analytical Model,ANALYTICAL_MODEL_PARTY_ROLE,HIGH,pattern_match,2,2
"Model Metadata (E.g. defintion, assumptions, metrics)",Analytical Model,ANALYTICAL_MODEL_STATUS,HIGH,pattern_match,3,2
"Model Metadata (E.g. defintion, assumptions, metrics)",Analytical Model,ANALYTICAL_MODEL_TO_GROUP,HIGH,pattern_match,4,2
"Model Metadata (E.g. defintion, assumptions, metrics)",Analytical Model,ANALYTICAL_MODEL_TO_RISK_GRADE,HIGH,pattern_match,7,2
"Model Metadata (E.g. defintion, assumptions, metrics)",Analytical Model,MODEL_CALCULATION_CRITERIA,HIGH,pattern_match,2,2
"Model Metadata (E.g. defintion, assumptions, metrics)",Analytical Model,VEHICLE_MAKE_MODEL,HIGH,pattern_match,3,2
"Model Metadata (E.g. defintion, assumptions, metrics)",Analytical Model,ANALYTICAL_MODEL_GROUP,HIGH,pattern_match,2,1
"Model Metadata (E.g. defintion, assumptions, metrics)",Analytical Model,ANALYTICAL_MODEL_RISK_FACTOR_ROLE,HIGH,pattern_match,2,1
"Model Metadata (E.g. defintion, assumptions, metrics)",Analytical Model,MODEL_ALGORITHM_TYPE,HIGH,pattern_match,2,1
"Model Metadata (E.g. defintion, assumptions, metrics)",Analytical Model,MODEL_PURPOSE_TYPE,HIGH,pattern_match,2,1
"Model Metadata (E.g. defintion, assumptions, metrics)",Analytical Model,MODEL_RELATIONSHIP_ROLE_TYPE,HIGH,pattern_match,2,1
"Model Metadata (E.g. defintion, assumptions, metrics)",Analytical Model,MODEL_REVIEW_FINDING_TYPE,HIGH,pattern_match,2,1
"Model Metadata (E.g. defintion, assumptions, metrics)",Analytical Model,MODEL_RUN_PURPOSE_TYPE,HIGH,pattern_match,2,1
"Model Metadata (E.g. defintion, assumptions, metrics)",Analytical Model,MODEL_STATUS_TYPE,HIGH,pattern_match,2,1
Risk Scenario & Stress Testing Results,Analytical Model,RISK_CALCULATION_SCENARIO,HIGH,pattern_match,11,50
Risk Scenario & Stress Testing Results,Analytical Model,RISK_GRADE_VALUE,HIGH,pattern_match,12,40
Risk Scenario & Stress Testing Results,Analytical Model,RISK_GRADE_SCHEME,HIGH,pattern_match,6,34
Risk Scenario & Stress Testing Results,Analytical Model,FINANCIAL_RISK_FACTOR,HIGH,pattern_match,5,15
Risk Scenario & Stress Testing Results,Analytical Model,CREDIT_RISK_SUMMARY,HIGH,pattern_match,23,8
Risk Scenario & Stress Testing Results,Analytical Model,INSURANCE_RISK_CATEGORY,HIGH,pattern_match,3,8
Risk Scenario & Stress Testing Results,Analytical Model,PARTY_RISK_GRADE,HIGH,pattern_match,9,8
Risk Scenario & Stress Testing Results,Analytical Model,RISK_METRIC_TYPE,HIGH,pattern_match,2,8
Risk Scenario & Stress Testing Results,Analytical Model,RISK_TYPE,HIGH,pattern_match,2,8
Risk Scenario & Stress Testing Results,Analytical Model,AGREEMENT_RISK_GRADE,HIGH,pattern_match,8,7
Risk Scenario & Stress Testing Results,Analytical Model,INSURANCE_RISK_FACTOR_TYPE,HIGH,pattern_match,2,7
Risk Scenario & Stress Testing Results,Analytical Model,RISK_ASSESS_OVERRIDE_TYPE,HIGH,pattern_match,2,7
Risk Scenario & Stress Testing Results,Analytical Model,RISK_FACTOR_INSTRUMENT,HIGH,pattern_match,5,7
Risk Scenario & Stress Testing Results,Analytical Model,RISK_ASSESSMENT_RELATED_TYPE,HIGH,pattern_match,2,6
Risk Scenario & Stress Testing Results,Analytical Model,ASSET_RISK_GRADE,HIGH,pattern_match,6,5
Risk Scenario & Stress Testing Results,Analytical Model,NONRETAIL_RISK_ASSESSMENT_SUMMARY,HIGH,pattern_match,14,5
Risk Scenario & Stress Testing Results,Analytical Model,PRODUCT_RISK_GRADE,HIGH,pattern_match,6,5
Risk Scenario & Stress Testing Results,Analytical Model,RETAIL_RISK_ASSESSMENT_SUMMARY,HIGH,pattern_match,15,5
Risk Scenario & Stress Testing Results,Analytical Model,RISK_ADJUSTMENT_METRIC_TYPE,HIGH,pattern_match,2,5
Risk Scenario & Stress Testing Results,Analytical Model,AGREEMENT_GROUP_RISK_TYPE_METRIC,HIGH,pattern_match,8,4
Risk Scenario & Stress Testing Results,Analytical Model,ASSET_CLASS_MATURITY_RISK_GRADE,HIGH,pattern_match,9,4
Risk Scenario & Stress Testing Results,Analytical Model,FEATURE_RISK_GRADE_ELIGIBILITY_RULE,HIGH,pattern_match,6,4
Risk Scenario & Stress Testing Results,Analytical Model,PRODUCT_FEATURE_RISK_ELIGIBILITY_RULE,HIGH,pattern_match,9,4
Risk Scenario & Stress Testing Results,Analytical Model,PRODUCT_RISK_GRADE_ELIGIBILITY_RULE,HIGH,pattern_match,6,4
Risk Scenario & Stress Testing Results,Analytical Model,RISK_ADJUSTMENT_REASON_TYPE,HIGH,pattern_match,2,4
Risk Scenario & Stress Testing Results,Analytical Model,RISK_MITIGATION_SUMMARY,HIGH,pattern_match,10,4
Risk Scenario & Stress Testing Results,Analytical Model,RISK_POSITION,HIGH,pattern_match,9,4
Risk Scenario & Stress Testing Results,Analytical Model,STRESS_TEST_CALCULATION_SCENARIO,HIGH,pattern_match,3,4
Risk Scenario & Stress Testing Results,Analytical Model,AGREEMENT_CLASS_RISK_GRADE,HIGH,pattern_match,7,3
Risk Scenario & Stress Testing Results,Analytical Model,AGREEMENT_CREDIT_RISK_TYPE_METRIC,HIGH,pattern_match,7,3
"Documents - Structured Data Capture (Survey, Application Forms)",Cross Subject - Document,APPLICATION,HIGH,exact_match,13,32
"Documents - Structured Data Capture (Survey, Application Forms)",Cross Subject - Document,DATA_SOURCE_TYPE,HIGH,pattern_match,2,27
"Documents - Structured Data Capture (Survey, Application Forms)",Cross Subject - Document,ONLINE_APPLICATION_ACCESS,HIGH,pattern_match,22,20
"Documents - Structured Data Capture (Survey, Application Forms)",Cross Subject - Document,ONLINE_APPLICATION_PROGRAM,HIGH,pattern_match,7,13
"Documents - Structured Data Capture (Survey, Application Forms)",Cross Subject - Document,ONLINE_APPLICATION_PROGRAM_VERSION,HIGH,pattern_match,2,8
"Documents - Structured Data Capture (Survey, Application Forms)",Cross Subject - Document,SURVEY_RESPONSE,HIGH,pattern_match,6,7
"Documents - Structured Data Capture (Survey, Application Forms)",Cross Subject - Document,PRIVACY_DATA_USAGE,HIGH,pattern_match,2,6
"Documents - Structured Data Capture (Survey, Application Forms)",Cross Subject - Document,SURVEY_QUESTION_RESPONSE,HIGH,pattern_match,5,6
"Documents - Structured Data Capture (Survey, Application Forms)",Cross Subject - Document,GROUP_SURVEY,HIGH,pattern_match,6,5
"Documents - Structured Data Capture (Survey, Application Forms)",Cross Subject - Document,APPLICATION_FEATURE,HIGH,pattern_match,12,5
"Documents - Structured Data Capture (Survey, Application Forms)",Cross Subject - Document,APPLICATION_FORM,HIGH,pattern_match,4,5
"Documents - Structured Data Capture (Survey, Application Forms)",Cross Subject - Document,APPLICATION_UNDERWRITE_REQUIREMENT,HIGH,pattern_match,3,5
"Documents - Structured Data Capture (Survey, Application Forms)",Cross Subject - Document,ONLINE_APPLICATION_PROGRAM_GENRE,HIGH,pattern_match,9,5
"Documents - Structured Data Capture (Survey, Application Forms)",Cross Subject - Document,ONLINE_APPLICATION_PROGRAM_TRAIT_VALUE,HIGH,pattern_match,8,5
"Documents - Structured Data Capture (Survey, Application Forms)",Cross Subject - Document,APPLICATION_FEATURE_RELATED,HIGH,pattern_match,15,4
"Documents - Structured Data Capture (Survey, Application Forms)",Cross Subject - Document,ONLINE_APPLICATION_PROGRAM_COUNTRY_GROUP,HIGH,pattern_match,4,4
"Documents - Structured Data Capture (Survey, Application Forms)",Cross Subject - Document,PARTY_APPLICATION,HIGH,pattern_match,5,4
"Documents - Structured Data Capture (Survey, Application Forms)",Cross Subject - Document,PARTY_APPLICATION_DEMOGRAPHIC,HIGH,pattern_match,10,4
"Documents - Structured Data Capture (Survey, Application Forms)",Cross Subject - Document,DATA_QUALITY_TYPE,HIGH,pattern_match,2,3
"Documents - Structured Data Capture (Survey, Application Forms)",Cross Subject - Document,SURVEY_COST,HIGH,pattern_match,6,3
"Documents - Structured Data Capture (Survey, Application Forms)",Cross Subject - Document,SURVEY_EVENT,HIGH,pattern_match,3,3
"Documents - Structured Data Capture (Survey, Application Forms)",Cross Subject - Document,SURVEY_FEEDBACK,HIGH,pattern_match,2,3
"Documents - Structured Data Capture (Survey, Application Forms)",Cross Subject - Document,AGREEMENT_APPLICATION,HIGH,pattern_match,5,3
"Documents - Structured Data Capture (Survey, Application Forms)",Cross Subject - Document,APPLICATION_ASSET,HIGH,pattern_match,4,3
"Documents - Structured Data Capture (Survey, Application Forms)",Cross Subject - Document,APPLICATION_CHECKLIST,HIGH,pattern_match,4,3
"Documents - Structured Data Capture (Survey, Application Forms)",Cross Subject - Document,APPLICATION_CREDIT_REPORT,HIGH,pattern_match,5,3
"Documents - Structured Data Capture (Survey, Application Forms)",Cross Subject - Document,APPLICATION_LOCATOR,HIGH,pattern_match,5,3
"Documents - Structured Data Capture (Survey, Application Forms)",Cross Subject - Document,APPLICATION_METRIC,HIGH,pattern_match,8,3
"Documents - Structured Data Capture (Survey, Application Forms)",Cross Subject - Document,APPLICATION_PARTY_PRODUCT,HIGH,pattern_match,5,3
"Documents - Structured Data Capture (Survey, Application Forms)",Cross Subject - Document,APPLICATION_PERFORMANCE_RATING,HIGH,pattern_match,6,3
Document Image,Cross Subject - Document,DOCUMENT,HIGH,exact_match,22,35
Document Image,Cross Subject - Document,PARTY_FINANCIAL_DOCUMENT,HIGH,pattern_match,9,6
Document Image,Cross Subject - Document,PARTY_FINANCIAL_DOCUMENT_ITEM,HIGH,pattern_match,12,6
Document Image,Cross Subject - Document,ONLINE_DOCUMENT_INFORMATION,HIGH,pattern_match,8,5
Document Image,Cross Subject - Document,DOCUMENT_PRODUCTION_CYCLE_TYPE,HIGH,pattern_match,5,4
Document Image,Cross Subject - Document,DOCUMENT_TYPE,HIGH,pattern_match,3,4
Document Image,Cross Subject - Document,MICROSITE_DOCUMENT_XREF,HIGH,pattern_match,9,4
Document Image,Cross Subject - Document,PARTY_DOCUMENT,HIGH,pattern_match,4,4
Document Image,Cross Subject - Document,EVENT_DOCUMENT,HIGH,pattern_match,3,3
Document Image,Cross Subject - Document,LABOR_GRIEVANCE_DOCUMENT,HIGH,pattern_match,3,3
Document Image,Cross Subject - Document,OPPORTUNITY_DOCUMENT,HIGH,pattern_match,4,3
Document Image,Cross Subject - Document,PRODUCT_DOCUMENT,HIGH,pattern_match,4,3
Document Image,Cross Subject - Document,RECEIPT_LINE_DOCUMENT,HIGH,pattern_match,5,3
Document Image,Cross Subject - Document,CHECK_IMAGE,HIGH,pattern_match,12,3
Document Image,Cross Subject - Document,AGREEMENT_DOCUMENT,HIGH,pattern_match,2,2
Document Image,Cross Subject - Document,ANALYTICAL_MODEL_DOCUMENT,HIGH,pattern_match,4,2
Document Image,Cross Subject - Document,APPLICATION_DOCUMENT,HIGH,pattern_match,3,2
Document Image,Cross Subject - Document,CASE_DOCUMENT,HIGH,pattern_match,2,2
Document Image,Cross Subject - Document,CLAIM_DOCUMENT,HIGH,pattern_match,3,2
Document Image,Cross Subject - Document,DOCUMENT_GROUP,HIGH,pattern_match,3,2
Document Image,Cross Subject - Document,DOCUMENT_GROUP_XREF,HIGH,pattern_match,4,2
Document Image,Cross Subject - Document,DOCUMENT_IMAGE_SOURCE_TYPE,HIGH,pattern_match,2,2
Document Image,Cross Subject - Document,DOCUMENT_IMAGE_TYPE,HIGH,pattern_match,2,2
Document Image,Cross Subject - Document,DOCUMENT_SITE,HIGH,pattern_match,4,2
Document Image,Cross Subject - Document,DOCUMENT_STATUS,HIGH,pattern_match,4,2
Document Image,Cross Subject - Document,DOCUMENT_TEXT_SECTION,HIGH,pattern_match,2,2
Document Image,Cross Subject - Document,LEGAL_ACTION_DOCUMENT,HIGH,pattern_match,2,2
Document Image,Cross Subject - Document,PARTY_ASSET_DOCUMENT,HIGH,pattern_match,2,2
Document Image,Cross Subject - Document,PARTY_DOCUMENT_LOCATOR,HIGH,pattern_match,8,2
Document Image,Cross Subject - Document,PARTY_IDENTIFICATION_DOCUMENT,HIGH,pattern_match,7,2
Text Data,Cross Subject - Document,DATA_SOURCE_TYPE,HIGH,pattern_match,2,27
Text Data,Cross Subject - Document,TEXT_SECTION,HIGH,pattern_match,7,19
Text Data,Cross Subject - Document,TEXT_TYPE,HIGH,pattern_match,2,7
Text Data,Cross Subject - Document,PRIVACY_DATA_USAGE,HIGH,pattern_match,2,6
Text Data,Cross Subject - Document,EVENT_TEXT,HIGH,pattern_match,5,5
Text Data,Cross Subject - Document,AGREEMENT_TEXT,HIGH,pattern_match,5,4
Text Data,Cross Subject - Document,OPPORTUNITY_TEXT,HIGH,pattern_match,5,4
Text Data,Cross Subject - Document,AGREEMENT_GROUP_TEXT,HIGH,pattern_match,5,3
Text Data,Cross Subject - Document,AGREEMENT_PARTY_TEXT,HIGH,pattern_match,8,3
Text Data,Cross Subject - Document,CLAIM_COVERAGE_TEXT,HIGH,pattern_match,5,3
Text Data,Cross Subject - Document,CLAIM_SERVICE_TEXT,HIGH,pattern_match,7,3
Text Data,Cross Subject - Document,CLAIM_TEXT,HIGH,pattern_match,4,3
Text Data,Cross Subject - Document,CLAIM_TEXT_TYPE,HIGH,pattern_match,2,3
Text Data,Cross Subject - Document,LEAD_TEXT_COMMENT,HIGH,pattern_match,5,3
Text Data,Cross Subject - Document,SALES_MARKETING_ACTIVITY_TEXT_COMMENT,HIGH,pattern_match,5,3
Text Data,Cross Subject - Document,TEXT_PATTERN_RESPONSE,HIGH,pattern_match,4,3
Text Data,Cross Subject - Document,TEXT_SUBTYPE,HIGH,pattern_match,2,3
Text Data,Cross Subject - Document,WEB_AD_PLACEMENT_TEXT,HIGH,pattern_match,5,3
Text Data,Cross Subject - Document,WEB_PAGE_CONTEXT,HIGH,pattern_match,3,3
Text Data,Cross Subject - Document,WEB_PAGE_TEXT,HIGH,pattern_match,3,3
Text Data,Cross Subject - Document,DATA_QUALITY_TYPE,HIGH,pattern_match,2,3
Text Data,Cross Subject - Document,AGREEMENT_TEXT_SECTION,HIGH,pattern_match,3,2
Text Data,Cross Subject - Document,ALERT_RESOLUTION_TEXT,HIGH,pattern_match,5,2
Text Data,Cross Subject - Document,APPLICATION_TEXT,HIGH,pattern_match,5,2
Text Data,Cross Subject - Document,CLAIM_COVERAGE_TEXT_SECTION,HIGH,pattern_match,5,2
Text Data,Cross Subject - Document,CLAIM_SERVICE_TEXT_SECTION,HIGH,pattern_match,7,2
Text Data,Cross Subject - Document,CLAIM_TEXT_SECTION,HIGH,pattern_match,4,2
Text Data,Cross Subject - Document,DOCUMENT_TEXT_SECTION,HIGH,pattern_match,2,2
Text Data,Cross Subject - Document,EVENT_PARTY_TEXT_SECTION,HIGH,pattern_match,5,2
Text Data,Cross Subject - Document,EVENT_TEXT_SECTION,HIGH,pattern_match,3,2
External Data - News / Industry Feeds E.g. Reuters,Cross Subject - Document,DATA_SOURCE_TYPE,HIGH,pattern_match,2,27
External Data - News / Industry Feeds E.g. Reuters,Cross Subject - Document,EXTERNALLY_REPORTED_CLAIM,HIGH,pattern_match,24,10
External Data - News / Industry Feeds E.g. Reuters,Cross Subject - Document,PRIVACY_DATA_USAGE,HIGH,pattern_match,2,6
External Data - News / Industry Feeds E.g. Reuters,Cross Subject - Document,EXTERNAL_DIRECT_DEBIT,HIGH,pattern_match,9,5
External Data - News / Industry Feeds E.g. Reuters,Cross Subject - Document,EXTERNAL_STANDING_ORDER,HIGH,pattern_match,9,5
External Data - News / Industry Feeds E.g. Reuters,Cross Subject - Document,EXTERNALLY_REPORTED_VEHICLE_CLAIM,HIGH,pattern_match,16,4
External Data - News / Industry Feeds E.g. Reuters,Cross Subject - Document,EXTERNAL_LIST,HIGH,pattern_match,5,4
External Data - News / Industry Feeds E.g. Reuters,Cross Subject - Document,EXTERNAL_AGREEMENT,HIGH,pattern_match,2,3
External Data - News / Industry Feeds E.g. Reuters,Cross Subject - Document,EXTERNAL_CLAIM_LOSS_DETAIL,HIGH,pattern_match,6,3
External Data - News / Industry Feeds E.g. Reuters,Cross Subject - Document,EXTERNAL_COUPON,HIGH,pattern_match,5,3
External Data - News / Industry Feeds E.g. Reuters,Cross Subject - Document,DATA_QUALITY_TYPE,HIGH,pattern_match,2,3
External Data - News / Industry Feeds E.g. Reuters,Cross Subject - Document,NAICS_INDUSTRY__GEO,HIGH,pattern_match,5,3
External Data - News / Industry Feeds E.g. Reuters,Cross Subject - Document,PARTY_TO_EXTERNAL_LIST,HIGH,pattern_match,3,2
External Data - News / Industry Feeds E.g. Reuters,Cross Subject - Document,PRIVACY_DATA_TRANSFER,HIGH,pattern_match,6,2
External Data - News / Industry Feeds E.g. Reuters,Cross Subject - Document,GICS_INDUSTRY_GROUP_TYPE,HIGH,pattern_match,3,2
External Data - News / Industry Feeds E.g. Reuters,Cross Subject - Document,GICS_INDUSTRY_TYPE,HIGH,pattern_match,4,2
External Data - News / Industry Feeds E.g. Reuters,Cross Subject - Document,GICS_SUBINDUSTRY_TYPE,HIGH,pattern_match,5,2
External Data - News / Industry Feeds E.g. Reuters,Cross Subject - Document,NAICS_INDUSTRY_GROUP__GEO,HIGH,pattern_match,4,2
External Data - News / Industry Feeds E.g. Reuters,Cross Subject - Document,NAICS_NATIONAL_INDUSTRY__GEO,HIGH,pattern_match,6,2
External Data - News / Industry Feeds E.g. Reuters,Cross Subject - Document,EXTERNALLY_REPORTED_PERSONAL_PROPERTY_CLAIM,HIGH,pattern_match,8,1
External Data - News / Industry Feeds E.g. Reuters,Cross Subject - Document,EXTERNAL_AGREEMENT_TYPE,HIGH,pattern_match,2,1
External Data - News / Industry Feeds E.g. Reuters,Cross Subject - Document,EXTERNAL_CLAIM_CRIME_REPORT_TYPE,HIGH,pattern_match,2,1
External Data - News / Industry Feeds E.g. Reuters,Cross Subject - Document,EXTERNAL_CLAIM_FAULT_TYPE,HIGH,pattern_match,2,1
External Data - News / Industry Feeds E.g. Reuters,Cross Subject - Document,EXTERNAL_CLAIM_LOSS_STATUS_TYPE,HIGH,pattern_match,2,1
External Data - News / Industry Feeds E.g. Reuters,Cross Subject - Document,EXTERNAL_CLAIM_LOSS_TYPE,HIGH,pattern_match,2,1
External Data - News / Industry Feeds E.g. Reuters,Cross Subject - Document,EXTERNAL_CLAIM_POLICY_TYPE,HIGH,pattern_match,2,1
External Data - News / Industry Feeds E.g. Reuters,Cross Subject - Document,EXTERNAL_CLAIM_SUBTYPE,HIGH,pattern_match,2,1
External Data - News / Industry Feeds E.g. Reuters,Cross Subject - Document,EXTERNAL_CLAIM_VEHICLE_DISPOSITION_STATUS_TYPE,HIGH,pattern_match,2,1
External Data - News / Industry Feeds E.g. Reuters,Cross Subject - Document,EXTERNAL_LIST_TYPE,HIGH,pattern_match,2,1
External Data - News / Industry Feeds E.g. Reuters,Cross Subject - Document,EXTERNAL_MARGIN_AGREEMENT,HIGH,pattern_match,3,1
Master & Reference Data - Risk Policy Rules,Cross Subject - Document,RISK_CALCULATION_SCENARIO,HIGH,pattern_match,11,50
Master & Reference Data - Risk Policy Rules,Cross Subject - Document,RISK_GRADE_VALUE,HIGH,pattern_match,12,40
Master & Reference Data - Risk Policy Rules,Cross Subject - Document,RISK_GRADE_SCHEME,HIGH,pattern_match,6,34
Master & Reference Data - Risk Policy Rules,Cross Subject - Document,DATA_SOURCE_TYPE,HIGH,pattern_match,2,27
Master & Reference Data - Risk Policy Rules,Cross Subject - Document,FINANCIAL_RISK_FACTOR,HIGH,pattern_match,5,15
Master & Reference Data - Risk Policy Rules,Cross Subject - Document,PARTY_PRIVACY_PREFERENCE,HIGH,pattern_match,13,8
Master & Reference Data - Risk Policy Rules,Cross Subject - Document,CREDIT_RISK_SUMMARY,HIGH,pattern_match,23,8
Master & Reference Data - Risk Policy Rules,Cross Subject - Document,INSURANCE_RISK_CATEGORY,HIGH,pattern_match,3,8
Master & Reference Data - Risk Policy Rules,Cross Subject - Document,PARTY_RISK_GRADE,HIGH,pattern_match,9,8
Master & Reference Data - Risk Policy Rules,Cross Subject - Document,RISK_METRIC_TYPE,HIGH,pattern_match,2,8
Master & Reference Data - Risk Policy Rules,Cross Subject - Document,RISK_TYPE,HIGH,pattern_match,2,8
Master & Reference Data - Risk Policy Rules,Cross Subject - Document,UNKNOWN_PARTY_SESSION_PRIVACY_PREFERENCE,HIGH,pattern_match,7,7
Master & Reference Data - Risk Policy Rules,Cross Subject - Document,AGREEMENT_RISK_GRADE,HIGH,pattern_match,8,7
Master & Reference Data - Risk Policy Rules,Cross Subject - Document,INSURANCE_RISK_FACTOR_TYPE,HIGH,pattern_match,2,7
Master & Reference Data - Risk Policy Rules,Cross Subject - Document,RISK_ASSESS_OVERRIDE_TYPE,HIGH,pattern_match,2,7
Master & Reference Data - Risk Policy Rules,Cross Subject - Document,RISK_FACTOR_INSTRUMENT,HIGH,pattern_match,5,7
Master & Reference Data - Risk Policy Rules,Cross Subject - Document,POLICY_INSURABLE_COVERAGE,HIGH,pattern_match,7,7
Master & Reference Data - Risk Policy Rules,Cross Subject - Document,PRIVACY_DATA_USAGE,HIGH,pattern_match,2,6
Master & Reference Data - Risk Policy Rules,Cross Subject - Document,RISK_ASSESSMENT_RELATED_TYPE,HIGH,pattern_match,2,6
Master & Reference Data - Risk Policy Rules,Cross Subject - Document,POLICY_METRIC,HIGH,pattern_match,13,6
Master & Reference Data - Risk Policy Rules,Cross Subject - Document,AGREEMENT_PRIVACY_PREFERENCE,HIGH,pattern_match,8,5
Master & Reference Data - Risk Policy Rules,Cross Subject - Document,PARTY_SOLICITATION_PREFERENCE,HIGH,pattern_match,10,5
Master & Reference Data - Risk Policy Rules,Cross Subject - Document,ASSET_RISK_GRADE,HIGH,pattern_match,6,5
Master & Reference Data - Risk Policy Rules,Cross Subject - Document,NONRETAIL_RISK_ASSESSMENT_SUMMARY,HIGH,pattern_match,14,5
Master & Reference Data - Risk Policy Rules,Cross Subject - Document,PRODUCT_RISK_GRADE,HIGH,pattern_match,6,5
Master & Reference Data - Risk Policy Rules,Cross Subject - Document,RETAIL_RISK_ASSESSMENT_SUMMARY,HIGH,pattern_match,15,5
Master & Reference Data - Risk Policy Rules,Cross Subject - Document,RISK_ADJUSTMENT_METRIC_TYPE,HIGH,pattern_match,2,5
Master & Reference Data - Risk Policy Rules,Cross Subject - Document,POLICY_ASSET_COVERAGE_METRIC,HIGH,pattern_match,16,5
Master & Reference Data - Risk Policy Rules,Cross Subject - Document,POLICY_COVERAGE_METRIC,HIGH,pattern_match,15,5
Master & Reference Data - Risk Policy Rules,Cross Subject - Document,POLICY_INSURABLE_COVERAGE_METRIC,HIGH,pattern_match,16,5
Customer Research - Primary & Secondary,Cross Subject - Survey,CREDIT_AGREEMENT_SECONDARY_MARKET_STATUS,HIGH,pattern_match,4,2
Customer Research - Primary & Secondary,Cross Subject - Survey,CUSTOMER_LOCATION_TYPE,HIGH,pattern_match,2,1
Customer Research - Primary & Secondary,Cross Subject - Survey,CUSTOMER_PORTFOLIO_EVENT,HIGH,pattern_match,1,1
Customer Research - Primary & Secondary,Cross Subject - Survey,CUSTOMER_TONE_TYPE,HIGH,pattern_match,2,1
Customer Research - Primary & Secondary,Cross Subject - Survey,CAMPAIGN_OBJECTIVE_RESEARCH_SOURCE_TYPE,HIGH,pattern_match,2,1
Customer Research - Primary & Secondary,Cross Subject - Survey,SECONDARY_MARKET_STATUS_TYPE,HIGH,pattern_match,2,1
Customer Research - Primary & Secondary,Cross Subject - Survey,CUSTOMER_AGREEMENT_AS_COLLATERAL_AGREEMENT,HIGH,pattern_match,0,0
Customer Research - Primary & Secondary,Cross Subject - Survey,CUSTOMER_INVESTMENT_AGREEMENT,HIGH,pattern_match,0,0
Customer Research - Primary & Secondary,Cross Subject - Survey,CUSTOMER_MARGIN_AGREEMENT,HIGH,pattern_match,0,0
Customer Research - Primary & Secondary,Cross Subject - Survey,CUSTOMER_TRANSACTION_FRAUD,HIGH,pattern_match,0,0
Customer Research - Primary & Secondary,Cross Subject - Survey,RESEARCH_DEVELOPMENT_EXPENSE_ACCOUNT,HIGH,pattern_match,0,0
Customer Research - Primary & Secondary,Cross Subject - Survey,PRIMARY_FEATURE,HIGH,pattern_match,0,0
Customer Research - Primary & Secondary,Cross Subject - Survey,SECONDARY_FEATURE,HIGH,pattern_match,0,0
Customer Research - Primary & Secondary,Cross Subject - Survey,DRUG_NDC__GEO,MEDIUM,keyword_match,14,10
Customer Research - Primary & Secondary,Cross Subject - Survey,AR_INVOICE_LINE,MEDIUM,keyword_match,8,8
Customer Research - Primary & Secondary,Cross Subject - Survey,AR_INVOICE,MEDIUM,keyword_match,8,6
Customer Research - Primary & Secondary,Cross Subject - Survey,AR_INVOICE_LINE_ADJUSTMENT,MEDIUM,keyword_match,12,6
Customer Research - Primary & Secondary,Cross Subject - Survey,METROPOLITAN_STATISTICAL_AREA__GEO,MEDIUM,keyword_match,1,5
Customer Research - Primary & Secondary,Cross Subject - Survey,AR_COLLECTION_ACTIVITY,MEDIUM,keyword_match,8,4
Customer Research - Primary & Secondary,Cross Subject - Survey,ORGANIZATION_NAICS__GEO,MEDIUM,keyword_match,9,4
Customer Research - Primary & Secondary,Cross Subject - Survey,AR_INVOICE_LINE_QUANTITY,MEDIUM,keyword_match,5,3
Customer Research - Primary & Secondary,Cross Subject - Survey,CENSUS_BLOCK__GEO,MEDIUM,keyword_match,3,3
Customer Research - Primary & Secondary,Cross Subject - Survey,CUSTOM_SEARCH_CLICK-THROUGH,MEDIUM,keyword_match,4,3
Customer Research - Primary & Secondary,Cross Subject - Survey,DESIGNATED_MARKET_AREA__GEO,MEDIUM,keyword_match,1,3
Customer Research - Primary & Secondary,Cross Subject - Survey,NAICS_INDUSTRY__GEO,MEDIUM,keyword_match,5,3
Customer Research - Primary & Secondary,Cross Subject - Survey,ORGANIZATION_SIC__GEO,MEDIUM,keyword_match,5,3
Customer Research - Primary & Secondary,Cross Subject - Survey,AR_INVOICE_LINE_AMOUNT,MEDIUM,keyword_match,7,2
Customer Research - Primary & Secondary,Cross Subject - Survey,AR_INVOICE_LINE_RECEIPT,MEDIUM,keyword_match,6,2
Customer Research - Primary & Secondary,Cross Subject - Survey,CENSUS_BLOCK_GROUP__GEO,MEDIUM,keyword_match,2,2
Customer Research - Primary & Secondary,Cross Subject - Survey,CENSUS_TRACT__GEO,MEDIUM,keyword_match,2,2
Rich Media from all sources,Cross Subject - Multi-media object,MULTIMEDIA_OBJECT,HIGH,pattern_match,10,20
Rich Media from all sources,Cross Subject - Multi-media object,SOCIAL_MEDIA_INTERACTION,HIGH,pattern_match,15,16
Rich Media from all sources,Cross Subject - Multi-media object,AGREEMENT_REMEDIATION_PLAN,HIGH,pattern_match,5,6
Rich Media from all sources,Cross Subject - Multi-media object,SOCIAL_MEDIA_CATEGORY,HIGH,pattern_match,4,6
Rich Media from all sources,Cross Subject - Multi-media object,SOCIAL_MEDIA_TRANSFER,HIGH,pattern_match,21,6
Rich Media from all sources,Cross Subject - Multi-media object,SOCIAL_MEDIA_POST,HIGH,pattern_match,11,4
Rich Media from all sources,Cross Subject - Multi-media object,EVENT_MULTIMEDIA_OBJECT,HIGH,pattern_match,3,3
Rich Media from all sources,Cross Subject - Multi-media object,MULTIMEDIA_SOURCE,HIGH,pattern_match,6,3
Rich Media from all sources,Cross Subject - Multi-media object,SOCIAL_MEDIA_CONTENT_REVIEW,HIGH,pattern_match,10,3
Rich Media from all sources,Cross Subject - Multi-media object,AGREEMENT_REMEDIATION_STATUS,HIGH,pattern_match,5,2
Rich Media from all sources,Cross Subject - Multi-media object,CAMPAIGN_CHANNEL_TYPE_MULTIMEDIA_OBJECT,HIGH,pattern_match,3,2
Rich Media from all sources,Cross Subject - Multi-media object,GLOBAL_INTERMEDIARY_IDENTIFICATION_NUMBER,HIGH,pattern_match,4,2
Rich Media from all sources,Cross Subject - Multi-media object,MULTIMEDIA_GROUP_OBJECT_XREF,HIGH,pattern_match,2,2
Rich Media from all sources,Cross Subject - Multi-media object,MULTIMEDIA_SUBTYPE,HIGH,pattern_match,2,2
Rich Media from all sources,Cross Subject - Multi-media object,SOCIAL_MEDIA_ACTIVITY_IMPRESSION_XREF,HIGH,pattern_match,6,2
Rich Media from all sources,Cross Subject - Multi-media object,SOCIAL_MEDIA_AUTHOR,HIGH,pattern_match,9,2
Rich Media from all sources,Cross Subject - Multi-media object,SOCIAL_MEDIA_AUTHOR_RANK,HIGH,pattern_match,8,2
Rich Media from all sources,Cross Subject - Multi-media object,SOCIAL_MEDIA_CATEGORY_SCORE,HIGH,pattern_match,9,2
Rich Media from all sources,Cross Subject - Multi-media object,SOCIAL_MEDIA_CATEGORY_XREF,HIGH,pattern_match,9,2
Rich Media from all sources,Cross Subject - Multi-media object,SOCIAL_MEDIA_CONTENT_SOURCE,HIGH,pattern_match,9,2
Rich Media from all sources,Cross Subject - Multi-media object,SOCIAL_MEDIA_KEYWORD_SUMMARY,HIGH,pattern_match,9,2
Rich Media from all sources,Cross Subject - Multi-media object,SOCIAL_MEDIA_RESULT,HIGH,pattern_match,13,2
Rich Media from all sources,Cross Subject - Multi-media object,SOCIAL_MEDIA_RESULT_CATEGORY,HIGH,pattern_match,4,2
Rich Media from all sources,Cross Subject - Multi-media object,SOCIAL_MEDIA_RESULT_TOPIC,HIGH,pattern_match,3,2
Rich Media from all sources,Cross Subject - Multi-media object,SOCIAL_MEDIA_STATUS,HIGH,pattern_match,8,2
Rich Media from all sources,Cross Subject - Multi-media object,CAMPAIGN_MEDIA_MIX_TYPE,HIGH,pattern_match,2,1
Rich Media from all sources,Cross Subject - Multi-media object,CLAIM_MEDIA_TYPE,HIGH,pattern_match,2,1
Rich Media from all sources,Cross Subject - Multi-media object,EVENT_MULTIMEDIA_REASON,HIGH,pattern_match,2,1
Rich Media from all sources,Cross Subject - Multi-media object,MEDIA_PLAYER,HIGH,pattern_match,7,1
Rich Media from all sources,Cross Subject - Multi-media object,MULTIMEDIA_GROUP,HIGH,pattern_match,2,1
Voice Recording,Cross Subject - Multi-media object,INVOICE,HIGH,pattern_match,12,17
Voice Recording,Cross Subject - Multi-media object,AP_INVOICE_LINE,HIGH,pattern_match,9,11
Voice Recording,Cross Subject - Multi-media object,AR_INVOICE_LINE,HIGH,pattern_match,8,8
Voice Recording,Cross Subject - Multi-media object,AR_INVOICE,HIGH,pattern_match,8,6
Voice Recording,Cross Subject - Multi-media object,AR_INVOICE_LINE_ADJUSTMENT,HIGH,pattern_match,12,6
Voice Recording,Cross Subject - Multi-media object,AP_INVOICE_LINE_ADJUSTMENT,HIGH,pattern_match,12,5
Voice Recording,Cross Subject - Multi-media object,CONSOLIDATED_INVOICE,HIGH,pattern_match,3,5
Voice Recording,Cross Subject - Multi-media object,INVOICE_ADJUSTMENT,HIGH,pattern_match,9,5
Voice Recording,Cross Subject - Multi-media object,INVOICE_PAYMENT,HIGH,pattern_match,6,5
Voice Recording,Cross Subject - Multi-media object,AP_INVOICE,HIGH,pattern_match,5,4
Voice Recording,Cross Subject - Multi-media object,AP_INVOICE_LINE_STATUS,HIGH,pattern_match,6,4
Voice Recording,Cross Subject - Multi-media object,INVOICE_STATUS,HIGH,pattern_match,5,4
Voice Recording,Cross Subject - Multi-media object,AP_INVOICE_LINE_VENDOR_PO_LINE,HIGH,pattern_match,6,3
Voice Recording,Cross Subject - Multi-media object,AP_INVOICE_LINE_VENDOR_RECEIPT_LINE,HIGH,pattern_match,6,3
Voice Recording,Cross Subject - Multi-media object,AR_INVOICE_LINE_QUANTITY,HIGH,pattern_match,5,3
Voice Recording,Cross Subject - Multi-media object,INVOICE_AMOUNT_TYPE,HIGH,pattern_match,2,3
Voice Recording,Cross Subject - Multi-media object,INVOICE_LINE_PARTY,HIGH,pattern_match,6,3
Voice Recording,Cross Subject - Multi-media object,INVOICE_LINE_PAYMENT,HIGH,pattern_match,6,3
Voice Recording,Cross Subject - Multi-media object,INVOICE_LINE_PAYMENT_STATUS,HIGH,pattern_match,7,3
Voice Recording,Cross Subject - Multi-media object,INVOICE_PARTY,HIGH,pattern_match,5,3
Voice Recording,Cross Subject - Multi-media object,INVOICE_STATUS_TYPE,HIGH,pattern_match,2,3
Voice Recording,Cross Subject - Multi-media object,PA_DRAFT_INVOICE_LINE,HIGH,pattern_match,9,3
Voice Recording,Cross Subject - Multi-media object,AP_INVOICE_LINE_PAYMENT,HIGH,pattern_match,6,2
Voice Recording,Cross Subject - Multi-media object,AR_INVOICE_LINE_AMOUNT,HIGH,pattern_match,7,2
Voice Recording,Cross Subject - Multi-media object,AR_INVOICE_LINE_RECEIPT,HIGH,pattern_match,6,2
Voice Recording,Cross Subject - Multi-media object,CONSOLIDATED_INVOICE_STATUS,HIGH,pattern_match,3,2
Voice Recording,Cross Subject - Multi-media object,CONSOLIDATED_INVOICE_SUMMARY,HIGH,pattern_match,7,2
Voice Recording,Cross Subject - Multi-media object,FREIGHT_TERM_TYPE_INVOICE_XREF,HIGH,pattern_match,2,2
Voice Recording,Cross Subject - Multi-media object,INVOICE_AMOUNT,HIGH,pattern_match,6,2
Voice Recording,Cross Subject - Multi-media object,INVOICE_CHARGE,HIGH,pattern_match,3,2
External Data - Fraud Watch Lists,Cross Subject - Watch List,DATA_SOURCE_TYPE,HIGH,pattern_match,2,27
External Data - Fraud Watch Lists,Cross Subject - Watch List,EXTERNALLY_REPORTED_CLAIM,HIGH,pattern_match,24,10
External Data - Fraud Watch Lists,Cross Subject - Watch List,PRIVACY_DATA_USAGE,HIGH,pattern_match,2,6
External Data - Fraud Watch Lists,Cross Subject - Watch List,EXTERNAL_DIRECT_DEBIT,HIGH,pattern_match,9,5
External Data - Fraud Watch Lists,Cross Subject - Watch List,EXTERNAL_STANDING_ORDER,HIGH,pattern_match,9,5
External Data - Fraud Watch Lists,Cross Subject - Watch List,EXTERNALLY_REPORTED_VEHICLE_CLAIM,HIGH,pattern_match,16,4
External Data - Fraud Watch Lists,Cross Subject - Watch List,EXTERNAL_LIST,HIGH,pattern_match,5,4
External Data - Fraud Watch Lists,Cross Subject - Watch List,EXTERNAL_AGREEMENT,HIGH,pattern_match,2,3
External Data - Fraud Watch Lists,Cross Subject - Watch List,EXTERNAL_CLAIM_LOSS_DETAIL,HIGH,pattern_match,6,3
External Data - Fraud Watch Lists,Cross Subject - Watch List,EXTERNAL_COUPON,HIGH,pattern_match,5,3
External Data - Fraud Watch Lists,Cross Subject - Watch List,DATA_QUALITY_TYPE,HIGH,pattern_match,2,3
External Data - Fraud Watch Lists,Cross Subject - Watch List,WATCH_LIST,HIGH,pattern_match,8,3
External Data - Fraud Watch Lists,Cross Subject - Watch List,PARTY_TO_EXTERNAL_LIST,HIGH,pattern_match,3,2
External Data - Fraud Watch Lists,Cross Subject - Watch List,PRIVACY_DATA_TRANSFER,HIGH,pattern_match,6,2
External Data - Fraud Watch Lists,Cross Subject - Watch List,APPLICATION_FRAUD_CASE,HIGH,pattern_match,2,2
External Data - Fraud Watch Lists,Cross Subject - Watch List,WATCH_LIST_MEMBER,HIGH,pattern_match,6,2
External Data - Fraud Watch Lists,Cross Subject - Watch List,WATCH_LIST_SOURCE,HIGH,pattern_match,3,2
External Data - Fraud Watch Lists,Cross Subject - Watch List,EXTERNALLY_REPORTED_PERSONAL_PROPERTY_CLAIM,HIGH,pattern_match,8,1
External Data - Fraud Watch Lists,Cross Subject - Watch List,EXTERNAL_AGREEMENT_TYPE,HIGH,pattern_match,2,1
External Data - Fraud Watch Lists,Cross Subject - Watch List,EXTERNAL_CLAIM_CRIME_REPORT_TYPE,HIGH,pattern_match,2,1
External Data - Fraud Watch Lists,Cross Subject - Watch List,EXTERNAL_CLAIM_FAULT_TYPE,HIGH,pattern_match,2,1
External Data - Fraud Watch Lists,Cross Subject - Watch List,EXTERNAL_CLAIM_LOSS_STATUS_TYPE,HIGH,pattern_match,2,1
External Data - Fraud Watch Lists,Cross Subject - Watch List,EXTERNAL_CLAIM_LOSS_TYPE,HIGH,pattern_match,2,1
External Data - Fraud Watch Lists,Cross Subject - Watch List,EXTERNAL_CLAIM_POLICY_TYPE,HIGH,pattern_match,2,1
External Data - Fraud Watch Lists,Cross Subject - Watch List,EXTERNAL_CLAIM_SUBTYPE,HIGH,pattern_match,2,1
External Data - Fraud Watch Lists,Cross Subject - Watch List,EXTERNAL_CLAIM_VEHICLE_DISPOSITION_STATUS_TYPE,HIGH,pattern_match,2,1
External Data - Fraud Watch Lists,Cross Subject - Watch List,EXTERNAL_LIST_TYPE,HIGH,pattern_match,2,1
External Data - Fraud Watch Lists,Cross Subject - Watch List,EXTERNAL_MARGIN_AGREEMENT,HIGH,pattern_match,3,1
External Data - Fraud Watch Lists,Cross Subject - Watch List,EXTERNAL_TRIGGER,HIGH,pattern_match,2,1
External Data - Fraud Watch Lists,Cross Subject - Watch List,EXTERNAL_TRIGGER_TYPE,HIGH,pattern_match,2,1
Compliance Approvals,Cross Subject,POLICY_COMPLIANCE_TYPE,HIGH,pattern_match,2,3
Compliance Approvals,Cross Subject,AUTHORIZATION_APPROVAL_TYPE,HIGH,pattern_match,2,1
Compliance Approvals,Cross Subject,NONCASH_PAYMENT_APPROVAL_TYPE,HIGH,pattern_match,2,1
Compliance Approvals,Cross Subject,DRUG_NDC__GEO,MEDIUM,keyword_match,14,10
Compliance Approvals,Cross Subject,METROPOLITAN_STATISTICAL_AREA__GEO,MEDIUM,keyword_match,1,5
Compliance Approvals,Cross Subject,ORGANIZATION_NAICS__GEO,MEDIUM,keyword_match,9,4
Compliance Approvals,Cross Subject,CENSUS_BLOCK__GEO,MEDIUM,keyword_match,3,3
Compliance Approvals,Cross Subject,DESIGNATED_MARKET_AREA__GEO,MEDIUM,keyword_match,1,3
Compliance Approvals,Cross Subject,NAICS_INDUSTRY__GEO,MEDIUM,keyword_match,5,3
Compliance Approvals,Cross Subject,ORGANIZATION_SIC__GEO,MEDIUM,keyword_match,5,3
Compliance Approvals,Cross Subject,CENSUS_BLOCK_GROUP__GEO,MEDIUM,keyword_match,2,2
Compliance Approvals,Cross Subject,CENSUS_TRACT__GEO,MEDIUM,keyword_match,2,2
Compliance Approvals,Cross Subject,DEA_DRUG_CLASSIFICATION__GEO,MEDIUM,keyword_match,4,2
Compliance Approvals,Cross Subject,FORMULARY_DRUG_NDC__GEO,MEDIUM,keyword_match,5,2
Compliance Approvals,Cross Subject,NAICS_INDUSTRY_GROUP__GEO,MEDIUM,keyword_match,4,2
Compliance Approvals,Cross Subject,NAICS_NATIONAL_INDUSTRY__GEO,MEDIUM,keyword_match,6,2
Compliance Approvals,Cross Subject,NAICS_SUBSECTOR__GEO,MEDIUM,keyword_match,3,2
Compliance Approvals,Cross Subject,ORGANIZATION_NACE__GEO,MEDIUM,keyword_match,8,2
Compliance Approvals,Cross Subject,DEA_SCHEDULE__GEO,MEDIUM,keyword_match,3,1
Compliance Approvals,Cross Subject,NAICS_SECTOR__GEO,MEDIUM,keyword_match,2,1
Compliance Approvals,Cross Subject,ORANGE_BOOK_THERAPEUTIC_EQUIVALENCE_TYPE__GEO,MEDIUM,keyword_match,2,1
Business Process Definition,Not Covered,BUSINESS,HIGH,exact_match,7,12
Business Process Definition,Not Covered,INSURANCE_LINE_OF_BUSINESS_TYPE,HIGH,pattern_match,5,10
Business Process Definition,Not Covered,ORGANIZATION_BUSINESS_TYPE,HIGH,pattern_match,4,9
Business Process Definition,Not Covered,WORK_PROCESS,HIGH,pattern_match,4,8
Business Process Definition,Not Covered,WORK_PROCESS_STEP_ACTUAL,HIGH,pattern_match,8,7
Business Process Definition,Not Covered,BUSINESS_LINE_LOSS_TYPE_MEASURE,HIGH,pattern_match,3,5
Business Process Definition,Not Covered,LINE_OF_BUSINESS_PARTY_METRIC,HIGH,pattern_match,9,5
Business Process Definition,Not Covered,INSURANCE_LINE_OF_BUSINESS_METRIC,HIGH,pattern_match,9,4
Business Process Definition,Not Covered,BUSINESS_LINE_RISK_MEASURE,HIGH,pattern_match,2,3
Business Process Definition,Not Covered,LINE_OF_BUSINESS_RISK_SCENARIO_METRIC,HIGH,pattern_match,6,3
Business Process Definition,Not Covered,PURCHASE_CARD_BUSINESS,HIGH,pattern_match,4,3
Business Process Definition,Not Covered,PURCHASE_CARD_BUSINESS_LIMIT,HIGH,pattern_match,8,3
Business Process Definition,Not Covered,GRIEVANCE_PROCESS_STATUS,HIGH,pattern_match,5,3
Business Process Definition,Not Covered,LABOR_GRIEVANCE_PROCESS,HIGH,pattern_match,5,3
Business Process Definition,Not Covered,WORK_PROCESS_STEP_PARTY,HIGH,pattern_match,6,3
Business Process Definition,Not Covered,BIC_BUSINESS_TYPE,HIGH,pattern_match,2,2
Business Process Definition,Not Covered,BUSINESS_CASE,HIGH,pattern_match,4,2
Business Process Definition,Not Covered,BUSINESS_DAY_CONVENTION_TYPE,HIGH,pattern_match,2,2
Business Process Definition,Not Covered,BUSINESS_IDENTIFIER_CODE_ADDRESS,HIGH,pattern_match,4,2
Business Process Definition,Not Covered,BUSINESS_INTEREST_SUMMARY,HIGH,pattern_match,10,2
Business Process Definition,Not Covered,BUSINESS_LINE_LOSS_SCORE,HIGH,pattern_match,6,2
Business Process Definition,Not Covered,BUSINESS_TYPE_RISK_FACTOR,HIGH,pattern_match,4,2
Business Process Definition,Not Covered,BUSINESS_UNIT_OPERATIONAL_RISK_ADVANCED,HIGH,pattern_match,8,2
Business Process Definition,Not Covered,BUSINESS_UNIT_OPERATIONAL_RISK_STANDARDIZED,HIGH,pattern_match,6,2
Business Process Definition,Not Covered,INSURANCE_AGENT_BUSINESS_TYPE,HIGH,pattern_match,2,2
Business Process Definition,Not Covered,INSURANCE_AGREEMENT_LINE_OF_BUSINESS,HIGH,pattern_match,4,2
Business Process Definition,Not Covered,ORGANIZATION_BUSINESS_TYPE_XREF,HIGH,pattern_match,4,2
Business Process Definition,Not Covered,PURCHASE_AGREEMENT_BUSINESS_TYPE,HIGH,pattern_match,4,2
Business Process Definition,Not Covered,SITE_BUSINESS_HOURS,HIGH,pattern_match,4,2
Business Process Definition,Not Covered,WORK_PROCESS_EVENT,HIGH,pattern_match,2,2
External Data - External Loss Data,Not Covered,DATA_SOURCE_TYPE,HIGH,pattern_match,2,27
External Data - External Loss Data,Not Covered,EXTERNALLY_REPORTED_CLAIM,HIGH,pattern_match,24,10
External Data - External Loss Data,Not Covered,PRIVACY_DATA_USAGE,HIGH,pattern_match,2,6
External Data - External Loss Data,Not Covered,EXTERNAL_DIRECT_DEBIT,HIGH,pattern_match,9,5
External Data - External Loss Data,Not Covered,EXTERNAL_STANDING_ORDER,HIGH,pattern_match,9,5
External Data - External Loss Data,Not Covered,BUSINESS_LINE_LOSS_TYPE_MEASURE,HIGH,pattern_match,3,5
External Data - External Loss Data,Not Covered,EXTERNALLY_REPORTED_VEHICLE_CLAIM,HIGH,pattern_match,16,4
External Data - External Loss Data,Not Covered,EXTERNAL_LIST,HIGH,pattern_match,5,4
External Data - External Loss Data,Not Covered,EXTERNAL_AGREEMENT,HIGH,pattern_match,2,3
External Data - External Loss Data,Not Covered,EXTERNAL_CLAIM_LOSS_DETAIL,HIGH,pattern_match,6,3
External Data - External Loss Data,Not Covered,EXTERNAL_COUPON,HIGH,pattern_match,5,3
External Data - External Loss Data,Not Covered,DATA_QUALITY_TYPE,HIGH,pattern_match,2,3
External Data - External Loss Data,Not Covered,BANK_ACTUAL_RISK_LOSS,HIGH,pattern_match,7,3
External Data - External Loss Data,Not Covered,PARTY_TO_EXTERNAL_LIST,HIGH,pattern_match,3,2
External Data - External Loss Data,Not Covered,PRIVACY_DATA_TRANSFER,HIGH,pattern_match,6,2
External Data - External Loss Data,Not Covered,BUSINESS_LINE_LOSS_SCORE,HIGH,pattern_match,6,2
External Data - External Loss Data,Not Covered,LOSS_GIVEN_DEFAULT_RISK_GRADE_VALUE,HIGH,pattern_match,3,2
External Data - External Loss Data,Not Covered,EXTERNALLY_REPORTED_PERSONAL_PROPERTY_CLAIM,HIGH,pattern_match,8,1
External Data - External Loss Data,Not Covered,EXTERNAL_AGREEMENT_TYPE,HIGH,pattern_match,2,1
External Data - External Loss Data,Not Covered,EXTERNAL_CLAIM_CRIME_REPORT_TYPE,HIGH,pattern_match,2,1
External Data - External Loss Data,Not Covered,EXTERNAL_CLAIM_FAULT_TYPE,HIGH,pattern_match,2,1
External Data - External Loss Data,Not Covered,EXTERNAL_CLAIM_LOSS_STATUS_TYPE,HIGH,pattern_match,2,1
External Data - External Loss Data,Not Covered,EXTERNAL_CLAIM_LOSS_TYPE,HIGH,pattern_match,2,1
External Data - External Loss Data,Not Covered,EXTERNAL_CLAIM_POLICY_TYPE,HIGH,pattern_match,2,1
External Data - External Loss Data,Not Covered,EXTERNAL_CLAIM_SUBTYPE,HIGH,pattern_match,2,1
External Data - External Loss Data,Not Covered,EXTERNAL_CLAIM_VEHICLE_DISPOSITION_STATUS_TYPE,HIGH,pattern_match,2,1
External Data - External Loss Data,Not Covered,EXTERNAL_LIST_TYPE,HIGH,pattern_match,2,1
External Data - External Loss Data,Not Covered,EXTERNAL_MARGIN_AGREEMENT,HIGH,pattern_match,3,1
External Data - External Loss Data,Not Covered,EXTERNAL_TRIGGER,HIGH,pattern_match,2,1
External Data - External Loss Data,Not Covered,EXTERNAL_TRIGGER_TYPE,HIGH,pattern_match,2,1
"System Log Files (E.g. Firewall, Webserver)",Not Covered,VISITOR_LOGON_SYSTEM,HIGH,pattern_match,2,6
"System Log Files (E.g. Firewall, Webserver)",Not Covered,LEGAL_SYSTEM,HIGH,pattern_match,5,5
"System Log Files (E.g. Firewall, Webserver)",Not Covered,SEARCH_ENGINE_SYSTEM,HIGH,pattern_match,7,5
"System Log Files (E.g. Firewall, Webserver)",Not Covered,MONITORING_SYSTEM_PANEL_CODE,HIGH,pattern_match,2,4
"System Log Files (E.g. Firewall, Webserver)",Not Covered,OPERATING_SYSTEM,HIGH,pattern_match,4,3
"System Log Files (E.g. Firewall, Webserver)",Not Covered,PARTY_SYSTEM_ABUSE,HIGH,pattern_match,5,3
"System Log Files (E.g. Firewall, Webserver)",Not Covered,SEARCH_ENGINE_SYSTEM_ACCOUNT,HIGH,pattern_match,8,3
"System Log Files (E.g. Firewall, Webserver)",Not Covered,AD_RATING_SYSTEM,HIGH,pattern_match,3,2
"System Log Files (E.g. Firewall, Webserver)",Not Covered,MICROSITE_CONTENT_RATING_SYSTEM,HIGH,pattern_match,3,2
"System Log Files (E.g. Firewall, Webserver)",Not Covered,OPERATING_SYSTEM_VERSION,HIGH,pattern_match,3,2
"System Log Files (E.g. Firewall, Webserver)",Not Covered,SEARCH_ENGINE_SYSTEM_TYPE,HIGH,pattern_match,2,2
"System Log Files (E.g. Firewall, Webserver)",Not Covered,SOURCE_SYSTEM_PANEL_CODE,HIGH,pattern_match,2,2
"System Log Files (E.g. Firewall, Webserver)",Not Covered,SYSTEM_ABUSE_TYPE,HIGH,pattern_match,2,2
"System Log Files (E.g. Firewall, Webserver)",Not Covered,VISITOR_LOGON_SYSTEM_XREF,HIGH,pattern_match,2,2
"System Log Files (E.g. Firewall, Webserver)",Not Covered,LEGAL_SYSTEM_TYPE,HIGH,pattern_match,2,1
"System Log Files (E.g. Firewall, Webserver)",Not Covered,MEDICAID_STATISTICAL_INFORMATION_SYSTEM_CLAIM_TYPE,HIGH,pattern_match,2,1
"System Log Files (E.g. Firewall, Webserver)",Not Covered,OPERATING_SYSTEM_FAMILY,HIGH,pattern_match,2,1
"System Log Files (E.g. Firewall, Webserver)",Not Covered,SOURCE_SYSTEM_PROCESSING,HIGH,pattern_match,2,1
"System Log Files (E.g. Firewall, Webserver)",Not Covered,TV_SYSTEM_TYPE,HIGH,pattern_match,2,1
"System Log Files (E.g. Firewall, Webserver)",Not Covered,DRUG_NDC__GEO,MEDIUM,keyword_match,14,10
"System Log Files (E.g. Firewall, Webserver)",Not Covered,METROPOLITAN_STATISTICAL_AREA__GEO,MEDIUM,keyword_match,1,5
"System Log Files (E.g. Firewall, Webserver)",Not Covered,ORGANIZATION_NAICS__GEO,MEDIUM,keyword_match,9,4
"System Log Files (E.g. Firewall, Webserver)",Not Covered,CENSUS_BLOCK__GEO,MEDIUM,keyword_match,3,3
"System Log Files (E.g. Firewall, Webserver)",Not Covered,DESIGNATED_MARKET_AREA__GEO,MEDIUM,keyword_match,1,3
"System Log Files (E.g. Firewall, Webserver)",Not Covered,NAICS_INDUSTRY__GEO,MEDIUM,keyword_match,5,3
"System Log Files (E.g. Firewall, Webserver)",Not Covered,ORGANIZATION_SIC__GEO,MEDIUM,keyword_match,5,3
"System Log Files (E.g. Firewall, Webserver)",Not Covered,CENSUS_BLOCK_GROUP__GEO,MEDIUM,keyword_match,2,2
"System Log Files (E.g. Firewall, Webserver)",Not Covered,CENSUS_TRACT__GEO,MEDIUM,keyword_match,2,2
"System Log Files (E.g. Firewall, Webserver)",Not Covered,DEA_DRUG_CLASSIFICATION__GEO,MEDIUM,keyword_match,4,2
"System Log Files (E.g. Firewall, Webserver)",Not Covered,FORMULARY_DRUG_NDC__GEO,MEDIUM,keyword_match,5,2
