"Parent_Entity","Child_Entity","Cardinality","FK_Columns","Relationship_Type"
"ACCESS_DEVICE","ACCESS_DEVICE_ACTIVATE_EVENT","0:M","","association"
"ACCESS_DEVICE","ACCESS_DEVICE_EVENT","0:M","","association"
"ACCESS_DEVICE","ACCESS_DEVICE_FEATURE","0:M","","association"
"ACCESS_DEVICE","ACCESS_DEVICE_LIMIT","0:M","","association"
"ACCESS_DEVICE","ACCESS_DEVICE_PIN","0:M","","association"
"ACCESS_DEVICE","ACCESS_DEVICE_RELATED_is_related_to","0:M","","association"
"ACCESS_DEVICE","ACCESS_DEVICE_RELATED_is_related_with","0:M","","association"
"ACCESS_DEVICE","ACCESS_DEVICE_STATUS","0:M","","association"
"ACCESS_DEVICE","AGREEMENT_ACCESS_DEVICE","0:M","","association"
"ACCESS_DEVICE","CARD_STATEMENT","0:M","","association"
"ACCESS_DEVICE","CARD_STATEMENT_LINE_ITEM","0:M","","association"
"ACCESS_DEVICE","CELL_TARGET_ACCESS_DEVICE","0:M","","association"
"ACCESS_DEVICE","INTERACTIVE_DEVICE","0:1","","association"
"ACCESS_DEVICE","PARTY_ACCESS_DEVICE","0:M","","association"
"ACCESS_DEVICE_EVENT","NETWORK_ACCESS_DEVICE_EVENT","0:M","","association"
"ACCESS_DEVICE_EVENT_RISK_REASON_TYPE","CREDIT_AUTHORIZATION","0:M","","association"
"ACCESS_DEVICE_METHOD_TYPE","ACCESS_DEVICE_EVENT","0:M","","association"
"ACCESS_DEVICE_PIN_REASON_TYPE","ACCESS_DEVICE_PIN","0:M","","association"
"ACCESS_DEVICE_REASON_TYPE","ACCESS_DEVICE_STATUS","0:M","","association"
"ACCESS_DEVICE_RELATED_TYPE","ACCESS_DEVICE_RELATED","0:M","","association"
"ACCESS_DEVICE_STATUS_TYPE","ACCESS_DEVICE_STATUS","0:M","","association"
"ACCESS_DEVICE_SUBTYPE","ACCESS_DEVICE","0:M","","association"
"ACCESS_DEVICE_VERIFICATION_RESPONSE_TYPE","CREDIT_AUTHORIZATION","0:M","","association"
"ACCESS_DEVICE_VERIFY_TYPE","ACCESS_DEVICE_EVENT","0:M","","association"
"ACCESS_MEDIUM_TYPE","ACCESS_DEVICE","0:M","","association"
"ACCESS_MEDIUM_TYPE","CONTACT_EVENT","0:M","","association"
"ACCIDENT_TYPE","ACCIDENT_TYPE","0:M","","association"
"ACCIDENT_TYPE","CLAIM_INSURABLE_INTEREST_ACCIDENT","0:M","","association"
"ACCOUNT","ACCOUNT_METRIC","0:M","","association"
"ACCOUNT","ACCOUNT_RENEWAL","0:M","","association"
"ACCOUNT","EXTERNAL_DIRECT_DEBIT","0:M","","association"
"ACCOUNT","EXTERNAL_STANDING_ORDER","0:M","","association"
"ACCOUNT","INTERBANK_EVENT","0:M","","association"
"ACCOUNT","PARTY_ACCOUNT","0:M","","association"
"ACCOUNT","PAYMENT_INSTRUCTION_ACCOUNT","0:M","","association"
"ACCOUNTING_TYPE","ACCOUNTING_CURRENCY","0:M","","association"
"ACCOUNTS_PAYABLE","DEPRECIABLE_ASSET_ACCOUNT_PAYABLE","0:M","","association"
"ACCOUNT_INVOLVEMENT_SUBTYPE","ACCOUNT","0:M","","association"
"ACCOUNT_METRIC_TYPE","ACCOUNT_METRIC","0:M","","association"
"ACCOUNT_PURPOSE_SUBTYPE","ACCOUNT","0:M","","association"
"ACCOUNT_TYPE","ACCOUNT","0:M","","association"
"ACTIVITY_GROUP","ACTIVITY_ACTIVITY_GROUP","0:M","","association"
"ACTIVITY_GROUP","ACTIVITY_GROUP","0:M","","association"
"ACTUAL_IMPACT_AREA","ACTUAL_IMPACT_AREA_METRIC","0:M","","association"
"AD","AD_CAMPAIGN_OBJECTIVE","0:M","","association"
"AD","AD_CONTACT_XREF","0:M","","association"
"AD","AD_CREATIVE","0:M","","association"
"AD","AD_EVENT","0:M","","association"
"AD","AD_IMPRESSION_SUMMARY","0:M","","association"
"AD","AD_OFFER","0:M","","association"
"AD","AD_ORDER_HEADER","0:M","","association"
"AD","AD_PERFORMANCE_RATING","0:M","","association"
"AD","AD_PRODUCT_XREF","0:M","","association"
"AD","AD_RATING_XREF","0:M","","association"
"AD","AD_RELATED_is_related_to","0:M","","association"
"AD","AD_RELATED_is_related_with","0:M","","association"
"AD","AD_SPOT_PLACEMENT_XREF","0:M","","association"
"AD","AD_STATUS","0:M","","association"
"AD","AD_TRAIT","0:M","","association"
"AD","APPLICATION_SECOND_SOURCE_XREF","0:M","","association"
"AD","CAMPAIGN_CELL_AD","0:M","","association"
"AD","CONTENT_DELIVERY_XREF","0:M","","association"
"AD","DIGITAL_PLACEMENT_XREF","0:M","","association"
"AD","ONLINE_APPLICATION_ACCESS_AD_XREF","0:M","","association"
"AD","PROMOTION_EXPENSE_XREF","0:M","","association"
"AD","PROMOTION_OFFER","0:M","","association"
"AD","WEB_PAGE_VIEW","0:M","","association"
"AD","WEB_PAGE_VIEW_AD_SUMMARY","0:M","","association"
"ADDRESS","ADDRESS_DELIVERY_STATUS","0:M","","association"
"ADDRESS","PARTY_ADDRESS","0:M","","association"
"ADDRESS","TRAVEL_PLAN_CONTACT","0:M","","association"
"ADDRESS_SUBTYPE","ADDRESS","0:M","","association"
"ADJUDICATION_AMOUNT_TYPE","CLAIM_ADJUDICATION_AMOUNT","0:M","","association"
"ADJUDICATION_AMOUNT_TYPE","CLAIM_COVERAGE_ADJUDICATION_AMOUNT","0:M","","association"
"ADJUDICATION_AMOUNT_TYPE","CLAIM_SERVICE_ADJUDICATION_AMOUNT","0:M","","association"
"ADJUDICATION_TYPE","CLAIM_ADJUDICATION","0:M","","association"
"ADJUSTED_EARNING_SUBTYPE","ADJUSTED_EARNING","0:M","","association"
"ADJUSTMENT_REASON_TYPE","AP_INVOICE_LINE_ADJUSTMENT","0:M","","association"
"ADJUSTMENT_REASON_TYPE","AR_INVOICE_LINE_ADJUSTMENT","0:M","","association"
"ADJUSTMENT_REASON_TYPE","INVOICE_ADJUSTMENT","0:M","","association"
"ADJUSTMENT_TYPE","AP_INVOICE_LINE_ADJUSTMENT","0:M","","association"
"ADJUSTMENT_TYPE","AR_INVOICE_LINE_ADJUSTMENT","0:M","","association"
"ADJUSTMENT_TYPE","INVOICE_ADJUSTMENT","0:M","","association"
"ADMINISTRATION_ROUTE_TYPE","DRUG_NDC__GEO","0:M","","association"
"ADMISSION_SOURCE_TYPE","ADMISSION_AUTHORIZATION","0:M","","association"
"ADMISSION_SOURCE_TYPE","INSTITUTIONAL_CLAIM","0:M","","association"
"ADMISSION_TYPE","ADMISSION_AUTHORIZATION","0:M","","association"
"ADMISSION_TYPE","INSTITUTIONAL_CLAIM","0:M","","association"
"ADVERTISEMENT_SPOT_TYPE","TRADITIONAL_PLACEMENT","0:M","","association"
"AD_DELIVERY_TYPE","DIGITAL_PLACEMENT","0:M","","association"
"AD_DELIVERY_TYPE","TRADITIONAL_PLACEMENT","0:M","","association"
"AD_EVENT_TYPE","AD_EVENT","0:M","","association"
"AD_IDENTIFIER","AD","0:M","","association"
"AD_IDENTIFIER_DEFINITION_TYPE","AD_IDENTIFIER","0:M","","association"
"AD_IDENTIFIER_PREFIX_TYPE","AD_IDENTIFIER","0:M","","association"
"AD_NETWORK","AD_NETWORK_WEB_SITE","0:1","","association"
"AD_ORDER_DIGITAL_TYPE","DIGITAL_ORDER","0:M","","association"
"AD_ORDER_HEADER","AD_ORDER_COMMISSION","0:M","","association"
"AD_ORDER_HEADER","AD_ORDER_EVENT","0:M","","association"
"AD_ORDER_HEADER","AD_ORDER_HEADER_DETAIL","0:M","","association"
"AD_ORDER_HEADER","AD_ORDER_HEADER_PLATFORM_XREF","0:M","","association"
"AD_ORDER_HEADER","AD_ORDER_LINE","0:M","","association"
"AD_ORDER_HEADER","AD_ORDER_PARTY","0:M","","association"
"AD_ORDER_HEADER","AD_ORDER_STATUS","0:M","","association"
"AD_ORDER_HEADER_REVENUE_TYPE","AD_ORDER_HEADER_DETAIL","0:M","","association"
"AD_ORDER_HEADER_SUBTYPE","AD_ORDER_HEADER","0:M","","association"
"AD_ORDER_HEADER_VALUE","AD_ORDER_HEADER_DETAIL","0:M","","association"
"AD_ORDER_LINE","AD_ORDER_LINE_DETAIL","0:M","","association"
"AD_ORDER_LINE","AD_ORDER_LINE_STATUS","0:M","","association"
"AD_ORDER_LINE_CATEGORY","AD_ORDER_LINE_DETAIL","0:M","","association"
"AD_ORDER_LINE_STATUS_TYPE","AD_ORDER_LINE_STATUS","0:M","","association"
"AD_ORDER_LINE_TYPE","AD_ORDER_LINE_DETAIL","0:M","","association"
"AD_ORDER_MAKE_GOOD_REASON_TYPE","MAKE_GOOD_ORDER","0:M","","association"
"AD_ORDER_MAKE_GOOD_SUBTYPE","MAKE_GOOD_ORDER","0:M","","association"
"AD_ORDER_PARTY_ROLE","AD_ORDER_PARTY","0:M","","association"
"AD_ORDER_STATUS_TYPE","AD_ORDER_STATUS","0:M","","association"
"AD_ORDER_TRADITIONAL_TYPE","TRADITIONAL_ORDER","0:M","","association"
"AD_ORDER_TYPE","AD_ORDER_HEADER_DETAIL","0:M","","association"
"AD_PERFORMANCE_RATING","AD_PERFORMANCE_RATING_DAYPART","0:M","","association"
"AD_PLACEMENT","AD_ORDER_LINE_DETAIL","0:M","","association"
"AD_PLACEMENT","AD_PLACEMENT_DISPLAY_TIME","0:M","","association"
"AD_PLACEMENT","AD_SPOT_PLACEMENT_XREF","0:M","","association"
"AD_PLACEMENT","ORDER_PLACEMENT_DAYPART","0:M","","association"
"AD_PLACEMENT","ORDER_PLACEMENT_DEMOGRAPHIC","0:M","","association"
"AD_PLACEMENT","ORDER_PLACEMENT_DISPLAY_TIME","0:M","","association"
"AD_PLACEMENT_SUBTYPE","AD_PLACEMENT","0:M","","association"
"AD_RATING","AD_RATING_XREF","0:M","","association"
"AD_RATING_REASON","AD_RATING_REASON_XREF","0:M","","association"
"AD_RATING_SYSTEM","AD_RATING","0:M","","association"
"AD_RATING_XREF","AD_RATING_REASON_XREF","0:M","","association"
"AD_RELATED_TYPE","AD_RELATED","0:M","","association"
"AD_SPONSORSHIP_CATEGORY_TYPE","AD_CAMPAIGN_OBJECTIVE","0:M","","association"
"AD_SPONSORSHIP_PROGRAM_TYPE","AD_CAMPAIGN_OBJECTIVE","0:M","","association"
"AD_SPOT","AD_ORDER_EXPENSE_FORECAST","0:M","","association"
"AD_SPOT","AD_ORDER_HEADER_PLATFORM_XREF","0:M","","association"
"AD_SPOT","AD_ORDER_REVENUE_FORECAST","0:M","","association"
"AD_SPOT","AD_PLACEMENT","0:M","","association"
"AD_SPOT","AD_SPOT_GROUP_XREF","0:M","","association"
"AD_SPOT_GROUP","AD_SPOT_GROUP_XREF","0:M","","association"
"AD_SPOT_GROUP","POD_PLACEMENT","0:M","","association"
"AD_STATUS_TYPE","AD_STATUS","0:M","","association"
"AD_SUBCATEGORY","AD_SUBTYPE","0:M","","association"
"AD_SUBTYPE","AD","0:M","","association"
"AD_TRACKING_TYPE","DIGITAL_PLACEMENT","0:M","","association"
"AD_TRACKING_TYPE","TRADITIONAL_PLACEMENT","0:M","","association"
"AFTER_TAX_DEDUCTION_SUBTYPE","AFTER_TAX_DEDUCTION","0:M","","association"
"AGENT_COMMISSION_OPTION_TYPE","AGENT_APPLICATION_DETAIL","0:M","","association"
"AGENT_INDEPENDENCE_TYPE","INSURANCE_AGENT","0:M","","association"
"AGENT_PARTICIPATION_TYPE","AGENT_APPLICATION_DETAIL","0:M","","association"
"AGE_DETERMINATION_TYPE","INDIVIDUAL_MORTALITY","0:M","","association"
"AGREEMENT","ACCOUNT","0:1","","association"
"AGREEMENT","AD_ORDER_HEADER_DETAIL","0:M","","association"
"AGREEMENT","AGREEMENT_ABUSE","0:M","","association"
"AGREEMENT","AGREEMENT_ACCESS_DEVICE","0:M","","association"
"AGREEMENT","AGREEMENT_AGREEMENT_CLASS_XREF","0:M","","association"
"AGREEMENT","AGREEMENT_AGREEMENT_GROUP","0:M","","association"
"AGREEMENT","AGREEMENT_APPLICATION","0:M","","association"
"AGREEMENT","AGREEMENT_ASSET","0:M","","association"
"AGREEMENT","AGREEMENT_BALANCE_TYPE_METRIC","0:M","","association"
"AGREEMENT","AGREEMENT_CASE","0:M","","association"
"AGREEMENT","AGREEMENT_CHANNEL","0:M","","association"
"AGREEMENT","AGREEMENT_CHANNEL_TYPE","0:M","","association"
"AGREEMENT","AGREEMENT_CHART_OF_ACCOUNTS","0:M","","association"
"AGREEMENT","AGREEMENT_COLLATERAL_ITEM","0:M","","association"
"AGREEMENT","AGREEMENT_COLLECTION_STATUS","0:M","","association"
"AGREEMENT","AGREEMENT_COST","0:M","","association"
"AGREEMENT","AGREEMENT_CREDIT_REPORT","0:M","","association"
"AGREEMENT","AGREEMENT_CURRENCY","0:M","","association"
"AGREEMENT","AGREEMENT_DATE","0:M","","association"
"AGREEMENT","AGREEMENT_DIRECT_EXPENSE","0:M","","association"
"AGREEMENT","AGREEMENT_DOCUMENT","0:M","","association"
"AGREEMENT","AGREEMENT_EVENT","0:M","","association"
"AGREEMENT","AGREEMENT_FEATURE","0:M","","association"
"AGREEMENT","AGREEMENT_FEATURE_GROUP","0:M","","association"
"AGREEMENT","AGREEMENT_FINANCIAL_RULE","0:M","","association"
"AGREEMENT","AGREEMENT_FUNDING_SOURCE","0:M","","association"
"AGREEMENT","AGREEMENT_IDENTIFICATION","0:M","","association"
"AGREEMENT","AGREEMENT_INDIRECT_EXPENSE","0:M","","association"
"AGREEMENT","AGREEMENT_INSURANCE_RISK_CATEGORY","0:M","","association"
"AGREEMENT","AGREEMENT_IVR_STEP_TRANSACTION","0:M","","association"
"AGREEMENT","AGREEMENT_LEGAL_ACTION","0:M","","association"
"AGREEMENT","AGREEMENT_LOCATOR","0:M","","association"
"AGREEMENT","AGREEMENT_METRIC","0:M","","association"
"AGREEMENT","AGREEMENT_METRIC_PROJECTION","0:M","","association"
"AGREEMENT","AGREEMENT_PAYMENT_OPTION","0:M","","association"
"AGREEMENT","AGREEMENT_PORTFOLIO","0:M","","association"
"AGREEMENT","AGREEMENT_PORTFOLIO_EVENT","0:M","","association"
"AGREEMENT","AGREEMENT_PRIVACY_PREFERENCE","0:M","","association"
"AGREEMENT","AGREEMENT_PRODUCT","0:M","","association"
"AGREEMENT","AGREEMENT_PROFIT","0:M","","association"
"AGREEMENT","AGREEMENT_PROFIT_COMPONENT","0:M","","association"
"AGREEMENT","AGREEMENT_PROJECT","0:M","","association"
"AGREEMENT","AGREEMENT_PROMOTION_OFFER","0:M","","association"
"AGREEMENT","AGREEMENT_PROVISION","0:M","","association"
"AGREEMENT","AGREEMENT_RATE","0:M","","association"
"AGREEMENT","AGREEMENT_RELATED_is_related_to","0:M","","association"
"AGREEMENT","AGREEMENT_RELATED_is_related_with","0:M","","association"
"AGREEMENT","AGREEMENT_REMEDIATION_PLAN","0:M","","association"
"AGREEMENT","AGREEMENT_RENEWAL","0:M","","association"
"AGREEMENT","AGREEMENT_REVENUE","0:M","","association"
"AGREEMENT","AGREEMENT_RISK_GRADE","0:M","","association"
"AGREEMENT","AGREEMENT_SCORE","0:M","","association"
"AGREEMENT","AGREEMENT_STATEMENT","0:M","","association"
"AGREEMENT","AGREEMENT_STATUS","0:M","","association"
"AGREEMENT","AGREEMENT_SUBJECT","0:1","","association"
"AGREEMENT","AGREEMENT_SUMMARY","0:M","","association"
"AGREEMENT","AGREEMENT_SURVEY_RESPONSE","0:M","","association"
"AGREEMENT","AGREEMENT_TAX_RULE","0:M","","association"
"AGREEMENT","AGREEMENT_TEXT","0:M","","association"
"AGREEMENT","ALERT_SETUP_FOR_AGREEMENT","0:M","","association"
"AGREEMENT","BANK_EVENT","0:M","","association"
"AGREEMENT","CAMPAIGN_AGREEMENT","0:M","","association"
"AGREEMENT","CELL_TARGET_AGREEMENT","0:M","","association"
"AGREEMENT","CHECK_BOOK","0:M","","association"
"AGREEMENT","CHECK_EVENT","0:M","","association"
"AGREEMENT","CLAIM_AUTHORIZATION","0:M","","association"
"AGREEMENT","COLLECTION_COST","0:M","","association"
"AGREEMENT","DEFAULT_OCCURRENCE","0:M","","association"
"AGREEMENT","EXTERNALLY_REPORTED_CLAIM","0:M","","association"
"AGREEMENT","EXTERNAL_DIRECT_DEBIT","0:M","","association"
"AGREEMENT","EXTERNAL_STANDING_ORDER","0:M","","association"
"AGREEMENT","HOLDING_VALUE_AT_RISK","0:M","","association"
"AGREEMENT","INTERBANK_EVENT","0:M","","association"
"AGREEMENT","INTERNAL_DIRECT_DEBIT_is_destination_for","0:M","","association"
"AGREEMENT","INTERNAL_DIRECT_DEBIT_is_source_for","0:M","","association"
"AGREEMENT","INTERNAL_STANDING_ORDER_is_destination_for","0:M","","association"
"AGREEMENT","INTERNAL_STANDING_ORDER_is_source_for","0:M","","association"
"AGREEMENT","INTRABANK_EVENT_is_counterparty_to","0:M","","association"
"AGREEMENT","INTRABANK_EVENT_is_party_to","0:M","","association"
"AGREEMENT","INVESTMENT_AGREEMENT_ALLOCATION","0:M","","association"
"AGREEMENT","NEXT_COMMUNICATION","0:M","","association"
"AGREEMENT","OPPORTUNITY_AGREEMENT","0:M","","association"
"AGREEMENT","PARTY_AGREEMENT","0:M","","association"
"AGREEMENT","PAYMENT_INSTRUCTION_AGREEMENT","0:M","","association"
"AGREEMENT","PROJECTED_CASH_FLOW","0:M","","association"
"AGREEMENT","PROPOSAL_AGREEMENT","0:M","","association"
"AGREEMENT","QUOTATION_AGREEMENT","0:M","","association"
"AGREEMENT","RISK_POSITION","0:M","","association"
"AGREEMENT","TARGET_PROMOTION_AGREEMENT","0:M","","association"
"AGREEMENT","VENDOR_PO_LINE","0:M","","association"
"AGREEMENT_ACCESS_DEVICE","AGREEMENT_ACCESS_DEVICE_FEATURE","0:M","","association"
"AGREEMENT_ACCESS_DEVICE_TYPE","AGREEMENT_ACCESS_DEVICE","0:M","","association"
"AGREEMENT_AGREEMENT_GROUP_SUBTYPE","AGREEMENT_AGREEMENT_GROUP","0:M","","association"
"AGREEMENT_APPLICATION_ROLE","AGREEMENT_APPLICATION","0:M","","association"
"AGREEMENT_ASSET","PARTY_AGREEMENT_ASSET","0:M","","association"
"AGREEMENT_ASSET_ROLE_SUBTYPE","AGREEMENT_ASSET","0:M","","association"
"AGREEMENT_BALANCE_TYPE_METRIC","PARTY_AGREEMENT_BALANCE_SUMMARY","0:M","","association"
"AGREEMENT_CHANNEL_ROLE_TYPE","AGREEMENT_CHANNEL","0:M","","association"
"AGREEMENT_CHANNEL_ROLE_TYPE","AGREEMENT_CHANNEL_TYPE","0:M","","association"
"AGREEMENT_CLAIM_RELATIONSHIP_TYPE","AGREEMENT_CLAIM","0:M","","association"
"AGREEMENT_CLASS_SCHEME_TYPE","AGREEMENT_AGREEMENT_CLASS_XREF","0:M","","association"
"AGREEMENT_CLASS_SCHEME_TYPE","AGREEMENT_CLASS_SCHEME_TYPE","0:M","","association"
"AGREEMENT_CLASS_SCHEME_TYPE","AGREEMENT_CLASS_VALUE","0:M","","association"
"AGREEMENT_CLASS_SCHEME_TYPE","PRODUCT_TO_AGREEMENT_CLASS_VALUE","0:M","","association"
"AGREEMENT_CLASS_VALUE","AGREEMENT_AGREEMENT_CLASS_XREF","0:M","","association"
"AGREEMENT_CLASS_VALUE","AGREEMENT_CLASS_ADJUSTMENT_PARAMETER","0:M","","association"
"AGREEMENT_CLASS_VALUE","AGREEMENT_CLASS_RISK_GRADE","0:M","","association"
"AGREEMENT_CLASS_VALUE","AGREEMENT_CLASS_SUBJECT","0:1","","association"
"AGREEMENT_CLASS_VALUE","AGREEMENT_CLASS_VALUE","0:M","","association"
"AGREEMENT_CLASS_VALUE","BASEL_II_LGD_NO_COLLATERAL_PARAMETER","0:M","","association"
"AGREEMENT_CLASS_VALUE","LOSS_GIVEN_DEFAULT_RISK_GRADE_VALUE","0:M","","association"
"AGREEMENT_CLASS_VALUE","PRODUCT_TO_AGREEMENT_CLASS_VALUE","0:M","","association"
"AGREEMENT_COVERAGE_EVENT_BASE_TYPE","AGREEMENT_COVERAGE_EVENT","0:M","","association"
"AGREEMENT_COVERAGE_EVENT_CATEGORY","AGREEMENT_COVERAGE_EVENT","0:M","","association"
"AGREEMENT_COVERAGE_EVENT_TYPE","AGREEMENT_COVERAGE_EVENT","0:M","","association"
"AGREEMENT_DATE_TYPE","AGREEMENT_DATE","0:M","","association"
"AGREEMENT_EVENT_TYPE","AGREEMENT_EVENT","0:M","","association"
"AGREEMENT_FEATURE","AGREEMENT_FEATURE_METRIC","0:M","","association"
"AGREEMENT_FEATURE","AGREEMENT_FEATURE_RELATED","0:M","","association"
"AGREEMENT_FEATURE","POLICY_COVERAGE_METRIC","0:M","","association"
"AGREEMENT_FEATURE_GROUP_ROLE","AGREEMENT_FEATURE_GROUP","0:M","","association"
"AGREEMENT_FEATURE_METRIC_TYPE","AGREEMENT_FEATURE_METRIC","0:M","","association"
"AGREEMENT_FEATURE_ROLE_TYPE","AGREEMENT_FEATURE","0:M","","association"
"AGREEMENT_FEATURE_ROLE_TYPE","AGREEMENT_FEATURE_RELATED","0:M","","association"
"AGREEMENT_FEATURE_ROLE_TYPE","AGREEMENT_PRODUCT_FEATURE","0:M","","association"
"AGREEMENT_FEATURE_ROLE_TYPE","AGREEMENT_PRODUCT_FEATURE_RELATED","0:M","","association"
"AGREEMENT_FEATURE_ROLE_TYPE","APPLICATION_FEATURE","0:M","","association"
"AGREEMENT_FEATURE_ROLE_TYPE","APPLICATION_FEATURE_RELATED","0:M","","association"
"AGREEMENT_FEATURE_ROLE_TYPE","QUOTATION_FEATURE","0:M","","association"
"AGREEMENT_FEATURE_ROLE_TYPE","QUOTATION_FEATURE_RELATED","0:M","","association"
"AGREEMENT_FORMAT_TYPE","AGREEMENT","0:M","","association"
"AGREEMENT_GROUP","AGREEMENT_AGREEMENT_GROUP","0:M","","association"
"AGREEMENT_GROUP","AGREEMENT_GROUP","0:M","","association"
"AGREEMENT_GROUP","AGREEMENT_GROUP_BALANCE","0:M","","association"
"AGREEMENT_GROUP","AGREEMENT_GROUP_CHART_OF_ACCOUNTS","0:M","","association"
"AGREEMENT_GROUP","AGREEMENT_GROUP_CRITERION","0:M","","association"
"AGREEMENT_GROUP","AGREEMENT_GROUP_EVENT","0:M","","association"
"AGREEMENT_GROUP","AGREEMENT_GROUP_FEATURE","0:M","","association"
"AGREEMENT_GROUP","AGREEMENT_GROUP_LIMIT","0:M","","association"
"AGREEMENT_GROUP","AGREEMENT_GROUP_METRIC","0:M","","association"
"AGREEMENT_GROUP","AGREEMENT_GROUP_RELATED_is_related_to","0:M","","association"
"AGREEMENT_GROUP","AGREEMENT_GROUP_RELATED_is_related_with","0:M","","association"
"AGREEMENT_GROUP","AGREEMENT_GROUP_RISK","0:M","","association"
"AGREEMENT_GROUP","AGREEMENT_GROUP_RISK_GRADE","0:M","","association"
"AGREEMENT_GROUP","AGREEMENT_GROUP_RISK_TYPE_METRIC","0:M","","association"
"AGREEMENT_GROUP","AGREEMENT_GROUP_SCORE","0:M","","association"
"AGREEMENT_GROUP","AGREEMENT_GROUP_SUBJECT","0:1","","association"
"AGREEMENT_GROUP","AGREEMENT_GROUP_TEXT","0:M","","association"
"AGREEMENT_GROUP","AGREEMENT_GROUP_TYPE_XREF","0:M","","association"
"AGREEMENT_GROUP","INVESTMENT_PORTFOLIO_POSITION_SUMMARY","0:M","","association"
"AGREEMENT_GROUP","PARTY_AGREEMENT_GROUP","0:M","","association"
"AGREEMENT_GROUP","PORTFOLIO_VALUE_AT_RISK","0:M","","association"
"AGREEMENT_GROUP","STRESS_TEST_AGREEMENT_GROUP","0:M","","association"
"AGREEMENT_GROUP","TARGET_PROMOTION_AGREEMENT_GROUP","0:M","","association"
"AGREEMENT_GROUP_FEATURE_ROLE","AGREEMENT_GROUP_FEATURE","0:M","","association"
"AGREEMENT_GROUP_METRIC_TYPE","AGREEMENT_GROUP_METRIC","0:M","","association"
"AGREEMENT_GROUP_METRIC_TYPE","AGREEMENT_GROUP_RELATED_METRIC","0:M","","association"
"AGREEMENT_GROUP_REASON_TYPE","AGREEMENT_GROUP","0:M","","association"
"AGREEMENT_GROUP_RELATED","AGREEMENT_GROUP_RELATED_METRIC","0:M","","association"
"AGREEMENT_GROUP_RELATED_ROLE","AGREEMENT_GROUP_RELATED","0:M","","association"
"AGREEMENT_GROUP_TYPE","AGREEMENT_GROUP_TYPE_XREF","0:M","","association"
"AGREEMENT_IDENTIFICATION_CATEGORY","AGREEMENT_IDENTIFICATION","0:M","","association"
"AGREEMENT_IDENTIFICATION_TYPE","AGREEMENT_IDENTIFICATION","0:M","","association"
"AGREEMENT_ID_TYPE_JAPAN","FINANCIAL_AGREEMENT_JAPAN","0:M","","association"
"AGREEMENT_INSURED_ASSET","AGREEMENT_INSURED_ASSET_COST","0:M","","association"
"AGREEMENT_INSURED_ASSET","AGREEMENT_INSURED_ASSET_FEATURE","0:M","","association"
"AGREEMENT_INSURED_ASSET","INSURED_ASSET_UNDERWRITE_CLASS","0:M","","association"
"AGREEMENT_INSURED_ASSET_FEATURE","AGREEMENT_INSURED_ASSET_FEATURE_RELATED","0:M","","association"
"AGREEMENT_INSURED_ASSET_FEATURE","POLICY_ASSET_COVERAGE_METRIC","0:M","","association"
"AGREEMENT_INSURED_PARTY","INDIVIDUAL_MORTALITY","0:M","","association"
"AGREEMENT_INSURED_PARTY","INSURED_PARTY_UNDERWRITE_CLASS","0:M","","association"
"AGREEMENT_INSURED_PARTY","INSURED_PROVIDER_SELECTION","0:M","","association"
"AGREEMENT_LIMIT","AGREEMENT_LIMIT_METRIC","0:M","","association"
"AGREEMENT_LIMIT","AGREEMENT_LIMIT_RELATED_is_related_to","0:M","","association"
"AGREEMENT_LIMIT","AGREEMENT_LIMIT_RELATED_is_related_with","0:M","","association"
"AGREEMENT_LOCATOR_ROLE","AGREEMENT_LOCATOR","0:M","","association"
"AGREEMENT_LOCATOR_ROLE","APPLICATION_LOCATOR","0:M","","association"
"AGREEMENT_LOCATOR_ROLE","QUOTATION_LOCATOR","0:M","","association"
"AGREEMENT_METRIC_TYPE","AGREEMENT_BALANCE_TYPE_METRIC","0:M","","association"
"AGREEMENT_METRIC_TYPE","AGREEMENT_METRIC","0:M","","association"
"AGREEMENT_METRIC_TYPE","AGREEMENT_METRIC_PROJECTION","0:M","","association"
"AGREEMENT_METRIC_TYPE","PARTY_AGREEMENT_METRIC","0:M","","association"
"AGREEMENT_OBJECTIVE_TYPE","AGREEMENT","0:M","","association"
"AGREEMENT_OBJECTIVE_TYPE","APPLICATION","0:M","","association"
"AGREEMENT_OBJECTIVE_TYPE","QUOTATION","0:M","","association"
"AGREEMENT_OBTAINED_TYPE","AGREEMENT","0:M","","association"
"AGREEMENT_PARTY_FEATURE","AGREEMENT_PARTY_FEATURE_RELATED","0:M","","association"
"AGREEMENT_PARTY_FEATURE","POLICY_PARTY_COVERAGE_METRIC","0:M","","association"
"AGREEMENT_PORTFOLIO","PORTFOLIO_PRODUCT_AGREEMENT_HOLDING","0:M","","association"
"AGREEMENT_PORTFOLIO_RELATIONSHIP_TYPE","AGREEMENT_PORTFOLIO","0:M","","association"
"AGREEMENT_PRODUCT","AGREEMENT_PRODUCT_FEATURE","0:M","","association"
"AGREEMENT_PRODUCT","INSTRUMENT_METRIC_TYPE_CALCULATION","0:M","","association"
"AGREEMENT_PRODUCT","INTEREST_RATE_RISK_CALCULATION","0:M","","association"
"AGREEMENT_PRODUCT_FEATURE","AGREEMENT_PRODUCT_FEATURE_RELATED","0:M","","association"
"AGREEMENT_PRODUCT_ROLE_TYPE","AGREEMENT_PRODUCT","0:M","","association"
"AGREEMENT_PROJECT_ROLE","AGREEMENT_PROJECT","0:M","","association"
"AGREEMENT_PROMOTION_OFFER_ROLE_TYPE","AGREEMENT_PROMOTION_OFFER","0:M","","association"
"AGREEMENT_QUOTATION_ROLE","QUOTATION_AGREEMENT","0:M","","association"
"AGREEMENT_RELATED_REASON","AGREEMENT_RELATED","0:M","","association"
"AGREEMENT_REMEDIATION_PLAN","AGREEMENT_REMEDIATION_STATUS","0:M","","association"
"AGREEMENT_REMEDIATION_PLAN","LOAN_MODIFICATION","0:M","","association"
"AGREEMENT_REMEDIATION_PLAN","LOAN_RESTRUCTURE","0:1","","association"
"AGREEMENT_RISK_GRADE","AGREEMENT_RISK_GRADE_RELATED_is_related_with","0:M","","association"
"AGREEMENT_RISK_GRADE","AGREEMENT_RISK_GRADE_RELATED_relates_to","0:M","","association"
"AGREEMENT_RISK_GRADE","PARTY_TO_AGREEMENT_RISK_GRADE","0:M","","association"
"AGREEMENT_SCORE","AGREEMENT_SCORE_RELATED_is_related_to","0:M","","association"
"AGREEMENT_SCORE","AGREEMENT_SCORE_RELATED_is_related_with","0:M","","association"
"AGREEMENT_STATEMENT","AGREEMENT_STATEMENT_LINE_ITEM","0:M","","association"
"AGREEMENT_STATEMENT","AGREEMENT_STATEMENT_METRIC","0:M","","association"
"AGREEMENT_STATEMENT","CARD_STATEMENT","0:M","","association"
"AGREEMENT_STATEMENT","INVESTMENT_HOLDING_STATEMENT","0:M","","association"
"AGREEMENT_STATEMENT_LINE_AMOUNT_TYPE","AGREEMENT_STATEMENT_LINE_ITEM","0:M","","association"
"AGREEMENT_STATEMENT_LINE_ITEM","AGREEMENT_STATEMENT_LINE_METRIC","0:M","","association"
"AGREEMENT_STATEMENT_LINE_ITEM_SUBTYPE","AGREEMENT_STATEMENT_LINE_ITEM","0:M","","association"
"AGREEMENT_STATUS_REASON_TYPE","AGREEMENT_STATUS","0:M","","association"
"AGREEMENT_STATUS_SCHEME_TYPE","AGREEMENT_STATUS","0:M","","association"
"AGREEMENT_STATUS_SCHEME_TYPE","AGREEMENT_STATUS_TYPE","0:M","","association"
"AGREEMENT_STATUS_TYPE","AGREEMENT_STATUS","0:M","","association"
"AGREEMENT_STATUS_TYPE","BASEL_DEFAULT_STATUS_PARAMETER","0:M","","association"
"AGREEMENT_STATUS_TYPE","BASEL_RETAIL_DEFAULT_PARAMETER","0:M","","association"
"AGREEMENT_STATUS_TYPE","POLICY_INSURABLE_INTEREST_COVERAGE_STATUS","0:M","","association"
"AGREEMENT_STATUS_TYPE","POLICY_INSURABLE_INTEREST_STATUS","0:M","","association"
"AGREEMENT_SUBTYPE","AGREEMENT","0:M","","association"
"AGREEMENT_TEXT","AGREEMENT_TEXT_SECTION","0:1","","association"
"AGREEMENT_TYPE","AGREEMENT","0:M","","association"
"ALARM_TYPE","MOTOR_VEHICLE_DETAIL","0:M","","association"
"ALERT_EVENT","ALERT_EVENT_WEIGHTING","0:M","","association"
"ALERT_EVENT","ALERT_RESOLUTION_TEXT","0:M","","association"
"ALERT_EVENT_CATEGORY","ALERT_EVENT","0:M","","association"
"ALERT_EVENT_SUBTYPE","ALERT_EVENT","0:M","","association"
"ALERT_PRIORITY_TYPE","ALERT_EVENT","0:M","","association"
"ALERT_PRIORITY_TYPE","ALERT_SETUP","0:M","","association"
"ALERT_SETUP","ALERT_SETUP_COMMENT","0:M","","association"
"ALERT_SETUP","ALERT_SETUP_CONDITION","0:M","","association"
"ALERT_SETUP","ALERT_SETUP_NOTIFICATION_LOCATOR","0:M","","association"
"ALERT_SETUP","ALERT_SETUP_NOTIFICATION_PARTY","0:M","","association"
"ALERT_SETUP","ALERT_STANDARD_TRIGGER","0:M","","association"
"ALERT_SETUP_CONDITION","ALERT_SETUP_CONDITION","0:M","","association"
"ALERT_SETUP_NOTIFICATION_LEVEL_TYPE","ALERT_SETUP_NOTIFICATION_PARTY","0:M","","association"
"ALERT_TRIGGER_SUBTYPE","ALERT_EVENT","0:M","","association"
"ALERT_TYPE","ALERT_SETUP","0:M","","association"
"ALERT_WEIGHTING_VALUE_TYPE","ALERT_EVENT_WEIGHTING","0:M","","association"
"AMBULATORY_PATIENT_CLASSIFICATION","OUTPATIENT_INSTITUTIONAL_CLAIM_APC","0:M","","association"
"AMBULATORY_PATIENT_CLASSIFICATION","PROCEDURE_CODE","1:M","","association"
"AMBULATORY_PATIENT_GROUP_TYPE","PROCEDURE_CODE","1:M","","association"
"AMBULATORY_PATIENT_GROUP_TYPE","PROFESSIONAL_CLAIM_APG","0:M","","association"
"AMBULATORY_PATIENT_GROUP_TYPE","PROFESSIONAL_CLAIM_SERVICE_describes","0:M","","association"
"AMBULATORY_PATIENT_GROUP_TYPE","PROFESSIONAL_CLAIM_SERVICE_is_repriced","0:M","","association"
"AMORTIZATION_METHOD_TYPE","INTANGIBLE_ASSET_ACCOUNT","0:M","","association"
"AMORTIZATION_METHOD_TYPE","LOAN_TERM_AGREEMENT","0:M","","association"
"AMORTIZATION_METHOD_TYPE","SECURITIZATION_POOL","0:M","","association"
"ANALYTICAL_MODEL","AGREEMENT_GROUP","0:M","","association"
"ANALYTICAL_MODEL","ANALYTICAL_MODEL_DOCUMENT","0:M","","association"
"ANALYTICAL_MODEL","ANALYTICAL_MODEL_PARTY","0:M","","association"
"ANALYTICAL_MODEL","ANALYTICAL_MODEL_RISK_FACTOR","0:M","","association"
"ANALYTICAL_MODEL","ANALYTICAL_MODEL_STATUS","0:M","","association"
"ANALYTICAL_MODEL","ANALYTICAL_MODEL_TO_GROUP","0:M","","association"
"ANALYTICAL_MODEL","ANALYTICAL_MODEL_VALUE","0:M","","association"
"ANALYTICAL_MODEL","ASSUMPTION_SET","0:M","","association"
"ANALYTICAL_MODEL","DERIVED_WEATHER","0:M","","association"
"ANALYTICAL_MODEL","INVESTMENT_POSITION","0:M","","association"
"ANALYTICAL_MODEL","INVESTMENT_PRODUCT_EVENT","0:M","","association"
"ANALYTICAL_MODEL","MODEL_CALCULATION_CRITERIA","0:M","","association"
"ANALYTICAL_MODEL","MODEL_RELATIONSHIP_is_related_to","0:M","","association"
"ANALYTICAL_MODEL","MODEL_RELATIONSHIP_is_related_with","0:M","","association"
"ANALYTICAL_MODEL","MODEL_RUN","0:M","","association"
"ANALYTICAL_MODEL","POLICY_METRIC","0:M","","association"
"ANALYTICAL_MODEL","PRODUCT_GROUP_METRIC","0:M","","association"
"ANALYTICAL_MODEL","REPURCHASE_AGREEMENT","0:M","","association"
"ANALYTICAL_MODEL","RISK_CALCULATION_SCENARIO","0:M","","association"
"ANALYTICAL_MODEL","RISK_RATING_METHOD","0:M","","association"
"ANALYTICAL_MODEL_GROUP","ANALYTICAL_MODEL_TO_GROUP","0:M","","association"
"ANALYTICAL_MODEL_PARTY_ROLE","ANALYTICAL_MODEL_PARTY","0:M","","association"
"ANALYTICAL_MODEL_PARTY_ROLE","MODEL_RUN_PARTY","0:M","","association"
"ANALYTICAL_MODEL_RISK_FACTOR_ROLE","ANALYTICAL_MODEL_RISK_FACTOR","0:M","","association"
"ANALYTICAL_MODEL_VALUE","ANALYTICAL_MODEL_TO_RISK_GRADE","0:M","","association"
"ANALYTICAL_MODEL_VALUE","FEATURE_SCORE_MODEL_ELIGIBILITY","0:M","","association"
"ANALYTICAL_MODEL_VALUE","PRODUCT_FEATURE_SCORE_MODEL_ELIGIBILITY","0:M","","association"
"ANALYTICAL_MODEL_VALUE","PRODUCT_SCORE_MODEL_ELIGIBILITY","0:M","","association"
"ANIMAL_BREED_TYPE","ANIMAL","0:M","","association"
"ANIMAL_TYPE","ANIMAL","0:M","","association"
"APPLICANT_INTERVIEW_RESULT_TYPE","POSITION_APPLICANT_INTERVIEW","0:M","","association"
"APPLICATION","AGREEMENT_APPLICATION","0:M","","association"
"APPLICATION","APPLICATION_ACTIVITY","0:M","","association"
"APPLICATION","APPLICATION_ASSET","0:M","","association"
"APPLICATION","APPLICATION_CHECKLIST","0:M","","association"
"APPLICATION","APPLICATION_CREDIT_REPORT","0:M","","association"
"APPLICATION","APPLICATION_DOCUMENT","0:M","","association"
"APPLICATION","APPLICATION_EVENT","0:M","","association"
"APPLICATION","APPLICATION_FEATURE","0:M","","association"
"APPLICATION","APPLICATION_FRAUD_CASE","0:M","","association"
"APPLICATION","APPLICATION_INSURANCE_RISK_CATEGORY","0:M","","association"
"APPLICATION","APPLICATION_INVESTMENT_DETAIL","0:M","","association"
"APPLICATION","APPLICATION_LOCATOR","0:M","","association"
"APPLICATION","APPLICATION_METRIC","0:M","","association"
"APPLICATION","APPLICATION_PARTY_PRODUCT","0:M","","association"
"APPLICATION","APPLICATION_PRODUCT","0:M","","association"
"APPLICATION","APPLICATION_QUESTION_RESPONSE","0:M","","association"
"APPLICATION","APPLICATION_RELATED_is_related_to","0:M","","association"
"APPLICATION","APPLICATION_RELATED_is_related_with","0:M","","association"
"APPLICATION","APPLICATION_SCORE","0:M","","association"
"APPLICATION","APPLICATION_STATUS","0:M","","association"
"APPLICATION","APPLICATION_TEXT","0:M","","association"
"APPLICATION","APPLICATION_UNDERWRITE_EXCEPTION","0:M","","association"
"APPLICATION","APPLICATION_UNDERWRITE_REQUIREMENT","0:M","","association"
"APPLICATION","PARTY_APPLICATION","0:M","","association"
"APPLICATION","QUOTATION","0:M","","association"
"APPLICATION_ACTIVITY_TYPE","APPLICATION_ACTIVITY","0:M","","association"
"APPLICATION_ASSET_ROLE_SUBTYPE","APPLICATION_ASSET","0:M","","association"
"APPLICATION_CHECKLIST_ITEM_TYPE","APPLICATION_CHECKLIST","0:M","","association"
"APPLICATION_CHECKLIST_STATUS_TYPE","APPLICATION_CHECKLIST","0:M","","association"
"APPLICATION_FEATURE","APPLICATION_FEATURE_RELATED","0:M","","association"
"APPLICATION_FORM","APPLICATION","0:M","","association"
"APPLICATION_FORM","APPLICATION_FORM_QUESTION","0:M","","association"
"APPLICATION_FORM","APPLICATION_FORM_QUESTION_TYPE","0:M","","association"
"APPLICATION_FORM_QUESTION","APPLICATION_QUESTION_RESPONSE","0:M","","association"
"APPLICATION_FRAUD_TYPE","APPLICATION_FRAUD_CASE","0:M","","association"
"APPLICATION_METRIC_TYPE","APPLICATION_METRIC","0:M","","association"
"APPLICATION_PERFORMANCE_RATING","ONLINE_APPLICATION_RATING_DAYPART","0:M","","association"
"APPLICATION_QUESTION_TYPE","APPLICATION_FORM_QUESTION_TYPE","0:M","","association"
"APPLICATION_RELATIONSHIP_TYPE","APPLICATION_RELATED","0:M","","association"
"APPLICATION_REVIEW_METHOD_TYPE","APPLICATION","0:M","","association"
"APPLICATION_STATUS_REASON_TYPE","APPLICATION_STATUS","0:M","","association"
"APPLICATION_STATUS_TYPE","APPLICATION_STATUS","0:M","","association"
"APPLICATION_TYPE","APPLICATION","0:M","","association"
"APPLICATION_UNDERWRITE_REQUIREMENT","APPLICATION_UNDERWRITE_REQUIREMENT_STATUS","0:M","","association"
"APPLICATION_UNDERWRITE_REQUIREMENT","APPLICATION_UNDERWRITE_REQUIREMENT_TEXT","0:M","","association"
"APPORTIONMENT_VERSION_TYPE","AGREEMENT_INDIRECT_EXPENSE","0:M","","association"
"AP_INVOICE","AP_INVOICE_LINE","0:M","","association"
"AP_INVOICE_LINE","AP_INVOICE_LINE_ADJUSTMENT","0:M","","association"
"AP_INVOICE_LINE","AP_INVOICE_LINE_AMOUNT","0:M","","association"
"AP_INVOICE_LINE","AP_INVOICE_LINE_PAYMENT","0:M","","association"
"AP_INVOICE_LINE","AP_INVOICE_LINE_STATUS","0:M","","association"
"AP_INVOICE_LINE","AP_INVOICE_LINE_VENDOR_PO_LINE","0:M","","association"
"AP_INVOICE_LINE","AP_INVOICE_LINE_VENDOR_RECEIPT_LINE","0:M","","association"
"AP_INVOICE_LINE","INVOICE_LINE_PARTY","0:M","","association"
"AP_INVOICE_SUBTYPE","AP_INVOICE","0:M","","association"
"AREA_JAPAN","PREFECTURE_JAPAN","0:M","","association"
"AR_COLLECTION_ACTIVITY_TYPE","AR_COLLECTION_ACTIVITY","0:M","","association"
"AR_INVOICE","AR_INVOICE_LINE","1:M","","association"
"AR_INVOICE_LINE","AR_INVOICE_LINE_ADJUSTMENT","0:M","","association"
"AR_INVOICE_LINE","AR_INVOICE_LINE_AMOUNT","0:M","","association"
"AR_INVOICE_LINE","AR_INVOICE_LINE_QUANTITY","0:M","","association"
"AR_INVOICE_LINE","AR_INVOICE_LINE_RECEIPT","0:M","","association"
"AR_INVOICE_LINE_TYPE","AR_INVOICE_LINE","0:M","","association"
"AR_INVOICE_REASON_TYPE","AR_INVOICE","0:M","","association"
"AR_INVOICE_TYPE","AR_INVOICE","0:M","","association"
"ASIAN_OPTION_TYPE","ASIAN_OPTION","0:M","","association"
"ASSET-BACKED_SECURITY_PRODUCT","ASSET-BACKED_SECURITY_PRINCIPAL","0:M","","association"
"ASSET-BACKED_SECURITY_PRODUCT","TRANCHE","0:M","","association"
"ASSET-BACKED_SECURITY_TYPE","ASSET-BACKED_SECURITY_PRODUCT","0:M","","association"
"ASSET_ACCOUNT_SUBTYPE","ASSET_ACCOUNT","1:M","","association"
"ASSET_APPRAISAL_REASON_TYPE","PARTY_ASSET_APPRAISAL","0:M","","association"
"ASSET_COLLATERAL_ROLE_TYPE","AGREEMENT_COLLATERAL_ITEM","0:M","","association"
"ASSET_COLLATERAL_ROLE_TYPE","ASSET_COLLATERAL_ITEM","0:M","","association"
"ASSET_COLLATERAL_ROLE_TYPE","PORTFOLIO_COLLATERAL_ITEM","0:M","","association"
"ASSET_DETAIL_SCHEME_TYPE","ASSET_DETAIL_TYPE","0:M","","association"
"ASSET_DETAIL_TYPE","ASSET_DETAIL_CODE_XREF","0:M","","association"
"ASSET_INSPECTION","ASSET_INSPECTION_PARTY","0:M","","association"
"ASSET_INSPECTION","ASSET_INSPECTION_RESULT","0:M","","association"
"ASSET_INSPECTION","ASSET_VALUE","0:M","","association"
"ASSET_INSURANCE_REFUSED_TYPE","PARTY_ASSET","0:M","","association"
"ASSET_LIABILITY_TYPE","AGREEMENT","0:M","","association"
"ASSET_LIABILITY_TYPE","FINANCIAL_PRODUCT","0:M","","association"
"ASSET_LIABILITY_TYPE","PRODUCT_GROUP_BASEL_1_WEIGHT","0:M","","association"
"ASSET_MAINTENANCE_TYPE","PARTY_ASSET_MAINTENANCE","0:M","","association"
"ASSET_RISK_GRADE","ASSET_RISK_GRADE_RELATED_is_related_to","0:M","","association"
"ASSET_RISK_GRADE","ASSET_RISK_GRADE_RELATED_is_related_with","0:M","","association"
"ASSET_ROLE_TYPE","PARTY_AGREEMENT_ASSET","0:M","","association"
"ASSET_ROLE_TYPE","PARTY_TO_PARTY_ASSET","0:M","","association"
"ASSET_USE_TYPE","PARTY_TO_PARTY_ASSET","0:M","","association"
"ASSET_VALUATION_AMOUNT_TYPE","ASSET_VALUE","0:M","","association"
"ASSET_VALUATION_AMOUNT_TYPE","PARTY_ASSET_PART_VALUATION","0:M","","association"
"ASSET_VALUATION_METHOD_TYPE","ASSET_VALUE","0:M","","association"
"ASSET_VALUATION_METHOD_TYPE","COLLATERAL_ITEM_VALUE","0:M","","association"
"ASSET_VALUATION_PURPOSE_TYPE","ASSET_VALUE","0:M","","association"
"ASSOCIATE","ASSOCIATE_BENEFIT_PLAN","0:M","","association"
"ASSOCIATE","ASSOCIATE_CONTACT","0:M","","association"
"ASSOCIATE","ASSOCIATE_EMPLOYMENT","0:M","","association"
"ASSOCIATE","ASSOCIATE_EMPLOYMENT_BASIS","0:M","","association"
"ASSOCIATE","ASSOCIATE_FUNCTION","0:M","","association"
"ASSOCIATE","ASSOCIATE_JOB_CLASSIFICATION","0:M","","association"
"ASSOCIATE","ASSOCIATE_LABOR_TASK","0:M","","association"
"ASSOCIATE","ASSOCIATE_LEAVE_EARNED","0:M","","association"
"ASSOCIATE","ASSOCIATE_LEAVE_PLAN","0:M","","association"
"ASSOCIATE","ASSOCIATE_LEAVE_TAKEN","0:M","","association"
"ASSOCIATE","ASSOCIATE_ORGANIZATION_POSITION_is_assigned","0:M","","association"
"ASSOCIATE","ASSOCIATE_ORGANIZATION_POSITION_is_manager_of","0:M","","association"
"ASSOCIATE","ASSOCIATE_PAYROLL_TRANSACTION","0:M","","association"
"ASSOCIATE","ASSOCIATE_PAY_ELEMENT","0:M","","association"
"ASSOCIATE","ASSOCIATE_PERFORMANCE_EVALUATION","0:M","","association"
"ASSOCIATE","ASSOCIATE_STATUS","0:M","","association"
"ASSOCIATE","LABOR_GRIEVANCE","0:M","","association"
"ASSOCIATE","LABOR_POOL","0:M","","association"
"ASSOCIATE","PAY_STUB","0:M","","association"
"ASSOCIATE_BENEFIT_PLAN","ASSOCIATE_BENEFICIARY","0:M","","association"
"ASSOCIATE_BENEFIT_PLAN","ASSOCIATE_PLAN_CONTRIBUTION","0:M","","association"
"ASSOCIATE_BENEFIT_PLAN","INDIRECT_EARNING","0:M","","association"
"ASSOCIATE_DEDUCTION_SUBTYPE","ASSOCIATE_DEDUCTION","0:M","","association"
"ASSOCIATE_LABOR_TASK","TASK_ADJUSTMENT","0:M","","association"
"ASSOCIATE_LEAVE_REASON","ASSOCIATE_LEAVE_PLAN","0:M","","association"
"ASSOCIATE_LEAVE_REASON","ASSOCIATE_LEAVE_TAKEN","0:M","","association"
"ASSOCIATE_LEAVE_TYPE","ASSOCIATE_LEAVE_EARNED","0:M","","association"
"ASSOCIATE_LEAVE_TYPE","ASSOCIATE_LEAVE_PLAN","0:M","","association"
"ASSOCIATE_LEAVE_TYPE","ASSOCIATE_LEAVE_TAKEN","0:M","","association"
"ASSOCIATE_ORGANIZATION_POSITION","ASSOCIATE_POSITION_STATUS","0:M","","association"
"ASSOCIATE_PAYROLL_TRANSACTION","PAY_STUB_BALANCE","0:M","","association"
"ASSOCIATE_PERFORMANCE_EVALUATION","ASSOCIATE_PERFORMANCE_EVALUATION_DETAIL","0:M","","association"
"ASSOCIATE_PERFORMANCE_GRADE_TYPE","ASSOCIATE_PERFORMANCE_EVALUATION","0:M","","association"
"ASSOCIATE_PERFORMANCE_GRADE_TYPE","ASSOCIATE_PERFORMANCE_EVALUATION_DETAIL","0:M","","association"
"ASSOCIATE_PLAN_CONTRIBUTION_TYPE","ASSOCIATE_PLAN_CONTRIBUTION","0:M","","association"
"ASSOCIATE_POSITION_STATUS_TYPE","ASSOCIATE_POSITION_STATUS","0:M","","association"
"ASSOCIATE_RELATIONSHIP_TYPE","ASSOCIATE_BENEFICIARY","0:M","","association"
"ASSOCIATE_RELATIONSHIP_TYPE","ASSOCIATE_CONTACT","0:M","","association"
"ASSOCIATE_STATUS","ASSOCIATE_STATUS_REASON","0:M","","association"
"ASSOCIATE_STATUS_REASON_TYPE","ASSOCIATE_STATUS_REASON","0:M","","association"
"ASSOCIATE_STATUS_SCHEME_TYPE","ASSOCIATE_STATUS","0:M","","association"
"ASSOCIATE_STATUS_TYPE","ASSOCIATE_STATUS","0:M","","association"
"ASSOCIATION_TYPE","ASSOCIATION","0:M","","association"
"ASTRONOMICAL_EVENT_TYPE","ASTRONOMICAL_CALENDAR","0:M","","association"
"ATTACHMENT_TRANSMISSION_TYPE","CLAIM_AUTHORIZATION_ATTACHMENT","0:M","","association"
"AUDIO_PLAY","AUDIO_PLAY_RADIO_STATION_XREF","0:M","","association"
"AUDIO_PLAY","AUDIO_PLAY_TRACK","0:M","","association"
"AUDITED_TYPE","PARTY_FINANCIAL_DOCUMENT","0:M","","association"
"AUTHORIZATION_APPROVAL_TYPE","CLAIM_AUTHORIZATION","0:M","","association"
"AUTHORIZATION_EXCEPTION_REASON","HEALTH_CLAIM","0:M","","association"
"AUTHORIZATION_TYPE","DIRECT_CONTACT_EVENT","0:M","","association"
"BALANCE_CATEGORY_TYPE","AGREEMENT_BALANCE_TYPE_METRIC","0:M","","association"
"BALANCE_CATEGORY_TYPE","AGREEMENT_GROUP_BALANCE","0:M","","association"
"BALANCE_CATEGORY_TYPE","AGREEMENT_METRIC_PROJECTION","0:M","","association"
"BALANCE_CATEGORY_TYPE","AGREEMENT_RATE","0:M","","association"
"BALANCE_CATEGORY_USE_TYPE","BALANCE_CATEGORY_TYPE","0:M","","association"
"BALANCE_RATE_TYPE","AGREEMENT_RATE","0:M","","association"
"BALANCE_SHEET_GL_MAIN_ACCOUNT_TYPE","BALANCE_SHEET_GL_MAIN_ACCOUNT","0:M","","association"
"BALANCE_SHEET_TYPE","AGREEMENT","0:M","","association"
"BALANCE_SHEET_TYPE","BALANCE_SHEET_GL_MAIN_ACCOUNT","0:M","","association"
"BALANCE_SHEET_TYPE","FINANCIAL_PRODUCT","0:M","","association"
"BANKING_LINE_OF_BUSINESS_TYPE","BANKING_PRODUCT","0:M","","association"
"BANKING_PRODUCT_TYPE","BANKING_PRODUCT","0:M","","association"
"BANKRUPTCY_TYPE","PARTY_BANKRUPTCY","0:M","","association"
"BANK_DRAFT","PAYMENT_BANK_DRAFT_XREF","0:M","","association"
"BANK_IDENTIFICATION_NUMBER","CARD","0:M","","association"
"BANK_LOSS_TYPE","BANK_ACTUAL_RISK_LOSS","0:M","","association"
"BANK_TRADE_BOOK_TYPE","FINANCIAL_AGREEMENT","0:M","","association"
"BANK_TRANSFER_EVENT_TYPE","FUNDS_TRANSFER_EVENT","0:M","","association"
"BARRIER_OPTION_TYPE","BARRIER_OPTION_AGREEMENT","0:M","","association"
"BARRIER_OPTION_TYPE","BARRIER_OPTION_PRODUCT","0:M","","association"
"BASEL_1_WEIGHT","PRODUCT_GROUP_BASEL_1_WEIGHT","0:M","","association"
"BASEL_FUNCTION_TYPE","BASEL_II_APPROACH","0:M","","association"
"BASEL_FUNCTION_TYPE","RISK_CALCULATION_SCENARIO_BASEL_APPROACH","0:M","","association"
"BASEL_III_CAPITAL_TYPE","INVESTMENT_PRODUCT","0:M","","association"
"BASEL_II_APPROACH","BASEL_DEFAULT_STATUS_PARAMETER","0:M","","association"
"BASEL_II_APPROACH","BASEL_ELIGIBLE_COLLATERAL_PARAMETER","0:M","","association"
"BASEL_II_APPROACH","BASEL_ELIGIBLE_GUARANTEE_PARAMETER","0:M","","association"
"BASEL_II_APPROACH","CAPITAL_REQUIREMENTS_SUMMARY","0:M","","association"
"BASEL_II_APPROACH","CREDIT_RISK_SUMMARY","0:M","","association"
"BASEL_II_APPROACH","EQUITY_HOLDING_SUMMARY","0:M","","association"
"BASEL_II_APPROACH","FINANCIAL_AGREEMENT_BASEL_II_APPROACH","0:M","","association"
"BASEL_II_APPROACH","NON-IRB_EXPOSURE_SUMMARY","0:M","","association"
"BASEL_II_APPROACH","ORGANIZATION_BASEL_APPROACH","0:M","","association"
"BASEL_II_APPROACH","RISK_CALCULATION_SCENARIO_BASEL_APPROACH","0:M","","association"
"BASEL_II_APPROACH","RISK_MITIGATION_SUMMARY","0:M","","association"
"BASEL_II_APPROACH","TRANSITIONAL_ARRANGEMENT_PARAMETER","0:M","","association"
"BASEL_II_ASSET_CLASS","ASSET_CLASS_TO_OBLIGOR_TYPE","0:M","","association"
"BASEL_II_ASSET_CLASS","BASEL_II_ASSET_CLASS","0:M","","association"
"BASEL_II_ASSET_CLASS","CREDIT_MATURITY_SUMMARY","0:M","","association"
"BASEL_II_ASSET_CLASS","CREDIT_RISK_SUMMARY","0:M","","association"
"BASEL_II_ASSET_CLASS","FINANCE_EXPOSURE_AGREEMENT","0:M","","association"
"BASEL_IRB_RISK_MITIGANT_TYPE","RISK_MITIGANT_AGREEMENT","0:M","","association"
"BASEL_MARKET_PARTICIPANT_TYPE","ORGANIZATION","0:M","","association"
"BASEL_ORGANIZATION_TYPE","ORGANIZATION","0:M","","association"
"BEFORE_TAX_DEDUCTION_SUBTYPE","BEFORE_TAX_DEDUCTION","0:M","","association"
"BEHAVIOR_REASON","VISITOR_BEHAVIOR_ANALYSIS","0:M","","association"
"BENEFIT_PLAN","BENEFIT_PLAN_OPTION","0:M","","association"
"BENEFIT_PLAN","REGULATED_BENEFIT","0:M","","association"
"BENEFIT_PLAN_ELIGIBILITY_TERM_TYPE","BENEFIT_PLAN_OPTION_ELIGIBILITY","0:M","","association"
"BENEFIT_PLAN_OPTION","ASSOCIATE_BENEFIT_PLAN","0:M","","association"
"BENEFIT_PLAN_OPTION","BENEFIT_PLAN_OPTION_ELIGIBILITY","0:M","","association"
"BENEFIT_PLAN_OPTION","BENEFIT_PLAN_OPTION_POSITION","0:M","","association"
"BENEFIT_PLAN_OPTION_STATUS_TYPE","BENEFIT_PLAN_OPTION","0:M","","association"
"BENEFIT_PLAN_OPTION_SUBTYPE","BENEFIT_PLAN_OPTION","0:M","","association"
"BENEFIT_RULE_TYPE","CLAIM_ADJUDICATION","0:M","","association"
"BERMUDA_EXERCISE_OPTION","BERMUDA_EXERCISE_SCHEDULE","0:M","","association"
"BIC_BUSINESS_TYPE","BUSINESS_IDENTIFIER_CODE_ADDRESS","0:M","","association"
"BIC_BUSINESS_TYPE","ORGANIZATION","0:M","","association"
"BLOCK_JAPAN","STREET_ADDRESS_JAPAN","0:M","","association"
"BODY_TYPE","MOTOR_VEHICLE","0:M","","association"
"BOND","BOND_AMORTIZATION_SCHEDULE","0:M","","association"
"BOND","BOND_CALL_SCHEDULE","0:M","","association"
"BOND","BOND_PAYMENT_SCHEDULE","0:M","","association"
"BOND","BOND_PUT_SCHEDULE","0:M","","association"
"BOND_CALL_TYPE","BOND","0:M","","association"
"BOND_CONVERSION_STYLE_TYPE","CONVERTIBLE_BOND","0:M","","association"
"BOND_DELIVERY_FORM_TYPE","BOND","0:M","","association"
"BOND_ISSUE_PURPOSE_TYPE","BOND","0:M","","association"
"BOND_SUBTYPE","BOND","0:M","","association"
"BREADCRUMB_TYPE","WEB_SITE_BREADCRUMB","0:M","","association"
"BREAK_TYPE","TRADITIONAL_PLACEMENT","0:M","","association"
"BROADCAST_STATION_TYPE","ONLINE_RADIO_STATION","0:M","","association"
"BROWSER_APPLICATION_TYPE","BROWSER_VERSION","0:M","","association"
"BROWSER_IDENTIFICATION","BROWSER_PLUG-IN_XREF","0:M","","association"
"BROWSER_IDENTIFICATION","WEB_VISIT","0:M","","association"
"BROWSER_PLUG-IN","BROWSER_PLUG-IN_XREF","0:M","","association"
"BROWSER_VERSION","BROWSER_IDENTIFICATION","0:M","","association"
"BUSINESS","EXTERNAL_DIRECT_DEBIT","0:M","","association"
"BUSINESS","EXTERNAL_LIST","0:M","","association"
"BUSINESS","EXTERNAL_STANDING_ORDER","0:M","","association"
"BUSINESS","INDIVIDUAL_PAY_TIMING","0:M","","association"
"BUSINESS","INTERACTIVE_DEVICE","0:M","","association"
"BUSINESS","MANUFACTURER_MODEL","0:M","","association"
"BUSINESS","ONLINE_CHANNEL_TYPE","0:M","","association"
"BUSINESS","TRADED_INVESTMENT_PRODUCT","0:M","","association"
"BUSINESS","WEB_AD_PLACEMENT_CONTRACT","0:M","","association"
"BUSINESS_CASE_TYPE","BUSINESS_CASE","0:M","","association"
"BUSINESS_CATEGORY","BUSINESS","0:M","","association"
"BUSINESS_DAY_CONVENTION_TYPE","SWAP_AGREEMENT_LEG_describes","0:M","","association"
"BUSINESS_DAY_CONVENTION_TYPE","SWAP_AGREEMENT_LEG_is_interest_reset_date_for","0:M","","association"
"BUSINESS_LINE_LOSS_TYPE_MEASURE","BUSINESS_LINE_LOSS_SCORE","0:M","","association"
"BUSINESS_LINE_LOSS_TYPE_MEASURE","BUSINESS_UNIT_OPERATIONAL_RISK_ADVANCED","0:M","","association"
"BUSINESS_LINE_RISK_MEASURE","BUSINESS_UNIT_OPERATIONAL_RISK_STANDARDIZED","0:M","","association"
"BUY_SELL_TYPE","FUTURES_AGREEMENT","0:M","","association"
"CALENDAR_TYPE","COUNTRY","0:M","","association"
"CALENDAR_TYPE","CUSTOM_CALENDAR","0:M","","association"
"CALL_CENTER_CONTACT_EVENT","CSR_APPLICATION_JUMP","0:M","","association"
"CALL_CENTER_CONTACT_EVENT","IVR_LEG","0:M","","association"
"CALL_CENTER_CONTACT_TYPE","CALL_CENTER_CONTACT_EVENT","0:M","","association"
"CALL_CENTER_TYPE","CALL_CENTER_TERMINAL_CHANNEL_INSTANCE","0:M","","association"
"CAMPAIGN","AD_CAMPAIGN_OBJECTIVE","0:M","","association"
"CAMPAIGN","CAMPAIGN","0:M","","association"
"CAMPAIGN","CAMPAIGN_AGREEMENT","0:M","","association"
"CAMPAIGN","CAMPAIGN_CELL","0:M","","association"
"CAMPAIGN","CAMPAIGN_CHANNEL_TYPE_XREF","0:M","","association"
"CAMPAIGN","CAMPAIGN_COLLATERAL","0:M","","association"
"CAMPAIGN","CAMPAIGN_COST","0:M","","association"
"CAMPAIGN","CAMPAIGN_LOCATOR","0:M","","association"
"CAMPAIGN","CAMPAIGN_LOYALTY_PROGRAM","0:M","","association"
"CAMPAIGN","CAMPAIGN_PARTY","0:M","","association"
"CAMPAIGN","CAMPAIGN_PRODUCT","0:M","","association"
"CAMPAIGN","CAMPAIGN_RELATED_related","0:M","","association"
"CAMPAIGN","CAMPAIGN_RELATED_relates","0:M","","association"
"CAMPAIGN","CAMPAIGN_SEGMENT","0:M","","association"
"CAMPAIGN","CAMPAIGN_STATUS","0:M","","association"
"CAMPAIGN","CAMPAIGN_STEP","0:M","","association"
"CAMPAIGN","CAMPAIGN_TRAIT_VALUE_XREF","0:M","","association"
"CAMPAIGN","MARKET_PLAN","0:M","","association"
"CAMPAIGN","PROMOTION","0:M","","association"
"CAMPAIGN","QUOTATION","0:M","","association"
"CAMPAIGN","SALES_MARKETING_ACTIVITY","0:M","","association"
"CAMPAIGN_AGREEMENT_ROLE_TYPE","CAMPAIGN_AGREEMENT","0:M","","association"
"CAMPAIGN_AUDIENCE_REACH_TYPE","AD_CAMPAIGN_OBJECTIVE","0:M","","association"
"CAMPAIGN_CELL","CAMPAIGN_CELL_AD","0:M","","association"
"CAMPAIGN_CELL","CAMPAIGN_CELL_COST","0:M","","association"
"CAMPAIGN_CELL","CAMPAIGN_CELL_MANAGEMENT","0:M","","association"
"CAMPAIGN_CELL","CAMPAIGN_CELL_PARTY","0:M","","association"
"CAMPAIGN_CELL","CAMPAIGN_CELL_RESPONSE","0:M","","association"
"CAMPAIGN_CELL","CAMPAIGN_CELL_WEB_SITE_SECTION","0:M","","association"
"CAMPAIGN_CELL","CAMPAIGN_STEP_RESPONSE","0:M","","association"
"CAMPAIGN_CELL","CAMPAIGN_TARGET_CONTACT_LIST","0:M","","association"
"CAMPAIGN_CELL","CAMPAIGN_TARGET_MARKET","0:M","","association"
"CAMPAIGN_CELL","CELL_TARGET_ACCESS_DEVICE","0:M","","association"
"CAMPAIGN_CELL","CELL_TARGET_AGREEMENT","0:M","","association"
"CAMPAIGN_CELL","CELL_TARGET_CHANNEL_INSTANCE","0:M","","association"
"CAMPAIGN_CELL","CELL_TARGET_CONTACT_LIST","0:M","","association"
"CAMPAIGN_CELL","CELL_TARGET_MARKET","0:M","","association"
"CAMPAIGN_CELL_CLASSIFICATION","CAMPAIGN_CELL","0:M","","association"
"CAMPAIGN_CHANNEL_TYPE_XREF","CAMPAIGN_CHANNEL_TYPE_MULTIMEDIA_OBJECT","0:M","","association"
"CAMPAIGN_CLASSIFICATION","CAMPAIGN","0:M","","association"
"CAMPAIGN_COST_CATEGORY","CAMPAIGN_COST_TYPE","0:M","","association"
"CAMPAIGN_COST_TYPE","CAMPAIGN_CELL_COST","0:M","","association"
"CAMPAIGN_COST_TYPE","CAMPAIGN_COST","0:M","","association"
"CAMPAIGN_INTEREST_TYPE","AD_CAMPAIGN_OBJECTIVE","0:M","","association"
"CAMPAIGN_LEVEL_TYPE","CAMPAIGN","0:M","","association"
"CAMPAIGN_LOCATOR_RELATIONSHIP_TYPE","CAMPAIGN_LOCATOR","0:M","","association"
"CAMPAIGN_MEDIA_MIX_TYPE","AD_CAMPAIGN_OBJECTIVE","0:M","","association"
"CAMPAIGN_OBJECTIVE_AD_COLOR_TYPE","AD_CAMPAIGN_OBJECTIVE","0:M","","association"
"CAMPAIGN_OBJECTIVE_AD_DIMENSION_TYPE","AD_CAMPAIGN_OBJECTIVE","0:M","","association"
"CAMPAIGN_OBJECTIVE_CATEGORY","AD_CAMPAIGN_OBJECTIVE","0:M","","association"
"CAMPAIGN_OBJECTIVE_DISPLAY_TYPE","AD_CAMPAIGN_OBJECTIVE","0:M","","association"
"CAMPAIGN_OBJECTIVE_POSITION_TYPE","AD_CAMPAIGN_OBJECTIVE","0:M","","association"
"CAMPAIGN_OBJECTIVE_RESEARCH_SOURCE_TYPE","AD_CAMPAIGN_OBJECTIVE","0:M","","association"
"CAMPAIGN_OBJECTIVE_UNIT_SIZE_TYPE","AD_CAMPAIGN_OBJECTIVE","0:M","","association"
"CAMPAIGN_OBJECTIVE_UNIT_TYPE","AD_CAMPAIGN_OBJECTIVE","0:M","","association"
"CAMPAIGN_PARTY_ROLE","CAMPAIGN_CELL_MANAGEMENT","0:M","","association"
"CAMPAIGN_PARTY_ROLE","CAMPAIGN_PARTY","0:M","","association"
"CAMPAIGN_PARTY_ROLE","CONTACT_LIST_MANAGEMENT","0:M","","association"
"CAMPAIGN_PRODUCT","CAMPAIGN_CONDITION","0:M","","association"
"CAMPAIGN_PRODUCT_ROLE","CAMPAIGN_PRODUCT","0:M","","association"
"CAMPAIGN_RELATED","CAMPAIGN_RELATED_STATUS","0:M","","association"
"CAMPAIGN_RELATED_ROLE","CAMPAIGN_RELATED","0:M","","association"
"CAMPAIGN_RELATED_STATUS_REASON","CAMPAIGN_RELATED_STATUS","0:M","","association"
"CAMPAIGN_RELATED_STATUS_TYPE","CAMPAIGN_RELATED_STATUS","0:M","","association"
"CAMPAIGN_RESPONSE_TYPE","CAMPAIGN_CELL_RESPONSE","0:M","","association"
"CAMPAIGN_STATUS_TYPE","CAMPAIGN_STATUS","0:M","","association"
"CAMPAIGN_STEP_TYPE","CAMPAIGN_STEP","0:M","","association"
"CAMPAIGN_STRATEGY_TYPE","CAMPAIGN","0:M","","association"
"CAMPAIGN_TRAIT","CAMPAIGN_TRAIT_VALUE","0:M","","association"
"CAMPAIGN_TRAIT","CAMPAIGN_TRAIT_VALUE_XREF","0:M","","association"
"CAMPAIGN_TRAIT_VALUE","CAMPAIGN_TRAIT_VALUE_XREF","0:M","","association"
"CAMPAIGN_TYPE","CAMPAIGN","0:M","","association"
"CAPACITY_TYPE","CHANNEL_CAPACITY","0:M","","association"
"CAPACITY_TYPE","CHANNEL_TYPE_CAPACITY","0:M","","association"
"CARD","TRAVEL_PLAN_CARD","0:M","","association"
"CARD_ASSOCIATION_TYPE","CARD","0:M","","association"
"CARD_ASSOCIATION_TYPE","PAYMENT_CARD_PRODUCT","0:M","","association"
"CARD_STATEMENT","CARD_STATEMENT_METRIC","0:M","","association"
"CARD_SUBTYPE","CARD","0:M","","association"
"CART_ACTION_TYPE","PATH_ANALYSIS_PRODUCT_XREF","0:M","","association"
"CART_ACTION_TYPE","SHOPPING_CART","0:M","","association"
"CART_ACTION_TYPE","VISITOR_PATH_ANALYSIS_ITEM_XREF","0:M","","association"
"CASE_AMOUNT_TYPE","CASE_AMOUNT","0:M","","association"
"CASE_CATEGORY_TYPE","CASE_DETAIL","0:M","","association"
"CASE_DETAIL","AGREEMENT_CASE","0:M","","association"
"CASE_DETAIL","CASE_AMOUNT","0:M","","association"
"CASE_DETAIL","CASE_DOCUMENT","0:M","","association"
"CASE_DETAIL","CASE_EVENT","0:M","","association"
"CASE_DETAIL","CASE_PARTY","0:M","","association"
"CASE_DETAIL","CASE_SCORE","0:M","","association"
"CASE_DETAIL","CASE_STATUS","0:M","","association"
"CASE_DETAIL","CASE_TEXT","0:M","","association"
"CASE_EVENT_ROLE_TYPE","CASE_EVENT","0:M","","association"
"CASE_PARTY_ROLE_TYPE","CASE_PARTY","0:M","","association"
"CASE_RESOLUTION_TYPE","CASE_DETAIL","0:M","","association"
"CASE_STATUS_TYPE","CASE_STATUS","0:M","","association"
"CASE_TYPE","CASE_DETAIL","0:M","","association"
"CASH_FLOW_AMOUNT_TYPE","PROJECTED_CASH_FLOW","0:M","","association"
"CASH_MANAGEMENT_SUBTYPE","CASH_MANAGEMENT","0:M","","association"
"CAUSAL_EVENT","ACTUAL_IMPACT_AREA","0:M","","association"
"CAUSAL_EVENT","FORECASTED_IMPACT_AREA","0:M","","association"
"CAUSAL_EVENT_METRIC_TYPE","ACTUAL_IMPACT_AREA_METRIC","0:M","","association"
"CAUSAL_EVENT_SEVERITY","ACTUAL_IMPACT_AREA","0:M","","association"
"CAUSAL_EVENT_SEVERITY","FORECASTED_IMPACT_AREA","0:M","","association"
"CAUSAL_EVENT_SUBTYPE","CAUSAL_EVENT","0:M","","association"
"CAUSAL_EVENT_SUBTYPE","CAUSAL_EVENT_TYPE","0:M","","association"
"CAUSAL_EVENT_TYPE","CAUSAL_EVENT","0:M","","association"
"CAUSAL_EVENT_TYPE","CAUSAL_EVENT_SEVERITY","0:M","","association"
"CCF_BAND_PARAMETER","CCF_BAND_PARAMETER","0:M","","association"
"CENSUS_BLOCK_GROUP__GEO","CENSUS_BLOCK__GEO","0:M","","association"
"CENSUS_BLOCK__GEO","STREET_ADDRESS","0:M","","association"
"CENSUS_TRACT__GEO","CENSUS_BLOCK_GROUP__GEO","0:M","","association"
"CERTIFICATE_CATEGORY","PATIENT_CLAIM_AUTHORIZATION_CONDITION","0:M","","association"
"CERTIFICATION","CERTIFICATION_GEOGRAPHICAL_AREA","0:M","","association"
"CERTIFICATION","COURSE_COMPLETED_CERTIFICATION","0:M","","association"
"CERTIFICATION_OF_MEDICAL_NECESSITY","CLAIM_AUTHORIZATION_CERTIFICATION","0:M","","association"
"CERTIFICATION_OF_MEDICAL_NECESSITY_TYPE","CERTIFICATION_OF_MEDICAL_NECESSITY","0:M","","association"
"CERTIFICATION_TYPE","CERTIFICATION","0:M","","association"
"CHANNEL_CLASS_SCHEME_TYPE","CHANNEL_CHANNEL_CLASS_XREF","0:M","","association"
"CHANNEL_CLASS_SCHEME_TYPE","CHANNEL_CLASS_SCHEME_TYPE","0:M","","association"
"CHANNEL_CLASS_SCHEME_TYPE","CHANNEL_CLASS_VALUE","0:M","","association"
"CHANNEL_CLASS_VALUE","CHANNEL_CHANNEL_CLASS_XREF","0:M","","association"
"CHANNEL_CLASS_VALUE","CHANNEL_CLASS_VALUE","0:M","","association"
"CHANNEL_EVENT_REASON_TYPE","CHANNEL_EVENT","0:M","","association"
"CHANNEL_INSTANCE","AD_ORDER_HEADER_PLATFORM_XREF","0:M","","association"
"CHANNEL_INSTANCE","AD_PLACEMENT","0:M","","association"
"CHANNEL_INSTANCE","AGREEMENT_CHANNEL","0:M","","association"
"CHANNEL_INSTANCE","APPLICATION","0:M","","association"
"CHANNEL_INSTANCE","BOFD_CHECK_EVENT","0:M","","association"
"CHANNEL_INSTANCE","CELL_TARGET_CHANNEL_INSTANCE","0:M","","association"
"CHANNEL_INSTANCE","CHANNEL_CAPACITY","0:M","","association"
"CHANNEL_INSTANCE","CHANNEL_CHANNEL_CLASS_XREF","0:M","","association"
"CHANNEL_INSTANCE","CHANNEL_COST","0:M","","association"
"CHANNEL_INSTANCE","CHANNEL_DEMOGRAPHIC","0:M","","association"
"CHANNEL_INSTANCE","CHANNEL_EVENT","0:M","","association"
"CHANNEL_INSTANCE","CHANNEL_FEATURE","0:M","","association"
"CHANNEL_INSTANCE","CHANNEL_INSTANCE_LOCATOR","0:M","","association"
"CHANNEL_INSTANCE","CHANNEL_INSTANCE_RELATED_is_related_to","0:M","","association"
"CHANNEL_INSTANCE","CHANNEL_INSTANCE_RELATED_is_related_with","0:M","","association"
"CHANNEL_INSTANCE","CHANNEL_INSTANCE_SITE_XREF","0:M","","association"
"CHANNEL_INSTANCE","CHANNEL_INSTANCE_STATUS","0:M","","association"
"CHANNEL_INSTANCE","CHANNEL_NETWORK","0:M","","association"
"CHANNEL_INSTANCE","CHANNEL_OPERATING_HOURS","0:M","","association"
"CHANNEL_INSTANCE","CHANNEL_PROFIT","0:M","","association"
"CHANNEL_INSTANCE","CHANNEL_RISK_GRADE","0:M","","association"
"CHANNEL_INSTANCE","EVENT_CHANNEL_INSTANCE","0:M","","association"
"CHANNEL_INSTANCE","EXTENDED_SESSION_INFORMATION_is_first_platform_for","0:M","","association"
"CHANNEL_INSTANCE","EXTENDED_SESSION_INFORMATION_is_last_platform_for","0:M","","association"
"CHANNEL_INSTANCE","NEXT_ACTIVITY","0:M","","association"
"CHANNEL_INSTANCE","ONLINE_APPLICATION_ACCESS","0:M","","association"
"CHANNEL_INSTANCE","PARTY_CHANNEL_INSTANCE_PREFERENCE","0:M","","association"
"CHANNEL_INSTANCE","PARTY_CHANNEL_INSTANCE_XREF","0:M","","association"
"CHANNEL_INSTANCE","PARTY_SCRIPT","0:M","","association"
"CHANNEL_INSTANCE","PROMOTION_CHANNEL","0:M","","association"
"CHANNEL_INSTANCE_LOCATOR_REASON","CHANNEL_INSTANCE_LOCATOR","0:M","","association"
"CHANNEL_INSTANCE_RELATED_REASON","CHANNEL_INSTANCE_RELATED","0:M","","association"
"CHANNEL_INSTANCE_SUBTYPE","CHANNEL_INSTANCE","0:M","","association"
"CHANNEL_INSTANCE_SUBTYPE","INTERACTIVE_DEVICE_TYPE","0:M","","association"
"CHANNEL_PROCESSING_TYPE","CHANNEL_TYPE","0:M","","association"
"CHANNEL_STATUS_TYPE","CHANNEL_INSTANCE_STATUS","0:M","","association"
"CHANNEL_STATUS_TYPE","CHANNEL_TYPE_STATUS","0:M","","association"
"CHANNEL_TYPE","AGREEMENT_CHANNEL_TYPE","0:M","","association"
"CHANNEL_TYPE","CAMPAIGN_CHANNEL_TYPE_XREF","0:M","","association"
"CHANNEL_TYPE","CHANNEL_INSTANCE","0:M","","association"
"CHANNEL_TYPE","CHANNEL_TYPE","0:M","","association"
"CHANNEL_TYPE","CHANNEL_TYPE_CAPACITY","0:M","","association"
"CHANNEL_TYPE","CHANNEL_TYPE_GROUP_XREF","0:M","","association"
"CHANNEL_TYPE","CHANNEL_TYPE_RISK_GRADE","0:M","","association"
"CHANNEL_TYPE","CHANNEL_TYPE_SITE","0:M","","association"
"CHANNEL_TYPE","CHANNEL_TYPE_STATUS","0:M","","association"
"CHANNEL_TYPE","CHANNEL_TYPE_SURVEY_RESPONSE","0:M","","association"
"CHANNEL_TYPE","CHANNEL_TYPE_USAGE","0:M","","association"
"CHANNEL_TYPE","CLAIM_FOLLOW-UP","0:M","","association"
"CHANNEL_TYPE","CONTACT_FOLLOW-UP","0:M","","association"
"CHANNEL_TYPE","NEXT_ACTIVITY","0:M","","association"
"CHANNEL_TYPE","OPPORTUNITY","0:M","","association"
"CHANNEL_TYPE","PARTY_CHANNEL_PREFERENCE_SCORE","0:M","","association"
"CHANNEL_TYPE","PARTY_CHANNEL_TYPE","0:M","","association"
"CHANNEL_TYPE","PARTY_CHANNEL_TYPE_ACTIVITY_QUOTA","0:M","","association"
"CHANNEL_TYPE","PARTY_SOLICITATION_PREFERENCE","0:M","","association"
"CHANNEL_TYPE","PRODUCT_CHANNEL_TYPE_XREF","0:M","","association"
"CHANNEL_TYPE","PROMOTION","0:M","","association"
"CHANNEL_TYPE","PROMOTION_STEP","0:M","","association"
"CHANNEL_TYPE","SITE","0:M","","association"
"CHANNEL_TYPE_GROUP","CHANNEL_TYPE_GROUP_XREF","0:M","","association"
"CHANNEL_TYPE_SUBTYPE","CHANNEL_TYPE","0:M","","association"
"CHANNEL_USAGE_TYPE","CHANNEL_TYPE_USAGE","0:M","","association"
"CHARGE_GROUP_TYPE","CHARGE_TYPE","0:M","","association"
"CHARGE_TYPE","INVOICE_CHARGE","0:M","","association"
"CHART_OF_ACCOUNTS_CLASSIFICATION","COA_CODE_SEGMENT","0:M","","association"
"CHART_OF_ACCOUNTS_CODE","AGREEMENT_CHART_OF_ACCOUNTS","0:M","","association"
"CHART_OF_ACCOUNTS_CODE","AGREEMENT_GROUP_CHART_OF_ACCOUNTS","0:M","","association"
"CHART_OF_ACCOUNTS_CODE","AP_INVOICE","0:M","","association"
"CHART_OF_ACCOUNTS_CODE","AP_INVOICE_LINE","0:M","","association"
"CHART_OF_ACCOUNTS_CODE","AP_INVOICE_LINE_ADJUSTMENT","0:M","","association"
"CHART_OF_ACCOUNTS_CODE","AP_INVOICE_LINE_PAYMENT","0:M","","association"
"CHART_OF_ACCOUNTS_CODE","AR_INVOICE","0:M","","association"
"CHART_OF_ACCOUNTS_CODE","AR_INVOICE_LINE","0:M","","association"
"CHART_OF_ACCOUNTS_CODE","AR_INVOICE_LINE_ADJUSTMENT","0:M","","association"
"CHART_OF_ACCOUNTS_CODE","AR_INVOICE_LINE_RECEIPT","0:M","","association"
"CHART_OF_ACCOUNTS_CODE","ASSOCIATE_PAYROLL_TRANSACTION","0:M","","association"
"CHART_OF_ACCOUNTS_CODE","CHART_OF_ACCOUNTS_CODE_TO_SEGMENT","0:M","","association"
"CHART_OF_ACCOUNTS_CODE","COA_CODE_BALANCE","0:M","","association"
"CHART_OF_ACCOUNTS_CODE","FINANCIAL_PLAN_BALANCE","0:M","","association"
"CHART_OF_ACCOUNTS_CODE","FIXED_ASSET_AMOUNT","0:M","","association"
"CHART_OF_ACCOUNTS_CODE","INVOICE_ADJUSTMENT","0:M","","association"
"CHART_OF_ACCOUNTS_CODE","JOURNAL_ENTRY_LINE","0:M","","association"
"CHART_OF_ACCOUNTS_CODE","PAYROLL_REGISTER","0:M","","association"
"CHART_OF_ACCOUNTS_CODE","PAY_ELEMENT","0:M","","association"
"CHART_OF_ACCOUNTS_CODE","PORTFOLIO_PRODUCT_TO_COA","0:M","","association"
"CHART_OF_ACCOUNTS_CODE","PROJECT_TASK_CHART_OF_ACCOUNTS","0:M","","association"
"CHART_OF_ACCOUNTS_CODE","TASK_ADJUSTMENT","0:M","","association"
"CHART_OF_ACCOUNTS_CODE","VENDOR_PO_LINE","0:M","","association"
"CHECK_BOOK","CHECK_BOOK_METRIC","0:M","","association"
"CHECK_BOOK_METRIC_TYPE","CHECK_BOOK_METRIC","0:M","","association"
"CHECK_EVENT_TYPE","CHECK_EVENT","0:M","","association"
"CHECK_IMAGE_TYPE","CHECK_IMAGE","0:M","","association"
"CHECK_TRANSACTION_TYPE","HOME_BANK_CHECK_IMAGE","0:M","","association"
"CHEMICAL","ACTIVE_INGREDIENT","0:M","","association"
"CHEMICAL","INACTIVE_INGREDIENT","0:M","","association"
"CITY","BROWSER_GEOGRAPHIC_ADDRESS_INFORMATION_describes_DMA","0:M","","association"
"CITY","BROWSER_GEOGRAPHIC_ADDRESS_INFORMATION_describes_MSA","0:M","","association"
"CITY","BROWSER_GEOGRAPHIC_ADDRESS_INFORMATION_describes_PMSA","0:M","","association"
"CITY","BROWSER_GEOGRAPHIC_ADDRESS_INFORMATION_describes_city","0:M","","association"
"CITY","CITY_TO_COUNTY","0:M","","association"
"CITY","CREDIT_AUTHORIZATION","0:M","","association"
"CITY","INTERNET_PROTOCOL_ADDRESS_GEOGRAPHICAL_MAP","0:M","","association"
"CITY","ONLINE_APPLICATION_ACCESS","0:M","","association"
"CITY","OVERSEAS_MILITARY_ADDRESS","0:M","","association"
"CITY","PARCEL_ADDRESS","0:M","","association"
"CITY","POST_OFFICE_BOX_ADDRESS","0:M","","association"
"CITY","STREET_ADDRESS","0:M","","association"
"CITY_JAPAN","DISTRICT_JAPAN","0:M","","association"
"CITY_JAPAN","POSTAL_CODE_JAPAN","0:M","","association"
"CITY_TYPE","CITY","0:M","","association"
"CLAIM","AGREEMENT_CLAIM","0:M","","association"
"CLAIM","CLAIM_ADJUDICATION","0:M","","association"
"CLAIM","CLAIM_AMOUNT","0:M","","association"
"CLAIM","CLAIM_CLAIM_GROUP","0:M","","association"
"CLAIM","CLAIM_CLASS_VALUE_XREF","0:M","","association"
"CLAIM","CLAIM_COVERAGE","0:M","","association"
"CLAIM","CLAIM_DATE","0:M","","association"
"CLAIM","CLAIM_DIAGNOSIS_CODE","0:M","","association"
"CLAIM","CLAIM_DOCUMENT","0:M","","association"
"CLAIM","CLAIM_EVENT","0:M","","association"
"CLAIM","CLAIM_EXPOSURE","0:M","","association"
"CLAIM","CLAIM_FOLLOW-UP","0:M","","association"
"CLAIM","CLAIM_IDENTIFICATION","0:M","","association"
"CLAIM","CLAIM_INSURABLE_INTEREST","0:M","","association"
"CLAIM","CLAIM_IVR_STEP_TRANSACTION","0:M","","association"
"CLAIM","CLAIM_LEGAL_ACTION","0:M","","association"
"CLAIM","CLAIM_LOCATOR","0:M","","association"
"CLAIM","CLAIM_PERIL","0:M","","association"
"CLAIM","CLAIM_PROVIDER_SURVEY_RESPONSE","0:M","","association"
"CLAIM","CLAIM_RELATED_is_related_to","0:M","","association"
"CLAIM","CLAIM_RELATED_is_related_with","0:M","","association"
"CLAIM","CLAIM_RISK_GRADE","0:M","","association"
"CLAIM","CLAIM_SCORE","0:M","","association"
"CLAIM","CLAIM_SERVICE","0:M","","association"
"CLAIM","CLAIM_STATUS","0:M","","association"
"CLAIM","CLAIM_SURVEY_RESPONSE","0:M","","association"
"CLAIM","CLAIM_TEXT","0:M","","association"
"CLAIM","CLAIM_TO_CLAIM_AUTHORIZATION","0:M","","association"
"CLAIM","EXTERNALLY_REPORTED_CLAIM","0:M","","association"
"CLAIM","INSURANCE_CLAIM_CASE","0:M","","association"
"CLAIM","PARTY_ASSET_COST","0:M","","association"
"CLAIM","PARTY_ASSET_COST_RECOVERY","0:M","","association"
"CLAIM","PARTY_ASSET_SALVAGE_STATUS","0:M","","association"
"CLAIM","PARTY_CLAIM","0:M","","association"
"CLAIM","WORK_PROCESS_CLAIM","0:M","","association"
"CLAIMANT_INSURABLE_INTEREST_STATUS_TYPE","CLAIMANT_INSURABLE_INTEREST_STATUS","0:M","","association"
"CLAIM_ADJUDICATION","CLAIM_ADJUDICATION_AMOUNT","0:M","","association"
"CLAIM_ADJUDICATION","CLAIM_COVERAGE_ADJUDICATION","0:M","","association"
"CLAIM_ADJUDICATION","CLAIM_SERVICE_ADJUDICATION","0:M","","association"
"CLAIM_AMOUNT","CLAIM_COST_RECOVERY","0:M","","association"
"CLAIM_AMOUNT","PARTY_CLAIM_AMOUNT","0:M","","association"
"CLAIM_AMOUNT_TYPE","CLAIM_AMOUNT","0:M","","association"
"CLAIM_AMOUNT_TYPE","CLAIM_COVERAGE_AMOUNT","0:M","","association"
"CLAIM_AMOUNT_TYPE","CLAIM_COVERAGE_INSURABLE_INTEREST_AMOUNT","0:M","","association"
"CLAIM_AMOUNT_TYPE","CLAIM_EXPOSURE_ACTIVITY_AMOUNT","0:M","","association"
"CLAIM_AMOUNT_TYPE","CLAIM_REINSURANCE_AMOUNT","0:M","","association"
"CLAIM_AMOUNT_TYPE","CLAIM_SERVICE_AMOUNT","0:M","","association"
"CLAIM_AMOUNT_TYPE","CLAIM_SERVICE_COVERAGE_AMOUNT","0:M","","association"
"CLAIM_AMOUNT_TYPE","PARTY_CLAIM_SERVICE_AMOUNT","0:M","","association"
"CLAIM_AMOUNT_TYPE","PARTY_CLAIM_SERVICE_DIAGNOSIS_AMOUNT","0:M","","association"
"CLAIM_ASSET_RELATIONSHIP_TYPE","CLAIM_ASSET","0:M","","association"
"CLAIM_AUTHORIZATION","CLAIM_AUTHORIZATION_AMOUNT","0:M","","association"
"CLAIM_AUTHORIZATION","CLAIM_AUTHORIZATION_ATTACHMENT","0:M","","association"
"CLAIM_AUTHORIZATION","CLAIM_AUTHORIZATION_CERTIFICATION","0:M","","association"
"CLAIM_AUTHORIZATION","CLAIM_AUTHORIZATION_DIAGNOSIS_CODE","0:M","","association"
"CLAIM_AUTHORIZATION","CLAIM_AUTHORIZATION_EVENT","0:M","","association"
"CLAIM_AUTHORIZATION","CLAIM_AUTHORIZATION_IDENTIFIER","0:M","","association"
"CLAIM_AUTHORIZATION","CLAIM_AUTHORIZATION_RELATED_is_related_to","0:M","","association"
"CLAIM_AUTHORIZATION","CLAIM_AUTHORIZATION_RELATED_is_related_with","0:M","","association"
"CLAIM_AUTHORIZATION","CLAIM_AUTHORIZATION_SERVICE","0:M","","association"
"CLAIM_AUTHORIZATION","CLAIM_AUTHORIZATION_STATUS","0:M","","association"
"CLAIM_AUTHORIZATION","CLAIM_TO_CLAIM_AUTHORIZATION","0:M","","association"
"CLAIM_AUTHORIZATION","PARTY_CLAIM_AUTHORIZATION","0:M","","association"
"CLAIM_AUTHORIZATION_AMOUNT_TYPE","CLAIM_AUTHORIZATION_AMOUNT","0:M","","association"
"CLAIM_AUTHORIZATION_AMOUNT_TYPE","CLAIM_AUTHORIZATION_SERVICE_AMOUNT","0:M","","association"
"CLAIM_AUTHORIZATION_CATEGORY","CLAIM_AUTHORIZATION","0:M","","association"
"CLAIM_AUTHORIZATION_END_REASON_TYPE","CLAIM_AUTHORIZATION","0:M","","association"
"CLAIM_AUTHORIZATION_EVENT_ROLE","CLAIM_AUTHORIZATION_EVENT","0:M","","association"
"CLAIM_AUTHORIZATION_REASON","CLAIM_AUTHORIZATION","0:M","","association"
"CLAIM_AUTHORIZATION_RELATIONSHIP_TYPE","CLAIM_AUTHORIZATION_RELATED","0:M","","association"
"CLAIM_AUTHORIZATION_SERVICE","CLAIM_AUTHORIZATION_SERVICE_AMOUNT","0:M","","association"
"CLAIM_AUTHORIZATION_SERVICE_ROLE","CLAIM_AUTHORIZATION_SERVICE","0:M","","association"
"CLAIM_AUTHORIZATION_STATUS_REASON","CLAIM_AUTHORIZATION_STATUS","0:M","","association"
"CLAIM_AUTHORIZATION_STATUS_TYPE","CLAIM_AUTHORIZATION_STATUS","0:M","","association"
"CLAIM_AUTHORIZATION_TYPE","CLAIM_AUTHORIZATION","0:M","","association"
"CLAIM_CATEGORY_TYPE","CLAIM","0:M","","association"
"CLAIM_CLASS_SCHEME_TYPE","CLAIM_CLASS_SCHEME_TYPE","0:M","","association"
"CLAIM_CLASS_SCHEME_TYPE","CLAIM_CLASS_VALUE","0:M","","association"
"CLAIM_CLASS_SCHEME_TYPE","CLAIM_CLASS_VALUE_XREF","0:M","","association"
"CLAIM_CLASS_VALUE","CLAIM_CLASS_VALUE","0:M","","association"
"CLAIM_CLASS_VALUE","CLAIM_CLASS_VALUE_XREF","0:M","","association"
"CLAIM_COVERAGE","CLAIM_COVERAGE_ADJUDICATION","0:M","","association"
"CLAIM_COVERAGE","CLAIM_COVERAGE_AMOUNT","0:M","","association"
"CLAIM_COVERAGE","CLAIM_COVERAGE_INSURABLE_INTEREST","0:M","","association"
"CLAIM_COVERAGE","CLAIM_COVERAGE_LEGAL_ACTION","0:M","","association"
"CLAIM_COVERAGE","CLAIM_COVERAGE_SCORE","0:M","","association"
"CLAIM_COVERAGE","CLAIM_COVERAGE_STATUS","0:M","","association"
"CLAIM_COVERAGE","CLAIM_COVERAGE_TEXT","0:M","","association"
"CLAIM_COVERAGE_ADJUDICATION","CLAIM_COVERAGE_ADJUDICATION_AMOUNT","0:M","","association"
"CLAIM_COVERAGE_AMOUNT","CLAIM_COVERAGE_COST_RECOVERY","0:M","","association"
"CLAIM_COVERAGE_INSURABLE_INTEREST","CLAIM_COVERAGE_INSURABLE_INTEREST_AMOUNT","0:M","","association"
"CLAIM_COVERAGE_INSURABLE_INTEREST","CLAIM_COVERAGE_INSURABLE_INTEREST_REINSURANCE","0:M","","association"
"CLAIM_COVERAGE_INSURABLE_INTEREST","CLAIM_EXPOSURE","0:M","","association"
"CLAIM_COVERAGE_INSURABLE_INTEREST_REINSURANCE","CLAIM_REINSURANCE_AMOUNT","0:M","","association"
"CLAIM_COVERAGE_TEXT","CLAIM_COVERAGE_TEXT_SECTION","0:1","","association"
"CLAIM_DATE_TYPE","CLAIM_DATE","0:M","","association"
"CLAIM_DIAGNOSIS_CODE","DIAGNOSIS_CODE_XREF","0:M","","association"
"CLAIM_EVENT_ROLE","CLAIM_EVENT","0:M","","association"
"CLAIM_EXPOSURE","CLAIM_EXPOSURE_ACTIVITY","0:M","","association"
"CLAIM_EXPOSURE","CLAIM_EXPOSURE_STATUS","0:M","","association"
"CLAIM_EXPOSURE","PARTY_CLAIM_EXPOSURE","0:M","","association"
"CLAIM_EXPOSURE_ACTIVITY","CLAIM_EXPOSURE_ACTIVITY_AMOUNT","0:M","","association"
"CLAIM_EXPOSURE_ACTIVITY","CLAIM_EXPOSURE_EVENT","0:M","","association"
"CLAIM_EXPOSURE_ACTIVITY_PAYMENT_TYPE","CLAIM_EXPOSURE_ACTIVITY","0:M","","association"
"CLAIM_EXPOSURE_ACTIVITY_TYPE","CLAIM_EXPOSURE_ACTIVITY","0:M","","association"
"CLAIM_EXPOSURE_COST_CATEGORY","CLAIM_EXPOSURE_ACTIVITY","0:M","","association"
"CLAIM_EXPOSURE_COST_RECOVERY_TYPE","CLAIM_EXPOSURE_ACTIVITY","0:M","","association"
"CLAIM_EXPOSURE_STATUS_TYPE","CLAIM_EXPOSURE_STATUS","0:M","","association"
"CLAIM_FILING_TYPE","HEALTH_CLAIM","0:M","","association"
"CLAIM_FOLLOW-UP_TYPE","CLAIM_FOLLOW-UP","0:M","","association"
"CLAIM_FREQUENCY_TYPE","HEALTH_CLAIM","0:M","","association"
"CLAIM_GROUP","CLAIM_CLAIM_GROUP","0:M","","association"
"CLAIM_GROUP","CLAIM_GROUP","0:M","","association"
"CLAIM_GROUP_TYPE","CLAIM_GROUP","0:M","","association"
"CLAIM_IDENTIFICATION_TYPE","CLAIM_IDENTIFICATION","0:M","","association"
"CLAIM_INSURABLE_INTEREST","CLAIM_INSURABLE_INTEREST_ACCIDENT","0:M","","association"
"CLAIM_INSURABLE_INTEREST","CLAIM_SERVICE_REQUEST","0:M","","association"
"CLAIM_INSURABLE_INTEREST","PARTY_INSURABLE_INTEREST_EVENT","0:M","","association"
"CLAIM_INSURABLE_INTEREST_TYPE","CLAIM_INSURABLE_INTEREST","0:M","","association"
"CLAIM_LOCATOR_ROLE","CLAIM_LOCATOR","0:M","","association"
"CLAIM_MANAGEMENT_AUTHORITY_TYPE","INSURANCE_AGENT","0:M","","association"
"CLAIM_MEDIA_TYPE","CLAIM","0:M","","association"
"CLAIM_OBLIGATION_TYPE","CLAIM","0:M","","association"
"CLAIM_PAYMENT_TYPE","PARTY_INSURABLE_INTEREST_EVENT","0:M","","association"
"CLAIM_PRICING_RULE_TYPE","CLAIM_ADJUDICATION","0:M","","association"
"CLAIM_REFERRAL_TYPE","HEALTH_CLAIM","0:M","","association"
"CLAIM_RELATIONSHIP_TYPE","CLAIM_RELATED","0:M","","association"
"CLAIM_SERVICE","CLAIM_SERVICE_ADJUDICATION","0:M","","association"
"CLAIM_SERVICE","CLAIM_SERVICE_AMOUNT","0:M","","association"
"CLAIM_SERVICE","CLAIM_SERVICE_ASSET","0:M","","association"
"CLAIM_SERVICE","CLAIM_SERVICE_COVERAGE","0:M","","association"
"CLAIM_SERVICE","CLAIM_SERVICE_DATE","0:M","","association"
"CLAIM_SERVICE","CLAIM_SERVICE_DIAGNOSIS_CODE","0:M","","association"
"CLAIM_SERVICE","CLAIM_SERVICE_FEATURE_STATUS","0:M","","association"
"CLAIM_SERVICE","CLAIM_SERVICE_LEGAL_ACTION","0:M","","association"
"CLAIM_SERVICE","CLAIM_SERVICE_SCORE","0:M","","association"
"CLAIM_SERVICE","CLAIM_SERVICE_TEXT","0:M","","association"
"CLAIM_SERVICE","PARTY_CLAIM_SERVICE","0:M","","association"
"CLAIM_SERVICE_ACTION_TYPE","CLAIM_SERVICE_is_current_action_for","0:M","","association"
"CLAIM_SERVICE_ACTION_TYPE","CLAIM_SERVICE_is_next_action_for","0:M","","association"
"CLAIM_SERVICE_ADJUDICATION","CLAIM_SERVICE_ADJUDICATION_AMOUNT","0:M","","association"
"CLAIM_SERVICE_AMOUNT","CLAIM_SERVICE_COST_RECOVERY","0:M","","association"
"CLAIM_SERVICE_CATEGORY_TYPE","HEALTH_CLAIM","0:M","","association"
"CLAIM_SERVICE_COVERAGE","CLAIM_SERVICE_COVERAGE_AMOUNT","0:M","","association"
"CLAIM_SERVICE_DATE_TYPE","CLAIM_SERVICE_DATE","0:M","","association"
"CLAIM_SERVICE_DIAGNOSIS_CODE","DIAGNOSIS_CODE_SERVICE_XREF","0:M","","association"
"CLAIM_SERVICE_STATUS_REASON_TYPE","CLAIM_SERVICE_FEATURE_STATUS","0:M","","association"
"CLAIM_SERVICE_STATUS_TYPE","CLAIM_SERVICE_FEATURE_STATUS","0:M","","association"
"CLAIM_SERVICE_TEXT","CLAIM_SERVICE_TEXT_SECTION","0:1","","association"
"CLAIM_STATUS_REASON_TYPE","CLAIM_COVERAGE_STATUS","0:M","","association"
"CLAIM_STATUS_REASON_TYPE","CLAIM_STATUS","0:M","","association"
"CLAIM_STATUS_TYPE","CLAIM_COVERAGE_STATUS","0:M","","association"
"CLAIM_STATUS_TYPE","CLAIM_STATUS","0:M","","association"
"CLAIM_SUBMITTAL_TYPE","CLAIM","0:M","","association"
"CLAIM_TEXT","CLAIM_TEXT_SECTION","0:1","","association"
"CLAIM_TEXT_TYPE","CLAIM_COVERAGE_TEXT","0:M","","association"
"CLAIM_TEXT_TYPE","CLAIM_SERVICE_TEXT","0:M","","association"
"CLAIM_TEXT_TYPE","CLAIM_TEXT","0:M","","association"
"CLAIM_TYPE","CLAIM","0:M","","association"
"CLAIM_TYPE","CLAIM_SERVICE","0:M","","association"
"CLICK_ACTION_TYPE","CLICK_ACTIVITY","0:M","","association"
"CLICK_CONTEXT_TYPE","CLICK_ACTIVITY","0:M","","association"
"CLIMATE_ZONE","WEATHER_STATION","0:M","","association"
"COA_CODE_BALANCE_REASON","COA_CODE_BALANCE","0:M","","association"
"COA_CODE_BALANCE_SUBTYPE","COA_CODE_BALANCE","0:M","","association"
"COA_CODE_BALANCE_TYPE","COA_CODE_BALANCE","0:M","","association"
"COA_CODE_SEGMENT","CHART_OF_ACCOUNTS_CODE_TO_SEGMENT","0:M","","association"
"COA_CODE_SEGMENT","COA_SEGMENT_RELATED_is_related_to","0:M","","association"
"COA_CODE_SEGMENT","COA_SEGMENT_RELATED_relates_to","0:M","","association"
"COA_CODE_SEGMENT","GL_ACCOUNT_COA_CODE_SEGMENT","0:M","","association"
"COA_CODE_SEGMENT_SUBTYPE","COA_CODE_SEGMENT","0:M","","association"
"COLLATERALIZED_EXPOSURE","COLLATERALIZED_EXPOSURE_ADJUSTMENT","0:M","","association"
"COLLATERAL_AGREEMENT_TYPE","COLLATERAL_AGREEMENT","0:M","","association"
"COLLATERAL_ITEM","AGREEMENT_COLLATERAL_ITEM","0:M","","association"
"COLLATERAL_ITEM","ASSET_COLLATERAL_ITEM","0:M","","association"
"COLLATERAL_ITEM","COLLATERAL_ITEM_CLASS_XREF","0:M","","association"
"COLLATERAL_ITEM","COLLATERAL_ITEM_GROUPED","0:M","","association"
"COLLATERAL_ITEM","COLLATERAL_ITEM_RISK_METRIC","0:M","","association"
"COLLATERAL_ITEM","COLLATERAL_ITEM_STATUS","0:M","","association"
"COLLATERAL_ITEM","COLLATERAL_ITEM_VALUE","0:M","","association"
"COLLATERAL_ITEM","EXPOSURE_AGREEMENT_COLLATERAL_ITEM","0:M","","association"
"COLLATERAL_ITEM","PORTFOLIO_COLLATERAL_ITEM","0:M","","association"
"COLLATERAL_ITEM","RISK_MITIGANT_AGREEMENT_ITEM","0:M","","association"
"COLLATERAL_ITEM_GROUP","COLLATERAL_ITEM_GROUPED","0:M","","association"
"COLLATERAL_ITEM_STATUS_TYPE","COLLATERAL_ITEM_STATUS","0:M","","association"
"COLLATERAL_ITEM_TYPE","COLLATERAL_ITEM","0:M","","association"
"COLLATERAL_ITEM_VALUE","COLLATERAL_ITEM_ADJUSTMENT","0:M","","association"
"COLLECTION_ISSUER_AGREEMENT","COLLECTION_DEBT_INVOICE","0:M","","association"
"COLLECTION_STATUS_TYPE","AGREEMENT_COLLECTION_STATUS","0:M","","association"
"COLLECTION_STATUS_TYPE","AR_COLLECTION_ACTIVITY","0:M","","association"
"COLOR_DEPTH_TYPE","WEB_PAGE_VIEW","0:M","","association"
"COLOR_TYPE","MOTOR_VEHICLE_DETAIL","0:M","","association"
"COMMERCIAL_PAPER_TYPE","COMMERCIAL_PAPER","0:M","","association"
"COMMISSION_TYPE","AGENT_BROKER_AGREEMENT_DETAIL","0:M","","association"
"COMMODITY","COMMODITY_TIME_BAND_SCHEME","0:M","","association"
"COMMODITY_FINAL_PRICE_TYPE","COMMODITY_AGREEMENT","0:M","","association"
"COMMODITY_TRANSACTION_TYPE","COMMODITY_AGREEMENT","0:M","","association"
"COMMODITY_TYPE","COMMODITY","0:M","","association"
"COMMON_STOCK_ACCOUNT_TYPE","COMMON_STOCK_ACCOUNT","0:M","","association"
"COMMUNICATION_COLLATERAL","CAMPAIGN_COLLATERAL","0:M","","association"
"COMMUNICATION_COLLATERAL","OFFER_COLLATERAL","0:M","","association"
"COMMUNICATION_COLLATERAL","PROMOTION_COLLATERAL","0:M","","association"
"COMMUNICATION_COLLATERAL_TYPE","COMMUNICATION_COLLATERAL","0:M","","association"
"COMPETE_LEVEL_TYPE","OPPORTUNITY_COMPETITOR","0:M","","association"
"COMPLEMENTARY_IDENTIFICATION_CODE_CATEGORY","COMPLEMENTARY_IDENTIFICATION_CODE_SUBCATEGORY","0:M","","association"
"COMPLEMENTARY_IDENTIFICATION_CODE_EXCEPTION","FIXED_ASSET_COMPLEMENTARY_IDENTIFICATION_CODE","0:M","","association"
"COMPLEMENTARY_IDENTIFICATION_CODE_EXCEPTION","INVESTMENT_PRODUCT_COMPLEMENTARY_IDENTIFICATION_CODE","0:M","","association"
"COMPLEMENTARY_IDENTIFICATION_CODE_SUBCATEGORY","FIXED_ASSET_COMPLEMENTARY_IDENTIFICATION_CODE","0:M","","association"
"COMPLEMENTARY_IDENTIFICATION_CODE_SUBCATEGORY","INVESTMENT_PRODUCT_COMPLEMENTARY_IDENTIFICATION_CODE","0:M","","association"
"COMPRESSION_TYPE","ONLINE_DOCUMENT_INFORMATION","0:M","","association"
"CONDITION_TYPE_VALUE","WEATHER_CONDITION_OBSERVED","0:M","","association"
"CONNECTION_TYPE","BROWSER_IDENTIFICATION","0:M","","association"
"CONSENT_EVENT","AGREEMENT_PRIVACY_PREFERENCE","0:M","","association"
"CONSENT_EVENT","PARTY_PRIVACY_PREFERENCE","0:M","","association"
"CONSENT_METHOD_TYPE","PARTY_PRIVACY_PREFERENCE","0:M","","association"
"CONSENT_METHOD_TYPE","UNKNOWN_PARTY_SESSION_PRIVACY_PREFERENCE","0:M","","association"
"CONSENT_REASON_TYPE","PARTY_PRIVACY_PREFERENCE","0:M","","association"
"CONSENT_REASON_TYPE","UNKNOWN_PARTY_SESSION_PRIVACY_PREFERENCE","0:M","","association"
"CONSOLIDATED_INVOICE","CONSOLIDATED_INVOICE_STATUS","0:M","","association"
"CONSOLIDATED_INVOICE","CONSOLIDATED_INVOICE_SUMMARY","0:M","","association"
"CONSOLIDATED_INVOICE","INVOICE","0:M","","association"
"CONSOLIDATED_INVOICE","PAYMENT_SCHEDULE","0:M","","association"
"CONSTITUTION","LEGAL_SYSTEM","0:M","","association"
"CONSTITUTION_TYPE","CONSTITUTION","0:M","","association"
"CONSTRUCTION_TYPE","REAL_ESTATE","0:M","","association"
"CONSUMER_SERVICE_AGREEMENT_TYPE","CONSUMER_SERVICE_AGREEMENT","0:M","","association"
"CONTACT_ACTION_SUBTYPE","CONTACT_ACTION","0:M","","association"
"CONTACT_ACTION_TYPE","CONTACT_ACTION","0:M","","association"
"CONTACT_EVENT","AD_CONTACT_XREF","0:M","","association"
"CONTACT_EVENT","CONTACT_ACTION","0:M","","association"
"CONTACT_EVENT","CONTACT_EVENT_OFFER","0:M","","association"
"CONTACT_EVENT","CONTACT_FOLLOW-UP","0:M","","association"
"CONTACT_EVENT","CONTACT_RESOLUTION","0:M","","association"
"CONTACT_EVENT","CONTACT_SCRIPT","0:M","","association"
"CONTACT_EVENT","EVENT_CONTENT","0:M","","association"
"CONTACT_EVENT","LEAD_CONTACT_EVENT","0:M","","association"
"CONTACT_EVENT","PROMOTION_PARTY_STEP","0:M","","association"
"CONTACT_EVENT","PROMOTION_PARTY_STEP_RESPONSE","0:M","","association"
"CONTACT_EVENT","SALES_MARKETING_ACTIVITY_CONTACT","0:M","","association"
"CONTACT_EVENT_SUBTYPE","CONTACT_EVENT","0:M","","association"
"CONTACT_FOLLOW-UP_TYPE","CONTACT_EVENT_OFFER","0:M","","association"
"CONTACT_FOLLOW-UP_TYPE","CONTACT_FOLLOW-UP","0:M","","association"
"CONTACT_INITIATION_TYPE","DIRECT_CONTACT_EVENT","0:M","","association"
"CONTACT_INITIATOR_TYPE","VISIT","0:M","","association"
"CONTACT_LEAD_SOURCE","LEAD_CONTACT_is_original_source_for","0:M","","association"
"CONTACT_LEAD_SOURCE","LEAD_CONTACT_is_source_for","0:M","","association"
"CONTACT_LIST","CAMPAIGN_TARGET_CONTACT_LIST","0:M","","association"
"CONTACT_LIST","CELL_TARGET_CONTACT_LIST","0:M","","association"
"CONTACT_LIST","CONTACT_LIST_MANAGEMENT","0:M","","association"
"CONTACT_LIST","CONTACT_LIST_UPDATE","0:M","","association"
"CONTACT_LIST","SELECTION_SET_CRITERION","0:M","","association"
"CONTACT_LIST_AVAILABILITY_TYPE","CONTACT_LIST","0:M","","association"
"CONTACT_LIST_SOURCE_TYPE","CONTACT_LIST","0:M","","association"
"CONTACT_OUTCOME_TYPE","CONTACT_EVENT","0:M","","association"
"CONTACT_OUTCOME_TYPE","CONTACT_EVENT_OFFER","0:M","","association"
"CONTACT_REASON_TYPE","CONTACT_EVENT","0:M","","association"
"CONTACT_RESOLUTION_TYPE","CONTACT_RESOLUTION","0:M","","association"
"CONTENT_REVIEW_TYPE","READER","0:M","","association"
"CONTENT_SCORE_TYPE","READER","0:M","","association"
"CONTENT_SOURCE_TYPE","SOCIAL_MEDIA_CONTENT_SOURCE","0:M","","association"
"CONTENT_TYPE","EVENT_CONTENT","0:M","","association"
"CONTEXT","WEB_PAGE_CONTEXT","0:M","","association"
"CONTRACT_SETTLEMENT_TYPE","CREDIT_DEFAULT_SWAP","0:M","","association"
"CONTRACT_SETTLEMENT_TYPE","FORWARD_CONTRACT","0:M","","association"
"CONTRACT_SETTLEMENT_TYPE","FUTURES_AGREEMENT","0:M","","association"
"CONVENIENCE_FACTOR_TYPE","CHANNEL_INSTANCE","0:M","","association"
"CONVERSION","CONVERSION_STEP","0:M","","association"
"CONVERSION_CATEGORY","CONVERSION","0:M","","association"
"CONVERSION_CATEGORY","RECOMMENDATION_EVENT_classifies","0:M","","association"
"CONVERSION_CATEGORY","RECOMMENDATION_EVENT_is_the_page_category_for","0:M","","association"
"CONVERTIBLE_BOND","BOND_CONVERSION_SCHEDULE","0:M","","association"
"COOKIE","WEB_SESSION_COOKIE","0:M","","association"
"CORPORATE_BOND","SINKING_FUND_SCHEDULE","0:M","","association"
"CORPORATE_BOND_TYPE","CORPORATE_BOND","0:M","","association"
"COST_RECOVERY_TYPE","CLAIM_COST_RECOVERY","0:M","","association"
"COST_RECOVERY_TYPE","CLAIM_COVERAGE_COST_RECOVERY","0:M","","association"
"COST_RECOVERY_TYPE","CLAIM_SERVICE_COST_RECOVERY","0:M","","association"
"COST_TYPE","AD_ORDER_EXPENSE_FORECAST","0:M","","association"
"COST_TYPE","AGREEMENT_COST","0:M","","association"
"COST_TYPE","AGREEMENT_INSURED_ASSET_COST","0:M","","association"
"COST_TYPE","CHANNEL_COST","0:M","","association"
"COST_TYPE","CLAIM_EXPOSURE_ACTIVITY","0:M","","association"
"COST_TYPE","COLLECTION_COST","0:M","","association"
"COST_TYPE","COST_TYPE","0:M","","association"
"COST_TYPE","EVENT_COST","0:M","","association"
"COST_TYPE","EXPENSE_ACCOUNT_COST_TYPE_XREF","0:M","","association"
"COST_TYPE","PARTY_ASSET_COST","0:M","","association"
"COST_TYPE","PARTY_COST","0:M","","association"
"COST_TYPE","PARTY_RELATIONSHIP_COST","0:M","","association"
"COST_TYPE","PRODUCT_COST","0:M","","association"
"COST_TYPE","SITE_COST","0:M","","association"
"COST_TYPE","SURVEY_COST","0:M","","association"
"COUNTRY","AD_PERFORMANCE_RATING","0:M","","association"
"COUNTRY","AD_RATING_XREF","0:M","","association"
"COUNTRY","AREA_JAPAN","0:M","","association"
"COUNTRY","BROWSER_GEOGRAPHIC_ADDRESS_INFORMATION_is_country_for","0:M","","association"
"COUNTRY","COUNTRY_CODE_STANDARD","0:M","","association"
"COUNTRY","COUNTRY_TO_COUNTRY_GROUP","0:M","","association"
"COUNTRY","INDIVIDUAL_MIGRATION_is_from_country_for","0:M","","association"
"COUNTRY","INDIVIDUAL_MIGRATION_is_to_country_for","0:M","","association"
"COUNTRY","INTERNET_PROTOCOL_ADDRESS_GEOGRAPHICAL_MAP","0:M","","association"
"COUNTRY","ISO_4217_COUNTRY_CURRENCY","0:M","","association"
"COUNTRY","MICROSITE_RATING_XREF","0:M","","association"
"COUNTRY","ONLINE_APPLICATION_PROGRAM_COUNTRY_GROUP","0:M","","association"
"COUNTRY","PARCEL_ADDRESS","0:M","","association"
"COUNTRY","POSTAL_CODE","0:M","","association"
"COUNTRY","POST_OFFICE_BOX_ADDRESS","0:M","","association"
"COUNTRY","REGION","0:M","","association"
"COUNTRY","STREET_ADDRESS","0:M","","association"
"COUNTRY","TERRITORY","0:M","","association"
"COUNTRY","TRADE_EVENT_SETTLE_INSTRUCTION","0:M","","association"
"COUNTRY_CODE_STANDARD_TYPE","COUNTRY_CODE_STANDARD","0:M","","association"
"COUNTRY_GROUP","COUNTRY","0:M","","association"
"COUNTRY_GROUP","COUNTRY_TO_COUNTRY_GROUP","0:M","","association"
"COUNTY","CENSUS_TRACT__GEO","0:M","","association"
"COUNTY","CITY_TO_COUNTY","0:M","","association"
"COUNTY","PARCEL_ADDRESS","0:M","","association"
"COUNTY","POSTAL_CODE","0:M","","association"
"COUNTY","POST_OFFICE_BOX_ADDRESS","0:M","","association"
"COUNTY","STREET_ADDRESS","0:M","","association"
"COUPON_TYPE","EXTERNAL_COUPON","0:M","","association"
"COURSE","COURSE","0:M","","association"
"COURSE","COURSE_COMPLETED","0:M","","association"
"COURSE","COURSE_FEEDBACK_QUESTION","0:M","","association"
"COURSE","COURSE_PREREQUISITE_is_prerequisite","0:M","","association"
"COURSE","COURSE_PREREQUISITE_requires","0:M","","association"
"COURSE","COURSE_SCHEDULED","0:M","","association"
"COURSE_COMPLETED","COURSE_COMPLETED_CERTIFICATION","0:M","","association"
"COURSE_FEEDBACK_QUESTION","COURSE_FEEDBACK_RESPONSE","0:M","","association"
"COURSE_SCHEDULED","SCHEDULED_INSTRUCTOR","0:M","","association"
"COURSE_SCHEDULED","STUDENT_ENROLLMENT","0:M","","association"
"COURSE_SCHEDULED","TRAINING_EVENT","0:M","","association"
"COVERAGE_FEATURE","CLAIM_COVERAGE","0:M","","association"
"COVERAGE_FEATURE","CLAIM_SERVICE_COVERAGE","0:M","","association"
"COVERAGE_FEATURE","INSURANCE_CLAIM_CASE","0:M","","association"
"CRAWLER","CRAWLER_WEB_PAGE_PERMISSION","0:M","","association"
"CRAWLER","CRAWLER_WEB_SITE_PERMISSION","0:M","","association"
"CRAWLER","WEB_SITE_CRAWLER","0:M","","association"
"CRAWLER_PERMISSION_TYPE","CRAWLER_WEB_PAGE_PERMISSION","0:M","","association"
"CRAWLER_PERMISSION_TYPE","CRAWLER_WEB_SITE_PERMISSION","0:M","","association"
"CREDIT_AGREEMENT","CREDIT_AGREEMENT_SECONDARY_MARKET_STATUS","0:M","","association"
"CREDIT_AGREEMENT","INSURANCE_VERIFICATION_STATUS","0:M","","association"
"CREDIT_AGREEMENT","LOAN_MODIFICATION","0:M","","association"
"CREDIT_AGREEMENT","LOAN_RESTRUCTURE","0:M","","association"
"CREDIT_AGREEMENT","LOAN_REVIEW","0:M","","association"
"CREDIT_AGREEMENT","OVERDRAFT_EXCESS","0:M","","association"
"CREDIT_AGREEMENT_SUBTYPE","CREDIT_AGREEMENT","0:M","","association"
"CREDIT_APPLICATION","CREDIT_APPLICATION_PRECREDIT_CHARGE","0:M","","association"
"CREDIT_CARD_AGREEMENT_SUBTYPE","CREDIT_CARD_AGREEMENT","0:M","","association"
"CREDIT_CARD_SUBTYPE","CREDIT_CARD","0:M","","association"
"CREDIT_DERIVATIVE_SUBTYPE","ADD_ON_FACTOR_PARAMETER","0:M","","association"
"CREDIT_DERIVATIVE_SUBTYPE","CREDIT_DERIVATIVE_AGREEMENT","0:M","","association"
"CREDIT_DERIVATIVE_SUBTYPE","CREDIT_DERIVATIVE_PRODUCT","0:M","","association"
"CREDIT_EVENT_TYPE","CREDIT_DEFAULT_SWAP","0:M","","association"
"CREDIT_INQUIRY_REASON_TYPE","PARTY_CREDIT_INQUIRY","0:M","","association"
"CREDIT_RATING_TYPE","PARTY_CREDIT_REPORT","0:M","","association"
"CREDIT_REPORTING_PARTY_SUBTYPE","PARTY_CREDIT_REPORT","0:M","","association"
"CREDIT_REPORT_COMMENT_TYPE","PARTY_CREDIT_REPORT_COMMENT","0:M","","association"
"CREDIT_REPORT_ROLE_TYPE","AGREEMENT_CREDIT_REPORT","0:M","","association"
"CREDIT_REPORT_ROLE_TYPE","APPLICATION_CREDIT_REPORT","0:M","","association"
"CREDIT_STATUS_TYPE","PARTY_LIABILITY_CREDIT_RATING","0:M","","association"
"CRITICALITY_TYPE","ANALYTICAL_MODEL","0:M","","association"
"CURRENCY","ACCESS_DEVICE_LIMIT","0:M","","association"
"CURRENCY","ACCOUNT","0:M","","association"
"CURRENCY","ACCOUNTING_CURRENCY","0:M","","association"
"CURRENCY","ACCOUNT_METRIC","0:M","","association"
"CURRENCY","ACTUAL_IMPACT_AREA_METRIC","0:M","","association"
"CURRENCY","AD_ORDER_HEADER_DETAIL","0:M","","association"
"CURRENCY","AGENT_REPORT","0:M","","association"
"CURRENCY","AGREEMENT_ABUSE","0:M","","association"
"CURRENCY","AGREEMENT_CLASS_VALUE","0:M","","association"
"CURRENCY","AGREEMENT_CURRENCY","0:M","","association"
"CURRENCY","AGREEMENT_FEATURE","0:M","","association"
"CURRENCY","AGREEMENT_FEATURE_METRIC","0:M","","association"
"CURRENCY","AGREEMENT_FEATURE_RELATED","0:M","","association"
"CURRENCY","AGREEMENT_GROUP","0:M","","association"
"CURRENCY","AGREEMENT_GROUP_METRIC","0:M","","association"
"CURRENCY","AGREEMENT_GROUP_RELATED_METRIC","0:M","","association"
"CURRENCY","AGREEMENT_INSURED_ASSET_FEATURE","0:M","","association"
"CURRENCY","AGREEMENT_LIMIT_METRIC","0:M","","association"
"CURRENCY","AGREEMENT_METRIC","0:M","","association"
"CURRENCY","AGREEMENT_METRIC_PROJECTION","0:M","","association"
"CURRENCY","AGREEMENT_PRODUCT_FEATURE","0:M","","association"
"CURRENCY","AGREEMENT_PRODUCT_FEATURE_RELATED","0:M","","association"
"CURRENCY","AGREEMENT_STATEMENT_LINE_METRIC","0:M","","association"
"CURRENCY","AGREEMENT_STATEMENT_METRIC","0:M","","association"
"CURRENCY","AGREEMENT_TAX_RULE","0:M","","association"
"CURRENCY","ALERT_EVENT_WEIGHTING","0:M","","association"
"CURRENCY","AMOUNT_FEATURE","0:M","","association"
"CURRENCY","APPLICATION_FEATURE","0:M","","association"
"CURRENCY","APPLICATION_FEATURE_RELATED","0:M","","association"
"CURRENCY","AP_INVOICE_LINE_ADJUSTMENT_is_assigned_to","0:M","","association"
"CURRENCY","AP_INVOICE_LINE_ADJUSTMENT_is_currency_for","0:M","","association"
"CURRENCY","AR_INVOICE_LINE_ADJUSTMENT","0:M","","association"
"CURRENCY","ASSET_DETAIL_CODE_XREF","0:M","","association"
"CURRENCY","ASSET_VALUE","0:M","","association"
"CURRENCY","BARRIER_OPTION_AGREEMENT_is_high_currency","0:M","","association"
"CURRENCY","BARRIER_OPTION_AGREEMENT_is_low_barrier_for","0:M","","association"
"CURRENCY","CAMPAIGN","0:M","","association"
"CURRENCY","CAMPAIGN_TRAIT_VALUE","0:M","","association"
"CURRENCY","CARD_STATEMENT_METRIC","0:M","","association"
"CURRENCY","CASE_AMOUNT","0:M","","association"
"CURRENCY","CASH_ASSET","0:M","","association"
"CURRENCY","CASH_DIVIDEND_EVENT","0:M","","association"
"CURRENCY","CHANNEL_CLASS_VALUE","0:M","","association"
"CURRENCY","CHANNEL_REPLENISHMENT","0:M","","association"
"CURRENCY","CHECK_BOOK_METRIC","0:M","","association"
"CURRENCY","CLAIM","0:M","","association"
"CURRENCY","CLAIM_ADJUDICATION_AMOUNT","0:M","","association"
"CURRENCY","CLAIM_AMOUNT","0:M","","association"
"CURRENCY","CLAIM_ASSET","0:M","","association"
"CURRENCY","CLAIM_AUTHORIZATION_AMOUNT","0:M","","association"
"CURRENCY","CLAIM_CLASS_VALUE","0:M","","association"
"CURRENCY","CLAIM_COVERAGE_ADJUDICATION_AMOUNT","0:M","","association"
"CURRENCY","CLAIM_COVERAGE_AMOUNT","0:M","","association"
"CURRENCY","CLAIM_COVERAGE_INSURABLE_INTEREST_AMOUNT","0:M","","association"
"CURRENCY","CLAIM_EXPOSURE_ACTIVITY_AMOUNT","0:M","","association"
"CURRENCY","CLAIM_SERVICE_ADJUDICATION_AMOUNT","0:M","","association"
"CURRENCY","CLAIM_SERVICE_AMOUNT","0:M","","association"
"CURRENCY","CLAIM_SERVICE_COVERAGE_AMOUNT","0:M","","association"
"CURRENCY","COA_MONETARY_BALANCE","0:M","","association"
"CURRENCY","CONSOLIDATED_INVOICE_SUMMARY","0:M","","association"
"CURRENCY","CURRENCY_EXCHANGE_QUOTATION_is_from_currency","0:M","","association"
"CURRENCY","CURRENCY_EXCHANGE_QUOTATION_is_to_currency","0:M","","association"
"CURRENCY","CURRENCY_EXCHANGE_RISK_FACTOR_is_source_currency","0:M","","association"
"CURRENCY","CURRENCY_EXCHANGE_RISK_FACTOR_is_target_currency","0:M","","association"
"CURRENCY","CURRENCY_FORWARD_is_buy_currency_for","0:M","","association"
"CURRENCY","CURRENCY_FORWARD_is_sell_currency_for","0:M","","association"
"CURRENCY","CURRENCY_PRODUCT_PAIR","0:M","","association"
"CURRENCY","CURRENCY_RISK_FACTOR","0:M","","association"
"CURRENCY","CURRENCY_SWAP_is_swap_out_code","0:M","","association"
"CURRENCY","CURRENCY_SWAP_is_swapped_currency_for","0:M","","association"
"CURRENCY","CURRENCY_TRANSLATION_RATE_is_source_currency","0:M","","association"
"CURRENCY","CURRENCY_TRANSLATION_RATE_is_target_currency","0:M","","association"
"CURRENCY","DEFAULT_RECOVERY_METRIC","0:M","","association"
"CURRENCY","DERIVATIVE_AGREEMENT","0:M","","association"
"CURRENCY","EVENT_CLASS_VALUE","0:M","","association"
"CURRENCY","EVENT_FORECAST_METRIC","0:M","","association"
"CURRENCY","EVENT_METRIC","0:M","","association"
"CURRENCY","EXTERNAL_DIRECT_DEBIT","0:M","","association"
"CURRENCY","EXTERNAL_MARGIN_AGREEMENT","0:M","","association"
"CURRENCY","EXTERNAL_STANDING_ORDER","0:M","","association"
"CURRENCY","FEATURE_CLASS_VALUE","0:M","","association"
"CURRENCY","FEATURE_GROUP_METRIC","0:M","","association"
"CURRENCY","FINANCIAL_EVENT_AMOUNT_is_global_currency_for","0:M","","association"
"CURRENCY","FINANCIAL_EVENT_AMOUNT_is_local_currency_for","0:M","","association"
"CURRENCY","FINANCIAL_EVENT_AMOUNT_is_settlement_currency_for","0:M","","association"
"CURRENCY","FINANCIAL_EVENT_AMOUNT_is_transaction_currency_for","0:M","","association"
"CURRENCY","FIXED_ASSET","0:M","","association"
"CURRENCY","FIXED_ASSET_AMOUNT","0:M","","association"
"CURRENCY","FIXED_ASSET_CLASS_VALUE","0:M","","association"
"CURRENCY","FOREIGN_EXCHANGE_AGREEMENT_is_destination_currency_for","0:M","","association"
"CURRENCY","FOREIGN_EXCHANGE_AGREEMENT_is_source_currency_for","0:M","","association"
"CURRENCY","FOREIGN_EXCHANGE_EVENT","0:M","","association"
"CURRENCY","FOREIGN_EXCHANGE_METRIC_is_source_for","0:M","","association"
"CURRENCY","FOREIGN_EXCHANGE_METRIC_is_target_for","0:M","","association"
"CURRENCY","FOREIGN_EXCHANGE_POINT_is_currency_for","0:M","","association"
"CURRENCY","FOREIGN_EXCHANGE_POINT_is_related_currency","0:M","","association"
"CURRENCY","GEOGRAPHICAL_AREA_CURRENCY","0:M","","association"
"CURRENCY","GEOGRAPHIC_ECONOMIC_MEASURE","0:M","","association"
"CURRENCY","GEOSEQUENCE_POINT_TRAIT_VALUE","0:M","","association"
"CURRENCY","GL_MAIN_ACCOUNT_CLASS_VALUE","0:M","","association"
"CURRENCY","HEDGING_SET","0:M","","association"
"CURRENCY","INCENTIVE","0:M","","association"
"CURRENCY","INSTITUTIONAL_CLAIM_SERVICE_DRUG","0:M","","association"
"CURRENCY","INSURABLE_INTEREST_METRIC","0:M","","association"
"CURRENCY","INSURANCE_LINE_OF_BUSINESS_METRIC","0:M","","association"
"CURRENCY","INTEREST_RATE_BANKING_BOOK_SUMMARY","0:M","","association"
"CURRENCY","INTEREST_RATE_INDEX","0:M","","association"
"CURRENCY","INTEREST_RATE_QUOTATION_is_currency_for","0:M","","association"
"CURRENCY","INTEREST_RATE_QUOTATION_is_underlying","0:M","","association"
"CURRENCY","INTERNAL_DIRECT_DEBIT","0:M","","association"
"CURRENCY","INTERNAL_STANDING_ORDER","0:M","","association"
"CURRENCY","INVESTMENT_HOLDING_STATEMENT_METRIC","0:M","","association"
"CURRENCY","INVESTMENT_PORTFOLIO_POSITION_SUMMARY","0:M","","association"
"CURRENCY","INVESTMENT_POSITION","0:M","","association"
"CURRENCY","INVESTMENT_POSITION_SPECIFIC","0:M","","association"
"CURRENCY","INVESTMENT_PRODUCT","0:M","","association"
"CURRENCY","INVESTMENT_PRODUCT_EVENT","0:M","","association"
"CURRENCY","INVESTMENT_STATEMENT_LINE_ITEM_METRIC","0:M","","association"
"CURRENCY","INVOICE","0:M","","association"
"CURRENCY","INVOICE_ADJUSTMENT","0:M","","association"
"CURRENCY","JOURNAL_ENTRY_LINE_is_global_currency_for","0:M","","association"
"CURRENCY","JOURNAL_ENTRY_LINE_is_local_currency_for","0:M","","association"
"CURRENCY","LEAD_TRAIT_VALUE","0:M","","association"
"CURRENCY","LINE_OF_BUSINESS_PARTY_METRIC","0:M","","association"
"CURRENCY","LOCATOR_METRIC","0:M","","association"
"CURRENCY","LOCATOR_PERIL_TYPE_METRIC","0:M","","association"
"CURRENCY","MARKET_INDEX_VALUE","0:M","","association"
"CURRENCY","MARKET_QUOTATION","0:M","","association"
"CURRENCY","MARKET_QUOTATION_METRIC","0:M","","association"
"CURRENCY","MARKET_QUOTATION_TIME_PERIOD_METRIC","0:M","","association"
"CURRENCY","OFFER","0:M","","association"
"CURRENCY","ONLINE_APPLICATION_PROGRAM_TRAIT_VALUE","0:M","","association"
"CURRENCY","OPPORTUNITY_COMPETITOR_FINANCE","0:M","","association"
"CURRENCY","OPPORTUNITY_FINANCE","0:M","","association"
"CURRENCY","OPTION_PRODUCT","0:M","","association"
"CURRENCY","PAID_SEARCH","0:M","","association"
"CURRENCY","PARTY_AGREEMENT_METRIC","0:M","","association"
"CURRENCY","PARTY_ASSET_CLASS_VALUE","0:M","","association"
"CURRENCY","PARTY_ASSET_PART_VALUATION","0:M","","association"
"CURRENCY","PARTY_ASSET_SPECIFICATION","0:M","","association"
"CURRENCY","PARTY_CLAIM_SERVICE_AMOUNT","0:M","","association"
"CURRENCY","PARTY_CLAIM_SERVICE_DIAGNOSIS_AMOUNT","0:M","","association"
"CURRENCY","PARTY_CLASS_VALUE","0:M","","association"
"CURRENCY","PARTY_CURRENCY","0:M","","association"
"CURRENCY","PARTY_FINANCIAL_DOCUMENT_ITEM","0:M","","association"
"CURRENCY","PARTY_GROUP_LIMIT","0:M","","association"
"CURRENCY","PARTY_GROUP_METRIC","0:M","","association"
"CURRENCY","PARTY_LIMIT","0:M","","association"
"CURRENCY","PARTY_METRIC","0:M","","association"
"CURRENCY","PARTY_METRIC_PROJECTION","0:M","","association"
"CURRENCY","PARTY_RELATED_METRIC","0:M","","association"
"CURRENCY","PARTY_RISK_GRADE","0:M","","association"
"CURRENCY","PARTY_SYSTEM_ABUSE","0:M","","association"
"CURRENCY","PARTY_TRAIT_VALUE","0:M","","association"
"CURRENCY","PHARMACY_CLAIM_SERVICE_DRUG","0:M","","association"
"CURRENCY","POLICY_ASSET_COVERAGE_METRIC","0:M","","association"
"CURRENCY","POLICY_COVERAGE_METRIC","0:M","","association"
"CURRENCY","POLICY_INSURABLE_COVERAGE_METRIC","0:M","","association"
"CURRENCY","POLICY_INSURABLE_COVERAGE_PARTY_METRIC","0:M","","association"
"CURRENCY","POLICY_METRIC","0:M","","association"
"CURRENCY","POLICY_PARTY_COVERAGE_METRIC","0:M","","association"
"CURRENCY","PORTFOLIO_PRODUCT_AGREEMENT_HOLDING","0:M","","association"
"CURRENCY","PORTFOLIO_PRODUCT_AGREEMENT_HOLDING_VALUE","0:M","","association"
"CURRENCY","PORTFOLIO_PRODUCT_HOLDING","0:M","","association"
"CURRENCY","PORTFOLIO_PRODUCT_HOLDING_VALUE","0:M","","association"
"CURRENCY","POSITION_TRAIT_VALUE","0:M","","association"
"CURRENCY","PO_TERM","0:M","","association"
"CURRENCY","PRODUCT_CLASS_VALUE","0:M","","association"
"CURRENCY","PRODUCT_FEATURE","0:M","","association"
"CURRENCY","PRODUCT_GROUP_METRIC","0:M","","association"
"CURRENCY","PRODUCT_METRIC","0:M","","association"
"CURRENCY","PROFESSIONAL_CLAIM_SERVICE_DRUG","0:M","","association"
"CURRENCY","PROJECTED_CASH_FLOW","0:M","","association"
"CURRENCY","PROJECT_METRIC","0:M","","association"
"CURRENCY","PROJECT_TASK_RESOURCE_ITEM","0:M","","association"
"CURRENCY","PROJECT_TASK_RESOURCE_PARTY","0:M","","association"
"CURRENCY","PROMOTION","0:M","","association"
"CURRENCY","PROMOTION_EXPENSE_XREF","0:M","","association"
"CURRENCY","PROPOSAL_FINANCE","0:M","","association"
"CURRENCY","PURCHASE_CARD_BUSINESS_LIMIT","0:M","","association"
"CURRENCY","PURCHASE_REQUISITION_LINE","0:M","","association"
"CURRENCY","QUOTATION_FEATURE","0:M","","association"
"CURRENCY","QUOTATION_FEATURE_RELATED","0:M","","association"
"CURRENCY","QUOTATION_METRIC","0:M","","association"
"CURRENCY","RECOVERY_COLLECTION_CONTACT_EVENT","0:M","","association"
"CURRENCY","RETURN_LINE","0:M","","association"
"CURRENCY","RISK_CALCULATION_SCENARIO","0:M","","association"
"CURRENCY","RISK_POSITION","0:M","","association"
"CURRENCY","SERVICE_REQUEST","0:M","","association"
"CURRENCY","SET_OF_BOOKS_CURRENCY","0:M","","association"
"CURRENCY","SITE","0:M","","association"
"CURRENCY","SITE_CLASS_VALUE","0:M","","association"
"CURRENCY","SITE_COST","0:M","","association"
"CURRENCY","SITE_METRIC","0:M","","association"
"CURRENCY","SITE_TRAIT_VALUE","0:M","","association"
"CURRENCY","STATEMENT_METRIC","0:M","","association"
"CURRENCY","SWAP_AGREEMENT_LEG","0:M","","association"
"CURRENCY","SWAP_AGREEMENT_LEG_METRIC","0:M","","association"
"CURRENCY","TAX_LOT_METRIC","0:M","","association"
"CURRENCY","TRADE_EXECUTION_is_currency_of_up-front_payment","0:M","","association"
"CURRENCY","TRADE_EXECUTION_is_nominal_currency_for","0:M","","association"
"CURRENCY","TRADE_EXECUTION_is_unit_price_currency_for","0:M","","association"
"CURRENCY","TRADE_ORDER","0:M","","association"
"CURRENCY","VENDOR_PO_LINE","0:M","","association"
"CURRENCY","WEB_VISIT","0:M","","association"
"CURRENCY_DENOMINATION_TYPE","PASSBOOK","0:M","","association"
"CURRENCY_PRODUCT","CURRENCY_POSITION_METRIC","0:M","","association"
"CURRENCY_SWAP_TYPE","CURRENCY_SWAP","0:M","","association"
"CURRENCY_TRANSLATION_RATE_TYPE","CURRENCY_TRANSLATION_RATE","0:M","","association"
"CURRENCY_USE_TYPE","AGREEMENT_CURRENCY","0:M","","association"
"CURRENT_ASSET_ACCOUNT_SUBTYPE","CURRENT_ASSET_ACCOUNT","1:M","","association"
"CURRENT_LIABILITY_ACCOUNT_TYPE","CURRENT_LIABILITY_ACCOUNT","1:M","","association"
"CURRENT_PAGE_TYPE","WEB_PAGE_VIEW","0:M","","association"
"CUSTOMER_LOCATION_TYPE","BUSINESS","0:M","","association"
"CUSTOMER_TONE_TYPE","DIRECT_CONTACT_EVENT","0:M","","association"
"CUSTOM_AREA_REASON_TYPE","CUSTOM_AREA","0:M","","association"
"CUSTOM_CALENDAR","CUSTOM_CALENDAR_DAY","0:M","","association"
"CUSTOM_CALENDAR","CUSTOM_CALENDAR_PARTY","0:M","","association"
"CUSTOM_CALENDAR","CUSTOM_CALENDAR_YEAR","0:M","","association"
"CUSTOM_CALENDAR_MONTH","CUSTOM_CALENDAR_MONTH_WEEK","0:M","","association"
"CUSTOM_CALENDAR_MONTH","JOURNAL_ENTRY_HEADER_is_accounting_period_for","0:M","","association"
"CUSTOM_CALENDAR_MONTH","JOURNAL_ENTRY_HEADER_is_reversing_period_for","0:M","","association"
"CUSTOM_CALENDAR_MONTH_WEEK","CUSTOM_CALENDAR_DAY","0:M","","association"
"CUSTOM_CALENDAR_QUARTER","CUSTOM_CALENDAR_MONTH","0:M","","association"
"CUSTOM_CALENDAR_WEEK","CUSTOM_CALENDAR_MONTH_WEEK","0:M","","association"
"CUSTOM_CALENDAR_YEAR","CUSTOM_CALENDAR_QUARTER","0:M","","association"
"CUSTOM_CALENDAR_YEAR","SET_OF_BOOKS_CALENDAR_YEAR","0:M","","association"
"CUSTOM_EVENT_INFORMATION","CUSTOM_NUMERIC_TYPE","0:M","","association"
"CUSTOM_EVENT_INFORMATION","CUSTOM_STRING_TYPE","0:M","","association"
"CUSTOM_PROGRAM_TYPE","CUSTOM_PROGRAM","0:M","","association"
"DATA_QUALITY_TYPE","PARTY_IDENTIFICATION_VALIDATION","0:M","","association"
"DATA_QUALITY_TYPE","PARTY_INFORMATION_VALIDATION","0:M","","association"
"DATA_QUALITY_TYPE","PARTY_LOCATOR","0:M","","association"
"DATA_RETENTION_METHOD_TYPE","PARTY_PRIVACY_PREFERENCE","0:M","","association"
"DATA_SOURCE_TYPE","AGREEMENT","0:M","","association"
"DATA_SOURCE_TYPE","AGREEMENT_GROUP","0:M","","association"
"DATA_SOURCE_TYPE","ANALYTICAL_MODEL","0:M","","association"
"DATA_SOURCE_TYPE","APPLICATION_METRIC","0:M","","association"
"DATA_SOURCE_TYPE","ASSET_VALUE","0:M","","association"
"DATA_SOURCE_TYPE","CLAIM_IDENTIFICATION","0:M","","association"
"DATA_SOURCE_TYPE","DOCUMENT","0:M","","association"
"DATA_SOURCE_TYPE","EXTERNALLY_REPORTED_CLAIM","0:M","","association"
"DATA_SOURCE_TYPE","INDIVIDUAL_HEALTH_CONDITION","0:M","","association"
"DATA_SOURCE_TYPE","INDIVIDUAL_MEDICAL","0:M","","association"
"DATA_SOURCE_TYPE","INVESTMENT_COST_BASIS","0:M","","association"
"DATA_SOURCE_TYPE","INVESTMENT_POSITION","0:M","","association"
"DATA_SOURCE_TYPE","INVESTMENT_POSITION_SPECIFIC","0:M","","association"
"DATA_SOURCE_TYPE","MARK_TO_MARKET_was_market_data_source_for","0:M","","association"
"DATA_SOURCE_TYPE","MARK_TO_MARKET_was_model_source_for","0:M","","association"
"DATA_SOURCE_TYPE","PARTY","0:M","","association"
"DATA_SOURCE_TYPE","PARTY_APPLICATION_DEMOGRAPHIC","0:M","","association"
"DATA_SOURCE_TYPE","PARTY_ASSET_PART_VALUATION","0:M","","association"
"DATA_SOURCE_TYPE","PARTY_DEMOGRAPHIC","0:M","","association"
"DATA_SOURCE_TYPE","PARTY_FINANCIAL_DOCUMENT","0:M","","association"
"DATA_SOURCE_TYPE","PARTY_GROUP","0:M","","association"
"DATA_SOURCE_TYPE","PARTY_GROUP_DEMOGRAPHIC","0:M","","association"
"DATA_SOURCE_TYPE","PORTFOLIO_PRODUCT_COST_BASIS","0:M","","association"
"DATA_SOURCE_TYPE","PRODUCT_DEMOGRAPHIC","0:M","","association"
"DATA_SOURCE_TYPE","SITE_IDENTIFICATION","0:M","","association"
"DATA_SOURCE_TYPE","WATCH_LIST_SOURCE","0:M","","association"
"DATA_SOURCE_TYPE","WEB_SHOPPING_EXPERIENCE_EVENT","0:M","","association"
"DAYPART","AD_PERFORMANCE_RATING_DAYPART","0:M","","association"
"DAYPART","AD_PLACEMENT_DISPLAY_TIME","0:M","","association"
"DAYPART","CONTENT_DELIVERY_XREF","0:M","","association"
"DAYPART","DAYPART_HOURS","0:M","","association"
"DAYPART","DIGITAL_PLACEMENT_XREF","0:M","","association"
"DAYPART","ONLINE_APPLICATION_RATING_DAYPART","0:M","","association"
"DAYPART","ORDER_PLACEMENT_DAYPART","0:M","","association"
"DAYPART","ORDER_PLACEMENT_DISPLAY_TIME","0:M","","association"
"DAYS_TYPE","CHANNEL_OPERATING_HOURS","0:M","","association"
"DAYS_TYPE","ORGANIZATION_OPERATING_HOURS","0:M","","association"
"DAYS_TYPE","PARTY_SOLICITATION_PREFERENCE","0:M","","association"
"DAY_COUNT_BASIS_TYPE","FINANCIAL_AGREEMENT","0:M","","association"
"DAY_COUNT_BASIS_TYPE","FOREIGN_EXCHANGE_AGREEMENT_is_buy_day_basis_for","0:M","","association"
"DAY_COUNT_BASIS_TYPE","FOREIGN_EXCHANGE_AGREEMENT_is_sell_day_basis_for","0:M","","association"
"DAY_COUNT_BASIS_TYPE","INVESTMENT_PRODUCT","0:M","","association"
"DAY_COUNT_BASIS_TYPE","SWAP_AGREEMENT_LEG","0:M","","association"
"DAY_OF_WEEK","AD_PERFORMANCE_RATING_DAYPART","0:M","","association"
"DAY_OF_WEEK","AD_PLACEMENT_DISPLAY_TIME","0:M","","association"
"DAY_OF_WEEK","CONTENT_DELIVERY_XREF","0:M","","association"
"DAY_OF_WEEK","CUSTOM_CALENDAR","0:M","","association"
"DAY_OF_WEEK","DAYPART_HOURS","0:M","","association"
"DAY_OF_WEEK","DIGITAL_PLACEMENT_XREF","0:M","","association"
"DAY_OF_WEEK","GREGORIAN_DATE","0:M","","association"
"DAY_OF_WEEK","ONLINE_APPLICATION_RATING_DAYPART","0:M","","association"
"DAY_OF_WEEK","ORDER_PLACEMENT_DAYPART","0:M","","association"
"DAY_OF_WEEK","ORDER_PLACEMENT_DISPLAY_TIME","0:M","","association"
"DAY_OF_WEEK","SITE_BUSINESS_HOURS","0:M","","association"
"DAY_OF_WEEK","SITE_DAY_OF_WEEK_HOURS","0:M","","association"
"DAY_OF_WEEK","WORK_SHIFT_DAY_OF_WEEK_HOURS","0:M","","association"
"DEAL_COMPLETE_DAY_TYPE","OPPORTUNITY","0:M","","association"
"DEA_DRUG_CLASSIFICATION__GEO","DRUG_NDC__GEO","0:M","","association"
"DEA_SCHEDULE__GEO","DEA_DRUG_CLASSIFICATION__GEO","0:M","","association"
"DEBIT_CREDIT_TYPE","FINANCIAL_EVENT","0:M","","association"
"DEBT_RECEIVABLE_AGREEMENT_TYPE","PURCHASED_RECEIVABLE_ISSUER_AGREEMENT","0:M","","association"
"DECISION_LEVEL_TYPE","OPPORTUNITY","0:M","","association"
"DEFAULT_OCCURRENCE","DEFAULT_RECOVERY","0:1","","association"
"DEFAULT_OCCURRENCE","DEFAULT_RECOVERY_ITEM","0:M","","association"
"DEFAULT_OUTCOME_TYPE","DEFAULT_OCCURRENCE","0:M","","association"
"DEFAULT_REASON_TYPE","DEFAULT_OCCURRENCE","0:M","","association"
"DEFAULT_RECOVERY_ITEM","DEFAULT_RECOVERY_ITEM_STATUS","0:M","","association"
"DEFAULT_RECOVERY_ITEM","DEFAULT_RECOVERY_METRIC","0:M","","association"
"DEFAULT_RECOVERY_METRIC_TYPE","DEFAULT_RECOVERY_METRIC","0:M","","association"
"DEGREE_DAYS_DAILY","DEGREE_DAYS_INTRADAY","0:M","","association"
"DELIVERY_STATUS","ADDRESS_DELIVERY_STATUS","0:M","","association"
"DEMOGRAPHIC","CHANNEL_DEMOGRAPHIC","0:M","","association"
"DEMOGRAPHIC","DEMOGRAPHIC_VALUE","0:M","","association"
"DEMOGRAPHIC","FEATURE_DEMOGRAPHIC_ELIGIBILITY","0:M","","association"
"DEMOGRAPHIC","LOCATOR_DEMOGRAPHIC","0:M","","association"
"DEMOGRAPHIC","MARKET_SEGMENT_DEMOGRAPHIC","0:M","","association"
"DEMOGRAPHIC","PARTY_APPLICATION_DEMOGRAPHIC","0:M","","association"
"DEMOGRAPHIC","PARTY_DEMOGRAPHIC","0:M","","association"
"DEMOGRAPHIC","PARTY_GROUP_DEMOGRAPHIC","0:M","","association"
"DEMOGRAPHIC","PRODUCT_DEMOGRAPHIC","0:M","","association"
"DEMOGRAPHIC","PRODUCT_DEMOGRAPHIC_ELIGIBILITY","0:M","","association"
"DEMOGRAPHIC","PRODUCT_FEATURE_DEMOGRAPHIC_ELIGIBILITY","0:M","","association"
"DEMOGRAPHIC","SOCIAL_NETWORK_PROFILE","0:M","","association"
"DEMOGRAPHIC_GROUP","DEMOGRAPHIC","0:M","","association"
"DEMOGRAPHIC_VALUE","CHANNEL_DEMOGRAPHIC","0:M","","association"
"DEMOGRAPHIC_VALUE","FEATURE_DEMOGRAPHIC_ELIGIBILITY","0:M","","association"
"DEMOGRAPHIC_VALUE","LOCATOR_DEMOGRAPHIC","0:M","","association"
"DEMOGRAPHIC_VALUE","MARKET_SEGMENT_DEMOGRAPHIC","0:M","","association"
"DEMOGRAPHIC_VALUE","ONLINE_APPLICATION_ACCESS_SEGMENT_DEMOGRAPHIC","0:M","","association"
"DEMOGRAPHIC_VALUE","ORDER_PLACEMENT_DEMOGRAPHIC","0:M","","association"
"DEMOGRAPHIC_VALUE","PARTY_APPLICATION_DEMOGRAPHIC","0:M","","association"
"DEMOGRAPHIC_VALUE","PARTY_DEMOGRAPHIC","0:M","","association"
"DEMOGRAPHIC_VALUE","PARTY_GROUP_DEMOGRAPHIC","0:M","","association"
"DEMOGRAPHIC_VALUE","PRODUCT_DEMOGRAPHIC","0:M","","association"
"DEMOGRAPHIC_VALUE","PRODUCT_DEMOGRAPHIC_ELIGIBILITY","0:M","","association"
"DEMOGRAPHIC_VALUE","PRODUCT_FEATURE_DEMOGRAPHIC_ELIGIBILITY","0:M","","association"
"DEMOGRAPHIC_VALUE","SOCIAL_NETWORK_PROFILE","0:M","","association"
"DENTAL_CLAIM","DENTAL_CLAIM_TOOTH","0:M","","association"
"DENTAL_CLAIM_SERVICE","DENTAL_SERVICE_ORAL_CAVITY","0:M","","association"
"DENTAL_CLAIM_SERVICE","DENTAL_SERVICE_TOOTH","0:M","","association"
"DENTAL_PLACEMENT_STATUS","DENTAL_CLAIM_SERVICE","0:M","","association"
"DENTAL_REPLACEMENT_REASON_TYPE","DENTAL_CLAIM_SERVICE","0:M","","association"
"DEPOSIT_BOX_SIZE_TYPE","SAFE_DEPOSIT_AGREEMENT","0:M","","association"
"DEPOSIT_MATURITY_SUBTYPE","DEPOSIT_AGREEMENT","0:M","","association"
"DEPOSIT_OWNERSHIP_TYPE","DEPOSIT_AGREEMENT","0:M","","association"
"DEPOSIT_SLIP_TRANSACTION_TYPE","DEPOSIT_SLIP","0:M","","association"
"DEPRECIABLE_ASSET_ACCOUNT","DEPRECIABLE_ASSET_ACCOUNT_PAYABLE","0:M","","association"
"DEPRECIABLE_ASSET_TYPE","DEPRECIABLE_FIXED_ASSET","0:M","","association"
"DEPRECIABLE_FIXED_ASSET","DEPRECIABLE_ASSET_DEPRECIATION","0:M","","association"
"DEPRECIATION_METHOD_TYPE","DEPRECIABLE_ASSET_DEPRECIATION","0:M","","association"
"DEPRECIATION_METHOD_TYPE","DEPRECIATION_AMOUNT","0:M","","association"
"DERIVATIVE_NOTIONAL_CHANGE_TYPE","TRADE_EXECUTION","0:M","","association"
"DERIVATIVE_SUBTYPE","DERIVATIVE_AGREEMENT","0:M","","association"
"DERIVATIVE_UNDERLYING_PRODUCT_TYPE","DERIVATIVE_AGREEMENT","0:M","","association"
"DERIVED_WEATHER","WEATHER_NORMALS_PERIODIC","0:M","","association"
"DESCRIPTIVE_FEATURE_TYPE","DESCRIPTIVE_FEATURE","0:M","","association"
"DESIGNATED_MARKET_AREA__GEO","BROWSER_GEOGRAPHIC_ADDRESS_INFORMATION","0:M","","association"
"DESIGNATED_MARKET_AREA__GEO","INTERNET_PROTOCOL_ADDRESS_GEOGRAPHICAL_MAP","0:M","","association"
"DESIGNATED_MARKET_AREA__GEO","ONLINE_APPLICATION_ACCESS","0:M","","association"
"DIAGNOSIS_CLASSIFICATION_TYPE","DIAGNOSIS_CODE","0:M","","association"
"DIAGNOSIS_CODE","CLAIM_AUTHORIZATION_DIAGNOSIS_CODE","0:M","","association"
"DIAGNOSIS_CODE","CLAIM_DIAGNOSIS_CODE","0:M","","association"
"DIAGNOSIS_CODE","CLAIM_SERVICE_DIAGNOSIS_CODE","0:M","","association"
"DIAGNOSIS_CODE","DIAGNOSIS_CODE_SERVICE_XREF","0:M","","association"
"DIAGNOSIS_CODE","DIAGNOSIS_CODE_XREF","0:M","","association"
"DIAGNOSIS_CODE","PARTY_CLAIM_SERVICE_DIAGNOSIS_AMOUNT","0:M","","association"
"DIAGNOSIS_CODE_LEVEL_TYPE","CLAIM_AUTHORIZATION_DIAGNOSIS_CODE","0:M","","association"
"DIAGNOSIS_CODE_LEVEL_TYPE","CLAIM_DIAGNOSIS_CODE","0:M","","association"
"DIAGNOSIS_CODE_LEVEL_TYPE","CLAIM_SERVICE_DIAGNOSIS_CODE","0:M","","association"
"DIAGNOSIS_RELATED_GROUP","INPATIENT_INSTITUTIONAL_CLAIM_is_repriced","0:M","","association"
"DIAGNOSIS_RELATED_GROUP","INPATIENT_INSTITUTIONAL_CLAIM_is_submitted","0:M","","association"
"DIGITAL_ITEM","ITEM_TRANSFER","0:M","","association"
"DIGITAL_PLACEMENT","DIGITAL_PLACEMENT_SUMMARY","0:M","","association"
"DIGITAL_PLACEMENT","DIGITAL_PLACEMENT_XREF","0:M","","association"
"DIGITAL_PLACEMENT_SUBTYPE","DIGITAL_PLACEMENT","0:M","","association"
"DIGITAL_PLACEMENT_SUBTYPE","DIGITAL_REQUEST_PLACEMENT","0:M","","association"
"DIGITAL_REQUEST_PLACEMENT","REFERRAL_WEB_AD","0:M","","association"
"DIGITAL_REQUEST_PLACEMENT","WEB_AD_PLACEMENT_SUMMARY","0:M","","association"
"DIGITAL_REQUEST_PLACEMENT","WEB_AD_PLACEMENT_TEXT","0:M","","association"
"DIRECTION_TYPE","FILE_TRANSFER","0:M","","association"
"DIRECTION_TYPE","ROADWAY","0:M","","association"
"DIRECTION_TYPE","STREET_ADDRESS_DETAIL","0:M","","association"
"DIRECT_CONTACT_TYPE","DIRECT_CONTACT_EVENT","0:M","","association"
"DIRECT_EARNING_SUBTYPE","DIRECT_EARNING","0:M","","association"
"DIRECT_PAY_ELEMENT_FIXED_TYPE","DIRECT_PAY_ELEMENT_FIXED","0:M","","association"
"DIRECT_PAY_ELEMENT_TYPE","DIRECT_PAY_ELEMENT","0:M","","association"
"DISPENSE_TYPE","PHARMACY_CLAIM_SERVICE","0:M","","association"
"DISPENSING_FORM_TYPE","PHARMACY_CLAIM_SERVICE_DRUG","0:M","","association"
"DISPENSING_STATUS","PHARMACY_CLAIM_SERVICE","0:M","","association"
"DISTRICT_JAPAN","BLOCK_JAPAN","0:M","","association"
"DISTRICT_JAPAN","STREET_ADDRESS_JAPAN","0:M","","association"
"DIVIDEND_EQUITY_ACCOUNT_TYPE","DIVIDEND_EQUITY_ACCOUNT","1:M","","association"
"DIVIDEND_TYPE","DIVIDEND_DECLARE_EVENT","0:M","","association"
"DOCUMENT","AGREEMENT_DOCUMENT","0:M","","association"
"DOCUMENT","ANALYTICAL_MODEL_DOCUMENT","0:M","","association"
"DOCUMENT","APPLICATION_DOCUMENT","0:M","","association"
"DOCUMENT","CASE_DOCUMENT","0:M","","association"
"DOCUMENT","CLAIM_AUTHORIZATION_ATTACHMENT","0:M","","association"
"DOCUMENT","CLAIM_DOCUMENT","0:M","","association"
"DOCUMENT","COMMUNICATION_COLLATERAL","0:1","","association"
"DOCUMENT","DOCUMENT_GROUP_XREF","0:M","","association"
"DOCUMENT","DOCUMENT_RELATED_is_related_to","0:M","","association"
"DOCUMENT","DOCUMENT_RELATED_is_related_with","0:M","","association"
"DOCUMENT","DOCUMENT_SITE","0:M","","association"
"DOCUMENT","DOCUMENT_STATUS","0:M","","association"
"DOCUMENT","DOCUMENT_TEXT_SECTION","0:1","","association"
"DOCUMENT","EVENT_DOCUMENT","0:M","","association"
"DOCUMENT","GRIEVANCE_PROCEDURE","0:M","","association"
"DOCUMENT","LABOR_GRIEVANCE_DOCUMENT","0:M","","association"
"DOCUMENT","LEGAL_ACTION_DOCUMENT","0:M","","association"
"DOCUMENT","MICROSITE_DOCUMENT_XREF","0:M","","association"
"DOCUMENT","OPPORTUNITY_DOCUMENT","0:M","","association"
"DOCUMENT","PARTY_ASSET_DOCUMENT","0:M","","association"
"DOCUMENT","PARTY_CREDIT_REPORT","0:1","","association"
"DOCUMENT","PARTY_DOCUMENT","0:M","","association"
"DOCUMENT","PARTY_IDENTIFICATION_DOCUMENT","0:M","","association"
"DOCUMENT","PARTY_INFORMATION_DOCUMENT","0:M","","association"
"DOCUMENT","PRODUCT_DOCUMENT","0:M","","association"
"DOCUMENT","STEP_SPECIFICATION_STANDARD","0:M","","association"
"DOCUMENT","WEB_DOCUMENT_EVENT","0:M","","association"
"DOCUMENT_FORMAT_TYPE","DOCUMENT","0:M","","association"
"DOCUMENT_GROUP","DOCUMENT_GROUP_XREF","0:M","","association"
"DOCUMENT_GROUP_TYPE","DOCUMENT_GROUP","0:M","","association"
"DOCUMENT_IMAGE_SOURCE_TYPE","CHECK_IMAGE","0:M","","association"
"DOCUMENT_IMAGE_SOURCE_TYPE","DEPOSIT_SLIP","0:M","","association"
"DOCUMENT_IMAGE_TYPE","CHECK_IMAGE","0:M","","association"
"DOCUMENT_IMAGE_TYPE","DEPOSIT_SLIP","0:M","","association"
"DOCUMENT_PRODUCTION_CYCLE_TYPE","AGREEMENT","0:M","","association"
"DOCUMENT_PRODUCTION_CYCLE_TYPE","DOCUMENT","0:M","","association"
"DOCUMENT_PRODUCTION_CYCLE_TYPE","FINANCIAL_EVENT","0:M","","association"
"DOCUMENT_RELATED_TYPE","DOCUMENT_RELATED","0:M","","association"
"DOCUMENT_STATUS_TYPE","DOCUMENT_STATUS","0:M","","association"
"DOCUMENT_SUBTYPE","DOCUMENT","0:M","","association"
"DOCUMENT_TYPE","DOCUMENT","0:M","","association"
"DOCUMENT_TYPE","DOCUMENT_TYPE","0:M","","association"
"DOCUMENT_TYPE","NEXT_ACTIVITY","0:M","","association"
"DOMAIN_ROOT_TYPE","ELECTRONIC_ADDRESS","0:M","","association"
"DOMESTIC_FOREIGN_TYPE","TRADE_EVENT_SETTLE_INSTRUCTION","0:M","","association"
"DOMESTIC_FOREIGN_TYPE","TRADE_SETTLEMENT_INSTRUCTION","0:M","","association"
"DOMESTIC_FOREIGN_TYPE","TRADE_SETTLEMENT_PRODUCT_GROUP","0:M","","association"
"DOSAGE_FORM_TYPE","COMPOUND_DRUG_is_from_dosage","0:M","","association"
"DOSAGE_FORM_TYPE","COMPOUND_DRUG_is_to_dosage","0:M","","association"
"DOSAGE_FORM_TYPE","DRUG_NDC__GEO","0:M","","association"
"DOSAGE_FORM_TYPE","INSTITUTIONAL_CLAIM_SERVICE_DRUG","0:M","","association"
"DOSAGE_FORM_TYPE","PHARMACY_CLAIM_SERVICE_DRUG","0:M","","association"
"DOSAGE_FORM_TYPE","PROFESSIONAL_CLAIM_SERVICE_DRUG","0:M","","association"
"DOWNLOAD_FAILURE_REASON_TYPE","DOWNLOAD_EVENT","0:M","","association"
"DRAFT_TYPE","BANK_DRAFT","0:M","","association"
"DRAFT_TYPE","CHECK_EVENT","0:M","","association"
"DRIVERS_LICENSE_REVOKE_REASON","PARTY_DRIVING_LICENSE_ISSUANCE","0:M","","association"
"DRUG_NDC__GEO","DRUG_PUBLISHED_PRICE","0:M","","association"
"DRUG_NDC__GEO","FORMULARY_DRUG_NDC__GEO","0:M","","association"
"DRUG_NDC__GEO","INSTITUTIONAL_CLAIM_SERVICE_DRUG","0:M","","association"
"DRUG_NDC__GEO","PHARMACY_CLAIM_SERVICE_DRUG","0:M","","association"
"DRUG_PUBLISHED_PRICE","DRUG_MAXIMUM_ALLOWABLE_COST","0:M","","association"
"DRUG_STANDARD_PRICE_TYPE","DRUG_PUBLISHED_PRICE","0:M","","association"
"DRUG_STANDARD_PRICE_TYPE","PHARMACY_CLAIM_SERVICE_DRUG","0:M","","association"
"DRUG_TYPE","PHARMACY_CLAIM_SERVICE_DRUG","0:M","","association"
"DUNNING_LEVEL_TYPE","DUNNING_LETTER","0:M","","association"
"DWELLING_TYPE","STREET_ADDRESS","0:M","","association"
"DWELLING_TYPE","STREET_ADDRESS_JAPAN","0:M","","association"
"EARLY_AMORTIZATION_TYPE","CCF_EARLY_AMORTIZATION_PARAMETER","0:M","","association"
"EARNING_STATEMENT_TYPE","VENDOR","0:M","","association"
"ECONOMIC_MEASURE_TYPE","ASSET_VALUE","0:M","","association"
"ECONOMIC_MEASURE_TYPE","GEOGRAPHIC_ECONOMIC_MEASURE","0:M","","association"
"EDUCATION_LEVEL_TYPE","INSURANCE_AGENT","0:M","","association"
"EDUCATION_SUPPORT_TYPE","INSURANCE_AGENT","0:M","","association"
"EFFORT_LEVEL","PHARMACY_CLAIM_SERVICE","0:M","","association"
"ELECTRONIC_ADDRESS","DIGITAL_PLACEMENT","0:M","","association"
"ELECTRONIC_ADDRESS","DIGITAL_REQUEST_PLACEMENT","0:M","","association"
"ELECTRONIC_ADDRESS","ELECTRONIC_CHANNEL_INSTANCE","0:1","","association"
"ELECTRONIC_ADDRESS","EMAIL_REFERRAL","0:M","","association"
"ELECTRONIC_ADDRESS","VISITOR_INPUT","0:M","","association"
"ELECTRONIC_ADDRESS","WEB_SITE","0:1","","association"
"ELECTRONIC_ADDRESS_SUBTYPE","ELECTRONIC_ADDRESS","0:M","","association"
"ELIGIBILITY_CLARIFICATION_TYPE","PHARMACY_CLAIM_SERVICE","0:M","","association"
"ELIGIBILITY_RESTRICTION_TYPE","FEATURE_DEMOGRAPHIC_ELIGIBILITY","0:M","","association"
"ELIGIBILITY_RESTRICTION_TYPE","FEATURE_EVENT_ACTIVITY_ELIGIBILITY","0:M","","association"
"ELIGIBILITY_RESTRICTION_TYPE","FEATURE_OCCUPATION_ELIGIBILITY","0:M","","association"
"ELIGIBILITY_RESTRICTION_TYPE","FEATURE_RISK_GRADE_ELIGIBILITY_RULE","0:M","","association"
"ELIGIBILITY_RESTRICTION_TYPE","FEATURE_SCORE_MODEL_ELIGIBILITY","0:M","","association"
"ELIGIBILITY_RESTRICTION_TYPE","PRODUCT_DEMOGRAPHIC_ELIGIBILITY","0:M","","association"
"ELIGIBILITY_RESTRICTION_TYPE","PRODUCT_EVENT_ACTIVITY_ELIGIBILITY","0:M","","association"
"ELIGIBILITY_RESTRICTION_TYPE","PRODUCT_FEATURE_DEMOGRAPHIC_ELIGIBILITY","0:M","","association"
"ELIGIBILITY_RESTRICTION_TYPE","PRODUCT_FEATURE_EVENT_ACTIVITY_ELIGIBILITY","0:M","","association"
"ELIGIBILITY_RESTRICTION_TYPE","PRODUCT_FEATURE_OCCUPATION_ELIGIBILITY","0:M","","association"
"ELIGIBILITY_RESTRICTION_TYPE","PRODUCT_FEATURE_RISK_ELIGIBILITY_RULE","0:M","","association"
"ELIGIBILITY_RESTRICTION_TYPE","PRODUCT_FEATURE_SCORE_MODEL_ELIGIBILITY","0:M","","association"
"ELIGIBILITY_RESTRICTION_TYPE","PRODUCT_OCCUPATION_ELIGIBILITY","0:M","","association"
"ELIGIBILITY_RESTRICTION_TYPE","PRODUCT_RISK_GRADE_ELIGIBILITY_RULE","0:M","","association"
"ELIGIBILITY_RESTRICTION_TYPE","PRODUCT_SCORE_MODEL_ELIGIBILITY","0:M","","association"
"ELIGIBLE_RISK_MITIGANT_TYPE","COLLATERAL_ITEM","0:M","","association"
"EMAIL_AD","EMAIL_REFERRAL","0:M","","association"
"EMAIL_CLIENT_APPLICATION","EMAIL_REFERRAL","0:M","","association"
"EMPLOYMENT_BASIS_TYPE","ASSOCIATE_EMPLOYMENT_BASIS","0:M","","association"
"ENVELOPE_MESSAGE_TYPE","STATEMENT","0:M","","association"
"EQUIPMENT_TYPE","EQUIPMENT_ASSET","0:M","","association"
"EQUITY_ACCOUNT_TYPE","EQUITY_ACCOUNT","1:M","","association"
"EQUITY_BASEL_TYPE","STOCK_BOND_HOLDING","0:M","","association"
"EQUITY_FUTURES","EQUITY_FUTURES_DIVIDEND_SCHEDULE","0:1","","association"
"EQUITY_RISK_NETTED_GROUP","EQUITY_NETTED_GROUP_RISK","0:M","","association"
"ETHNICITY_TYPE","INDIVIDUAL","0:M","","association"
"EVENT","AD_ORDER_EVENT","0:M","","association"
"EVENT","AR_INVOICE","0:M","","association"
"EVENT","CAMPAIGN_CELL_RESPONSE","0:M","","association"
"EVENT","CASE_EVENT","0:M","","association"
"EVENT","CLAIM_AUTHORIZATION_EVENT","0:M","","association"
"EVENT","CLAIM_EVENT","0:M","","association"
"EVENT","CLAIM_EXPOSURE_EVENT","0:M","","association"
"EVENT","EVENT_CHANNEL_INSTANCE","0:M","","association"
"EVENT","EVENT_COST","0:M","","association"
"EVENT","EVENT_DOCUMENT","0:M","","association"
"EVENT","EVENT_EVENT_CLASS_XREF","0:M","","association"
"EVENT","EVENT_FEATURE","0:M","","association"
"EVENT","EVENT_FORECAST_METRIC","0:M","","association"
"EVENT","EVENT_GROUP_XREF","0:M","","association"
"EVENT","EVENT_LOCATOR","0:M","","association"
"EVENT","EVENT_METRIC","0:M","","association"
"EVENT","EVENT_MULTIMEDIA_OBJECT","0:M","","association"
"EVENT","EVENT_PARTY","0:M","","association"
"EVENT","EVENT_PAYMENT_INSTRUCTION","0:M","","association"
"EVENT","EVENT_PRODUCT","0:M","","association"
"EVENT","EVENT_PRODUCT_IDENTIFICATION","0:M","","association"
"EVENT","EVENT_RELATED_is_related_to","0:M","","association"
"EVENT","EVENT_RELATED_is_related_with","0:M","","association"
"EVENT","EVENT_RISK_GRADE","0:M","","association"
"EVENT","EVENT_SCORE","0:M","","association"
"EVENT","EVENT_SITE","0:M","","association"
"EVENT","EVENT_STATUS","0:M","","association"
"EVENT","EVENT_SURVEY_RESPONSE","0:M","","association"
"EVENT","EVENT_TEXT","0:M","","association"
"EVENT","INTERNAL_CLAIM_ADJUDICATION","0:M","","association"
"EVENT","NEXT_ACTIVITY_is_response_to","0:M","","association"
"EVENT","NEXT_ACTIVITY_was_actual_event","0:M","","association"
"EVENT","PARTY_ASSET_EVENT","0:M","","association"
"EVENT","PARTY_CREDIT_REPORT","0:M","","association"
"EVENT","SURVEY_EVENT","0:M","","association"
"EVENT","TAX_LOT_EVENT","0:M","","association"
"EVENT","TRADE_EVENT_SETTLE_INSTRUCTION","0:M","","association"
"EVENT","UNKNOWN_PARTY_EVENT","0:M","","association"
"EVENT","WORK_PROCESS_EVENT","0:M","","association"
"EVENT_ACTIVITY_TYPE","ACTIVITY_ACTIVITY_GROUP","0:M","","association"
"EVENT_ACTIVITY_TYPE","EVENT","0:M","","association"
"EVENT_ACTIVITY_TYPE","FEATURE_EVENT_ACTIVITY_ELIGIBILITY","0:M","","association"
"EVENT_ACTIVITY_TYPE","INVESTMENT_STATEMENT_LINE_ITEM","0:M","","association"
"EVENT_ACTIVITY_TYPE","NEXT_ACTIVITY","0:M","","association"
"EVENT_ACTIVITY_TYPE","PARTY_CHANNEL_PREFERENCE_SCORE","0:M","","association"
"EVENT_ACTIVITY_TYPE","PARTY_CHANNEL_TYPE_ACTIVITY_QUOTA","0:M","","association"
"EVENT_ACTIVITY_TYPE","PRODUCT_EVENT_ACTIVITY_ELIGIBILITY","0:M","","association"
"EVENT_ACTIVITY_TYPE","PRODUCT_FEATURE_EVENT_ACTIVITY_ELIGIBILITY","0:M","","association"
"EVENT_CHANNEL_REASON","EVENT_CHANNEL_INSTANCE","0:M","","association"
"EVENT_CLASS_SCHEME_TYPE","EVENT_CLASS_SCHEME_TYPE","0:M","","association"
"EVENT_CLASS_SCHEME_TYPE","EVENT_CLASS_VALUE","0:M","","association"
"EVENT_CLASS_SCHEME_TYPE","EVENT_EVENT_CLASS_XREF","0:M","","association"
"EVENT_CLASS_VALUE","EVENT_CLASS_VALUE","0:M","","association"
"EVENT_CLASS_VALUE","EVENT_EVENT_CLASS_XREF","0:M","","association"
"EVENT_CONTENT","EVENT_CONTENT_ITEM","0:M","","association"
"EVENT_DOCUMENT_ROLE","EVENT_DOCUMENT","0:M","","association"
"EVENT_FEATURE_ROLE","EVENT_FEATURE","0:M","","association"
"EVENT_GROUP","EVENT_GROUP","0:M","","association"
"EVENT_GROUP","EVENT_GROUP_XREF","0:M","","association"
"EVENT_GROUP_TYPE","EVENT_GROUP","0:M","","association"
"EVENT_LOCATOR_REASON","EVENT_LOCATOR","0:M","","association"
"EVENT_MEDIUM_TYPE","FINANCIAL_EVENT","0:M","","association"
"EVENT_METRIC_TYPE","EVENT_FORECAST_METRIC","0:M","","association"
"EVENT_METRIC_TYPE","EVENT_METRIC","0:M","","association"
"EVENT_MULTIMEDIA_REASON","EVENT_MULTIMEDIA_OBJECT","0:M","","association"
"EVENT_PARTY","EVENT_PARTY_TEXT_SECTION","0:1","","association"
"EVENT_PARTY_ROLE","EVENT_PARTY","0:M","","association"
"EVENT_PRODUCT_ROLE","EVENT_PRODUCT","0:M","","association"
"EVENT_REASON","EVENT","0:M","","association"
"EVENT_RELATED_REASON","EVENT_RELATED","0:M","","association"
"EVENT_SITE_REASON","EVENT_SITE","0:M","","association"
"EVENT_STATUS_REASON","EVENT_STATUS","0:M","","association"
"EVENT_STATUS_TYPE","EVENT_STATUS","0:M","","association"
"EVENT_SUBTYPE","EVENT","0:M","","association"
"EVENT_TEXT","EVENT_TEXT_SECTION","0:1","","association"
"EVENT_TEXT","TEXT_PATTERN_RESPONSE","0:M","","association"
"EXCEPTION_RANGE_ZONE_TYPE","VALUE_AT_RISK_MULTIPLIER_PARAMETER","0:M","","association"
"EXCHANGE","TRADED_INVESTMENT_PRODUCT","0:M","","association"
"EXCHANGE_CODE","EXCHANGE","0:M","","association"
"EXCHANGE_DELISTING_REASON_TYPE","EXCHANGE_DELISTING","0:M","","association"
"EXCLUSION_TYPE","PRODUCT_FEATURE_PERIL","0:M","","association"
"EXPENSE_ACCOUNT","EXPENSE_ACCOUNT_COST_TYPE_XREF","0:M","","association"
"EXPENSE_ACCOUNT_SUBTYPE","EXPENSE_ACCOUNT","1:M","","association"
"EXPOSURE_AGREEMENT_ASSET_VALUE","EXPOSURE_AGREEMENT_ASSET_VALUE_ADJUSTMENT","0:M","","association"
"EXPOSURE_AGREEMENT_COLLATERAL_ITEM","EXPOSURE_AGREEMENT_ASSET_VALUE","0:M","","association"
"EXPOSURE_AGREEMENT_RISK_MITIGANT_AGREEMENT","COLLATERALIZED_EXPOSURE","0:M","","association"
"EXTERNALLY_REPORTED_CLAIM","EXTERNAL_CLAIM_LOSS_DETAIL","0:M","","association"
"EXTERNAL_AGREEMENT","OTHER_PARTY_INSURANCE_COVERAGE","0:M","","association"
"EXTERNAL_AGREEMENT","PARTY_ASSET_INSURANCE_COVERAGE","0:M","","association"
"EXTERNAL_AGREEMENT_TYPE","EXTERNAL_AGREEMENT","0:M","","association"
"EXTERNAL_CLAIM_CRIME_REPORT_TYPE","EXTERNALLY_REPORTED_VEHICLE_CLAIM","0:M","","association"
"EXTERNAL_CLAIM_FAULT_TYPE","EXTERNALLY_REPORTED_VEHICLE_CLAIM","0:M","","association"
"EXTERNAL_CLAIM_LOSS_STATUS_TYPE","EXTERNAL_CLAIM_LOSS_DETAIL","0:M","","association"
"EXTERNAL_CLAIM_LOSS_TYPE","EXTERNAL_CLAIM_LOSS_DETAIL","0:M","","association"
"EXTERNAL_CLAIM_POLICY_TYPE","EXTERNALLY_REPORTED_CLAIM","0:M","","association"
"EXTERNAL_CLAIM_SUBTYPE","EXTERNALLY_REPORTED_CLAIM","0:M","","association"
"EXTERNAL_CLAIM_VEHICLE_DISPOSITION_STATUS_TYPE","EXTERNALLY_REPORTED_VEHICLE_CLAIM","0:M","","association"
"EXTERNAL_COUPON","PHARMACY_CLAIM_SERVICE","0:M","","association"
"EXTERNAL_LIST","EXTERNAL_WATCH_LIST_SOURCE","0:1","","association"
"EXTERNAL_LIST","PARTY_TO_EXTERNAL_LIST","0:M","","association"
"EXTERNAL_LIST_TYPE","EXTERNAL_LIST","0:M","","association"
"EXTERNAL_TRIGGER_TYPE","EXTERNAL_TRIGGER","0:M","","association"
"FACILITY_QUALIFIER_TYPE","FACILITY_TYPE","0:M","","association"
"FACILITY_TYPE","CLAIM_AUTHORIZATION","0:M","","association"
"FACILITY_TYPE","HEALTH_CLAIM_SERVICE","0:M","","association"
"FACILITY_TYPE","HOME_HEALTH_CERTIFICATION","0:M","","association"
"FACILITY_TYPE","INSTITUTIONAL_CLAIM_adjudicated","0:M","","association"
"FACILITY_TYPE","INSTITUTIONAL_CLAIM_submitted","0:M","","association"
"FAULT_TYPE","CLAIM_INSURABLE_INTEREST","0:M","","association"
"FEATURE","ACCESS_DEVICE_FEATURE","0:M","","association"
"FEATURE","AGREEMENT_ACCESS_DEVICE_FEATURE","0:M","","association"
"FEATURE","AGREEMENT_FEATURE_RELATED_is_overridden","0:M","","association"
"FEATURE","AGREEMENT_FEATURE_RELATED_is_specific_to","0:M","","association"
"FEATURE","AGREEMENT_FEATURE_describes","0:M","","association"
"FEATURE","AGREEMENT_FEATURE_is_overridden","0:M","","association"
"FEATURE","AGREEMENT_GROUP_FEATURE","0:M","","association"
"FEATURE","AGREEMENT_INSURED_ASSET_FEATURE_RELATED_describes","0:M","","association"
"FEATURE","AGREEMENT_INSURED_ASSET_FEATURE_RELATED_is_overridden","0:M","","association"
"FEATURE","AGREEMENT_INSURED_ASSET_FEATURE_describes","0:M","","association"
"FEATURE","AGREEMENT_INSURED_ASSET_FEATURE_is_overridden","0:M","","association"
"FEATURE","AGREEMENT_PARTY_FEATURE_RELATED_describes","0:M","","association"
"FEATURE","AGREEMENT_PARTY_FEATURE_RELATED_is_overridden","0:M","","association"
"FEATURE","AGREEMENT_PARTY_FEATURE_describes","0:M","","association"
"FEATURE","AGREEMENT_PARTY_FEATURE_is_overridden","0:M","","association"
"FEATURE","AGREEMENT_PRODUCT_FEATURE_RELATED_is_condition_for","0:M","","association"
"FEATURE","AGREEMENT_PRODUCT_FEATURE_RELATED_is_overridden_by","0:M","","association"
"FEATURE","AGREEMENT_PRODUCT_FEATURE_is_terms_and_conditions_for","0:M","","association"
"FEATURE","AGREEMENT_PRODUCT_FEATURE_was_overridden_by","0:M","","association"
"FEATURE","APPLICATION_FEATURE_RELATED_is_overridden","0:M","","association"
"FEATURE","APPLICATION_FEATURE_RELATED_is_specific_to","0:M","","association"
"FEATURE","APPLICATION_FEATURE_is_overridden","0:M","","association"
"FEATURE","APPLICATION_FEATURE_is_specific_to","0:M","","association"
"FEATURE","ASSET_FEATURE","0:M","","association"
"FEATURE","CAMPAIGN_CONDITION","0:M","","association"
"FEATURE","CHANNEL_FEATURE","0:M","","association"
"FEATURE","CREDIT_CARD_BALANCE_SEGMENT","0:1","","association"
"FEATURE","EVENT_FEATURE","0:M","","association"
"FEATURE","FEATURE-TO-FEATURE_GROUP","0:M","","association"
"FEATURE","FEATURE_CLASS_VALUE_XREF","0:M","","association"
"FEATURE","FEATURE_DEMOGRAPHIC_ELIGIBILITY","0:M","","association"
"FEATURE","FEATURE_ELIGIBILITY","0:M","","association"
"FEATURE","FEATURE_EVENT_ACTIVITY_ELIGIBILITY","0:M","","association"
"FEATURE","FEATURE_GEOGRAPHICAL_AREA","0:M","","association"
"FEATURE","FEATURE_LOCATOR","0:M","","association"
"FEATURE","FEATURE_OCCUPATION_ELIGIBILITY","0:M","","association"
"FEATURE","FEATURE_RELATED_is_related_to","0:M","","association"
"FEATURE","FEATURE_RELATED_is_related_with","0:M","","association"
"FEATURE","FEATURE_RISK_GRADE_ELIGIBILITY_RULE","0:M","","association"
"FEATURE","FEATURE_SCORE_MODEL_ELIGIBILITY","0:M","","association"
"FEATURE","FEATURE_SUBJECT","0:1","","association"
"FEATURE","FEATURE_UNIFIED_COVERAGE","0:M","","association"
"FEATURE","FINANCIAL_EVENT_AMOUNT_FEATURE","0:M","","association"
"FEATURE","INVOICE_FEATURE","0:M","","association"
"FEATURE","LIABILITY_FEATURE","0:M","","association"
"FEATURE","NEXT_OFFER_FEATURE","0:M","","association"
"FEATURE","OFFER_FEATURE","0:M","","association"
"FEATURE","OPPORTUNITY_FEATURE","0:M","","association"
"FEATURE","OPPORTUNITY_PRODUCT_FEATURE","0:M","","association"
"FEATURE","PARTY_AGREEMENT_ASSET_FEATURE","0:M","","association"
"FEATURE","PARTY_FEATURE","0:M","","association"
"FEATURE","POLICY_INSURABLE_COVERAGE","0:M","","association"
"FEATURE","POLICY_INSURABLE_INTEREST_FEATURE_RELATED","0:M","","association"
"FEATURE","PRODUCT_FEATURE","0:M","","association"
"FEATURE","PRODUCT_FEATURE_GROUP","0:M","","association"
"FEATURE","PRODUCT_FEATURE_PERIL","0:M","","association"
"FEATURE","PRODUCT_FEATURE_RELATED","0:M","","association"
"FEATURE","PRODUCT_PACKAGE_FEATURE","0:M","","association"
"FEATURE","PRODUCT_PACKAGE_FEATURE_RELATED","0:M","","association"
"FEATURE","PROPOSAL_FEATURE","0:M","","association"
"FEATURE","PROPOSAL_PRODUCT_FEATURE","0:M","","association"
"FEATURE","QUOTATION_FEATURE_RELATED_is_overridden","0:M","","association"
"FEATURE","QUOTATION_FEATURE_RELATED_is_specific_to","0:M","","association"
"FEATURE","QUOTATION_FEATURE_is_overridden","0:M","","association"
"FEATURE","QUOTATION_FEATURE_is_specific_to","0:M","","association"
"FEATURE","STATUTORY_RESPONSIBILITY","0:M","","association"
"FEATURE","SWAP_LEG_CASH_FLOW_FEATURE","0:M","","association"
"FEATURE","VISIT_PRODUCT_FEATURE_SUMMARY","0:M","","association"
"FEATURE_CLASSIFICATION_TYPE","FEATURE","0:M","","association"
"FEATURE_CLASS_SCHEME_TYPE","FEATURE_CLASS_SCHEME_TYPE","0:M","","association"
"FEATURE_CLASS_SCHEME_TYPE","FEATURE_CLASS_VALUE","0:M","","association"
"FEATURE_CLASS_SCHEME_TYPE","FEATURE_CLASS_VALUE_XREF","0:M","","association"
"FEATURE_CLASS_VALUE","FEATURE_CLASS_VALUE","0:M","","association"
"FEATURE_CLASS_VALUE","FEATURE_CLASS_VALUE_XREF","0:M","","association"
"FEATURE_GEOGRAPHICAL_AREA_ROLE","FEATURE_GEOGRAPHICAL_AREA","0:M","","association"
"FEATURE_GROUP","AGREEMENT_FEATURE_GROUP","0:M","","association"
"FEATURE_GROUP","FEATURE-TO-FEATURE_GROUP","0:M","","association"
"FEATURE_GROUP","FEATURE_GROUP","0:M","","association"
"FEATURE_GROUP","FEATURE_GROUP_METRIC","0:M","","association"
"FEATURE_GROUP","INSURANCE_LINE_OF_BUSINESS_TYPE","0:1","","association"
"FEATURE_GROUP","PAYMENT_SCHEDULE_TERM","0:M","","association"
"FEATURE_GROUP","PRODUCT_FEATURE_GROUP","0:M","","association"
"FEATURE_GROUP_TYPE","FEATURE_GROUP","0:M","","association"
"FEATURE_INSURANCE_SUBTYPE","FEATURE","0:M","","association"
"FEATURE_RELATED","FEATURE_RELATED_LOCATOR","0:M","","association"
"FEATURE_RELATIONSHIP_TYPE","FEATURE_RELATED","0:M","","association"
"FEATURE_SUBTYPE","FEATURE","0:M","","association"
"FILE_FORMAT","DIGITAL_ITEM","0:M","","association"
"FINANCE_EXPOSURE_AGREEMENT","EXPOSURE_AGREEMENT_COLLATERAL_ITEM","0:M","","association"
"FINANCE_EXPOSURE_AGREEMENT","FINANCE_EXPOSURE_RISK_TYPE","0:M","","association"
"FINANCIAL_AGREEMENT","AGREEMENT_CREDIT_RISK_TYPE_METRIC","0:M","","association"
"FINANCIAL_AGREEMENT","AGREEMENT_LIMIT","0:M","","association"
"FINANCIAL_AGREEMENT","AGREEMENT_MARKET_RISK_FACTOR","0:M","","association"
"FINANCIAL_AGREEMENT","AGREEMENT_MARKET_RISK_TYPE","0:M","","association"
"FINANCIAL_AGREEMENT","AGREEMENT_RISK_METRIC","0:M","","association"
"FINANCIAL_AGREEMENT","FINANCIAL_AGREEMENT_ADJUSTMENT","0:M","","association"
"FINANCIAL_AGREEMENT","FINANCIAL_AGREEMENT_BASEL_II_APPROACH","0:M","","association"
"FINANCIAL_AGREEMENT","FINANCIAL_AGREEMENT_PASSBOOK","0:M","","association"
"FINANCIAL_AGREEMENT","TRANCHE_TO_AGREEMENT","0:M","","association"
"FINANCIAL_AGREEMENT_SUBTYPE","FINANCIAL_AGREEMENT","0:M","","association"
"FINANCIAL_AGREEMENT_TYPE","FINANCIAL_AGREEMENT","0:M","","association"
"FINANCIAL_AGREEMENT_TYPE_JAPAN","FINANCIAL_AGREEMENT_JAPAN","0:M","","association"
"FINANCIAL_ASSET_SUBTYPE","FINANCIAL_ASSET","0:M","","association"
"FINANCIAL_DIFFICULTY_TYPE","AGREEMENT_REMEDIATION_PLAN","0:M","","association"
"FINANCIAL_DOCUMENT_ITEM_TYPE","PARTY_FINANCIAL_DOCUMENT_ITEM","0:M","","association"
"FINANCIAL_DOCUMENT_TYPE","PARTY_FINANCIAL_DOCUMENT","0:M","","association"
"FINANCIAL_EVENT","FINANCIAL_EVENT_AMOUNT","0:M","","association"
"FINANCIAL_EVENT","FINANCIAL_EVENT_JOURNAL_ENTRY_LINE","0:M","","association"
"FINANCIAL_EVENT_AMOUNT","FINANCIAL_EVENT_AMOUNT_FEATURE","0:M","","association"
"FINANCIAL_EVENT_AMOUNT","FINANCIAL_EVENT_JOURNAL_ENTRY_LINE","0:M","","association"
"FINANCIAL_EVENT_AMOUNT_TYPE","FINANCIAL_EVENT_AMOUNT","0:M","","association"
"FINANCIAL_EVENT_TYPE","FINANCIAL_EVENT","0:M","","association"
"FINANCIAL_INSTITUTION_ID_TYPE","TRADE_EVENT_SETTLE_INSTRUCTION","0:M","","association"
"FINANCIAL_INSTITUTION_ID_TYPE","TRADE_SETTLE_PHYSICAL_DELIVERY","0:M","","association"
"FINANCIAL_INSTITUTION_INTERNAL_ORGANIZATION","BASEL_OPERATIONAL_RISK_BETA_PARAMETER","0:M","","association"
"FINANCIAL_INSTITUTION_INTERNAL_ORGANIZATION","BUSINESS_LINE_LOSS_TYPE_MEASURE","0:M","","association"
"FINANCIAL_INSTITUTION_INTERNAL_ORGANIZATION","BUSINESS_LINE_RISK_MEASURE","0:M","","association"
"FINANCIAL_INSTITUTION_INTERNAL_ORGANIZATION","INTERNAL_ORGANIZATION_GROUP_FUNCTION","0:M","","association"
"FINANCIAL_INSTITUTION_INTERNAL_ORGANIZATION","INTERNAL_ORGANIZATION_GROUP_SKILL","0:M","","association"
"FINANCIAL_INSTITUTION_INTERNAL_ORGANIZATION","INTERNAL_ORGANIZATION_WORKSTATION","0:M","","association"
"FINANCIAL_INSTITUTION_INTERNAL_ORGANIZATION","ORGANIZATION_OPERATING_HOURS","0:M","","association"
"FINANCIAL_INSTITUTION_TYPE","FINANCIAL_INSTITUTION","0:M","","association"
"FINANCIAL_INSTRUMENT_GLOBAL_IDENTIFIER","FINANCIAL_INSTRUMENT_GLOBAL_IDENTIFIER","0:M","","association"
"FINANCIAL_INSTRUMENT_GLOBAL_IDENTIFIER_TYPE","FINANCIAL_INSTRUMENT_GLOBAL_IDENTIFIER","0:M","","association"
"FINANCIAL_ITEM_STATUS_REASON","PARTY_FINANCIAL_DOCUMENT_ITEM","0:M","","association"
"FINANCIAL_ITEM_STATUS_TYPE","PARTY_FINANCIAL_DOCUMENT_ITEM","0:M","","association"
"FINANCIAL_PLAN","FINANCIAL_PLAN_BALANCE","0:M","","association"
"FINANCIAL_PLAN","FINANCIAL_PLAN_PROJECT_TASK_RESOURCE","0:M","","association"
"FINANCIAL_PLAN","LABOR_FINANCIAL_PLAN","0:M","","association"
"FINANCIAL_PLAN","PROJECT_FINANCIAL_PLAN","0:M","","association"
"FINANCIAL_PLAN","PROJECT_TASK_FINANCIAL_PLAN","0:M","","association"
"FINANCIAL_PLAN_STATUS_TYPE","FINANCIAL_PLAN","0:M","","association"
"FINANCIAL_RISK_FACTOR","AGREEMENT_MARKET_RISK_FACTOR","0:M","","association"
"FINANCIAL_RISK_FACTOR","BANK_ACTUAL_RISK_LOSS","0:M","","association"
"FINANCIAL_RISK_FACTOR","BUSINESS_TYPE_RISK_FACTOR","0:M","","association"
"FINANCIAL_RISK_FACTOR","CURRENCY_EXCHANGE_RISK_FACTOR","0:M","","association"
"FINANCIAL_RISK_FACTOR","CURRENCY_RISK_FACTOR","0:M","","association"
"FINANCIAL_RISK_FACTOR","FINANCIAL_RISK_FACTOR","0:M","","association"
"FINANCIAL_RISK_FACTOR","INSURANCE_METRIC_TYPE","0:M","","association"
"FINANCIAL_RISK_FACTOR","INTEREST_INDEX_RISK_FACTOR","0:M","","association"
"FINANCIAL_RISK_FACTOR","INVESTMENT_PRODUCT_GROUP_RISK_FACTOR","0:M","","association"
"FINANCIAL_RISK_FACTOR","INVESTMENT_PRODUCT_RISK_FACTOR","0:M","","association"
"FINANCIAL_RISK_FACTOR","STRESS_TEST_RESULT","0:M","","association"
"FINANCIAL_RISK_FACTOR","YIELD_CURVE_MATURITY_RISK_FACTOR","0:M","","association"
"FINANCIAL_RULE","AGREEMENT_FINANCIAL_RULE","0:M","","association"
"FINANCIAL_RULE","FINANCIAL_RULE_RELATED_related","0:M","","association"
"FINANCIAL_RULE","FINANCIAL_RULE_RELATED_relates","0:M","","association"
"FINANCIAL_RULE","FINANCIAL_RULE_STRATEGY","0:M","","association"
"FINANCIAL_RULE","PRODUCT_FINANCIAL_RULE","0:M","","association"
"FINANCIAL_RULE_METRIC_TYPE","FINANCIAL_RULE","0:M","","association"
"FINANCIAL_RULE_PURPOSE_TYPE","FINANCIAL_RULE","0:M","","association"
"FINANCIAL_RULE_RELATED_TYPE","FINANCIAL_RULE_RELATED","0:M","","association"
"FIXED_ASSET","ATM_CHANNEL_INSTANCE","0:M","","association"
"FIXED_ASSET","FIXED_ASSET_AMOUNT","0:M","","association"
"FIXED_ASSET","FIXED_ASSET_BOOK","0:M","","association"
"FIXED_ASSET","FIXED_ASSET_CLASS_VALUE_XREF","0:M","","association"
"FIXED_ASSET","FIXED_ASSET_COMPLEMENTARY_IDENTIFICATION_CODE","0:M","","association"
"FIXED_ASSET","FIXED_ASSET_GROUP_XREF","0:M","","association"
"FIXED_ASSET","FIXED_ASSET_IDENTIFICATION","0:M","","association"
"FIXED_ASSET","FIXED_ASSET_PO","0:M","","association"
"FIXED_ASSET","FIXED_ASSET_STATUS","0:M","","association"
"FIXED_ASSET","KIOSK_CHANNEL_INSTANCE","0:M","","association"
"FIXED_ASSET","PROJECT_RESOURCE_FIXED_ASSET","0:M","","association"
"FIXED_ASSET_ACCOUNT_SUBTYPE","FIXED_ASSET_ACCOUNT","0:M","","association"
"FIXED_ASSET_AMOUNT_TYPE","FIXED_ASSET_AMOUNT","0:M","","association"
"FIXED_ASSET_CLASS_SCHEME_TYPE","FIXED_ASSET_CLASS_SCHEME_TYPE","0:M","","association"
"FIXED_ASSET_CLASS_SCHEME_TYPE","FIXED_ASSET_CLASS_VALUE","0:M","","association"
"FIXED_ASSET_CLASS_SCHEME_TYPE","FIXED_ASSET_CLASS_VALUE_XREF","0:M","","association"
"FIXED_ASSET_CLASS_VALUE","FIXED_ASSET_CLASS_VALUE","0:M","","association"
"FIXED_ASSET_CLASS_VALUE","FIXED_ASSET_CLASS_VALUE_XREF","0:M","","association"
"FIXED_ASSET_GROUP","FIXED_ASSET_GROUP_XREF","0:M","","association"
"FIXED_ASSET_GROUP","INTERNAL_FIXED_ASSET_TYPE","0:1","","association"
"FIXED_ASSET_GROUP","PROJECT_TASK_RESOURCE_PRODUCT","0:M","","association"
"FIXED_ASSET_IDENTIFICATION_TYPE","FIXED_ASSET_IDENTIFICATION","0:M","","association"
"FIXED_ASSET_OWNERSHIP_TYPE","FIXED_ASSET","0:M","","association"
"FIXED_ASSET_STATUS_TYPE","FIXED_ASSET_STATUS","0:M","","association"
"FIXED_ASSET_TYPE","FIXED_ASSET","1:M","","association"
"FLASH_VERSION_TYPE","WEB_VISIT","0:M","","association"
"FOLLOW-UP_PRIORITY_TYPE","CONTACT_FOLLOW-UP","0:M","","association"
"FOREIGN_EXCHANGE_POINT_TENOR_TYPE","FOREIGN_EXCHANGE_POINT","0:M","","association"
"FORMALITY_TYPE","COLLECTION_PAYMENT_AGREEMENT","0:M","","association"
"FORMULARY","FORMULARY_TIER","0:M","","association"
"FORMULARY_CATEGORY","FORMULARY","0:M","","association"
"FORMULARY_TIER","FORMULARY_DRUG_NDC__GEO","0:M","","association"
"FORMULARY_TIER_TYPE","FORMULARY_TIER","0:M","","association"
"FORM_FIELD","FORM_FIELD_EVENT","0:M","","association"
"FORM_OF_PAYMENT_TYPE","DIRECT_EARNING","0:M","","association"
"FORM_STATUS_TYPE","FORM_STATUS","0:M","","association"
"FORWARD_SUBTYPE","FORWARD_CONTRACT","0:M","","association"
"FRAUD_IDENTIFICATION_METHOD_TYPE","CASE_DETAIL","0:M","","association"
"FREIGHT_TERM_TYPE","FREIGHT_TERM_TYPE_INVOICE_XREF","0:M","","association"
"FREIGHT_TERM_TYPE","RETURN_LINE","0:M","","association"
"FREIGHT_TERM_TYPE","VENDOR","0:M","","association"
"FUEL_TYPE","VEHICLE_MAKE_MODEL_YEAR_SPECIFICATION","0:M","","association"
"FUNCTION_TYPE","ASSOCIATE_FUNCTION","0:M","","association"
"FUNCTION_TYPE","INTERNAL_ORGANIZATION_GROUP_FUNCTION","0:M","","association"
"FUNCTION_TYPE","PARTY_PRODUCT_FUNCTION","0:M","","association"
"FUNCTION_TYPE","PARTY_RELATED_FUNCTION","0:M","","association"
"FUNDING_AMOUNT_TYPE","AGREEMENT_FUNDING_SOURCE","0:M","","association"
"FUNDS_TRANSFER_EVENT","DEFAULT_RECOVERY","0:1","","association"
"FUNDS_TRANSFER_EVENT","INVOICE_PAYMENT","0:M","","association"
"FUNDS_TRANSFER_EVENT","PAYMENT_ADJUSTMENT","0:M","","association"
"FUNDS_TRANSFER_EVENT","PAYMENT_BANK_DRAFT_XREF","0:M","","association"
"FUNDS_TRANSFER_EVENT","PAYMENT_SCHEDULE_PAYMENT","0:M","","association"
"FUNDS_TRANSFER_EVENT","PAYMENT_STATUS","0:M","","association"
"FUNDS_TRANSFER_EVENT","PAYROLL_REGISTER_PAYMENT","0:M","","association"
"FUNDS_TRANSFER_METHOD_TYPE","FUNDS_TRANSFER_EVENT","0:M","","association"
"FUNDS_TRANSFER_TYPE","FUNDS_TRANSFER_EVENT","0:M","","association"
"FUND_SOURCE_TYPE","AGREEMENT_FUNDING_SOURCE","0:M","","association"
"FUND_SOURCE_TYPE","CREDIT_APPLICATION","0:M","","association"
"FUND_SOURCE_TYPE","LIFE_LINE_QUOTATION","0:M","","association"
"FUND_TYPE","FUND","0:M","","association"
"FUTURE_TYPE","FUTURES_CONTRACT_PRODUCT","0:M","","association"
"FX_AGREEMENT_TYPE","FOREIGN_EXCHANGE_AGREEMENT","0:M","","association"
"GENDER_TYPE","ANIMAL","0:M","","association"
"GENDER_TYPE","EXTERNALLY_REPORTED_CLAIM","0:M","","association"
"GENDER_TYPE","INDIVIDUAL","0:M","","association"
"GENDER_TYPE","MORTALITY_TABLE","0:M","","association"
"GENERAL_MARKET_RISK_CHARGE_TYPE","MARKET_RISK_DERIVATIVE_TREATMENT_PARAMETER","0:M","","association"
"GENERAL_MEDICAL_STATUS_TYPE","INDIVIDUAL_MEDICAL","0:M","","association"
"GEOGRAPHICAL_AREA","ACTUAL_IMPACT_AREA","0:M","","association"
"GEOGRAPHICAL_AREA","CERTIFICATION_GEOGRAPHICAL_AREA","0:M","","association"
"GEOGRAPHICAL_AREA","COVERED_AREA","0:M","","association"
"GEOGRAPHICAL_AREA","CREDIT_RISK_SUMMARY","0:M","","association"
"GEOGRAPHICAL_AREA","EXTERNALLY_REPORTED_VEHICLE_CLAIM_is_territory_for","0:M","","association"
"GEOGRAPHICAL_AREA","EXTERNALLY_REPORTED_VEHICLE_CLAIM_issued","0:M","","association"
"GEOGRAPHICAL_AREA","FEATURE_GEOGRAPHICAL_AREA","0:M","","association"
"GEOGRAPHICAL_AREA","FORECASTED_IMPACT_AREA","0:M","","association"
"GEOGRAPHICAL_AREA","GEOGRAPHICAL_AREA_CURRENCY","0:M","","association"
"GEOGRAPHICAL_AREA","GEOGRAPHICAL_AREA_HOLIDAY","0:M","","association"
"GEOGRAPHICAL_AREA","GEOGRAPHICAL_AREA_IDENTIFICATION","0:M","","association"
"GEOGRAPHICAL_AREA","GEOGRAPHICAL_AREA_SCORE","0:M","","association"
"GEOGRAPHICAL_AREA","GEOGRAPHICAL_AREA_SEASON","0:M","","association"
"GEOGRAPHICAL_AREA","GEOGRAPHIC_AREA_RISK","0:M","","association"
"GEOGRAPHICAL_AREA","GEOGRAPHIC_AREA_SUBJECT","0:1","","association"
"GEOGRAPHICAL_AREA","GEOGRAPHIC_AREA_TIME_ZONE","0:M","","association"
"GEOGRAPHICAL_AREA","GEOGRAPHIC_ECONOMIC_MEASURE","0:M","","association"
"GEOGRAPHICAL_AREA","GEOGRAPHIC_LIMIT","0:M","","association"
"GEOGRAPHICAL_AREA","GEOGRAPHY_RISK_GRADE","0:M","","association"
"GEOGRAPHICAL_AREA","JURISDICTION","0:M","","association"
"GEOGRAPHICAL_AREA","LOAN_PROVISION_BALANCE","0:M","","association"
"GEOGRAPHICAL_AREA","MARKET_INDEX","0:M","","association"
"GEOGRAPHICAL_AREA","MARKET_RISK_NATIONAL_MARKET_GROUP","0:M","","association"
"GEOGRAPHICAL_AREA","MORTALITY_TABLE","0:M","","association"
"GEOGRAPHICAL_AREA","ONLINE_APPLICATION_ACCESS","0:M","","association"
"GEOGRAPHICAL_AREA","OPTION_PRODUCT","0:M","","association"
"GEOGRAPHICAL_AREA","ORGANIZATION_CLASSIFICATION_GEOGRAPHIC_AREA","0:M","","association"
"GEOGRAPHICAL_AREA","PARTY_RELATED_FUNCTION_GEOGRAPHIC_AREA","0:M","","association"
"GEOGRAPHICAL_AREA","PRODUCT_TAX_STATUS","0:M","","association"
"GEOGRAPHICAL_AREA","PROGRAMMING_PACKAGE","0:M","","association"
"GEOGRAPHICAL_AREA","RISK_CALCULATION_SCENARIO","0:M","","association"
"GEOGRAPHICAL_AREA","SIC_ECONOMIC_MEASURE","0:M","","association"
"GEOGRAPHICAL_AREA","SOCIAL_MEDIA_INTERACTION","0:M","","association"
"GEOGRAPHICAL_AREA","TRAVEL_PLAN_DESTINATION","0:M","","association"
"GEOGRAPHICAL_AREA","WEATHER_FORECAST","0:M","","association"
"GEOGRAPHICAL_AREA_CURRENCY_ROLE","GEOGRAPHICAL_AREA_CURRENCY","0:M","","association"
"GEOGRAPHICAL_AREA_HOLIDAY","LEAVE_PLAN","0:M","","association"
"GEOGRAPHICAL_AREA_HOLIDAY","RECOGNIZED_HOLIDAY","0:M","","association"
"GEOGRAPHICAL_AREA_IDENTIFICATION_TYPE","GEOGRAPHICAL_AREA_IDENTIFICATION","0:M","","association"
"GEOGRAPHICAL_AREA_SEASON","GEOGRAPHICAL_AREA_SEASON_DAY","0:M","","association"
"GEOGRAPHICAL_AREA_SUBTYPE","GEOGRAPHICAL_AREA","0:M","","association"
"GEOGRAPHIC_AREA_RISK_TYPE","GEOGRAPHIC_AREA_RISK","0:M","","association"
"GEOSEQUENCE","GEOSEQUENCE_POINT","0:M","","association"
"GEOSEQUENCE_POINT","GEOSEQUENCE_POINT_TRAIT_XREF","0:M","","association"
"GEOSEQUENCE_POINT_TRAIT","GEOSEQUENCE_POINT_TRAIT_VALUE","0:M","","association"
"GEOSEQUENCE_POINT_TRAIT_VALUE","GEOSEQUENCE_POINT_TRAIT_XREF","0:M","","association"
"GEOSPATIAL","GEOSPATIAL_SET_MEMBER","0:M","","association"
"GEOSPATIAL","GPS_PROGRAM_is_destination_for","0:M","","association"
"GEOSPATIAL","GPS_PROGRAM_is_source_for","0:M","","association"
"GEOSPATIAL","INTERNET_PROTOCOL_ADDRESS_GEOGRAPHICAL_MAP","0:M","","association"
"GEOSPATIAL","ONLINE_APPLICATION_ACCESS","0:M","","association"
"GEOSPATIAL_AREA","GEOSPATIAL_AREA_POINT","0:M","","association"
"GEOSPATIAL_LINE-CURVE","GEOSPATIAL_LINE-CURVE_POINT","0:M","","association"
"GEOSPATIAL_POINT","AD_PLACEMENT_OUTDOOR_PLATFORM","0:M","","association"
"GEOSPATIAL_POINT","BROWSER_GEOGRAPHIC_ADDRESS_INFORMATION","0:M","","association"
"GEOSPATIAL_POINT","GEOSEQUENCE_POINT","0:M","","association"
"GEOSPATIAL_POINT","GEOSPATIAL_AREA_POINT","0:M","","association"
"GEOSPATIAL_POINT","GEOSPATIAL_LINE-CURVE_POINT","0:M","","association"
"GEOSPATIAL_POINT","GEOSPATIAL_POINT_MEASUREMENT_EVENT","0:M","","association"
"GEOSPATIAL_POINT","REQUEST_PLACEMENT_OUTDOOR","0:M","","association"
"GEOSPATIAL_POINT","ROADWAY_SEGMENT_is_ending_point_for","0:M","","association"
"GEOSPATIAL_POINT","ROADWAY_SEGMENT_is_starting_point_for","0:M","","association"
"GEOSPATIAL_ROADWAY_SUBTYPE","GEOSPATIAL","0:M","","association"
"GEOSPATIAL_SET","GEOSPATIAL_SET_MEMBER","0:M","","association"
"GEOSPATIAL_SUBTYPE","GEOSPATIAL","0:M","","association"
"GICS_INDUSTRY_GROUP_TYPE","GICS_INDUSTRY_TYPE","0:M","","association"
"GICS_INDUSTRY_TYPE","GICS_SUBINDUSTRY_TYPE","0:M","","association"
"GICS_SECTOR_TYPE","GICS_INDUSTRY_GROUP_TYPE","0:M","","association"
"GICS_SUBINDUSTRY_TYPE","ORGANIZATION_GICS","0:M","","association"
"GIIN_CATEGORY_CODE","GLOBAL_INTERMEDIARY_IDENTIFICATION_NUMBER","0:M","","association"
"GL_MAIN_ACCOUNT","CAMPAIGN","0:M","","association"
"GL_MAIN_ACCOUNT","GL_ACCOUNT_COA_CODE_SEGMENT","0:M","","association"
"GL_MAIN_ACCOUNT","GL_MAIN_ACCOUNT","0:M","","association"
"GL_MAIN_ACCOUNT","GL_MAIN_ACCOUNT_CLASS_XREF","0:M","","association"
"GL_MAIN_ACCOUNT","GL_MAIN_ACCOUNT_SET_OF_BOOKS_XREF","0:M","","association"
"GL_MAIN_ACCOUNT","GL_MAIN_ACCOUNT_STATUS","0:M","","association"
"GL_MAIN_ACCOUNT_CATEGORY","GL_MAIN_ACCOUNT","0:M","","association"
"GL_MAIN_ACCOUNT_CLASS_VALUE","GL_MAIN_ACCOUNT_CLASS_VALUE","0:M","","association"
"GL_MAIN_ACCOUNT_CLASS_VALUE","GL_MAIN_ACCOUNT_CLASS_XREF","0:M","","association"
"GL_MAIN_ACCOUNT_SCHEME_TYPE","GL_MAIN_ACCOUNT_CLASS_VALUE","0:M","","association"
"GL_MAIN_ACCOUNT_SCHEME_TYPE","GL_MAIN_ACCOUNT_CLASS_XREF","0:M","","association"
"GL_MAIN_ACCOUNT_SCHEME_TYPE","GL_MAIN_ACCOUNT_SCHEME_TYPE","0:M","","association"
"GL_MAIN_ACCOUNT_SEGMENT","AGREEMENT_BALANCE_TYPE_METRIC","0:M","","association"
"GL_MAIN_ACCOUNT_SEGMENT","AGREEMENT_METRIC","0:M","","association"
"GL_MAIN_ACCOUNT_STATUS_TYPE","GL_MAIN_ACCOUNT_STATUS","0:M","","association"
"GL_NONSERVICE_PRODUCT_TYPE","GL_REPORTING_NONSERVICE_PRODUCT","0:M","","association"
"GL_ORGANIZATION_SEGMENT","REPORTING_ORGANIZATION","0:M","","association"
"GL_PRODUCT_GROUP_SEGMENT","REPORTING_PRODUCT_GROUP","0:M","","association"
"GL_PRODUCT_SEGMENT","REPORTING_PRODUCT","0:M","","association"
"GL_PROJECT_SEGMENT","REPORTING_PROJECT","0:M","","association"
"GL_ROLL-UP_TYPE","EXPENSE_ACCOUNT_COST_TYPE_XREF","0:M","","association"
"GL_ROLL-UP_TYPE","REVENUE_ACCOUNT_REVENUE_TYPE_XREF","0:M","","association"
"GL_SERVICE_PRODUCT_TYPE","GL_REPORTING_SERVICE_PRODUCT","0:M","","association"
"GOAL","GOAL_OBJECTIVE","0:M","","association"
"GOAL","PARTY_GOAL","0:M","","association"
"GOVERNMENT","GOVERNMENT_SPONSORED_ENTITY","0:M","","association"
"GOVERNMENT","PENSION_PLAN_ORGANIZATION","0:M","","association"
"GOVERNMENT","SOVEREIGN_WEALTH_FUND_MANAGER","0:M","","association"
"GOVERNMENT_TYPE","GOVERNMENT","0:M","","association"
"GREGORIAN_DATE","CUSTOM_CALENDAR_DAY","0:M","","association"
"GREGORIAN_DATE","GEOGRAPHICAL_AREA_SEASON_DAY","0:M","","association"
"GREGORIAN_DATE","HOLIDAY_CALENDAR_DATE","0:M","","association"
"GREGORIAN_DATE","RECOGNIZED_HOLIDAY","0:M","","association"
"GREGORIAN_DATE","SITE_DAILY_HOURS","0:M","","association"
"GREGORIAN_DATE","WORK_SHIFT_DAILY_HOURS","0:M","","association"
"GREGORIAN_MONTH","GREGORIAN_MONTH_WEEK","0:M","","association"
"GREGORIAN_MONTH_WEEK","GREGORIAN_DATE","0:M","","association"
"GREGORIAN_QUARTER","GREGORIAN_MONTH","0:M","","association"
"GREGORIAN_WEEK","GREGORIAN_MONTH_WEEK","0:M","","association"
"GREGORIAN_YEAR","GREGORIAN_QUARTER","0:M","","association"
"GRIEVANCE_PROCEDURE","LABOR_GRIEVANCE_PROCESS","0:M","","association"
"GRIEVANCE_PROCEDURE_SCOPE_TYPE","GRIEVANCE_PROCEDURE","0:M","","association"
"GRIEVANCE_PROCEDURE_TYPE","GRIEVANCE_PROCEDURE","0:M","","association"
"GRIEVANCE_PROCESS_STATUS_REASON","GRIEVANCE_PROCESS_STATUS","0:M","","association"
"GRIEVANCE_PROCESS_STATUS_TYPE","GRIEVANCE_PROCESS_STATUS","0:M","","association"
"GROUP_SURVEY","SURVEY_FEEDBACK","0:M","","association"
"GROUP_SURVEY","SURVEY_RESOLUTION","0:M","","association"
"GROUP_SURVEY","SURVEY_RESPONSE","0:M","","association"
"GUARANTEE_CRITERIA_TYPE","THIRD-PARTY_GUARANTEE_AGREEMENT","0:M","","association"
"HAIRCUT_ADJUSTED_FORMULA_TYPE","BASEL_II_ASSET_CLASS","0:M","","association"
"HEALTH_BILLING_CATEGORY","HEALTH_BILLING_CODE","0:M","","association"
"HEALTH_BILLING_CODE","HEALTH_CLAIM_SERVICE","0:M","","association"
"HEALTH_BILLING_TYPE","HEALTH_BILLING_CATEGORY","0:M","","association"
"HEALTH_CLAIM","HEALTH_CLAIM_NUBC_CONDITION_CODE","0:M","","association"
"HEALTH_CLAIM_FORMAT_CATEGORY","HEALTH_CLAIM","0:M","","association"
"HEALTH_CLAIM_FORMAT_CATEGORY","HEALTH_CLAIM_SERVICE","0:M","","association"
"HEALTH_CLAIM_TYPE","HEALTH_CLAIM","0:M","","association"
"HEALTH_CONDITION_TYPE","FAMILY_HEALTH_CONDITION","0:M","","association"
"HEALTH_CONDITION_TYPE","INDIVIDUAL_HEALTH_CONDITION","0:M","","association"
"HEALTH_PROCEDURE","HEALTH_PROCEDURE_TO_PROCEDURE_CODE","0:M","","association"
"HEALTH_PROCEDURE_CATEGORY","HEALTH_PROCEDURE","0:M","","association"
"HEALTH_PROCEDURE_TO_PROCEDURE_CODE","PROCEDURE_CODE_XREF","0:M","","association"
"HEALTH_PROVIDER_TYPE","HEALTH_PROVIDER_BUSINESS_TYPE","0:M","","association"
"HEDGING_SET","RISK_FACTOR_INSTRUMENT","0:1","","association"
"HEDGING_SET","RISK_POSITION","0:M","","association"
"HEDGING_SET_TYPE","HEDGING_SET","0:M","","association"
"HOLIDAY","GEOGRAPHICAL_AREA_HOLIDAY","0:M","","association"
"HOLIDAY","HOLIDAY_CALENDAR_DATE","0:M","","association"
"HOLIDAY_CALENDAR","HOLIDAY_CALENDAR_DATE","0:M","","association"
"HOLIDAY_CALENDAR","OPTION_PRODUCT","0:M","","association"
"HOLIDAY_CALENDAR","PARTY_HOLIDAY_CALENDAR","0:M","","association"
"HOLIDAY_CALENDAR","SWAP_AGREEMENT_LEG","0:M","","association"
"HOLIDAY_TYPE","GEOGRAPHICAL_AREA_HOLIDAY","0:M","","association"
"HOME_HEALTH_CERTIFICATION","INSTITUTIONAL_CLAIM","0:M","","association"
"HORIZONTAL_DISALLOWANCE_PARAMETER","MARKET_RISK_HORIZONTAL_DISALLOWANCE_CALCULATION","0:M","","association"
"HOSPICE_CONDITION_TYPE","PROFESSIONAL_CLAIM_SERVICE","0:M","","association"
"HOURS_TYPE","CHANNEL_OPERATING_HOURS","0:M","","association"
"HOURS_TYPE","ORGANIZATION_OPERATING_HOURS","0:M","","association"
"HOURS_TYPE","PARTY_SOLICITATION_PREFERENCE","0:M","","association"
"HOUSEHOLD","HOUSEHOLD_MEMBER","0:M","","association"
"HR_INTERNAL_ORGANIZATION","ASSOCIATE_LEAVE_EARNED","0:M","","association"
"HR_INTERNAL_ORGANIZATION","ORGANIZATION_POSITION","0:M","","association"
"HR_INTERNAL_ORGANIZATION","PAYROLL_REGISTER","0:M","","association"
"HR_INTERNAL_ORGANIZATION_TYPE","HR_INTERNAL_ORGANIZATION","0:M","","association"
"HR_POSITION","HR_POSITION_RELATED_related","0:M","","association"
"HR_POSITION","HR_POSITION_RELATED_relates","0:M","","association"
"HR_POSITION","HR_POSITION_SITE","0:M","","association"
"HR_POSITION","POSITION_GRADE","0:M","","association"
"HR_POSITION_RELATED_ROLE","HR_POSITION_RELATED","0:M","","association"
"HR_POSITION_SITE_REASON","HR_POSITION_SITE","0:M","","association"
"HR_POSITION_TRAIT","POSITION_TRAIT_VALUE","0:M","","association"
"HR_POSITION_TYPE","HR_POSITION","0:M","","association"
"IDENTIFICATION_USAGE_TYPE","IDENTIFICATION_TYPE_USAGE_TYPE","0:M","","association"
"IMPRESSION_ACTIVITY_TYPE","ONLINE_IMPRESSION_EXPERIENCED","0:M","","association"
"IMPRESSION_DELIVERY_STATUS_TYPE","IMPRESSION_DELIVERY_STATUS","0:M","","association"
"IMPRESSION_SELECTED","CONVERSION","0:M","","association"
"INCENTIVE","CAMPAIGN_CELL","0:M","","association"
"INCENTIVE_TYPE","INCENTIVE","0:M","","association"
"INCIDENT","CLAIM","0:M","","association"
"INCIDENT","INCIDENT_PERIL_TYPE","0:M","","association"
"INCOME_STATEMENT_GL_MAIN_ACCOUNT_TYPE","DEFAULT_RECOVERY_METRIC","0:M","","association"
"INCOME_STATEMENT_GL_MAIN_ACCOUNT_TYPE","INCOME_STATEMENT_GL_MAIN_ACCOUNT","0:M","","association"
"INDIRECT_EARNING_SUBTYPE","INDIRECT_EARNING","0:M","","association"
"INDIRECT_PAY_ELEMENT_TYPE","INDIRECT_PAY_ELEMENT","0:M","","association"
"INDIVIDUAL","APPLICANT_RÉSUMÉ","0:M","","association"
"INDIVIDUAL","COURSE_COMPLETED","0:M","","association"
"INDIVIDUAL","COURSE_FEEDBACK_RESPONSE","0:M","","association"
"INDIVIDUAL","FAMILY_HEALTH_CONDITION","0:M","","association"
"INDIVIDUAL","FAMILY_MEDICAL","0:M","","association"
"INDIVIDUAL","HOUSEHOLD_MEMBER","0:M","","association"
"INDIVIDUAL","INDIVIDUAL_HEALTH_CONDITION","0:M","","association"
"INDIVIDUAL","INDIVIDUAL_MARITAL_STATUS","0:M","","association"
"INDIVIDUAL","INDIVIDUAL_MEDICAL","0:M","","association"
"INDIVIDUAL","INDIVIDUAL_MIGRATION","0:M","","association"
"INDIVIDUAL","INDIVIDUAL_MILITARY_STATUS","0:M","","association"
"INDIVIDUAL","INDIVIDUAL_NAME","0:M","","association"
"INDIVIDUAL","INDIVIDUAL_OCCUPATION","0:M","","association"
"INDIVIDUAL","INDIVIDUAL_PAY_TIMING","0:M","","association"
"INDIVIDUAL","INDIVIDUAL_SKILL","0:M","","association"
"INDIVIDUAL","INDIVIDUAL_SPECIAL_NEED","0:M","","association"
"INDIVIDUAL","INDIVIDUAL_VIP_STATUS","0:M","","association"
"INDIVIDUAL","INSTRUCTOR","0:M","","association"
"INDIVIDUAL","PERSONA","0:M","","association"
"INDIVIDUAL","POSITION_POSTING_APPLICANT","0:M","","association"
"INDIVIDUAL","SCHEDULED_INSTRUCTOR","0:M","","association"
"INDIVIDUAL","STUDENT_ATTENDANCE","0:M","","association"
"INDIVIDUAL","STUDENT_ENROLLMENT","0:M","","association"
"INDIVIDUAL","UNKNOWN_PARTY","0:1","","association"
"INDIVIDUAL_PAY_TIMING","INDIVIDUAL_BONUS_TIMING","0:M","","association"
"INFORMATION_CATEGORY","INFORMATION_TYPE","0:M","","association"
"INFORMATION_RELEASE_TYPE","CLAIM_AUTHORIZATION","0:M","","association"
"INFORMATION_RELEASE_TYPE","HEALTH_CLAIM","0:M","","association"
"INFORMATION_TYPE","AGREEMENT_PRIVACY_PREFERENCE","0:M","","association"
"INFORMATION_TYPE","MEMBER_PRIVACY_PREFERENCE","0:M","","association"
"INFORMATION_TYPE","PARTY_INFORMATION_VALIDATION","0:M","","association"
"INFORMATION_TYPE","PARTY_PRIVACY_PREFERENCE","0:M","","association"
"INFORMATION_TYPE","PRIVACY_DATA_TRANSFER","0:M","","association"
"INFORMATION_TYPE","PRIVACY_PRESET","0:M","","association"
"INFORMATION_TYPE","SELECTION_CRITERION_TYPE","0:M","","association"
"INFORMATION_TYPE","UNKNOWN_PARTY_SESSION_PRIVACY_PREFERENCE","0:M","","association"
"INFRASTRUCTURE_SUPPORT_TYPE","INSURANCE_AGENCY","0:M","","association"
"INSPECTION_EVALUATION_METHOD_TYPE","ASSET_INSPECTION","0:M","","association"
"INSPECTION_RESULT_TYPE","ASSET_INSPECTION_RESULT","0:M","","association"
"INSPECTION_TYPE","ASSET_INSPECTION_RESULT","0:M","","association"
"INSTITUTIONAL_CLAIM","INSTITUTIONAL_CLAIM_PROCEDURE_CODE","0:M","","association"
"INSTITUTIONAL_CLAIM","INSTITUTIONAL_TREATMENT","0:M","","association"
"INSTITUTIONAL_CLAIM_SERVICE","INSTITUTIONAL_CLAIM_SERVICE_DRUG","0:M","","association"
"INSURABLE_INTEREST","CLAIM_COVERAGE_INSURABLE_INTEREST","0:M","","association"
"INSURABLE_INTEREST","CLAIM_INSURABLE_INTEREST","0:M","","association"
"INSURABLE_INTEREST","INSURABLE_INTEREST_METRIC","0:M","","association"
"INSURABLE_INTEREST","INSURABLE_INTEREST_TO_EXPOSURE_TYPE","0:M","","association"
"INSURABLE_INTEREST","PARTY_CLAIM_INSURABLE_INTEREST","0:M","","association"
"INSURABLE_INTEREST","POLICY_INSURABLE_INTEREST","0:M","","association"
"INSURABLE_INTEREST_CATEGORY","INSURABLE_INTEREST","0:M","","association"
"INSURABLE_INTEREST_EXPOSURE_TYPE","INSURABLE_INTEREST_TO_EXPOSURE_TYPE","0:M","","association"
"INSURABLE_INTEREST_METRIC_TYPE","INSURABLE_INTEREST_METRIC","0:M","","association"
"INSURANCE_AGENT_BUSINESS_TYPE","INSURANCE_AGENCY","0:M","","association"
"INSURANCE_AGENT_BUSINESS_TYPE","INSURANCE_AGENT","0:M","","association"
"INSURANCE_AGENT_TYPE","INSURANCE_AGENCY","0:M","","association"
"INSURANCE_AGENT_TYPE","INSURANCE_AGENT","0:M","","association"
"INSURANCE_AGREEMENT","AGREEMENT_CLAIM","0:M","","association"
"INSURANCE_AGREEMENT","INSURANCE_AGREEMENT_LINE_OF_BUSINESS","0:M","","association"
"INSURANCE_AGREEMENT","POLICY_INSURABLE_INTEREST","0:M","","association"
"INSURANCE_AGREEMENT","POLICY_METRIC","0:M","","association"
"INSURANCE_AGREEMENT_SUBTYPE","INSURANCE_AGREEMENT","0:M","","association"
"INSURANCE_AGREEMENT_TYPE","INSURANCE_AGREEMENT","0:M","","association"
"INSURANCE_BUSINESS_TYPE","INSURANCE_AGREEMENT","0:M","","association"
"INSURANCE_COVERAGE_TYPE","COVERAGE_FEATURE","0:M","","association"
"INSURANCE_COVERAGE_TYPE","INSURANCE_COVERAGE_TYPE","0:M","","association"
"INSURANCE_COVERAGE_TYPE","OTHER_PARTY_INSURANCE_COVERAGE","0:M","","association"
"INSURANCE_COVERAGE_TYPE","PARTY_ASSET_INSURANCE_COVERAGE","0:M","","association"
"INSURANCE_LINE_OF_BUSINESS_TYPE","COVERAGE_FEATURE","0:M","","association"
"INSURANCE_LINE_OF_BUSINESS_TYPE","INSURANCE_AGREEMENT_LINE_OF_BUSINESS","0:M","","association"
"INSURANCE_LINE_OF_BUSINESS_TYPE","INSURANCE_LINE_OF_BUSINESS_METRIC","0:M","","association"
"INSURANCE_LINE_OF_BUSINESS_TYPE","INSURANCE_LINE_OF_BUSINESS_TYPE","0:M","","association"
"INSURANCE_LINE_OF_BUSINESS_TYPE","LINE_OF_BUSINESS_PARTY_METRIC","0:M","","association"
"INSURANCE_LINE_OF_BUSINESS_TYPE","LINE_OF_BUSINESS_RISK_SCENARIO_METRIC","0:M","","association"
"INSURANCE_LINE_OF_BUSINESS_TYPE","SERVICE_FEATURE","0:M","","association"
"INSURANCE_METRIC_TYPE","FEATURE_GROUP_METRIC","0:M","","association"
"INSURANCE_METRIC_TYPE","INSURANCE_LINE_OF_BUSINESS_METRIC","0:M","","association"
"INSURANCE_METRIC_TYPE","LINE_OF_BUSINESS_PARTY_METRIC","0:M","","association"
"INSURANCE_METRIC_TYPE","POLICY_ASSET_COVERAGE_METRIC","0:M","","association"
"INSURANCE_METRIC_TYPE","POLICY_COVERAGE_METRIC","0:M","","association"
"INSURANCE_METRIC_TYPE","POLICY_INSURABLE_COVERAGE_METRIC","0:M","","association"
"INSURANCE_METRIC_TYPE","POLICY_METRIC","0:M","","association"
"INSURANCE_METRIC_TYPE","POLICY_PARTY_COVERAGE_METRIC","0:M","","association"
"INSURANCE_RISK_CATEGORY","AGREEMENT_INSURANCE_RISK_CATEGORY","0:M","","association"
"INSURANCE_RISK_CATEGORY","APPLICATION_INSURANCE_RISK_CATEGORY","0:M","","association"
"INSURANCE_RISK_CATEGORY","ASSET_INSURANCE_RISK_CATEGORY","0:M","","association"
"INSURANCE_RISK_CATEGORY","INSURANCE_RISK_CATEGORY","0:M","","association"
"INSURANCE_RISK_CATEGORY","INSURANCE_RISK_FACTOR_RISK_CATEGORY","0:M","","association"
"INSURANCE_RISK_CATEGORY","PARTY_INSURANCE_RISK_CATEGORY","0:M","","association"
"INSURANCE_RISK_CATEGORY","UNDERWRITE_CLASS","0:M","","association"
"INSURANCE_RISK_FACTOR_RELATIONSHIP_TYPE","INSURANCE_RISK_FACTOR_RELATED","0:M","","association"
"INSURANCE_RISK_FACTOR_TYPE","ASSET_INSURANCE_RISK_FACTOR","0:M","","association"
"INSURANCE_RISK_FACTOR_TYPE","INSURANCE_RISK_FACTOR_RELATED_relates_to","0:M","","association"
"INSURANCE_RISK_FACTOR_TYPE","INSURANCE_RISK_FACTOR_RELATED_relates_with","0:M","","association"
"INSURANCE_RISK_FACTOR_TYPE","INSURANCE_RISK_FACTOR_RISK_CATEGORY","0:M","","association"
"INSURANCE_RISK_FACTOR_TYPE","INSURANCE_RISK_UNDERWRITE_CLASS","0:M","","association"
"INSURANCE_RISK_FACTOR_TYPE","MORTALITY_TABLE_RISK_FACTOR","0:M","","association"
"INSURANCE_RISK_FACTOR_TYPE","PARTY_INSURANCE_RISK_FACTOR","0:M","","association"
"INSURANCE_TYPE","INSURANCE_PRODUCT","0:M","","association"
"INSURANCE_TYPE","INSURANCE_QUOTATION","0:M","","association"
"INSURANCE_TYPE","INSURANCE_VERIFICATION_STATUS","0:M","","association"
"INSURANCE_VERIFY_STATUS_TYPE","INSURANCE_VERIFICATION_STATUS","0:M","","association"
"INTANGIBLE_ASSET_ACCOUNT_SUBTYPE","INTANGIBLE_ASSET_ACCOUNT","1:M","","association"
"INTELLECTUAL_PROPERTY","ONLINE_APPLICATION_PROGRAM","0:M","","association"
"INTELLECTUAL_PROPERTY_TYPE","INTELLECTUAL_PROPERTY","0:M","","association"
"INTERACTION_ACTIVITY_TYPE","VISITOR_INTERACTION_EVENT","0:M","","association"
"INTERACTION_EVENT","INTERACTION_STATUS","0:M","","association"
"INTERACTION_EVENT","INTERACTION_SUMMARY","0:M","","association"
"INTERACTION_STATUS_TYPE","INTERACTION_STATUS","0:M","","association"
"INTERACTION_TYPE","INTERACTION_EVENT","0:M","","association"
"INTERACTIVE_DEVICE","APPLICATION_SECOND_SOURCE_XREF_is_primary_device_for","0:M","","association"
"INTERACTIVE_DEVICE","APPLICATION_SECOND_SOURCE_XREF_is_secondary_access_device_for","0:M","","association"
"INTERACTIVE_DEVICE","BROWSER_IDENTIFICATION","0:M","","association"
"INTERACTIVE_DEVICE","ONLINE_APPLICATION_ACCESS","0:M","","association"
"INTERACTIVE_DEVICE","ONLINE_APPLICATION_PROGRAM_DEVICE_XREF","0:M","","association"
"INTERACTIVE_DEVICE","ONLINE_APPLICATION_PROGRAM_IDENTIFICATION","0:M","","association"
"INTERACTIVE_DEVICE_TYPE","INTERACTIVE_DEVICE","0:M","","association"
"INTERACTIVE_DEVICE_TYPE","OPERATING_SYSTEM","0:M","","association"
"INTEREST_CALCULATION_TYPE","INTEREST_BASED_AGREEMENT","0:M","","association"
"INTEREST_DISBURSEMENT_TYPE","CURRENT_AGREEMENT","0:M","","association"
"INTEREST_DISBURSEMENT_TYPE","DEPOSIT_AGREEMENT","0:M","","association"
"INTEREST_PAYMENT_METHOD_TYPE_JAPAN","FINANCIAL_AGREEMENT_JAPAN","0:M","","association"
"INTEREST_RATE_INDEX","AGREEMENT_FEATURE","0:M","","association"
"INTEREST_RATE_INDEX","FIXED_FLOATING_INTEREST_RATE_SWAP","0:M","","association"
"INTEREST_RATE_INDEX","FLOATING_RATE_NOTE","0:M","","association"
"INTEREST_RATE_INDEX","INTEREST_INDEX_PRODUCT","0:1","","association"
"INTEREST_RATE_INDEX","INTEREST_INDEX_RATE","0:M","","association"
"INTEREST_RATE_INDEX","INTEREST_INDEX_RISK_FACTOR","0:M","","association"
"INTEREST_RATE_INDEX","INTEREST_RATE_INDEX_PARTY","0:M","","association"
"INTEREST_RATE_INDEX","INVESTMENT_PRODUCT_INDEX","0:M","","association"
"INTEREST_RATE_INDEX","VARIABLE_INTEREST_RATE_FEATURE","0:M","","association"
"INTEREST_RATE_INDEX_PARTY_ROLE","INTEREST_RATE_INDEX_PARTY","0:M","","association"
"INTEREST_RATE_INDEX_TYPE","INTEREST_RATE_INDEX","0:M","","association"
"INTEREST_RATE_SUBTYPE","BOND","0:M","","association"
"INTEREST_RATE_SWAP_SUBTYPE","INTEREST_RATE_SWAP","0:M","","association"
"INTERNAL_ASSET_SUBTYPE","INTERNAL_ASSET_TYPE","0:M","","association"
"INTERNAL_ASSET_TYPE","AP_INVOICE_LINE","0:M","","association"
"INTERNAL_ASSET_TYPE","PURCHASE_REQUISITION_LINE","0:M","","association"
"INTERNAL_ASSET_TYPE","RECEIPT_LINE","0:M","","association"
"INTERNAL_ASSET_TYPE","RETURN_LINE","0:M","","association"
"INTERNAL_ASSET_TYPE","VENDOR_PO_LINE","0:M","","association"
"INTERNAL_CONSUMABLE_ASSET_TYPE","PROJECT_TASK_RESOURCE_SUPPLY","0:M","","association"
"INTERNAL_ORGANIZATION","ACTIVITY_GROUP","0:M","","association"
"INTERNAL_ORGANIZATION","SET_OF_BOOKS_INTERNAL_ORGANIZATION","0:M","","association"
"INTERNAL_ORGANIZATION_SUBTYPE","INTERNAL_ORGANIZATION","0:M","","association"
"INTERNAL_ORGANIZATION_TYPE","INTERNAL_ORGANIZATION","0:M","","association"
"INTERNAL_PROCESSING_METHOD_TYPE","FUNDS_TRANSFER_EVENT","0:M","","association"
"INTERNAL_SEARCH_ACTION_TYPE","INTERNAL_SEARCH_EVENT","0:M","","association"
"INTERNAL_SEARCH_EVENT","INTERNAL_SEARCH_EVENT_XREF","0:M","","association"
"INTERNAL_SEARCH_EVENT","INTERNAL_SEARCH_RESULT_CONTENT","0:M","","association"
"INTERNAL_SEARCH_EVENT","SEARCH_PRODUCT_XREF","0:M","","association"
"INTERNAL_SEARCH_NAME_TYPE","INTERNAL_SEARCH_EVENT","0:M","","association"
"INTERNAL_SEARCH_RESULT_TYPE","INTERNAL_SEARCH_EVENT","0:M","","association"
"INTERNET_PROTOCOL_ADDRESS","EXTENDED_SESSION_INFORMATION","0:M","","association"
"INTERNET_PROTOCOL_ADDRESS","INTERNET_PROTOCOL_ADDRESS_GEOGRAPHICAL_MAP_is_from_IP_address","0:M","","association"
"INTERNET_PROTOCOL_ADDRESS","INTERNET_PROTOCOL_ADDRESS_GEOGRAPHICAL_MAP_is_to_IP_address","0:M","","association"
"INTERNET_PROTOCOL_ADDRESS","TRANSFER_EVENT_is_destination_for","0:M","","association"
"INTERNET_PROTOCOL_ADDRESS","TRANSFER_EVENT_is_source_for","0:M","","association"
"INTERNET_PROTOCOL_ADDRESS","WEB_SERVER_INTERNET_PROTOCOL_ADDRESS","0:M","","association"
"INTERNET_PROTOCOL_ADDRESS","WEB_VISIT_INTERNET_PROTOCOL_XREF_is_destination_for","0:M","","association"
"INTERNET_PROTOCOL_ADDRESS","WEB_VISIT_INTERNET_PROTOCOL_XREF_is_visitor","0:M","","association"
"INTERNET_PROTOCOL_ADDRESS_GEOGRAPHICAL_MAP","SOCIAL_MEDIA_TRANSFER","0:M","","association"
"INVESTMENT_AGREEMENT","INVESTMENT_COST_BASIS","0:M","","association"
"INVESTMENT_AGREEMENT","INVESTMENT_HOLDING","0:M","","association"
"INVESTMENT_AGREEMENT","INVESTMENT_POSITION","0:M","","association"
"INVESTMENT_AGREEMENT","INVESTMENT_POSITION_SPECIFIC","0:M","","association"
"INVESTMENT_AGREEMENT","TRADE_SETTLEMENT_INSTRUCTION","0:M","","association"
"INVESTMENT_AGREEMENT","TRADE_SETTLEMENT_PRODUCT_GROUP","0:M","","association"
"INVESTMENT_CORPORATE_ACTION","DIVIDEND_DECLARE_EVENT","0:M","","association"
"INVESTMENT_COST_BASIS_CHANGE_REASON","INVESTMENT_COST_BASIS","0:M","","association"
"INVESTMENT_COST_BASIS_CHANGE_REASON","PORTFOLIO_PRODUCT_COST_BASIS","0:M","","association"
"INVESTMENT_EVENT_SUBTYPE","INVESTMENT_PRODUCT_EVENT","0:M","","association"
"INVESTMENT_HOLDING_STATEMENT","INVESTMENT_HOLDING_STATEMENT_METRIC","0:M","","association"
"INVESTMENT_HOLDING_STATEMENT","INVESTMENT_STATEMENT_LINE_ITEM","0:M","","association"
"INVESTMENT_OBJECTIVE_TYPE","PARTY_INVESTMENT_OBJECTIVE","0:M","","association"
"INVESTMENT_PRODUCT","APPLICATION_INVESTMENT_DETAIL","0:M","","association"
"INVESTMENT_PRODUCT","BOND_TO_EQUITY_CONVERSION","0:M","","association"
"INVESTMENT_PRODUCT","DIRECT_EARNINGS_FINANCIAL_INSTRUMENT","0:M","","association"
"INVESTMENT_PRODUCT","FUTURES_CONTRACT_PRODUCT","0:M","","association"
"INVESTMENT_PRODUCT","INTEREST_RATE_QUOTATION","0:M","","association"
"INVESTMENT_PRODUCT","INVESTMENT_CORPORATE_ACTION","0:M","","association"
"INVESTMENT_PRODUCT","INVESTMENT_HOLDING_STATEMENT","0:M","","association"
"INVESTMENT_PRODUCT","INVESTMENT_PRODUCT_CFI","0:M","","association"
"INVESTMENT_PRODUCT","INVESTMENT_PRODUCT_COMPLEMENTARY_IDENTIFICATION_CODE","0:M","","association"
"INVESTMENT_PRODUCT","INVESTMENT_PRODUCT_EVENT","0:M","","association"
"INVESTMENT_PRODUCT","INVESTMENT_PRODUCT_INDEX","0:M","","association"
"INVESTMENT_PRODUCT","INVESTMENT_PRODUCT_RISK_FACTOR","0:M","","association"
"INVESTMENT_PRODUCT","INVESTMENT_PRODUCT_RISK_METRIC","0:M","","association"
"INVESTMENT_PRODUCT","INVESTMENT_SECURITY_RISK_GRADE","0:M","","association"
"INVESTMENT_PRODUCT","MARKET_QUOTATION","0:M","","association"
"INVESTMENT_PRODUCT","OPTION_PRODUCT","0:M","","association"
"INVESTMENT_PRODUCT","PORTFOLIO_PRODUCT_AGREEMENT_HOLDING","0:M","","association"
"INVESTMENT_PRODUCT","PORTFOLIO_PRODUCT_HOLDING","0:M","","association"
"INVESTMENT_PRODUCT","RISK_POSITION","0:M","","association"
"INVESTMENT_PRODUCT","SECURITY_ASSET","0:M","","association"
"INVESTMENT_PRODUCT","SPREAD_OPTION","0:M","","association"
"INVESTMENT_PRODUCT","SUBSCRIPTION_RIGHT","0:M","","association"
"INVESTMENT_PRODUCT","SUBSCRIPTION_WARRANT","0:M","","association"
"INVESTMENT_PRODUCT","SWAP_PRODUCT_is_swap_underlying","0:M","","association"
"INVESTMENT_PRODUCT","SWAP_PRODUCT_is_swapped_underlying","0:M","","association"
"INVESTMENT_PRODUCT","TRANCHE","0:1","","association"
"INVESTMENT_PRODUCT","UNIT_DISTRIBUTION_EVENT","0:M","","association"
"INVESTMENT_PRODUCT_EXTERNAL_EVENT_SUBTYPE","INVESTMENT_CORPORATE_ACTION","0:M","","association"
"INVESTMENT_PRODUCT_INDEX_PURPOSE_TYPE","INVESTMENT_PRODUCT_INDEX","0:M","","association"
"INVESTMENT_PRODUCT_SUBTYPE","INVESTMENT_PRODUCT","0:M","","association"
"INVESTMENT_PRODUCT_TRADE_SUBTYPE","INVESTMENT_PRODUCT","0:M","","association"
"INVESTMENT_PURPOSE_TYPE","INVESTMENT_AGREEMENT","0:M","","association"
"INVESTMENT_RISK_TOLERANCE_TYPE","PARTY_INVESTMENT_RISK_TOLERANCE","0:M","","association"
"INVESTMENT_SERVICE_SUBTYPE","INVESTMENT_SERVICE","0:M","","association"
"INVESTMENT_STATEMENT_LINE_ITEM","INVESTMENT_STATEMENT_LINE_ITEM_METRIC","0:M","","association"
"INVESTMENT_SUBTYPE","INVESTMENT_AGREEMENT","0:M","","association"
"INVESTMENT_VALUE_TYPE","INVESTMENT_PORTFOLIO_POSITION_SUMMARY","0:M","","association"
"INVESTMENT_VALUE_TYPE","INVESTMENT_POSITION","0:M","","association"
"INVOICE","FREIGHT_TERM_TYPE_INVOICE_XREF","0:M","","association"
"INVOICE","INVOICE_ADJUSTMENT","0:M","","association"
"INVOICE","INVOICE_AMOUNT","0:M","","association"
"INVOICE","INVOICE_CHARGE","0:M","","association"
"INVOICE","INVOICE_FEATURE","0:M","","association"
"INVOICE","INVOICE_PARTY","0:M","","association"
"INVOICE","INVOICE_PAYMENT","0:M","","association"
"INVOICE","INVOICE_RELATED_is_related_to","0:M","","association"
"INVOICE","INVOICE_RELATED_is_related_with","0:M","","association"
"INVOICE","INVOICE_STATUS","0:M","","association"
"INVOICE","PAYMENT_SCHEDULE","0:M","","association"
"INVOICE","PAYMENT_TERM_TYPE_INVOICE_XREF","0:M","","association"
"INVOICE_AMOUNT_TYPE","AR_INVOICE_LINE_AMOUNT","0:M","","association"
"INVOICE_AMOUNT_TYPE","INVOICE_AMOUNT","0:M","","association"
"INVOICE_AMOUNT_TYPE","PA_DRAFT_INVOICE_LINE_AMOUNT","0:M","","association"
"INVOICE_LINE_PARTY_ROLE","INVOICE_LINE_PARTY","0:M","","association"
"INVOICE_LINE_PAYMENT","INVOICE_LINE_PAYMENT_STATUS","0:M","","association"
"INVOICE_PARTY_ROLE_TYPE","INVOICE_PARTY","0:M","","association"
"INVOICE_PAYMENT","INVOICE_LINE_PAYMENT","0:M","","association"
"INVOICE_PAYMENT_METHOD_TYPE","INVOICE_PAYMENT","0:M","","association"
"INVOICE_PAYMENT_SUBTYPE","INVOICE_LINE_PAYMENT","0:M","","association"
"INVOICE_QUANTITY_TYPE","AR_INVOICE_LINE_QUANTITY","0:M","","association"
"INVOICE_RELATIONSHIP_TYPE","INVOICE_RELATED","0:M","","association"
"INVOICE_SOURCE_TYPE","INVOICE","0:M","","association"
"INVOICE_STATUS_REASON_TYPE","AP_INVOICE_LINE_STATUS","0:M","","association"
"INVOICE_STATUS_REASON_TYPE","INVOICE_STATUS","0:M","","association"
"INVOICE_STATUS_TYPE","AP_INVOICE_LINE_STATUS","0:M","","association"
"INVOICE_STATUS_TYPE","CONSOLIDATED_INVOICE_STATUS","0:M","","association"
"INVOICE_STATUS_TYPE","INVOICE_STATUS","0:M","","association"
"INVOICE_SUBTYPE","INVOICE","0:M","","association"
"IN_OUT_DIRECTION_TYPE","EVENT_CONTENT","0:M","","association"
"IN_OUT_DIRECTION_TYPE","FINANCIAL_EVENT","0:M","","association"
"ISO_10383_MARKET_IDENTIFIER_CODE","ISO_10383_MARKET_IDENTIFIER_CODE","0:M","","association"
"ISO_10383_MARKET_IDENTIFIER_CODE","PARTY_MARKET_IDENTIFIER_CODE","0:M","","association"
"ISO_10383_MARKET_IDENTIFIER_CODE_STATUS","ISO_10383_MARKET_IDENTIFIER_CODE","0:M","","association"
"ISO_10962_CLASSIFICATION_OF_FINANCIAL_INSTRUMENTS","INVESTMENT_PRODUCT_CFI","0:M","","association"
"ISO_3166_ALPHA-2_COUNTRY","BUSINESS_IDENTIFIER_CODE_ADDRESS","0:M","","association"
"ISO_3166_ALPHA-2_COUNTRY","CREDIT_AUTHORIZATION","0:M","","association"
"ISO_3166_ALPHA-2_COUNTRY","FIXED_ASSET_COMPLEMENTARY_IDENTIFICATION_CODE","0:M","","association"
"ISO_3166_ALPHA-2_COUNTRY","IBAN_AGREEMENT_IDENTIFIER","0:M","","association"
"ISO_3166_ALPHA-2_COUNTRY","INVESTMENT_PRODUCT_COMPLEMENTARY_IDENTIFICATION_CODE","0:M","","association"
"ISO_3166_ALPHA-2_COUNTRY","ISIN_PRODUCT_IDENTIFIER","0:M","","association"
"ISO_3166_ALPHA-2_COUNTRY","ISO_3166_COUNTRY_SUBDIVISION","0:M","","association"
"ISO_3166_ALPHA-2_COUNTRY","ISO_3166_NUMERIC_COUNTRY","0:M","","association"
"ISO_3166_ALPHA-2_COUNTRY","ISO_4217_CURRENCY_TYPE","0:M","","association"
"ISO_3166_ALPHA-3_COUNTRY","ISO_3166_NUMERIC_COUNTRY","0:M","","association"
"ISO_3166_COUNTRY_SUBDIVISION","ISO_3166_COUNTRY_SUBDIVISION","0:M","","association"
"ISO_3166_COUNTRY_SUBDIVISION","ISO_3166_COUNTRY_SUBDIVISION_STANDARD","0:1","","association"
"ISO_3166_COUNTRY_SUBDIVISION_TYPE","ISO_3166_COUNTRY_SUBDIVISION","0:M","","association"
"ISO_3166_NUMERIC_COUNTRY","GLOBAL_INTERMEDIARY_IDENTIFICATION_NUMBER","0:M","","association"
"ISO_3166_NUMERIC_COUNTRY","ISO_3166_COUNTRY_STANDARD","0:1","","association"
"ISO_3166_NUMERIC_COUNTRY","ISO_4217_CURRENCY_TYPE","0:M","","association"
"ISO_4217_COUNTRY_CURRENCY_ROLE","ISO_4217_COUNTRY_CURRENCY","0:M","","association"
"ISO_4217_CURRENCY_TYPE","CURRENCY","0:1","","association"
"ISO_4217_CURRENCY_TYPE","ISO_4217_COUNTRY_CURRENCY","0:M","","association"
"ISO_4217_CURRENCY_TYPE","ISO_4217_CURRENCY_TYPE","0:M","","association"
"ISO_LANGUAGE_TYPE","LANGUAGE_TYPE","0:M","","association"
"ITEM","AUDIO_PLAY","0:M","","association"
"ITEM","FILE_TRANSFER","0:M","","association"
"ITEM","GAME_PLAY","0:M","","association"
"ITEM","MEDIA_PLAYER","0:M","","association"
"ITEM","READER","0:M","","association"
"ITEM_CLASS","ITEM_SUBCLASS","0:M","","association"
"ITEM_IDENTIFICATION_TYPE","RECEIPT_LINE_UNIQUE_ITEM_INSTANCE","0:M","","association"
"ITEM_IDENTIFICATION_TYPE","RETURN_LINE_UNIQUE_ITEM_INSTANCE","0:M","","association"
"ITEM_SUBCLASS","ITEM","0:M","","association"
"ITEM_TRANSFER_DIRECTION_TYPE","ITEM_TRANSFER","0:M","","association"
"IVR_ACTION","IVR_LEG","0:M","","association"
"IVR_ACTION","IVR_STEP_NAVIGATION_is_start_action_for","0:M","","association"
"IVR_ACTION","IVR_STEP_NAVIGATION_is_transfer_action_for","0:M","","association"
"IVR_BUSINESS_TRANSACTION_TYPE","IVR_STEP_TRANSACTION","0:M","","association"
"IVR_LEG","IVR_STEP_NAVIGATION","0:M","","association"
"IVR_LEG_ACTION_TYPE","IVR_LEG","0:M","","association"
"IVR_STEP_TRANSACTION_SUBTYPE","IVR_STEP_TRANSACTION","0:M","","association"
"IVR_TERMINATION_TYPE","IVR_LEG","0:M","","association"
"IVR_TERMINATION_TYPE","IVR_STEP_NAVIGATION_ends_step","0:M","","association"
"IVR_TERMINATION_TYPE","IVR_STEP_NAVIGATION_ends_transaction","0:M","","association"
"IVR_TERMINATION_TYPE","IVR_STEP_TRANSACTION","0:M","","association"
"JAVASCRIPT_VERSION","WEB_VISIT","0:M","","association"
"JEWELRY_GEM_TYPE","JEWELRY","0:M","","association"
"JEWELRY_METAL_TYPE","JEWELRY","0:M","","association"
"JEWELRY_TYPE","JEWELRY","0:M","","association"
"JOB_CLASSIFICATION","ASSOCIATE_JOB_CLASSIFICATION","0:M","","association"
"JOB_CLASSIFICATION","ASSOCIATE_JOB_CLASSIFICATION_LABOR_ACTUAL","0:M","","association"
"JOB_CLASSIFICATION","HR_POSITION","0:M","","association"
"JOB_CLASSIFICATION","JOB_CLASSIFICATION_LABOR_SHIFT_SCHEDULE","0:M","","association"
"JOB_CLASSIFICATION","JOB_LABOR_TASK_CROSS-REFERENCE","0:M","","association"
"JOB_CLASSIFICATION","JOB_TITLE_CHANNEL_TYPE","0:1","","association"
"JOB_CLASSIFICATION","LABOR_FINANCIAL_PLAN","0:M","","association"
"JOB_CLASSIFICATION","PRODUCT_FEATURE_LEEWAY","0:M","","association"
"JOB_CLASSIFICATION","PRODUCT_PACKAGE_FEATURE_LEEWAY","0:M","","association"
"JOB_CLASSIFICATION_LABOR_SHIFT_SCHEDULE","ASSOCIATE_JOB_CLASSIFICATION_SHIFT_SCHEDULE","0:M","","association"
"JOURNAL_ENTRY_HEADER","JOURNAL_ENTRY_LINE","1:M","","association"
"JOURNAL_ENTRY_LINE","FINANCIAL_EVENT_JOURNAL_ENTRY_LINE","0:M","","association"
"JURISDICTION","AGREEMENT","0:M","","association"
"JURISDICTION","STATUTORY_RESPONSIBILITY","0:M","","association"
"KEYWORD_CATEGORY","KEYWORD_PHRASE","0:M","","association"
"KEYWORD_PHRASE","CUSTOM_SEARCH_CLICK-THROUGH","0:M","","association"
"KEYWORD_PHRASE","INTERACTION_SUMMARY","0:M","","association"
"KEYWORD_PHRASE","INTERNAL_SEARCH_EVENT","0:M","","association"
"KEYWORD_PHRASE","KEYWORD_PLACEMENT","0:M","","association"
"KEYWORD_PHRASE","ONLINE_PROMOTION","0:M","","association"
"KEYWORD_PHRASE","REFERRAL","0:M","","association"
"KEYWORD_PHRASE","REFERRAL_SEARCH","0:M","","association"
"KEYWORD_PHRASE","SEARCH_EVENT_FIELD","0:M","","association"
"KEYWORD_PHRASE","SOCIAL_MEDIA_KEYWORD_SUMMARY","0:M","","association"
"KEYWORD_PLACEMENT","KEYWORD_PLACEMENT_AD_GROUP_XREF","0:M","","association"
"KEYWORD_PLACEMENT","PAID_SEARCH","0:M","","association"
"LABOR_AGREEMENT","GRIEVANCE_PROCEDURE","0:M","","association"
"LABOR_AGREEMENT","LABOR_GRIEVANCE","0:M","","association"
"LABOR_AGREEMENT","POSITION_LABOR_AGREEMENT","0:M","","association"
"LABOR_GRIEVANCE","GRIEVANCE_PROJECT","0:1","","association"
"LABOR_GRIEVANCE","LABOR_GRIEVANCE_DOCUMENT","0:M","","association"
"LABOR_GRIEVANCE","LABOR_GRIEVANCE_PROCESS","0:M","","association"
"LABOR_GRIEVANCE","LABOR_GRIEVANCE_STATUS","0:M","","association"
"LABOR_GRIEVANCE","PARTY_GRIEVANCE","0:M","","association"
"LABOR_GRIEVANCE_PROCESS","GRIEVANCE_PROCESS_STATUS","0:M","","association"
"LABOR_GRIEVANCE_STATUS_REASON","LABOR_GRIEVANCE_STATUS","0:M","","association"
"LABOR_GRIEVANCE_STATUS_TYPE","LABOR_GRIEVANCE_STATUS","0:M","","association"
"LABOR_GRIEVANCE_TYPE","LABOR_GRIEVANCE","0:M","","association"
"LABOR_POOL","ASSOCIATE_JOB_CLASSIFICATION_LABOR_ACTUAL","0:M","","association"
"LABOR_POOL","ASSOCIATE_JOB_CLASSIFICATION_SHIFT_SCHEDULE","0:M","","association"
"LABOR_TASK_GROUP","LABOR_TASK_TYPE","0:M","","association"
"LABOR_TASK_TYPE","ASSOCIATE_LABOR_TASK","0:M","","association"
"LABOR_TASK_TYPE","JOB_LABOR_TASK_CROSS-REFERENCE","0:M","","association"
"LANGUAGE_PROFICIENCY_TYPE","PARTY_LANGUAGE_PROFICIENCY","0:M","","association"
"LANGUAGE_TYPE","CARD","0:M","","association"
"LANGUAGE_TYPE","CONTACT_EVENT","0:M","","association"
"LANGUAGE_TYPE","DOCUMENT","0:M","","association"
"LANGUAGE_TYPE","ONLINE_APPLICATION_ACCESS","0:M","","association"
"LANGUAGE_TYPE","PARTY_LANGUAGE_PROFICIENCY","0:M","","association"
"LANGUAGE_TYPE","PARTY_LANGUAGE_USAGE","0:M","","association"
"LANGUAGE_TYPE","RXNORM_CODE","0:M","","association"
"LANGUAGE_TYPE","TEXT_SECTION","0:M","","association"
"LANGUAGE_TYPE","WEB_VISIT","0:M","","association"
"LANGUAGE_USAGE_TYPE","PARTY_LANGUAGE_USAGE","0:M","","association"
"LAW_ENFORCEABILITY_TYPE","LEGAL_SYSTEM","0:M","","association"
"LEAD","LEAD_CONTACT_EVENT","0:M","","association"
"LEAD","LEAD_PARTY_ROLE","0:M","","association"
"LEAD","LEAD_STATUS","0:M","","association"
"LEAD","LEAD_STEP","0:M","","association"
"LEAD","LEAD_TEXT_COMMENT","0:M","","association"
"LEAD","LEAD_TRAIT_VALUE_XREF","0:M","","association"
"LEAD_PARTY_ROLE_TYPE","LEAD_PARTY_ROLE","0:M","","association"
"LEAD_STATUS_TYPE","LEAD_STATUS","0:M","","association"
"LEAD_STEP_TYPE","LEAD_STEP","0:M","","association"
"LEAD_TRAIT","LEAD_TRAIT_VALUE","0:M","","association"
"LEAD_TRAIT_VALUE","LEAD_TRAIT_VALUE_XREF","0:M","","association"
"LEASE_TYPE","LEASE_AGREEMENT","0:M","","association"
"LEDGER_BATCH","AP_INVOICE","0:M","","association"
"LEDGER_BATCH","AR_INVOICE","0:M","","association"
"LEDGER_BATCH","FIXED_ASSET_AMOUNT","0:M","","association"
"LEDGER_BATCH","JOURNAL_ENTRY_HEADER","0:M","","association"
"LEDGER_BATCH","PAYROLL_REGISTER","0:M","","association"
"LEDGER_BATCH_TYPE","LEDGER_BATCH","0:M","","association"
"LEDGER_POSTING_STATUS","LEDGER_BATCH","0:M","","association"
"LEEWAY_TYPE","PRODUCT_FEATURE_LEEWAY","0:M","","association"
"LEEWAY_TYPE","PRODUCT_PACKAGE_FEATURE_LEEWAY","0:M","","association"
"LEGAL_ACTION","AGREEMENT_LEGAL_ACTION","0:M","","association"
"LEGAL_ACTION","CLAIM_COVERAGE_LEGAL_ACTION","0:M","","association"
"LEGAL_ACTION","CLAIM_LEGAL_ACTION","0:M","","association"
"LEGAL_ACTION","CLAIM_SERVICE_LEGAL_ACTION","0:M","","association"
"LEGAL_ACTION","LEGAL_ACTION_DOCUMENT","0:M","","association"
"LEGAL_ACTION","LEGAL_ACTION_EVENT","0:M","","association"
"LEGAL_ACTION","LEGAL_ACTION_FINANCIAL","0:M","","association"
"LEGAL_ACTION","LEGAL_ACTION_OUTCOME","0:M","","association"
"LEGAL_ACTION","LEGAL_ACTION_RELATED_is_related_to","0:M","","association"
"LEGAL_ACTION","LEGAL_ACTION_RELATED_is_related_with","0:M","","association"
"LEGAL_ACTION","LEGAL_ACTION_STATUS","0:M","","association"
"LEGAL_ACTION","PARTY_ASSET_LEGAL_ACTION","0:M","","association"
"LEGAL_ACTION","PARTY_LEGAL_ACTION","0:M","","association"
"LEGAL_ACTION_FINANCIAL","LEGAL_ACTION_RECOVERY","0:M","","association"
"LEGAL_ACTION_METRIC_TYPE","LEGAL_ACTION_FINANCIAL","0:M","","association"
"LEGAL_ACTION_OUTCOME_TYPE","LEGAL_ACTION_OUTCOME","0:M","","association"
"LEGAL_ACTION_PARTY_ROLE_TYPE","PARTY_LEGAL_ACTION","0:M","","association"
"LEGAL_ACTION_RELATED_TYPE","LEGAL_ACTION_RELATED","0:M","","association"
"LEGAL_ACTION_STATUS_TYPE","LEGAL_ACTION_STATUS","0:M","","association"
"LEGAL_ACTION_STATUS_TYPE","PARTY_PUBLIC_RECORD","0:M","","association"
"LEGAL_ACTION_TYPE","LEGAL_ACTION","0:M","","association"
"LEGAL_CLASSIFICATION","ORGANIZATION","0:M","","association"
"LEGAL_SYSTEM","JURISDICTION","0:M","","association"
"LEGAL_SYSTEM_TYPE","LEGAL_SYSTEM","0:M","","association"
"LEVEL_OF_SERVICE","CLAIM_AUTHORIZATION","0:M","","association"
"LEVEL_OF_SERVICE","CLAIM_SERVICE","0:M","","association"
"LIABILITY","LIABILITY_BALANCE","0:M","","association"
"LIABILITY","LIABILITY_FEATURE","0:M","","association"
"LIABILITY","PARTY_ASSET_LIABILITY","0:M","","association"
"LIABILITY","PARTY_LIABILITY","0:M","","association"
"LIABILITY","PARTY_LIABILITY_CREDIT_RATING","0:M","","association"
"LIABILITY_ACCOUNT_SUBTYPE","LIABILITY_ACCOUNT","1:M","","association"
"LIABILITY_ROLE_TYPE","PARTY_LIABILITY","0:M","","association"
"LIABILITY_TYPE","LIABILITY","0:M","","association"
"LIENHOLDER_POSITION_TYPE","LENDER_PARTY_LIABILITY","0:M","","association"
"LIENHOLDER_POSITION_TYPE","PARTY_TO_PARTY_ASSET","0:M","","association"
"LIFECYCLE_TYPE","PARTY_LIFECYCLE","0:M","","association"
"LIFE_LINE_STRATEGY_TYPE","LIFE_LINE_AGREEMENT","0:M","","association"
"LIFE_LINE_STRATEGY_TYPE","LIFE_LINE_QUOTATION","0:M","","association"
"LIMIT_AUTHORIZATION_ORIGIN_TYPE","AGREEMENT_LIMIT","0:M","","association"
"LIMIT_CHANGE_METHOD_TYPE","AGREEMENT_LIMIT","0:M","","association"
"LIMIT_CHANGE_REASON_TYPE","AGREEMENT_GROUP_LIMIT","0:M","","association"
"LIMIT_CHANGE_REASON_TYPE","AGREEMENT_LIMIT","0:M","","association"
"LIMIT_CHANGE_REASON_TYPE","PARTY_GROUP_LIMIT","0:M","","association"
"LIMIT_CHANGE_REASON_TYPE","PARTY_LIMIT","0:M","","association"
"LIMIT_METRIC_TYPE","AGREEMENT_LIMIT_METRIC","0:M","","association"
"LIMIT_RELATED_ROLE","AGREEMENT_LIMIT_RELATED","0:M","","association"
"LIMIT_TYPE","ACCESS_DEVICE_LIMIT","0:M","","association"
"LIMIT_TYPE","AGREEMENT_GROUP_LIMIT","0:M","","association"
"LIMIT_TYPE","AGREEMENT_LIMIT","0:M","","association"
"LIMIT_TYPE","GEOGRAPHIC_LIMIT","0:M","","association"
"LIMIT_TYPE","PARTY_GROUP_LIMIT","0:M","","association"
"LIMIT_TYPE","PARTY_LIMIT","0:M","","association"
"LIMIT_TYPE","PRODUCT_GROUP_LIMIT","0:M","","association"
"LIMIT_TYPE","PRODUCT_LIMIT","0:M","","association"
"LIMIT_TYPE","PURCHASE_CARD_BUSINESS_LIMIT","0:M","","association"
"LINE_OF_BUSINESS_CLASSIFICATION_SCHEME","INSURANCE_LINE_OF_BUSINESS_TYPE","0:M","","association"
"LISTED_PRODUCT_RELATED_ROLE_TYPE","EXCHANGE_LISTED_PRODUCT_RELATED","0:M","","association"
"LIST_UPDATE_REASON","CONTACT_LIST_UPDATE","0:M","","association"
"LOAN_AGREEMENT","WORK_PROCESS_LOAN","0:M","","association"
"LOAN_CHANGE_REASON","LOAN_MODIFICATION","0:M","","association"
"LOAN_CHANGE_REASON","LOAN_RESTRUCTURE","0:M","","association"
"LOAN_MATURITY_SUBTYPE","LOAN_AGREEMENT","0:M","","association"
"LOAN_MODIFICATION_TYPE","LOAN_MODIFICATION","0:M","","association"
"LOAN_PROVISION_BALANCE","LOAN_PROVISION_CHANGE","0:M","","association"
"LOAN_REVIEW_RESULT_TYPE","LOAN_REVIEW","0:M","","association"
"LOAN_REVIEW_TYPE","LOAN_REVIEW","0:M","","association"
"LOAN_TERM_SUBTYPE","LOAN_TERM_AGREEMENT","0:M","","association"
"LOAN_TRANSACTION_SUBTYPE","LOAN_TRANSACTION_AGREEMENT","0:M","","association"
"LOCATION_OF_LOSS_TYPE","EXTERNALLY_REPORTED_PERSONAL_PROPERTY_CLAIM","0:M","","association"
"LOCATOR","AGREEMENT_LOCATOR","0:M","","association"
"LOCATOR","AGREEMENT_TAX_RULE","0:M","","association"
"LOCATOR","ALERT_SETUP_NOTIFICATION_LOCATOR","0:M","","association"
"LOCATOR","ANALYTICAL_MODEL","0:M","","association"
"LOCATOR","APPLICATION_LOCATOR","0:M","","association"
"LOCATOR","CAMPAIGN_LOCATOR","0:M","","association"
"LOCATOR","CAMPAIGN_TARGET_MARKET","0:M","","association"
"LOCATOR","CARD_STATEMENT_LINE_ITEM","0:M","","association"
"LOCATOR","CELL_TARGET_MARKET","0:M","","association"
"LOCATOR","CHANNEL_INSTANCE_LOCATOR","0:M","","association"
"LOCATOR","CLAIM_LOCATOR","0:M","","association"
"LOCATOR","EVENT_LOCATOR","0:M","","association"
"LOCATOR","EXTERNALLY_REPORTED_CLAIM","0:M","","association"
"LOCATOR","FEATURE_LOCATOR","0:M","","association"
"LOCATOR","FEATURE_RELATED_LOCATOR","0:M","","association"
"LOCATOR","FIXED_ASSET","0:M","","association"
"LOCATOR","LEGAL_ACTION","0:M","","association"
"LOCATOR","LOCATOR_DEMOGRAPHIC","0:M","","association"
"LOCATOR","LOCATOR_METRIC","0:M","","association"
"LOCATOR","LOCATOR_PERIL_TYPE_METRIC","0:M","","association"
"LOCATOR","LOCATOR_RELATED_is_related_to","0:M","","association"
"LOCATOR","LOCATOR_RELATED_is_related_with","0:M","","association"
"LOCATOR","LOCATOR_TO_LOCATOR_DISTANCE_is_related_to","0:M","","association"
"LOCATOR","LOCATOR_TO_LOCATOR_DISTANCE_is_related_with","0:M","","association"
"LOCATOR","ONLINE_PROMOTION","0:M","","association"
"LOCATOR","ORGANIZATION_POSITION","0:M","","association"
"LOCATOR","PARTY_AGREEMENT_LOCATOR","0:M","","association"
"LOCATOR","PARTY_ASSET_LOCATOR","0:M","","association"
"LOCATOR","PARTY_IDENTIFICATION_LOCATOR","0:M","","association"
"LOCATOR","PARTY_LOCATOR","0:M","","association"
"LOCATOR","PAYMENT_INSTRUCTION_LOCATOR","0:M","","association"
"LOCATOR","PHYSICAL_DELIVERY","0:M","","association"
"LOCATOR","POSITION_APPLICANT_INTERVIEW","0:M","","association"
"LOCATOR","PRODUCT_FEATURE_LOCATOR","0:M","","association"
"LOCATOR","PRODUCT_LOCATOR","0:M","","association"
"LOCATOR","PROJECT_LOCATOR","0:M","","association"
"LOCATOR","QUOTATION_LOCATOR","0:M","","association"
"LOCATOR","SALES_MARKETING_ACTIVITY_LOCATOR","0:M","","association"
"LOCATOR","SITE_LOCATOR","0:M","","association"
"LOCATOR","TRADE_EVENT_SETTLE_LOCATOR","0:M","","association"
"LOCATOR","TRADE_SETTLEMENT_INSTRUCTION_LOCATOR","0:M","","association"
"LOCATOR","VISITOR_LOCATOR","0:M","","association"
"LOCATOR_METRIC_TYPE","LOCATOR_METRIC","0:M","","association"
"LOCATOR_METRIC_TYPE","LOCATOR_PERIL_TYPE_METRIC","0:M","","association"
"LOCATOR_RELATED_REASON","LOCATOR_RELATED","0:M","","association"
"LOCATOR_SUBTYPE","LOCATOR","0:M","","association"
"LOCATOR_USAGE_TYPE","PARTY_LOCATOR","0:M","","association"
"LOCATOR_USAGE_TYPE","SITE_LOCATOR","0:M","","association"
"LOYALTY_ACCOUNT_EARNING_TYPE","LOYALTY_ACCOUNT_EARNING","0:M","","association"
"LOYALTY_AGREEMENT","LOYALTY_AGREEMENT_LEVEL","0:M","","association"
"LOYALTY_LEVEL","LOYALTY_AGREEMENT_LEVEL","0:M","","association"
"LOYALTY_LEVEL","LOYALTY_LEVEL_QUALIFYING_UNIT","0:M","","association"
"LOYALTY_LEVEL_QUALIFYING_UNIT","REWARD_EVENT","0:M","","association"
"LOYALTY_PARTY_ROLE_TYPE","LOYALTY_PROGRAM_PARTY","0:M","","association"
"LOYALTY_PROGRAM","CAMPAIGN_LOYALTY_PROGRAM","0:M","","association"
"LOYALTY_PROGRAM","LOYALTY_AGREEMENT","0:M","","association"
"LOYALTY_PROGRAM","LOYALTY_LEVEL","0:M","","association"
"LOYALTY_PROGRAM","LOYALTY_PROGRAM_PARTY","0:M","","association"
"LOYALTY_PROGRAM","LOYALTY_PROGRAM_UNIT","0:M","","association"
"LOYALTY_PROGRAM_UNIT","LOYALTY_CONVERSION_is_converted_from","0:M","","association"
"LOYALTY_PROGRAM_UNIT","LOYALTY_CONVERSION_is_converted_to","0:M","","association"
"LOYALTY_PROGRAM_UNIT","LOYALTY_LEVEL_QUALIFYING_UNIT","0:M","","association"
"LOYALTY_UNIT","LOYALTY_PROGRAM_UNIT","0:M","","association"
"LOYALTY_UNIT_TYPE","LOYALTY_UNIT","0:M","","association"
"MAJOR_DIAGNOSTIC_CATEGORY","DIAGNOSIS_CODE","0:M","","association"
"MAJOR_DIAGNOSTIC_CATEGORY","DIAGNOSIS_RELATED_GROUP","1:M","","association"
"MANUFACTURER_MODEL","ATM_CHANNEL_INSTANCE","0:M","","association"
"MANUFACTURER_MODEL","MONITORING_DEVICE","0:M","","association"
"MARITAL_STATUS_TYPE","AGREEMENT_TAX_RULE_for_federal","0:M","","association"
"MARITAL_STATUS_TYPE","AGREEMENT_TAX_RULE_for_local_tax","0:M","","association"
"MARITAL_STATUS_TYPE","INDIVIDUAL_MARITAL_STATUS","0:M","","association"
"MARKETING_GOAL_TYPE","INSURANCE_AGENT","0:M","","association"
"MARKETING_SUPPORT_TYPE","INSURANCE_AGENCY","0:M","","association"
"MARKETING_SUPPORT_TYPE","INSURANCE_AGENT","0:M","","association"
"MARKET_INDEX","MARKET_INDEX_VALUE","0:M","","association"
"MARKET_QUOTATION","MARKET_QUOTATION_METRIC","0:M","","association"
"MARKET_QUOTATION","MARKET_QUOTATION_TIME_PERIOD_METRIC","0:M","","association"
"MARKET_QUOTATION_METRIC_TYPE","FOREIGN_EXCHANGE_METRIC","0:M","","association"
"MARKET_QUOTATION_METRIC_TYPE","INTEREST_RATE_QUOTATION","0:M","","association"
"MARKET_QUOTATION_METRIC_TYPE","MARKET_QUOTATION_METRIC","0:M","","association"
"MARKET_QUOTATION_METRIC_TYPE","MARKET_QUOTATION_TIME_PERIOD_METRIC","0:M","","association"
"MARKET_RISK_TYPE","FINANCIAL_AGREEMENT","0:M","","association"
"MARKET_SEGMENT","CAMPAIGN_SEGMENT","0:M","","association"
"MARKET_SEGMENT","GROUP_SURVEY","0:M","","association"
"MARKET_SEGMENT","MARKET_SEGMENT_DEMOGRAPHIC","0:M","","association"
"MARKET_SEGMENT","ONLINE_APPLICATION_ACCESS_SEGMENT_DEMOGRAPHIC","0:M","","association"
"MARKET_SEGMENT","OPPORTUNITY_SEGMENT","0:M","","association"
"MARKET_SEGMENT","ORDER_PLACEMENT_DEMOGRAPHIC","0:M","","association"
"MARKET_SEGMENT","PARTY_SEGMENT","0:M","","association"
"MARKET_SEGMENT","PARTY_SEGMENT_SCORE","0:M","","association"
"MARKET_SEGMENT","PRODUCT_MARKET_SEGMENT","0:M","","association"
"MARKET_SEGMENT","PROMOTION_OFFER_SEGMENT","0:M","","association"
"MARKET_SEGMENT","PROMOTION_SEGMENT","0:M","","association"
"MARKET_SEGMENT","SEGMENT_PAGE_INTEREST_MAP","0:M","","association"
"MARKET_SEGMENT","SEGMENT_SITE_INTEREST_MAP","0:M","","association"
"MARKET_SEGMENT","TRADITIONAL_REQUEST_PLACEMENT","0:M","","association"
"MARKET_SEGMENT_GROUP","MARKET_SEGMENT","0:M","","association"
"MARKET_SEGMENT_SCHEME","MARKET_SEGMENT","0:M","","association"
"MARKET_SEGMENT_SCHEME","SEGMENT_CRITERION","0:M","","association"
"MAXIMUM_ALLOWABLE_COST","DRUG_MAXIMUM_ALLOWABLE_COST","0:M","","association"
"MEASUREMENT","MEASUREMENT_EVENT_MEASURE","0:M","","association"
"MEASUREMENT","MEASUREMENT_RELATED_is_related_to","0:M","","association"
"MEASUREMENT","MEASUREMENT_RELATED_relates_to","0:M","","association"
"MEASUREMENT","MEASUREMENT_STANDARD_RESULT","0:M","","association"
"MEASUREMENT_CONDITION_TYPE","MEASUREMENT","0:M","","association"
"MEASUREMENT_DIAGNOSTIC_TYPE","MEASUREMENT_READING","0:M","","association"
"MEASUREMENT_EVENT","MEASUREMENT_EVENT_MEASURE","0:M","","association"
"MEASUREMENT_EVENT_MEASURE","MEASUREMENT_EVENT_RESULT","0:M","","association"
"MEASUREMENT_EVENT_MEASURE","MICROSITE_DOCUMENT_XREF","0:M","","association"
"MEASUREMENT_EVENT_MEASURE","MICROSITE_PARTY_XREF","0:M","","association"
"MEASUREMENT_EVENT_MEASURE","ONLINE_APPLICATION_PROGRAM_METRIC","0:M","","association"
"MEASUREMENT_EVENT_MEASURE","PATH_ANALYSIS_METRIC","0:M","","association"
"MEASUREMENT_EVENT_MEASURE_TYPE","MEASUREMENT_EVENT_MEASURE","0:M","","association"
"MEASUREMENT_EVENT_PURPOSE","MEASUREMENT_EVENT","0:M","","association"
"MEASUREMENT_EVENT_RESULT_TYPE","MEASUREMENT_EVENT_RESULT","0:M","","association"
"MEASUREMENT_EVENT_TYPE","MEASUREMENT_EVENT","0:M","","association"
"MEASUREMENT_RELATED_ROLE","MEASUREMENT_RELATED","0:M","","association"
"MEASUREMENT_STANDARD_RESULT_TYPE","MEASUREMENT_STANDARD_RESULT","0:M","","association"
"MEASUREMENT_SUBTYPE","MEASUREMENT","0:M","","association"
"MEDICAID_STATISTICAL_INFORMATION_SYSTEM_CLAIM_TYPE","HEALTH_CLAIM","0:M","","association"
"MENU_OPTION_TYPE","CONTACT_MENU_OPTION","0:M","","association"
"METRIC_DOMAIN_TYPE","FINANCIAL_RULE_METRIC_TYPE","0:M","","association"
"METRIC_PURPOSE_TYPE","LOCATOR_METRIC","0:M","","association"
"METRIC_PURPOSE_TYPE","SITE_METRIC","0:M","","association"
"METROPOLITAN_STATISTICAL_AREA__GEO","BROWSER_GEOGRAPHIC_ADDRESS_INFORMATION_describes_MSA","0:M","","association"
"METROPOLITAN_STATISTICAL_AREA__GEO","BROWSER_GEOGRAPHIC_ADDRESS_INFORMATION_describes_PMSA","0:M","","association"
"METROPOLITAN_STATISTICAL_AREA__GEO","COUNTY","0:M","","association"
"METROPOLITAN_STATISTICAL_AREA__GEO","INTERNET_PROTOCOL_ADDRESS_GEOGRAPHICAL_MAP","0:M","","association"
"METROPOLITAN_STATISTICAL_AREA__GEO","ONLINE_APPLICATION_ACCESS","0:M","","association"
"MICROSITE","MICROSITE_CATEGORY_XREF","0:M","","association"
"MICROSITE","MICROSITE_DOCUMENT_XREF","0:M","","association"
"MICROSITE","MICROSITE_MEMBER","0:M","","association"
"MICROSITE","MICROSITE_METRIC_XREF","0:M","","association"
"MICROSITE","MICROSITE_PARTY_XREF","0:M","","association"
"MICROSITE","MICROSITE_RATING_XREF","0:M","","association"
"MICROSITE","MICROSITE_STATUS","0:M","","association"
"MICROSITE","MICROSITE_TARGET_GROUP","0:M","","association"
"MICROSITE_ACTIVITY_TYPE","MICROSITE","0:M","","association"
"MICROSITE_CATEGORY_STATUS_TYPE","MICROSITE_CATEGORY_STATUS","0:M","","association"
"MICROSITE_CATEGORY_XREF","MICROSITE_CATEGORY_STATUS","0:M","","association"
"MICROSITE_CONTENT_CATEGORY","MICROSITE_CATEGORY_XREF","0:M","","association"
"MICROSITE_CONTENT_GROUP","MICROSITE_CONTENT_CATEGORY","0:M","","association"
"MICROSITE_CONTENT_RATING","MICROSITE_RATING_XREF","0:M","","association"
"MICROSITE_CONTENT_RATING_REASON","MICROSITE_RATING_REASON_XREF","0:M","","association"
"MICROSITE_CONTENT_RATING_SYSTEM","MICROSITE_CONTENT_RATING","0:M","","association"
"MICROSITE_DOCUMENT_ROLE","MICROSITE_DOCUMENT_XREF","0:M","","association"
"MICROSITE_METRIC_TYPE","MICROSITE_METRIC_XREF","0:M","","association"
"MICROSITE_PARTY_ROLE","MICROSITE_PARTY_XREF","0:M","","association"
"MICROSITE_RATING_XREF","MICROSITE_RATING_REASON_XREF","0:M","","association"
"MICROSITE_STATUS_TYPE","MICROSITE_STATUS","0:M","","association"
"MILITARY_STATUS_TYPE","INDIVIDUAL_MILITARY_STATUS","0:M","","association"
"MOBILE_PHONE","MOBILE_TELEPHONE_NUMBER","0:M","","association"
"MODEL_ALGORITHM_TYPE","ANALYTICAL_MODEL","0:M","","association"
"MODEL_PURPOSE_TYPE","ANALYTICAL_MODEL","0:M","","association"
"MODEL_RELATIONSHIP_ROLE_TYPE","MODEL_RELATIONSHIP","0:M","","association"
"MODEL_REVIEW_FINDING_TYPE","ANALYTICAL_MODEL_RUN_REVIEW","0:M","","association"
"MODEL_RUN","AD_ORDER_EXPENSE_FORECAST","0:M","","association"
"MODEL_RUN","AD_ORDER_REVENUE_FORECAST","0:M","","association"
"MODEL_RUN","AGREEMENT_GROUP_SCORE","0:M","","association"
"MODEL_RUN","AGREEMENT_SCORE","0:M","","association"
"MODEL_RUN","ANALYTICAL_MODEL_RUN_REVIEW","0:M","","association"
"MODEL_RUN","APPLICATION_SCORE","0:M","","association"
"MODEL_RUN","ASSET_SCORE","0:M","","association"
"MODEL_RUN","BUSINESS_LINE_LOSS_SCORE","0:M","","association"
"MODEL_RUN","CASE_SCORE","0:M","","association"
"MODEL_RUN","CLAIM_COVERAGE_SCORE","0:M","","association"
"MODEL_RUN","CLAIM_SCORE","0:M","","association"
"MODEL_RUN","CLAIM_SERVICE_SCORE","0:M","","association"
"MODEL_RUN","EVENT_SCORE","0:M","","association"
"MODEL_RUN","GEOGRAPHICAL_AREA_SCORE","0:M","","association"
"MODEL_RUN","INTERNAL_CREDIT_REPORT","0:M","","association"
"MODEL_RUN","MARKET_SEGMENT","0:M","","association"
"MODEL_RUN","MODEL_RUN_PARTY","0:M","","association"
"MODEL_RUN","NEXT_ACTIVITY","0:M","","association"
"MODEL_RUN","PARTY_CHANNEL_PREFERENCE_SCORE","0:M","","association"
"MODEL_RUN","PARTY_GROUP_SCORE","0:M","","association"
"MODEL_RUN","PARTY_PRODUCT_SCORE","0:M","","association"
"MODEL_RUN","PARTY_SCORE","0:M","","association"
"MODEL_RUN","PARTY_SEGMENT_SCORE","0:M","","association"
"MODEL_RUN","PRODUCT_SCORE","0:M","","association"
"MODEL_RUN","PROMOTION_RESPONSE_SCORE","0:M","","association"
"MODEL_RUN","WEATHER_FORECAST","0:M","","association"
"MODEL_RUN_PURPOSE_TYPE","MODEL_RUN","0:M","","association"
"MODEL_STATUS_TYPE","ANALYTICAL_MODEL_STATUS","0:M","","association"
"MODEL_TYPE","ANALYTICAL_MODEL","0:M","","association"
"MODIFICATION_TYPE","MOTOR_VEHICLE","0:M","","association"
"MONEY_MARKET_PRODUCT_TYPE","MONEY_MARKET_PRODUCT","0:M","","association"
"MONITORING_DEVICE","GEOSPATIAL_POINT_MEASUREMENT_EVENT","0:M","","association"
"MONITORING_SYSTEM_PANEL_CODE","TRADITIONAL_PLACEMENT_describes","0:M","","association"
"MORTALITY_TABLE","INDIVIDUAL_MORTALITY","0:M","","association"
"MORTALITY_TABLE","MORTALITY_TABLE_RISK_FACTOR","0:M","","association"
"MORTALITY_TABLE_PURPOSE","INDIVIDUAL_MORTALITY","0:M","","association"
"MORTGAGE_TYPE","MORTGAGE_AGREEMENT","0:M","","association"
"MOTOR_VEHICLE","MOTOR_VEHICLE_DETAIL","0:M","","association"
"MOTOR_VEHICLE","MOTOR_VEHICLE_SPECIFICATION","0:M","","association"
"MOTOR_VEHICLE","MOTOR_VEHICLE_USAGE_METRIC","0:M","","association"
"MOTOR_VEHICLE_TYPE","MOTOR_VEHICLE","0:M","","association"
"MOTOR_VEHICLE_TYPE","PARTY_DRIVING_LICENSE_ISSUANCE","0:M","","association"
"MOTOR_VEHICLE_USAGE_METRIC_TYPE","MOTOR_VEHICLE_USAGE_METRIC","0:M","","association"
"MULTIMEDIA_GROUP","MULTIMEDIA_GROUP_OBJECT_XREF","0:M","","association"
"MULTIMEDIA_OBJECT","AD_CREATIVE","0:M","","association"
"MULTIMEDIA_OBJECT","CAMPAIGN_CHANNEL_TYPE_MULTIMEDIA_OBJECT","0:M","","association"
"MULTIMEDIA_OBJECT","COMMUNICATION_COLLATERAL","0:M","","association"
"MULTIMEDIA_OBJECT","DOCUMENT","0:M","","association"
"MULTIMEDIA_OBJECT","EVENT_MULTIMEDIA_OBJECT","0:M","","association"
"MULTIMEDIA_OBJECT","INDIVIDUAL","0:M","","association"
"MULTIMEDIA_OBJECT","MULTIMEDIA_COMPONENT_groups","0:M","","association"
"MULTIMEDIA_OBJECT","MULTIMEDIA_COMPONENT_is_part_of","0:M","","association"
"MULTIMEDIA_OBJECT","MULTIMEDIA_GROUP_OBJECT_XREF","0:M","","association"
"MULTIMEDIA_OBJECT","PARTY_ASSET","0:M","","association"
"MULTIMEDIA_OBJECT","PROMOTION_CHANNEL_MM_OBJECT","0:M","","association"
"MULTIMEDIA_OBJECT","SCRIPTED_MESSAGE","0:M","","association"
"MULTIMEDIA_OBJECT","WEB_PAGE_CREATIVE","0:M","","association"
"MULTIMEDIA_OBJECT","WEB_PAGE_MM_OBJECT","0:M","","association"
"MULTIMEDIA_OBJECT","WEB_PAGE_OBJECT_VIEW","0:M","","association"
"MULTIMEDIA_SOURCE","MULTIMEDIA_OBJECT","0:M","","association"
"MULTIMEDIA_SUBTYPE","MULTIMEDIA_OBJECT","0:M","","association"
"MULTIMEDIA_SUBTYPE","MULTIMEDIA_SOURCE","0:M","","association"
"MULTIMEDIA_TEXT_OBJECT","MM_OBJECT_TEXT_SECTION","0:1","","association"
"NACE_CLASS","ORGANIZATION_NACE__GEO","0:M","","association"
"NACE_DIVISION","NACE_GROUP","0:M","","association"
"NACE_GROUP","NACE_CLASS","0:M","","association"
"NACE_SECTION","NACE_DIVISION","0:M","","association"
"NAICS_INDUSTRY_GROUP__GEO","NAICS_INDUSTRY__GEO","0:M","","association"
"NAICS_INDUSTRY__GEO","NAICS_NATIONAL_INDUSTRY__GEO","0:M","","association"
"NAICS_INDUSTRY__GEO","ORGANIZATION_NAICS__GEO","0:M","","association"
"NAICS_NATIONAL_INDUSTRY__GEO","ORGANIZATION_NAICS__GEO","0:M","","association"
"NAICS_SECTOR__GEO","NAICS_SUBSECTOR__GEO","0:M","","association"
"NAICS_SUBSECTOR__GEO","NAICS_INDUSTRY_GROUP__GEO","0:M","","association"
"NAME_TYPE","INDIVIDUAL_NAME","0:M","","association"
"NAME_TYPE","ORGANIZATION_NAME","0:M","","association"
"NAME_TYPE","PRODUCT_PARTY_NAME","0:M","","association"
"NAME_USAGE_TYPE","NAME_SALUTATION","0:M","","association"
"NAME_USAGE_TYPE","NAME_VALEDICTION","0:M","","association"
"NATIONALITY_TYPE","INDIVIDUAL","0:M","","association"
"NATIONAL_UNIFORM_BILLING_COMMITTEE_CONDITION_CODE","HEALTH_CLAIM_NUBC_CONDITION_CODE","0:M","","association"
"NAVIGATION_LEVEL","NAVIGATION_LEVEL","0:M","","association"
"NAVIGATION_LEVEL","WEB_SITE_NAVIGATION","0:M","","association"
"NETTED_MARKET_RISK_GROUP_TYPE","NETTED_MARKET_RISK_GROUP","0:M","","association"
"NETTING_AGREEMENT_TYPE","NETTING_AGREEMENT","0:M","","association"
"NETWORK_GROUPING_TYPE","NETWORK_TYPE","0:M","","association"
"NETWORK_SERVICE_AGREEMENT_SUBTYPE","NETWORK_SERVICE_AGREEMENT","0:M","","association"
"NETWORK_TYPE","CHANNEL_NETWORK","0:M","","association"
"NETWORK_TYPE","NETWORK_ACCESS_DEVICE_EVENT","0:M","","association"
"NETWORK_TYPE","NETWORK_SERVICE_EVENT","0:M","","association"
"NEXT_ACTIVITY","NEXT_ACTIVITY","0:M","","association"
"NEXT_CONSENT_ACTION_TYPE","PARTY_PRIVACY_PREFERENCE","0:M","","association"
"NEXT_OFFER","NEXT_OFFER_FEATURE","0:M","","association"
"NONCASH_PAYMENT_APPROVAL_TYPE","INVOICE_PAYMENT","0:M","","association"
"NONCURRENT_LIABILITY_ACCOUNT_SUBTYPE","NONCURRENT_LIABILITY_ACCOUNT","1:M","","association"
"NONDEPRECIABLE_ASSET_TYPE","NONDEPRECIABLE_FIXED_ASSET","0:M","","association"
"NONDIVIDEND_EQUITY_ACCOUNT_TYPE","NONDIVIDEND_EQUITY_ACCOUNT","1:M","","association"
"NSIN_PRODUCT_IDENTIFIER","ISIN_PRODUCT_IDENTIFIER","0:M","","association"
"NUMBER_CHANGE_REASON_TYPE","STOCK_ISSUANCE","0:M","","association"
"NURSING_HOME_RESIDENT_STATUS_TYPE","PATIENT_CLAIM_AUTHORIZATION","0:M","","association"
"OBJECTIVE","ASSOCIATE_PERFORMANCE_EVALUATION_DETAIL","0:M","","association"
"OBJECTIVE","GOAL_OBJECTIVE","0:M","","association"
"OBJECTIVE","PARTY_OBJECTIVE","0:M","","association"
"OBJECTIVE","PROJECT_OBJECTIVE","0:M","","association"
"OBJECTIVE","STRATEGY_OBJECTIVE","0:M","","association"
"OBJECTIVE_TYPE","OBJECTIVE","0:M","","association"
"OBLIGOR_BORROWING_PURPOSE_TYPE","CREDIT_AGREEMENT","0:M","","association"
"OBSERVATION_CLASS","OBSERVATION_TYPE","0:M","","association"
"OBSERVATION_CLASS_SUBTYPE","OBSERVATION_TYPE","0:M","","association"
"OBSERVATION_SET","OBSERVATION_TYPE","0:M","","association"
"OBSERVATION_SUBTYPE","OBSERVATION_TYPE","0:M","","association"
"OBSERVATION_SUBTYPE","WEATHER_FORECAST","0:M","","association"
"OBSERVATION_TYPE","STATION_OBSERVATION_XREF","0:M","","association"
"OBSERVATION_TYPE","WEATHER_FORECAST","0:M","","association"
"OCCUPATION_TYPE","FEATURE_OCCUPATION_ELIGIBILITY","0:M","","association"
"OCCUPATION_TYPE","INDIVIDUAL_OCCUPATION","0:M","","association"
"OCCUPATION_TYPE","PRODUCT_FEATURE_OCCUPATION_ELIGIBILITY","0:M","","association"
"OCCUPATION_TYPE","PRODUCT_OCCUPATION_ELIGIBILITY","0:M","","association"
"OFFER","AD_OFFER","0:M","","association"
"OFFER","CAMPAIGN_CELL","0:M","","association"
"OFFER","CONTACT_EVENT_OFFER","0:M","","association"
"OFFER","CONVERSION_CATEGORY","0:M","","association"
"OFFER","NEXT_OFFER","0:M","","association"
"OFFER","OFFER_COLLATERAL","0:M","","association"
"OFFER","OFFER_FEATURE","0:M","","association"
"OFFER","PRODUCT_OFFER","0:M","","association"
"OFFER","PROMOTION_OFFER","0:M","","association"
"OFFER_TYPE","OFFER","0:M","","association"
"OFFSET_VALUE_TYPE","INTERNAL_SEARCH_RESULT_CONTENT","0:M","","association"
"OFF_BALANCE_SHEET_SECURITIZATION_TYPE","SECURITIZATION_POOL","0:M","","association"
"ONLINE_APPLICATION_ACCESS","AUDIO_PLAY","0:M","","association"
"ONLINE_APPLICATION_ACCESS","ONLINE_APPLICATION_ACCESS_AD_XREF","0:M","","association"
"ONLINE_APPLICATION_ACCESS","ONLINE_APPLICATION_ACCESS_SEGMENT_DEMOGRAPHIC","0:M","","association"
"ONLINE_APPLICATION_ACCESS","ONLINE_APPLICATION_PROGRAM_METRIC","0:M","","association"
"ONLINE_APPLICATION_ACCESS","SOCIAL_MEDIA_INTERACTION","0:M","","association"
"ONLINE_APPLICATION_ACCESS_SUBTYPE","ONLINE_APPLICATION_ACCESS","0:M","","association"
"ONLINE_APPLICATION_GAME_TYPE","GAME_PLAY","0:M","","association"
"ONLINE_APPLICATION_PROGRAM","ONLINE_APPLICATION_PROGRAM_DEVICE_XREF","0:M","","association"
"ONLINE_APPLICATION_PROGRAM","ONLINE_APPLICATION_PROGRAM_GENRE","0:M","","association"
"ONLINE_APPLICATION_PROGRAM","ONLINE_APPLICATION_PROGRAM_PAGE_VIEW_XREF","0:M","","association"
"ONLINE_APPLICATION_PROGRAM","ONLINE_APPLICATION_PROGRAM_RELATED_is_program_for","0:M","","association"
"ONLINE_APPLICATION_PROGRAM","ONLINE_APPLICATION_PROGRAM_RELATED_is_related_program","0:M","","association"
"ONLINE_APPLICATION_PROGRAM","ONLINE_APPLICATION_PROGRAM_STATUS","0:M","","association"
"ONLINE_APPLICATION_PROGRAM","ONLINE_APPLICATION_PROGRAM_TRAIT_XREF","0:M","","association"
"ONLINE_APPLICATION_PROGRAM","ONLINE_APPLICATION_PROGRAM_VERSION","0:M","","association"
"ONLINE_APPLICATION_PROGRAM","PROGRAM_PAGE_VIEW_XREF","0:M","","association"
"ONLINE_APPLICATION_PROGRAM_CATEGORY","ONLINE_APPLICATION_PROGRAM","0:M","","association"
"ONLINE_APPLICATION_PROGRAM_COUNTRY_GROUP","APPLICATION_PERFORMANCE_RATING","0:M","","association"
"ONLINE_APPLICATION_PROGRAM_COUNTRY_GROUP","ONLINE_APPLICATION_PROGRAM_RATING_XREF","0:M","","association"
"ONLINE_APPLICATION_PROGRAM_GENRE","ONLINE_APPLICATION_PROGRAM_GENRE","0:M","","association"
"ONLINE_APPLICATION_PROGRAM_RATING","ONLINE_APPLICATION_PROGRAM_RATING_XREF","0:M","","association"
"ONLINE_APPLICATION_PROGRAM_RATING_REASON","ONLINE_APPLICATION_PROGRAM_RATING_XREF","0:M","","association"
"ONLINE_APPLICATION_PROGRAM_STATUS_TYPE","ONLINE_APPLICATION_PROGRAM_STATUS","0:M","","association"
"ONLINE_APPLICATION_PROGRAM_TRAIT","ONLINE_APPLICATION_PROGRAM_TRAIT_VALUE","0:M","","association"
"ONLINE_APPLICATION_PROGRAM_TRAIT_VALUE","AD_TRAIT","0:M","","association"
"ONLINE_APPLICATION_PROGRAM_TRAIT_VALUE","ONLINE_APPLICATION_PROGRAM_TRAIT_XREF","0:M","","association"
"ONLINE_APPLICATION_PROGRAM_TYPE","ONLINE_APPLICATION_PROGRAM","0:M","","association"
"ONLINE_APPLICATION_PROGRAM_TYPE","ONLINE_APPLICATION_PROGRAM_GENRE","0:M","","association"
"ONLINE_APPLICATION_PROGRAM_VERSION","APPLICATION_SECOND_SOURCE_XREF_is_primary","0:M","","association"
"ONLINE_APPLICATION_PROGRAM_VERSION","APPLICATION_SECOND_SOURCE_XREF_is_secondary","0:M","","association"
"ONLINE_APPLICATION_PROGRAM_VERSION","ONLINE_APPLICATION_ACCESS","0:M","","association"
"ONLINE_APPLICATION_PROGRAM_VERSION","ONLINE_APPLICATION_DEVELOPER_XREF","0:M","","association"
"ONLINE_APPLICATION_PROGRAM_VERSION","ONLINE_APPLICATION_PROGRAM_COUNTRY_GROUP","0:M","","association"
"ONLINE_APPLICATION_PROGRAM_VERSION","ONLINE_APPLICATION_PROGRAM_IDENTIFICATION","0:M","","association"
"ONLINE_APPLICATION_PROGRAM_VERSION","SOCIAL_NETWORK_MEMBER","0:M","","association"
"ONLINE_APPLICATION_RELATED_ROLE","ONLINE_APPLICATION_PROGRAM_RELATED","0:M","","association"
"ONLINE_APPLICATION_SUBCATEGORY","ONLINE_APPLICATION_PROGRAM_CATEGORY","0:M","","association"
"ONLINE_CHANNEL_TYPE","TV_SIGNAL_RECEIVER","0:M","","association"
"ONLINE_CHANNEL_TYPE_2","ONLINE_CHANNEL_TYPE","0:M","","association"
"ONLINE_CHANNEL_TYPE_3","ONLINE_CHANNEL_TYPE_2","0:M","","association"
"ONLINE_DOCUMENT_INFORMATION","ONLINE_APPLICATION_ACCESS","0:M","","association"
"ONLINE_DOCUMENT_INFORMATION","SOCIAL_MEDIA_TRANSFER","0:M","","association"
"ONLINE_DOCUMENT_INFORMATION","TRANSFER_EVENT","0:M","","association"
"ONLINE_IMPRESSION_EXPERIENCED","ADVERTISEMENT_USAGE_INFORMATION","0:M","","association"
"ONLINE_IMPRESSION_EXPERIENCED","AD_EVENT","0:M","","association"
"ONLINE_IMPRESSION_EXPERIENCED","DIGITAL_PLACEMENT","0:M","","association"
"ONLINE_IMPRESSION_EXPERIENCED","IMPRESSION_DELIVERY_STATUS","0:M","","association"
"ONLINE_IMPRESSION_EXPERIENCED","IMPRESSION_SELECTED","0:M","","association"
"ONLINE_IMPRESSION_EXPERIENCED","INTERACTION_EVENT_IMPRESSION_XREF","0:M","","association"
"ONLINE_IMPRESSION_EXPERIENCED","SOCIAL_MEDIA_ACTIVITY_IMPRESSION_XREF","0:M","","association"
"ONLINE_IMPRESSION_EXPERIENCED","VISITOR_PATH_ANALYSIS","0:M","","association"
"ONLINE_IMPRESSION_EXPERIENCED","WEB_CAMPAIGN_EVENT","0:M","","association"
"ONLINE_PROMOTION","AD_GROUP_PROMOTION_XREF","0:M","","association"
"ONLINE_PROMOTION","KEYWORD_PLACEMENT","0:M","","association"
"ONLINE_PROMOTION","ONLINE_PROMOTION_SUMMARY","0:M","","association"
"ONLINE_PROMOTION","ONLINE_PROMOTION_VISIT_XREF","0:M","","association"
"ONLINE_PROMOTION","SEARCH_ENGINE_ACCOUNT_CAMPAIGN_XREF","0:M","","association"
"ONLINE_PROMOTION","VISITOR_INTERACTION_EVENT","0:M","","association"
"ONLINE_PROMOTION","VISIT_PROMOTION_XREF","0:M","","association"
"ONLINE_PROMOTION_TYPE","ONLINE_PROMOTION","0:M","","association"
"ONLINE_PROMOTION_VISIT_XREF","ONLINE_PROMOTION_ATTRIBUTE","0:M","","association"
"ONLINE_RADIO_STATION","AUDIO_PLAY_RADIO_STATION_XREF","0:M","","association"
"ONLINE_VISITOR_AFFILIATION_TYPE","VISITOR_LOGON_SYSTEM","0:M","","association"
"OPERATING_EXPENSE_ACCOUNT_SUBTYPE","OPERATING_EXPENSE_ACCOUNT","1:M","","association"
"OPERATING_SYSTEM","OPERATING_SYSTEM_VERSION","0:M","","association"
"OPERATING_SYSTEM_FAMILY","OPERATING_SYSTEM","0:M","","association"
"OPERATING_SYSTEM_VERSION","BROWSER_IDENTIFICATION","0:M","","association"
"OPERATIONAL_AUTHORITY_TYPE","INSURANCE_AGENT","0:M","","association"
"OPERATIONAL_LOSS_TYPE","BUSINESS_LINE_LOSS_TYPE_MEASURE","0:M","","association"
"OPERATIONAL_RISK_MEASURE","BUSINESS_LINE_LOSS_TYPE_MEASURE","0:M","","association"
"OPERATIONAL_RISK_MEASURE","BUSINESS_LINE_RISK_MEASURE","0:M","","association"
"OPPORTUNITY","BUSINESS_CASE","0:M","","association"
"OPPORTUNITY","LEAD","0:M","","association"
"OPPORTUNITY","OPPORTUNITY","0:M","","association"
"OPPORTUNITY","OPPORTUNITY_ASSET","0:M","","association"
"OPPORTUNITY","OPPORTUNITY_DOCUMENT","0:M","","association"
"OPPORTUNITY","OPPORTUNITY_EVENT","0:M","","association"
"OPPORTUNITY","OPPORTUNITY_FEATURE","0:M","","association"
"OPPORTUNITY","OPPORTUNITY_FINANCE","0:M","","association"
"OPPORTUNITY","OPPORTUNITY_ISSUE","0:M","","association"
"OPPORTUNITY","OPPORTUNITY_PARTY","0:M","","association"
"OPPORTUNITY","OPPORTUNITY_PRODUCT","0:M","","association"
"OPPORTUNITY","OPPORTUNITY_PRODUCT_FEATURE","0:M","","association"
"OPPORTUNITY","OPPORTUNITY_PROMOTION","0:M","","association"
"OPPORTUNITY","OPPORTUNITY_PROPOSAL","0:M","","association"
"OPPORTUNITY","OPPORTUNITY_QUOTATION","0:M","","association"
"OPPORTUNITY","OPPORTUNITY_RISK_GRADE","0:M","","association"
"OPPORTUNITY","OPPORTUNITY_SALES_STAGE","0:M","","association"
"OPPORTUNITY","OPPORTUNITY_SEGMENT","0:M","","association"
"OPPORTUNITY","OPPORTUNITY_STATUS","0:M","","association"
"OPPORTUNITY","OPPORTUNITY_STEP","0:M","","association"
"OPPORTUNITY","OPPORTUNITY_TEXT","0:M","","association"
"OPPORTUNITY","SALES_MARKETING_ACTIVITY","0:M","","association"
"OPPORTUNITY","SALES_PROGRAM","0:M","","association"
"OPPORTUNITY_ASSET_ROLE_TYPE","OPPORTUNITY_ASSET","0:M","","association"
"OPPORTUNITY_COMPETITOR","OPPORTUNITY_COMPETITOR_FINANCE","0:M","","association"
"OPPORTUNITY_COMPETITOR","OPPORTUNITY_COMPETITOR_TEXT","0:M","","association"
"OPPORTUNITY_DOCUMENT_ROLE_TYPE","OPPORTUNITY_DOCUMENT","0:M","","association"
"OPPORTUNITY_FINANCE_TYPE","OPPORTUNITY_COMPETITOR_FINANCE","0:M","","association"
"OPPORTUNITY_FINANCE_TYPE","OPPORTUNITY_FINANCE","0:M","","association"
"OPPORTUNITY_ISSUE_RESOLVE_TYPE","OPPORTUNITY_ISSUE","0:M","","association"
"OPPORTUNITY_ISSUE_TYPE","OPPORTUNITY_ISSUE","0:M","","association"
"OPPORTUNITY_LEAD_TYPE","OPPORTUNITY","0:M","","association"
"OPPORTUNITY_PRODUCT","OPPORTUNITY_PRODUCT_FEATURE","0:M","","association"
"OPPORTUNITY_PROPOSAL","OPPORTUNITY_AGREEMENT","0:M","","association"
"OPPORTUNITY_REVENUE_SIZE_TYPE","OPPORTUNITY","0:M","","association"
"OPPORTUNITY_REVENUE_TYPE","OPPORTUNITY","0:M","","association"
"OPPORTUNITY_SALES_STAGE","OPPORTUNITY_SALES_STAGE_STATUS","0:M","","association"
"OPPORTUNITY_STATUS","OPPORTUNITY_STATUS_REASON","0:M","","association"
"OPPORTUNITY_STATUS_REASON_TYPE","OPPORTUNITY_COMPETITOR","0:M","","association"
"OPPORTUNITY_STATUS_REASON_TYPE","OPPORTUNITY_STATUS_REASON","0:M","","association"
"OPPORTUNITY_STATUS_TYPE","OPPORTUNITY_COMPETITOR","0:M","","association"
"OPPORTUNITY_STATUS_TYPE","OPPORTUNITY_STATUS","0:M","","association"
"OPPORTUNITY_STEP_TYPE","OPPORTUNITY_STEP","0:M","","association"
"OPPORTUNITY_STRATEGIC_VALUE_TYPE","OPPORTUNITY","0:M","","association"
"OPPORTUNITY_TEXT","OPPORTUNITY_TEXT_SECTION","0:1","","association"
"OPPORTUNITY_TEXT_TYPE","OPPORTUNITY_COMPETITOR_TEXT","0:M","","association"
"OPPORTUNITY_TEXT_TYPE","OPPORTUNITY_TEXT","0:M","","association"
"OPPORTUNITY_TYPE","OPPORTUNITY","0:M","","association"
"OPPORTUNITY_VISIBLE_TYPE","OPPORTUNITY","0:M","","association"
"OPTION_EXERCISE_TYPE","OPTION_PRODUCT","0:M","","association"
"OPTION_PUT_CALL_TYPE","OPTION_AGREEMENT","0:M","","association"
"OPTION_PUT_CALL_TYPE","OPTION_PRODUCT","0:M","","association"
"OPTION_STYLE_SUBTYPE","OPTION_AGREEMENT","0:M","","association"
"OPTION_STYLE_SUBTYPE","OPTION_PRODUCT","0:M","","association"
"ORAL_CAVITY_TYPE","DENTAL_SERVICE_ORAL_CAVITY","0:M","","association"
"ORANGE_BOOK_THERAPEUTIC_EQUIVALENCE_TYPE__GEO","DRUG_NDC__GEO","0:M","","association"
"ORGANIZATION","AD_PERFORMANCE_RATING","0:M","","association"
"ORGANIZATION","AD_RATING_SYSTEM","0:M","","association"
"ORGANIZATION","AGREEMENT_IDENTIFICATION","0:M","","association"
"ORGANIZATION","ASSOCIATE_EMPLOYMENT","0:M","","association"
"ORGANIZATION","ASSOCIATE_LABOR_TASK","0:M","","association"
"ORGANIZATION","BENEFIT_PLAN_OPTION","0:M","","association"
"ORGANIZATION","COUNTRY_CODE_STANDARD_TYPE","0:M","","association"
"ORGANIZATION","COURSE","0:M","","association"
"ORGANIZATION","DELIVERY_STATUS","0:M","","association"
"ORGANIZATION","DEMOGRAPHIC","0:M","","association"
"ORGANIZATION","DIGITAL_PLACEMENT_SUMMARY","0:M","","association"
"ORGANIZATION","DRUG_PUBLISHED_PRICE","0:M","","association"
"ORGANIZATION","EXTERNAL_COUPON","0:M","","association"
"ORGANIZATION","JOURNAL_ENTRY_LINE","0:M","","association"
"ORGANIZATION","ORGANIZATION","0:M","","association"
"ORGANIZATION","ORGANIZATION_BASEL_APPROACH","0:M","","association"
"ORGANIZATION","ORGANIZATION_BUSINESS_TYPE_XREF","0:M","","association"
"ORGANIZATION","ORGANIZATION_DUNS","0:M","","association"
"ORGANIZATION","ORGANIZATION_GICS","0:M","","association"
"ORGANIZATION","ORGANIZATION_HIERARCHY_is_child_of","0:M","","association"
"ORGANIZATION","ORGANIZATION_HIERARCHY_is_parent_of","0:M","","association"
"ORGANIZATION","ORGANIZATION_LEVEL","0:M","","association"
"ORGANIZATION","ORGANIZATION_NACE__GEO","0:M","","association"
"ORGANIZATION","ORGANIZATION_NAICS__GEO","0:M","","association"
"ORGANIZATION","ORGANIZATION_NAME","0:M","","association"
"ORGANIZATION","ORGANIZATION_SIC__GEO","0:M","","association"
"ORGANIZATION","ORGANIZATION_TAX_STATUS","0:M","","association"
"ORGANIZATION","PERSONA","0:M","","association"
"ORGANIZATION","PRODUCT_IDENTIFICATION","0:M","","association"
"ORGANIZATION","REPORTING_ORGANIZATION","0:M","","association"
"ORGANIZATION","SALES_MARKETING_ACTIVITY","0:M","","association"
"ORGANIZATION","SET_OF_BOOKS","0:M","","association"
"ORGANIZATION","TERRITORY_STANDARD_TYPE","0:M","","association"
"ORGANIZATION","TRADITIONAL_ORDER","0:M","","association"
"ORGANIZATION","UNKNOWN_PARTY","0:1","","association"
"ORGANIZATION_BUSINESS_TYPE","BUSINESS_TYPE_RISK_FACTOR","0:M","","association"
"ORGANIZATION_BUSINESS_TYPE","CARD_STATEMENT_LINE_ITEM","0:M","","association"
"ORGANIZATION_BUSINESS_TYPE","CREDIT_RISK_SUMMARY","0:M","","association"
"ORGANIZATION_BUSINESS_TYPE","ORGANIZATION_BUSINESS_TYPE","0:M","","association"
"ORGANIZATION_BUSINESS_TYPE","ORGANIZATION_BUSINESS_TYPE_XREF","0:M","","association"
"ORGANIZATION_BUSINESS_TYPE","PURCHASE_AGREEMENT_BUSINESS_TYPE","0:M","","association"
"ORGANIZATION_BUSINESS_TYPE","PURCHASE_CARD_BUSINESS","0:M","","association"
"ORGANIZATION_CENTER_TYPE","FINANCIAL_INSTITUTION_INTERNAL_ORGANIZATION","0:M","","association"
"ORGANIZATION_CLASSIFICATION_SCHEME","ORGANIZATION_BUSINESS_TYPE","0:M","","association"
"ORGANIZATION_CLASSIFICATION_SCHEME","ORGANIZATION_CLASSIFICATION_GEOGRAPHIC_AREA","0:M","","association"
"ORGANIZATION_HIERARCHY_LEVEL","ORGANIZATION_HIERARCHY","0:M","","association"
"ORGANIZATION_HIERARCHY_TYPE","ORGANIZATION_HIERARCHY","0:M","","association"
"ORGANIZATION_LEVEL_TYPE","ORGANIZATION_LEVEL","0:M","","association"
"ORGANIZATION_NAICS__GEO","ORGANIZATION_NAICS_RATIO","0:M","","association"
"ORGANIZATION_POSITION","ASSOCIATE_ORGANIZATION_POSITION","1:M","","association"
"ORGANIZATION_POSITION","ORGANIZATION_PAY_ELEMENT","0:M","","association"
"ORGANIZATION_POSITION","ORGANIZATION_POSITION_STATUS","0:M","","association"
"ORGANIZATION_POSITION","ORGANIZATION_POSITION_TRAIT_XREF","0:M","","association"
"ORGANIZATION_POSITION","POSITION_LABOR_AGREEMENT","0:M","","association"
"ORGANIZATION_POSITION","POSITION_POSTING","0:M","","association"
"ORGANIZATION_SIC__GEO","ORGANIZATION_SIC_RATIO","0:M","","association"
"ORGANIZATION_SIZE_TYPE","ORGANIZATION","0:M","","association"
"ORGANIZATION_TYPE","ORGANIZATION","0:M","","association"
"OTC_POST-TRADE_TYPE","TRADE_EXECUTION_OTC_POST-TRADE","0:M","","association"
"OTHER_ASSET_ACCOUNT_SUBTYPE","OTHER_ASSET_ACCOUNT","1:M","","association"
"OTHER_EXPENSE_ACCOUNT_SUBTYPE","OTHER_EXPENSE_ACCOUNT","0:M","","association"
"OTHER_FINANCIAL_SERVICES_SUBTYPE","OTHER_FINANCIAL_SERVICE","0:M","","association"
"OTHER_LIABILITY_ACCOUNT_SUBTYPE","OTHER_LIABILITY_ACCOUNT","0:M","","association"
"OTHER_PARTY_INSURER","OTHER_PARTY_INSURANCE_COVERAGE","0:M","","association"
"OUTBOUND_CALL_REASON_TYPE","OUTBOUND_CALL","0:M","","association"
"OUTPATIENT_INSTITUTIONAL_CLAIM","OUTPATIENT_INSTITUTIONAL_CLAIM_APC","0:M","","association"
"OUT_OF_NETWORK_EXCEPTION_REASON","INSTITUTIONAL_CLAIM","0:M","","association"
"OUT_OF_NETWORK_EXCEPTION_REASON","PROFESSIONAL_CLAIM","0:M","","association"
"OUT_OF_NETWORK_EXCEPTION_REASON","PROFESSIONAL_CLAIM_SERVICE","0:M","","association"
"OVERALL_HEALTH_CONDITION_TYPE","PATIENT_CLAIM_AUTHORIZATION","0:M","","association"
"OWNERSHIP_TYPE","ORGANIZATION","0:M","","association"
"PACKAGE_CHANNEL_LINEUP","ADVERTISEMENT_USAGE_INFORMATION","0:M","","association"
"PACKAGE_CHANNEL_LINEUP","TV_SIGNAL_RECEIVER_USAGE_INFORMATION","0:M","","association"
"PACKAGE_OFFERING","PRODUCT_PACKAGE","0:M","","association"
"PAGE_EVENT_STATUS_TYPE","WEB_PAGE_EVENT_INFORMATION","0:M","","association"
"PAGE_POSITION_TYPE","AD_PLACEMENT_PRINT_PLATFORM","0:M","","association"
"PAGE_POSITION_TYPE","DIGITAL_REQUEST_PLACEMENT","0:M","","association"
"PAGE_POSITION_TYPE","REQUEST_PLACEMENT_PRINT","0:M","","association"
"PAGE_POSITION_TYPE","WEB_PAGE_CREATIVE","0:M","","association"
"PAGE_POSITION_TYPE","WEB_PAGE_MM_OBJECT","0:M","","association"
"PAGE_POSITION_TYPE","WEB_PLATFORM","0:M","","association"
"PAGE_TYPE","AD_PLACEMENT_PRINT_PLATFORM","0:M","","association"
"PAGE_TYPE","DIGITAL_REQUEST_PLACEMENT","0:M","","association"
"PAGE_TYPE","REQUEST_PLACEMENT_PRINT","0:M","","association"
"PAGE_TYPE","WEB_PAGE","0:M","","association"
"PAID_SEARCH_PROMOTION_STATUS_TYPE","ONLINE_PROMOTION","0:M","","association"
"PARTY","ACCOUNTING_CURRENCY","0:M","","association"
"PARTY","ACCOUNT_is_responsible_for","0:M","","association"
"PARTY","ACCOUNT_issued","0:M","","association"
"PARTY","ACTUAL_IMPACT_AREA","0:M","","association"
"PARTY","AD","0:M","","association"
"PARTY","AD_IMPRESSION_SUMMARY","0:M","","association"
"PARTY","AD_NETWORK","0:M","","association"
"PARTY","AD_ORDER_COMMISSION","0:M","","association"
"PARTY","AD_ORDER_PARTY","0:M","","association"
"PARTY","AGREEMENT_GROUP_TEXT","0:M","","association"
"PARTY","AGREEMENT_PARTY_TEXT","0:M","","association"
"PARTY","AGREEMENT_PRIVACY_PREFERENCE","0:M","","association"
"PARTY","AGREEMENT_RISK_GRADE_RELATED","0:M","","association"
"PARTY","AGREEMENT_TEXT","0:M","","association"
"PARTY","ALERT_RESOLUTION_TEXT","0:M","","association"
"PARTY","ALERT_SETUP_NOTIFICATION_PARTY","0:M","","association"
"PARTY","ANALYTICAL_MODEL_PARTY","0:M","","association"
"PARTY","ANALYTICAL_MODEL_RUN_REVIEW","0:M","","association"
"PARTY","APPLICATION_PARTY_PRODUCT","0:M","","association"
"PARTY","APPLICATION_PERFORMANCE_RATING","0:M","","association"
"PARTY","APPLICATION_TEXT","0:M","","association"
"PARTY","APPLICATION_UNDERWRITE_REQUIREMENT","0:M","","association"
"PARTY","AP_INVOICE_LINE_STATUS","0:M","","association"
"PARTY","AR_COLLECTION_ACTIVITY","0:M","","association"
"PARTY","ASSET_INSPECTION_PARTY","0:M","","association"
"PARTY","ASSET_RISK_GRADE_RELATED","0:M","","association"
"PARTY","ASSET_VALUE","0:M","","association"
"PARTY","ASSOCIATE_BENEFICIARY","0:M","","association"
"PARTY","ASSOCIATE_CONTACT","0:M","","association"
"PARTY","ASSOCIATE_PERFORMANCE_EVALUATION","0:M","","association"
"PARTY","BANK_CAPITAL_SUMMARY","0:M","","association"
"PARTY","BUSINESS_INTEREST_SUMMARY","0:M","","association"
"PARTY","CAMPAIGN_CELL_MANAGEMENT","0:M","","association"
"PARTY","CAMPAIGN_CELL_PARTY","0:M","","association"
"PARTY","CAMPAIGN_PARTY","0:M","","association"
"PARTY","CAPITAL_REQUIREMENTS_SUMMARY","0:M","","association"
"PARTY","CARD_STATEMENT_LINE_ITEM","0:M","","association"
"PARTY","CASE_PARTY","0:M","","association"
"PARTY","CERTIFICATION_certified","0:M","","association"
"PARTY","CERTIFICATION_received","0:M","","association"
"PARTY","CHARGE_TYPE","0:M","","association"
"PARTY","CLAIM_AUTHORIZATION_IDENTIFIER","0:M","","association"
"PARTY","CLAIM_EXPOSURE","0:M","","association"
"PARTY","CLAIM_EXPOSURE_ACTIVITY_created","0:M","","association"
"PARTY","CLAIM_EXPOSURE_ACTIVITY_recovered","0:M","","association"
"PARTY","CLAIM_FOLLOW-UP","0:M","","association"
"PARTY","CLAIM_PROVIDER_SURVEY_RESPONSE","0:M","","association"
"PARTY","COLLATERAL_ITEM_VALUE","0:M","","association"
"PARTY","CONSOLIDATED_INVOICE","0:M","","association"
"PARTY","CONTACT_LIST_MANAGEMENT","0:M","","association"
"PARTY","CREDIT_MATURITY_SUMMARY","0:M","","association"
"PARTY","CREDIT_RISK_SUMMARY","0:M","","association"
"PARTY","CURRENCY_TRANSLATION_RATE","0:M","","association"
"PARTY","CUSTOM_CALENDAR_PARTY","0:M","","association"
"PARTY","DEBT_PRINCIPAL_REPAYMENT","0:M","","association"
"PARTY","DEFAULT_RECOVERY_METRIC","0:M","","association"
"PARTY","DEMO_PARTY","0:1","","association"
"PARTY","DERIVED_WEATHER","0:M","","association"
"PARTY","DIVIDEND_DECLARE_EVENT","0:M","","association"
"PARTY","EQUITY_HOLDING_SUMMARY","0:M","","association"
"PARTY","EVENT_PARTY","0:M","","association"
"PARTY","EVENT_TEXT","0:M","","association"
"PARTY","EXPOSURE_AGREEMENT_ASSET_VALUE","0:M","","association"
"PARTY","EXTERNALLY_REPORTED_CLAIM","0:M","","association"
"PARTY","EXTERNALLY_REPORTED_VEHICLE_CLAIM","0:M","","association"
"PARTY","FINANCIAL_RULE","0:M","","association"
"PARTY","FIXED_ASSET_STATUS","0:M","","association"
"PARTY","FIXED_ASSET_manages","0:M","","association"
"PARTY","FIXED_ASSET_manufactured","0:M","","association"
"PARTY","FIXED_INCOME_INTEREST_PAYMENT","0:M","","association"
"PARTY","FORECASTED_IMPACT_AREA","0:M","","association"
"PARTY","FOREIGN_EXCHANGE_METRIC","0:M","","association"
"PARTY","FORMULARY","0:M","","association"
"PARTY","FORWARD_CONTRACT_is_long_party_for","0:M","","association"
"PARTY","FORWARD_CONTRACT_is_short_party_for","0:M","","association"
"PARTY","GEOGRAPHIC_ECONOMIC_MEASURE","0:M","","association"
"PARTY","GRIEVANCE_PROCEDURE","0:M","","association"
"PARTY","INSURED_PROVIDER_SELECTION","0:M","","association"
"PARTY","INTEREST_RATE_BANKING_BOOK_SUMMARY","0:M","","association"
"PARTY","INTEREST_RATE_INDEX_PARTY","0:M","","association"
"PARTY","INTEREST_RATE_QUOTATION","0:M","","association"
"PARTY","INTERNAL_MODEL_APPROACH_SUMMARY","0:M","","association"
"PARTY","INTERNET_PROTOCOL_ADDRESS","0:M","","association"
"PARTY","INTERNET_PROTOCOL_ADDRESS_GEOGRAPHICAL_MAP","0:M","","association"
"PARTY","INVOICE_LINE_PARTY","0:M","","association"
"PARTY","INVOICE_PARTY","0:M","","association"
"PARTY","INVOICE_STATUS","0:M","","association"
"PARTY","JOURNAL_ENTRY_LINE_is_charged_to","0:M","","association"
"PARTY","JOURNAL_ENTRY_LINE_is_created_by","0:M","","association"
"PARTY","JURISDICTION","0:M","","association"
"PARTY","LABOR_GRIEVANCE_DOCUMENT","0:M","","association"
"PARTY","LEAD_PARTY_ROLE","0:M","","association"
"PARTY","LIABILITY_BALANCE","0:M","","association"
"PARTY","LINE_OF_BUSINESS_PARTY_METRIC","0:M","","association"
"PARTY","LOAN_PROVISION_BALANCE","0:M","","association"
"PARTY","LOAN_REVIEW","0:M","","association"
"PARTY","LOYALTY_PROGRAM_PARTY","0:M","","association"
"PARTY","MARKET_INDEX","0:M","","association"
"PARTY","MARKET_QUOTATION_lists_trades_at","0:M","","association"
"PARTY","MARKET_QUOTATION_reports_value","0:M","","association"
"PARTY","MARKET_SEGMENT","0:M","","association"
"PARTY","MAXIMUM_ALLOWABLE_COST","0:M","","association"
"PARTY","MERGER","0:M","","association"
"PARTY","MICROSITE_CONTENT_RATING_SYSTEM","0:M","","association"
"PARTY","MICROSITE_PARTY_XREF","0:M","","association"
"PARTY","MODEL_RELATIONSHIP","0:M","","association"
"PARTY","MODEL_RUN_PARTY","0:M","","association"
"PARTY","MULTIMEDIA_SOURCE","0:M","","association"
"PARTY","NAME_SALUTATION","0:M","","association"
"PARTY","NAME_VALEDICTION","0:M","","association"
"PARTY","NEXT_ACTIVITY","0:M","","association"
"PARTY","NON-IRB_EXPOSURE_SUMMARY","0:M","","association"
"PARTY","NONRETAIL_RISK_ASSESSMENT_SUMMARY","0:M","","association"
"PARTY","ONLINE_APPLICATION_DEVELOPER_XREF","0:M","","association"
"PARTY","ONLINE_APPLICATION_PROGRAM_GENRE","0:M","","association"
"PARTY","OPPORTUNITY_PARTY","0:M","","association"
"PARTY","OPPORTUNITY_TEXT","0:M","","association"
"PARTY","PARTY_ACCESS_DEVICE","0:M","","association"
"PARTY","PARTY_ACCOUNT","0:M","","association"
"PARTY","PARTY_ADDRESS","0:M","","association"
"PARTY","PARTY_AGREEMENT","0:M","","association"
"PARTY","PARTY_AGREEMENT_BALANCE_SUMMARY","0:M","","association"
"PARTY","PARTY_AGREEMENT_GROUP","0:M","","association"
"PARTY","PARTY_APPLICATION","0:M","","association"
"PARTY","PARTY_ASSET_CONDITION","0:M","","association"
"PARTY","PARTY_ASSET_PART_VALUATION","0:M","","association"
"PARTY","PARTY_ASSET_REGISTRATION","0:M","","association"
"PARTY","PARTY_AUTHORIZATION_RESPONSE","0:M","","association"
"PARTY","PARTY_BANKRUPTCY","0:M","","association"
"PARTY","PARTY_CHANNEL_INSTANCE","0:1","","association"
"PARTY","PARTY_CHANNEL_INSTANCE_PREFERENCE","0:M","","association"
"PARTY","PARTY_CHANNEL_INSTANCE_XREF","0:M","","association"
"PARTY","PARTY_CHANNEL_PREFERENCE_SCORE","0:M","","association"
"PARTY","PARTY_CHANNEL_TYPE","0:M","","association"
"PARTY","PARTY_CHANNEL_TYPE_ACTIVITY_QUOTA","0:M","","association"
"PARTY","PARTY_CLAIM","0:M","","association"
"PARTY","PARTY_CLAIM_AUTHORIZATION","0:M","","association"
"PARTY","PARTY_CLAIM_SERVICE","0:M","","association"
"PARTY","PARTY_COST","0:M","","association"
"PARTY","PARTY_CREDIT_INQUIRY_SUMMARY_is_reported_for","0:M","","association"
"PARTY","PARTY_CREDIT_INQUIRY_SUMMARY_is_reporting_party_for","0:M","","association"
"PARTY","PARTY_CREDIT_INQUIRY_has_credit_inquiry_from","0:M","","association"
"PARTY","PARTY_CREDIT_INQUIRY_inquired_about","0:M","","association"
"PARTY","PARTY_CREDIT_INQUIRY_is_potential_lender_for","0:M","","association"
"PARTY","PARTY_CREDIT_REPORT_is_corporate_owner","0:M","","association"
"PARTY","PARTY_CREDIT_REPORT_is_obligor_for","0:M","","association"
"PARTY","PARTY_CREDIT_REPORT_supplied_information_for","0:M","","association"
"PARTY","PARTY_CURRENCY","0:M","","association"
"PARTY","PARTY_DEMOGRAPHIC","0:M","","association"
"PARTY","PARTY_DOCUMENT","0:M","","association"
"PARTY","PARTY_DRIVING_HISTORY","0:M","","association"
"PARTY","PARTY_EXTERNAL_SCORE_has_score_of","0:M","","association"
"PARTY","PARTY_EXTERNAL_SCORE_provided","0:M","","association"
"PARTY","PARTY_FEATURE","0:M","","association"
"PARTY","PARTY_FINANCIAL_DOCUMENT_audited","0:M","","association"
"PARTY","PARTY_FINANCIAL_DOCUMENT_may_have","0:M","","association"
"PARTY","PARTY_GOAL","0:M","","association"
"PARTY","PARTY_GRIEVANCE","0:M","","association"
"PARTY","PARTY_HOLIDAY_CALENDAR","0:M","","association"
"PARTY","PARTY_IDENTIFICATION","0:M","","association"
"PARTY","PARTY_IDENTIFICATION_STATUS_issued","0:M","","association"
"PARTY","PARTY_IDENTIFICATION_STATUS_requested","0:M","","association"
"PARTY","PARTY_IDENTIFICATION_VALIDATION","0:M","","association"
"PARTY","PARTY_IDENTIFICATION_is_identified_by","0:M","","association"
"PARTY","PARTY_IDENTIFICATION_issued","0:M","","association"
"PARTY","PARTY_INFORMATION_VALIDATION_is_going_through","0:M","","association"
"PARTY","PARTY_INFORMATION_VALIDATION_validated","0:M","","association"
"PARTY","PARTY_INSURABLE_INTEREST","0:1","","association"
"PARTY","PARTY_INSURANCE_RISK_CATEGORY","0:M","","association"
"PARTY","PARTY_INSURANCE_RISK_FACTOR","0:M","","association"
"PARTY","PARTY_INVESTMENT_OBJECTIVE","0:M","","association"
"PARTY","PARTY_INVESTMENT_RISK_TOLERANCE","0:M","","association"
"PARTY","PARTY_LANGUAGE_PROFICIENCY","0:M","","association"
"PARTY","PARTY_LANGUAGE_USAGE","0:M","","association"
"PARTY","PARTY_LEGAL_ACTION","0:M","","association"
"PARTY","PARTY_LIABILITY","0:M","","association"
"PARTY","PARTY_LIFECYCLE","0:M","","association"
"PARTY","PARTY_LIMIT","0:M","","association"
"PARTY","PARTY_LOCATOR","0:M","","association"
"PARTY","PARTY_METRIC","0:M","","association"
"PARTY","PARTY_METRIC_PROJECTION","0:M","","association"
"PARTY","PARTY_OBJECTIVE","0:M","","association"
"PARTY","PARTY_PARTY_CLASS_XREF","0:M","","association"
"PARTY","PARTY_PORTFOLIO","0:M","","association"
"PARTY","PARTY_PRIVACY_PREFERENCE_may_be_a","0:M","","association"
"PARTY","PARTY_PRIVACY_PREFERENCE_may_have","0:M","","association"
"PARTY","PARTY_PRODUCT_GROUP_QUOTA","0:M","","association"
"PARTY","PARTY_PRODUCT_QUOTA","0:M","","association"
"PARTY","PARTY_PRODUCT_SCORE","0:M","","association"
"PARTY","PARTY_PROFIT","0:M","","association"
"PARTY","PARTY_QUOTA","0:M","","association"
"PARTY","PARTY_QUOTATION","0:M","","association"
"PARTY","PARTY_RELATED_is_related_to","0:M","","association"
"PARTY","PARTY_RELATED_is_related_with","0:M","","association"
"PARTY","PARTY_RELATED_related","0:M","","association"
"PARTY","PARTY_RELATED_relates","0:M","","association"
"PARTY","PARTY_REVENUE","0:M","","association"
"PARTY","PARTY_RISK_GRADE","0:M","","association"
"PARTY","PARTY_RISK_GRADE_RELATED","0:M","","association"
"PARTY","PARTY_SANCTION","0:M","","association"
"PARTY","PARTY_SCORE","0:M","","association"
"PARTY","PARTY_SCRIPT","0:M","","association"
"PARTY","PARTY_SEGMENT","0:M","","association"
"PARTY","PARTY_SOLICITATION_PREFERENCE","0:M","","association"
"PARTY","PARTY_SPECIALTY","0:M","","association"
"PARTY","PARTY_STATUS","0:M","","association"
"PARTY","PARTY_STRATEGY","0:M","","association"
"PARTY","PARTY_SUBJECT","0:1","","association"
"PARTY","PARTY_SURVEY_RESPONSE","0:M","","association"
"PARTY","PARTY_SYSTEM_ABUSE","0:M","","association"
"PARTY","PARTY_TACTIC","0:M","","association"
"PARTY","PARTY_TEXT_has_text_of","0:M","","association"
"PARTY","PARTY_TEXT_is_source_for","0:M","","association"
"PARTY","PARTY_TO_AGREEMENT_RISK_GRADE","0:M","","association"
"PARTY","PARTY_TO_EXTERNAL_LIST","0:M","","association"
"PARTY","PARTY_TO_PARTY_ASSET","0:M","","association"
"PARTY","PARTY_TO_PARTY_GROUP","0:M","","association"
"PARTY","PARTY_TO_PARTY_RISK_GRADE","0:M","","association"
"PARTY","PARTY_TRAIT_VALUE_XREF","0:M","","association"
"PARTY","PASSBOOK","0:M","","association"
"PARTY","PAYMENT_INSTRUCTION","0:M","","association"
"PARTY","POLICY_INSURABLE_COVERAGE_PARTY","0:M","","association"
"PARTY","POSITION_POSTING","0:M","","association"
"PARTY","POSITION_POSTING_APPLICANT","0:M","","association"
"PARTY","PO_DELIVERY_RELEASE_STATUS","0:M","","association"
"PARTY","PRIVACY_DATA_TRANSFER_applies_to","0:M","","association"
"PARTY","PRIVACY_DATA_TRANSFER_receives","0:M","","association"
"PARTY","PRIVACY_PRESET","0:M","","association"
"PARTY","PRODUCT_FEATURE_PARTY","0:M","","association"
"PARTY","PRODUCT_GROUP_PARTY","0:M","","association"
"PARTY","PRODUCT_PACKAGE_PARTY","0:M","","association"
"PARTY","PRODUCT_PARTY","0:M","","association"
"PARTY","PRODUCT_RISK_GRADE_RELATED","0:M","","association"
"PARTY","PROJECTED_CASH_FLOW_is_deliverer_of","0:M","","association"
"PARTY","PROJECTED_CASH_FLOW_is_recipient_of","0:M","","association"
"PARTY","PROJECT_PARTY","0:M","","association"
"PARTY","PROJECT_STATUS","0:M","","association"
"PARTY","PROJECT_TASK_RESOURCE_PARTY","0:M","","association"
"PARTY","PROJECT_TASK_STATUS","0:M","","association"
"PARTY","PROMOTION_CELL_PARTY","0:M","","association"
"PARTY","PROMOTION_PARTY","0:M","","association"
"PARTY","PROMOTION_RESPONSE_SCORE","0:M","","association"
"PARTY","PROPOSAL_PARTY","0:M","","association"
"PARTY","PURCHASE_REQUISITION_LINE_STATUS","0:M","","association"
"PARTY","PURCHASE_REQUISITION_LINE_is_buyer_for","0:M","","association"
"PARTY","PURCHASE_REQUISITION_LINE_is_vendor_for","0:M","","association"
"PARTY","PURCHASE_REQUISITION_STATUS","0:M","","association"
"PARTY","PURCHASE_REQUISITION_created","0:M","","association"
"PARTY","PURCHASE_REQUISITION_requesting","0:M","","association"
"PARTY","QUESTIONNAIRE","0:M","","association"
"PARTY","RECEIPT","0:M","","association"
"PARTY","RECEIPT_LINE","0:M","","association"
"PARTY","RECEIPT_LINE_DOCUMENT","0:M","","association"
"PARTY","RECEIPT_LINE_INSPECTION","0:M","","association"
"PARTY","RECEIPT_LINE_STATUS","0:M","","association"
"PARTY","RECEIPT_STATUS","0:M","","association"
"PARTY","RETAIL_RISK_ASSESSMENT_SUMMARY","0:M","","association"
"PARTY","RETURN_DETAIL","0:M","","association"
"PARTY","RETURN_LINE","0:M","","association"
"PARTY","RETURN_LINE_STATUS","0:M","","association"
"PARTY","RISK_MITIGATION_SUMMARY","0:M","","association"
"PARTY","RISK_RATING_METHOD","0:M","","association"
"PARTY","SALES_MARKETING_ACTIVITY_PARTY","0:M","","association"
"PARTY","SCRIPTED_MESSAGE","0:M","","association"
"PARTY","SECURITIZATION_EXPOSURE","0:M","","association"
"PARTY","SECURITIZATION_POOL_OBLIGOR_METRIC","0:M","","association"
"PARTY","SERVICE_REQUEST_ACTIVITY_PARTY","0:M","","association"
"PARTY","SERVICE_REQUEST_PARTY","0:M","","association"
"PARTY","SITE","0:M","","association"
"PARTY","SITE_IDENTIFICATION","0:M","","association"
"PARTY","SITE_PARTY","0:M","","association"
"PARTY","STATION_IDENTIFICATION","0:M","","association"
"PARTY","SURVEY_RESPONSE","0:M","","association"
"PARTY","TENDER_OFFER","0:M","","association"
"PARTY","THIRD_PARTY_CONSENT","0:M","","association"
"PARTY","TRADE_EVENT_SETTLE_PARTY","0:M","","association"
"PARTY","TRADE_SETTLEMENT_INSTRUCTION","0:M","","association"
"PARTY","TRADE_SETTLEMENT_PRODUCT_GROUP","0:M","","association"
"PARTY","TV_SIGNAL_RECEIVER","0:M","","association"
"PARTY","UNKNOWN_PARTY_SESSION_PRIVACY_PREFERENCE","0:M","","association"
"PARTY","UNKNOWN_PARTY_THIRD_PARTY_CONSENT","0:M","","association"
"PARTY","VEHICLE_MAKE_TYPE","0:M","","association"
"PARTY","VENDOR_PO_LINE_STATUS_ASSIGNMENT","0:M","","association"
"PARTY","VENDOR_PO_LINE_is_a_buyer_for","0:M","","association"
"PARTY","VENDOR_PO_LINE_requested_ship_to","0:M","","association"
"PARTY","VENDOR_PO_PARTY","0:M","","association"
"PARTY","VENDOR_PO_STATUS_ASSIGN","0:M","","association"
"PARTY","WEATHER_FORECAST","0:M","","association"
"PARTY","WEB_AD_PLACEMENT_SUMMARY","0:M","","association"
"PARTY","WEB_GROUP_PUBLISHER","0:M","","association"
"PARTY","WEB_SITE","0:M","","association"
"PARTY","WITHHOLDING_TAX","0:M","","association"
"PARTY","WORK_PROCESS_STEP_PARTY","0:M","","association"
"PARTY_ACCESS_DEVICE_ROLE_TYPE","PARTY_ACCESS_DEVICE","0:M","","association"
"PARTY_ACCOUNT_ROLE","PARTY_ACCOUNT","0:M","","association"
"PARTY_ADDRESS","ADDRESS_DELIVERY_STATUS","0:M","","association"
"PARTY_ADDRESS_USAGE_TYPE","PARTY_ADDRESS","0:M","","association"
"PARTY_AGREEMENT","AGREEMENT_PARTY_FEATURE","0:M","","association"
"PARTY_AGREEMENT","AGREEMENT_PARTY_TEXT","0:M","","association"
"PARTY_AGREEMENT","PARTY_AGREEMENT_ASSET","0:M","","association"
"PARTY_AGREEMENT","PARTY_AGREEMENT_LOCATOR","0:M","","association"
"PARTY_AGREEMENT","PARTY_AGREEMENT_METRIC","0:M","","association"
"PARTY_AGREEMENT_ASSET","PARTY_AGREEMENT_ASSET_FEATURE","0:M","","association"
"PARTY_AGREEMENT_GROUP_ROLE_TYPE","PARTY_AGREEMENT_GROUP","0:M","","association"
"PARTY_AGREEMENT_ROLE","PARTY_AGREEMENT","0:M","","association"
"PARTY_APPLICATION","PARTY_APPLICATION_DEMOGRAPHIC","0:M","","association"
"PARTY_APPLICATION_ROLE","PARTY_APPLICATION","0:M","","association"
"PARTY_ASSET","AGREEMENT_ASSET","0:M","","association"
"PARTY_ASSET","APPLICATION_ASSET","0:M","","association"
"PARTY_ASSET","ASSET_COLLATERAL_ITEM","0:1","","association"
"PARTY_ASSET","ASSET_DETAIL_CODE_XREF","0:M","","association"
"PARTY_ASSET","ASSET_FEATURE","0:M","","association"
"PARTY_ASSET","ASSET_INSPECTION","0:M","","association"
"PARTY_ASSET","ASSET_INSURABLE_INTEREST","0:1","","association"
"PARTY_ASSET","ASSET_INSURANCE_RISK_CATEGORY","0:M","","association"
"PARTY_ASSET","ASSET_INSURANCE_RISK_FACTOR","0:M","","association"
"PARTY_ASSET","ASSET_RISK_GRADE","0:M","","association"
"PARTY_ASSET","ASSET_SCORE","0:M","","association"
"PARTY_ASSET","ASSET_VALUE","0:M","","association"
"PARTY_ASSET","CLAIM_SERVICE_ASSET","0:M","","association"
"PARTY_ASSET","DEFAULT_RECOVERY_ITEM","0:M","","association"
"PARTY_ASSET","FIXED_ASSET","0:1","","association"
"PARTY_ASSET","GEOSPATIAL_POINT_MEASUREMENT_EVENT","0:M","","association"
"PARTY_ASSET","OPPORTUNITY_ASSET","0:M","","association"
"PARTY_ASSET","PARTY_ASSET_CLASS_XREF","0:M","","association"
"PARTY_ASSET","PARTY_ASSET_CONDITION","0:M","","association"
"PARTY_ASSET","PARTY_ASSET_COST","0:M","","association"
"PARTY_ASSET","PARTY_ASSET_COST_RECOVERY","0:M","","association"
"PARTY_ASSET","PARTY_ASSET_DAMAGE_ASSESSMENT","0:M","","association"
"PARTY_ASSET","PARTY_ASSET_DOCUMENT","0:M","","association"
"PARTY_ASSET","PARTY_ASSET_EVENT","0:M","","association"
"PARTY_ASSET","PARTY_ASSET_GROUP_XREF","0:M","","association"
"PARTY_ASSET","PARTY_ASSET_INTERNAL_IDENTIFIER","0:M","","association"
"PARTY_ASSET","PARTY_ASSET_LEGAL_ACTION","0:M","","association"
"PARTY_ASSET","PARTY_ASSET_LIABILITY","0:M","","association"
"PARTY_ASSET","PARTY_ASSET_LOCATOR","0:M","","association"
"PARTY_ASSET","PARTY_ASSET_MAINTENANCE","0:M","","association"
"PARTY_ASSET","PARTY_ASSET_PART_TYPE_XREF","0:M","","association"
"PARTY_ASSET","PARTY_ASSET_RECALL","0:M","","association"
"PARTY_ASSET","PARTY_ASSET_REGISTRATION","0:M","","association"
"PARTY_ASSET","PARTY_ASSET_RELATED_is_related_to","0:M","","association"
"PARTY_ASSET","PARTY_ASSET_RELATED_is_related_with","0:M","","association"
"PARTY_ASSET","PARTY_ASSET_REVENUE","0:M","","association"
"PARTY_ASSET","PARTY_ASSET_SALVAGE_STATUS","0:M","","association"
"PARTY_ASSET","PARTY_ASSET_SPECIFICATION","0:M","","association"
"PARTY_ASSET","PARTY_ASSET_STATUS","0:M","","association"
"PARTY_ASSET","PARTY_TO_PARTY_ASSET","0:M","","association"
"PARTY_ASSET","QUOTATION_ASSET","0:M","","association"
"PARTY_ASSET_CLASS_SCHEME_TYPE","BASEL_COLLATERAL_HAIRCUT_PARAMETER","0:M","","association"
"PARTY_ASSET_CLASS_SCHEME_TYPE","BASEL_ELIGIBLE_COLLATERAL_PARAMETER","0:M","","association"
"PARTY_ASSET_CLASS_SCHEME_TYPE","COLLATERAL_ITEM_CLASS_XREF","0:M","","association"
"PARTY_ASSET_CLASS_SCHEME_TYPE","PARTY_ASSET_CLASS_SCHEME_TYPE","0:M","","association"
"PARTY_ASSET_CLASS_SCHEME_TYPE","PARTY_ASSET_CLASS_VALUE","0:M","","association"
"PARTY_ASSET_CLASS_SCHEME_TYPE","PARTY_ASSET_CLASS_XREF","0:M","","association"
"PARTY_ASSET_CLASS_VALUE","ASSET_CLASSIFICATION_SUBJECT","0:1","","association"
"PARTY_ASSET_CLASS_VALUE","ASSET_CLASS_MATURITY_RISK_GRADE","0:M","","association"
"PARTY_ASSET_CLASS_VALUE","BASEL_COLLATERAL_HAIRCUT_PARAMETER","0:M","","association"
"PARTY_ASSET_CLASS_VALUE","BASEL_ELIGIBLE_COLLATERAL_PARAMETER","0:M","","association"
"PARTY_ASSET_CLASS_VALUE","BASEL_II_MINIMUM_LGD_PARAMETER","0:M","","association"
"PARTY_ASSET_CLASS_VALUE","COLLATERAL_ITEM_CLASS_XREF","0:M","","association"
"PARTY_ASSET_CLASS_VALUE","PARTY_ASSET_CLASS_RISK_GRADE","0:M","","association"
"PARTY_ASSET_CLASS_VALUE","PARTY_ASSET_CLASS_VALUE","0:M","","association"
"PARTY_ASSET_CLASS_VALUE","PARTY_ASSET_CLASS_XREF","0:M","","association"
"PARTY_ASSET_CLASS_VALUE","PARTY_ASSET_PRICE_SENSITIVITY","0:M","","association"
"PARTY_ASSET_CLASS_VALUE","PARTY_ASSET_SALVAGE_SUMMARY","0:M","","association"
"PARTY_ASSET_CONDITION_TYPE","PARTY_ASSET_CONDITION","0:M","","association"
"PARTY_ASSET_DAMAGE_TYPE","PARTY_ASSET_DAMAGE_ASSESSMENT","0:M","","association"
"PARTY_ASSET_DAMAGE_TYPE","PARTY_ASSET_SALVAGE_SUMMARY","0:M","","association"
"PARTY_ASSET_EVENT_ROLE","PARTY_ASSET_EVENT","0:M","","association"
"PARTY_ASSET_GROUP","PARTY_ASSET_GROUP_XREF","0:M","","association"
"PARTY_ASSET_GROUP_PURPOSE_TYPE","PARTY_ASSET_GROUP","0:M","","association"
"PARTY_ASSET_INSPECTION_ROLE","ASSET_INSPECTION_PARTY","0:M","","association"
"PARTY_ASSET_INSURER","PARTY_ASSET_INSURANCE_COVERAGE","0:M","","association"
"PARTY_ASSET_INTERNAL_ID_TYPE","PARTY_ASSET_INTERNAL_IDENTIFIER","0:M","","association"
"PARTY_ASSET_LIABILITY_REASON","PARTY_ASSET_LIABILITY","0:M","","association"
"PARTY_ASSET_LOCATOR_ROLE","PARTY_ASSET_LOCATOR","0:M","","association"
"PARTY_ASSET_OWNER","PARTY_ASSET_TITLE","0:M","","association"
"PARTY_ASSET_PART_TYPE","PARTY_ASSET_PART_TYPE_XREF","0:M","","association"
"PARTY_ASSET_PART_TYPE_XREF","PARTY_ASSET_PART_RECALL","0:M","","association"
"PARTY_ASSET_PART_TYPE_XREF","PARTY_ASSET_PART_VALUATION","0:M","","association"
"PARTY_ASSET_PHYSICAL_TYPE","PARTY_ASSET","0:M","","association"
"PARTY_ASSET_RECOVERY_AMOUNT_TYPE","PARTY_ASSET_COST_RECOVERY","0:M","","association"
"PARTY_ASSET_RELATED_TYPE","PARTY_ASSET_RELATED","0:M","","association"
"PARTY_ASSET_SALVAGE_STATUS_TYPE","PARTY_ASSET_SALVAGE_STATUS","0:M","","association"
"PARTY_ASSET_SENSITIVITY_TYPE","PARTY_ASSET_PRICE_SENSITIVITY","0:M","","association"
"PARTY_ASSET_SPECIFICATION_TYPE","PARTY_ASSET_SPECIFICATION","0:M","","association"
"PARTY_ASSET_STATUS_TYPE","PARTY_ASSET_STATUS","0:M","","association"
"PARTY_ASSET_SUBTYPE","PARTY_ASSET","0:M","","association"
"PARTY_ASSET_TITLE_TYPE","PARTY_ASSET_TITLE","0:M","","association"
"PARTY_AUTHORIZATION_QUESTION","PARTY_AUTHORIZATION_RESPONSE","0:M","","association"
"PARTY_BANK_IDENTIFICATION_NUMBER","BANK_IDENTIFICATION_NUMBER","0:M","","association"
"PARTY_CHANNEL_REASON_TYPE","PARTY_CHANNEL_INSTANCE_XREF","0:M","","association"
"PARTY_CHANNEL_ROLE","PARTY_CHANNEL_INSTANCE_XREF","0:M","","association"
"PARTY_CHANNEL_ROLE","PARTY_CHANNEL_TYPE","0:M","","association"
"PARTY_CLAIM","PARTY_CLAIM_AMOUNT","0:M","","association"
"PARTY_CLAIM","PARTY_CLAIM_EXPOSURE","0:M","","association"
"PARTY_CLAIM","PARTY_CLAIM_INSURABLE_INTEREST","0:M","","association"
"PARTY_CLAIM","PARTY_INSURABLE_INTEREST_EVENT","0:M","","association"
"PARTY_CLAIM_AUTHORIZATION_ROLE_TYPE","PARTY_CLAIM_AUTHORIZATION","0:M","","association"
"PARTY_CLAIM_INSURABLE_INTEREST","CLAIMANT_INSURABLE_INTEREST_STATUS","0:M","","association"
"PARTY_CLAIM_ROLE_TYPE","PARTY_CLAIM","0:M","","association"
"PARTY_CLAIM_ROLE_TYPE","PARTY_CLAIM_SERVICE","0:M","","association"
"PARTY_CLAIM_SERVICE","PARTY_CLAIM_SERVICE_AMOUNT","0:M","","association"
"PARTY_CLAIM_SERVICE","PARTY_CLAIM_SERVICE_DIAGNOSIS_AMOUNT","0:M","","association"
"PARTY_CLASS_SCHEME_TYPE","BASEL_COLLATERAL_HAIRCUT_PARAMETER","0:M","","association"
"PARTY_CLASS_SCHEME_TYPE","BASEL_DEFAULT_STATUS_PARAMETER","0:M","","association"
"PARTY_CLASS_SCHEME_TYPE","BASEL_ELIGIBLE_GUARANTEE_PARAMETER","0:M","","association"
"PARTY_CLASS_SCHEME_TYPE","BASEL_EXPOSURE_HAIRCUT_PARAMETER","0:M","","association"
"PARTY_CLASS_SCHEME_TYPE","INVESTMENT_GRADE_PARAMETER","0:M","","association"
"PARTY_CLASS_SCHEME_TYPE","MARKET_PARTICIPANT_PARAMETER","0:M","","association"
"PARTY_CLASS_SCHEME_TYPE","PARTY_CLASS_SCHEME_TYPE","0:M","","association"
"PARTY_CLASS_SCHEME_TYPE","PARTY_CLASS_VALUE","0:M","","association"
"PARTY_CLASS_SCHEME_TYPE","PARTY_PARTY_CLASS_XREF","0:M","","association"
"PARTY_CLASS_VALUE","ASSET_CLASS_TO_OBLIGOR_TYPE","0:M","","association"
"PARTY_CLASS_VALUE","BASEL_COLLATERAL_HAIRCUT_PARAMETER","0:M","","association"
"PARTY_CLASS_VALUE","BASEL_DEFAULT_STATUS_PARAMETER","0:M","","association"
"PARTY_CLASS_VALUE","BASEL_ELIGIBLE_GUARANTEE_PARAMETER","0:M","","association"
"PARTY_CLASS_VALUE","BASEL_EXPOSURE_HAIRCUT_PARAMETER","0:M","","association"
"PARTY_CLASS_VALUE","CREDIT_RISK_SUMMARY","0:M","","association"
"PARTY_CLASS_VALUE","INVESTMENT_GRADE_PARAMETER","0:M","","association"
"PARTY_CLASS_VALUE","MARKET_PARTICIPANT_PARAMETER","0:M","","association"
"PARTY_CLASS_VALUE","PARTY_CLASSIFICATION_SUBJECT","0:1","","association"
"PARTY_CLASS_VALUE","PARTY_CLASS_RISK_GRADE","0:M","","association"
"PARTY_CLASS_VALUE","PARTY_CLASS_VALUE","0:M","","association"
"PARTY_CLASS_VALUE","PARTY_PARTY_CLASS_XREF","0:M","","association"
"PARTY_CREDIT_REPORT","AGREEMENT_CREDIT_REPORT","0:M","","association"
"PARTY_CREDIT_REPORT","APPLICATION_CREDIT_REPORT","0:M","","association"
"PARTY_CREDIT_REPORT","PARTY_CREDIT_REPORT_COMMENT","0:M","","association"
"PARTY_CREDIT_REPORT","PARTY_CREDIT_REPORT_SCORE","0:M","","association"
"PARTY_CREDIT_REPORT","PARTY_LIABILITY_CREDIT_RATING","0:M","","association"
"PARTY_CREDIT_REPORT","PARTY_PUBLIC_RECORD","0:M","","association"
"PARTY_CURRENCY_ROLE_TYPE","PARTY_CURRENCY","0:M","","association"
"PARTY_DEFAULT_RECOVERY_ROLE","DEFAULT_RECOVERY_METRIC","0:M","","association"
"PARTY_DOCUMENT","PARTY_DOCUMENT_LOCATOR","0:M","","association"
"PARTY_DOCUMENT_ROLE_TYPE","PARTY_DOCUMENT","0:M","","association"
"PARTY_DRIVING_LICENSE","PARTY_DRIVING_LICENSE_ISSUANCE","0:M","","association"
"PARTY_FEATURE_ROLE_TYPE","PARTY_FEATURE","0:M","","association"
"PARTY_FINANCIAL_DOCUMENT","PARTY_FINANCIAL_DOCUMENT_ITEM","0:M","","association"
"PARTY_GRIEVANCE_ROLE","PARTY_GRIEVANCE","0:M","","association"
"PARTY_GROUP","MARKET_PLAN","0:M","","association"
"PARTY_GROUP","PARTY_GROUP_DEMOGRAPHIC","0:M","","association"
"PARTY_GROUP","PARTY_GROUP_LIMIT","0:M","","association"
"PARTY_GROUP","PARTY_GROUP_METRIC","0:M","","association"
"PARTY_GROUP","PARTY_GROUP_RELATED_is_related_to","0:M","","association"
"PARTY_GROUP","PARTY_GROUP_RELATED_is_related_with","0:M","","association"
"PARTY_GROUP","PARTY_GROUP_RISK_GRADE","0:M","","association"
"PARTY_GROUP","PARTY_GROUP_SCORE","0:M","","association"
"PARTY_GROUP","PARTY_GROUP_SELECT_CRITERION","0:M","","association"
"PARTY_GROUP","PARTY_GROUP_SUBJECT","0:1","","association"
"PARTY_GROUP","PARTY_TO_PARTY_GROUP","0:M","","association"
"PARTY_GROUP","PRODUCT_PARTY_GROUP","0:M","","association"
"PARTY_GROUP","TRADITIONAL_ORDER","0:M","","association"
"PARTY_GROUP","VALUE_AT_RISK_BACKTEST_PARAMETER","0:M","","association"
"PARTY_GROUP_REASON_TYPE","PARTY_GROUP","0:M","","association"
"PARTY_GROUP_RELATED_REASON","PARTY_GROUP_RELATED","0:M","","association"
"PARTY_IDENTIFICATION","PARTY_IDENTIFICATION_EVENT","0:M","","association"
"PARTY_IDENTIFICATION","PARTY_IDENTIFICATION_LOCATOR","0:M","","association"
"PARTY_IDENTIFICATION","PARTY_IDENTIFICATION_VALIDATION","0:M","","association"
"PARTY_IDENTIFICATION_CATEGORY","PARTY_IDENTIFICATION_TYPE","0:M","","association"
"PARTY_IDENTIFICATION_LOCATOR_USAGE_TYPE","PARTY_IDENTIFICATION_LOCATOR","0:M","","association"
"PARTY_IDENTIFICATION_ROLE","PARTY_CLAIM_AUTHORIZATION_IDENTIFICATION","0:M","","association"
"PARTY_IDENTIFICATION_STATUS_TYPE","PARTY_IDENTIFICATION_STATUS","0:M","","association"
"PARTY_IDENTIFICATION_TYPE","EVENT_PARTY","0:M","","association"
"PARTY_IDENTIFICATION_TYPE","IDENTIFICATION_TYPE_USAGE_TYPE","0:M","","association"
"PARTY_IDENTIFICATION_TYPE","PARTY_CLAIM_AUTHORIZATION_IDENTIFICATION","0:M","","association"
"PARTY_IDENTIFICATION_TYPE","PARTY_IDENTIFICATION","0:M","","association"
"PARTY_IDENTIFICATION_TYPE","PARTY_IDENTIFICATION_STATUS","0:M","","association"
"PARTY_IDENTIFICATION_TYPE","PARTY_IDENTIFICATION_TYPE_RELATED_is_related","0:M","","association"
"PARTY_IDENTIFICATION_TYPE","PARTY_IDENTIFICATION_TYPE_RELATED_relates","0:M","","association"
"PARTY_IDENTIFICATION_TYPE_RELATED_REASON","PARTY_IDENTIFICATION_TYPE_RELATED","0:M","","association"
"PARTY_IDENTIFICATION_VALIDATION","PARTY_IDENTIFICATION_DOCUMENT","0:M","","association"
"PARTY_INFORMATION_VALIDATION","PARTY_INFORMATION_DOCUMENT","0:M","","association"
"PARTY_LOCATOR","PARTY_DOCUMENT_LOCATOR","0:M","","association"
"PARTY_METRIC_TYPE","PARTY_GROUP_METRIC","0:M","","association"
"PARTY_METRIC_TYPE","PARTY_METRIC","0:M","","association"
"PARTY_METRIC_TYPE","PARTY_METRIC_PROJECTION","0:M","","association"
"PARTY_METRIC_TYPE","PARTY_RELATED_METRIC","0:M","","association"
"PARTY_METRIC_TYPE","PERIL_TYPE","0:1","","association"
"PARTY_OPPORTUNITY_ROLE_TYPE","OPPORTUNITY_PARTY","0:M","","association"
"PARTY_PARTY_CLASS_XREF","STATUTORY_RESPONSIBILITY","0:M","","association"
"PARTY_PLAN_ROLE","PARTY_GOAL","0:M","","association"
"PARTY_PLAN_ROLE","PARTY_OBJECTIVE","0:M","","association"
"PARTY_PLAN_ROLE","PARTY_STRATEGY","0:M","","association"
"PARTY_PLAN_ROLE","PARTY_TACTIC","0:M","","association"
"PARTY_PORTFOLIO_ROLE_TYPE","PARTY_PORTFOLIO","0:M","","association"
"PARTY_PRIVACY_PREFERENCE","THIRD_PARTY_CONSENT","0:M","","association"
"PARTY_PROJECT_ROLE","PROJECT_PARTY","0:M","","association"
"PARTY_PROJECT_TASK_ROLE","PROJECT_TASK_RESOURCE_PARTY","0:M","","association"
"PARTY_QUOTATION_ROLE","PARTY_QUOTATION","0:M","","association"
"PARTY_RELATED","PARTY_RELATED_FUNCTION","0:M","","association"
"PARTY_RELATED","PARTY_RELATED_METRIC","0:M","","association"
"PARTY_RELATED","PARTY_RELATIONSHIP_COST","0:M","","association"
"PARTY_RELATED_FUNCTION","PARTY_RELATED_FUNCTION_GEOGRAPHIC_AREA","0:M","","association"
"PARTY_RELATED_ROLE","FAMILY_HEALTH_CONDITION","0:M","","association"
"PARTY_RELATED_ROLE","FAMILY_MEDICAL","0:M","","association"
"PARTY_RELATED_ROLE","PARTY_RELATED","0:M","","association"
"PARTY_RELATED_ROLE","PARTY_ROLE_TO_PARTY_ROLE_is_related_to","0:M","","association"
"PARTY_RELATED_ROLE","PARTY_ROLE_TO_PARTY_ROLE_is_related_with","0:M","","association"
"PARTY_RELATED_ROLE","PERSONA","0:M","","association"
"PARTY_RELATED_ROLE","UNKNOWN_PARTY","0:M","","association"
"PARTY_RELATED_STATUS_REASON","PARTY_RELATED","0:M","","association"
"PARTY_RELATED_STATUS_TYPE","PARTY_RELATED","0:M","","association"
"PARTY_RELATED_SUBTYPE","PARTY_RELATED","0:M","","association"
"PARTY_RISK_GRADE","PARTY_RISK_GRADE_RELATED_is_related_to","0:M","","association"
"PARTY_RISK_GRADE","PARTY_RISK_GRADE_RELATED_is_related_with","0:M","","association"
"PARTY_RISK_GRADE","PARTY_TO_PARTY_RISK_GRADE","0:M","","association"
"PARTY_RISK_GRADE_ROLE","PARTY_TO_AGREEMENT_RISK_GRADE","0:M","","association"
"PARTY_RISK_GRADE_ROLE","PARTY_TO_PARTY_RISK_GRADE","0:M","","association"
"PARTY_ROLE_RELATIONSHIP_TYPE","PARTY_ROLE_TO_PARTY_ROLE","0:M","","association"
"PARTY_SALES_ACTIVITY_ROLE","SALES_MARKETING_ACTIVITY_PARTY","0:M","","association"
"PARTY_SCORE","PARTY_SCORE_RELATED_is_related_to","0:M","","association"
"PARTY_SCORE","PARTY_SCORE_RELATED_is_related_with","0:M","","association"
"PARTY_SEGMENT","MICROSITE_TARGET_GROUP","0:M","","association"
"PARTY_STATUS_REASON_TYPE","PARTY_STATUS","0:M","","association"
"PARTY_STATUS_SCHEME_TYPE","PARTY_STATUS","0:M","","association"
"PARTY_STATUS_SCHEME_TYPE","PARTY_STATUS_TYPE","0:M","","association"
"PARTY_STATUS_TYPE","PARTY_STATUS","0:M","","association"
"PARTY_STRUCTURE_TYPE","ORGANIZATION_LEVEL","0:M","","association"
"PARTY_STRUCTURE_TYPE","PARTY_RELATED","0:M","","association"
"PARTY_SUBTYPE","PARTY","0:M","","association"
"PARTY_TEXT","PARTY_TEXT_SECTION","0:1","","association"
"PARTY_TO_PARTY_ASSET","PARTY_AUTOMOBILE_DRIVING_BEHAVIOR","0:M","","association"
"PARTY_TO_PARTY_GROUP","TRADITIONAL_REQUEST_PLACEMENT","0:M","","association"
"PARTY_TO_PARTY_GROUP_REASON","PARTY_TO_PARTY_GROUP","0:M","","association"
"PARTY_TRAIT","PARTY_TRAIT_VALUE","0:M","","association"
"PARTY_TRAIT_VALUE","PARTY_TRAIT_VALUE_XREF","0:M","","association"
"PARTY_TRANSACTION_ROLE","VENDOR_PO_PARTY","0:M","","association"
"PARTY_TYPE","PARTY","0:M","","association"
"PASSBOOK","FINANCIAL_AGREEMENT_PASSBOOK","0:M","","association"
"PASSBOOK","PASSBOOK_RELATED_is_related_to","0:M","","association"
"PASSBOOK","PASSBOOK_RELATED_is_related_with","0:M","","association"
"PASSBOOK","PASSBOOK_STATUS","0:M","","association"
"PASSBOOK_RELATED_ROLE_TYPE","PASSBOOK_RELATED","0:M","","association"
"PASSBOOK_STATUS_TYPE","PASSBOOK_STATUS","0:M","","association"
"PASSBOOK_TYPE","PASSBOOK","0:M","","association"
"PAST_DUE_AMOUNT_TYPE","AGREEMENT_COLLECTION_STATUS","0:M","","association"
"PATH_TYPE","WEB_PAGE_EVENT_INFORMATION","0:M","","association"
"PATIENT_CLAIM_AUTHORIZATION","PARTY_CLAIM_AUTHORIZATION_IDENTIFICATION","0:M","","association"
"PATIENT_CLAIM_AUTHORIZATION","PATIENT_CLAIM_AUTHORIZATION_CONDITION","0:M","","association"
"PATIENT_DISCHARGE_REASON_TYPE","INSTITUTIONAL_CLAIM","0:M","","association"
"PATIENT_STATUS_TYPE","PATIENT_CLAIM_AUTHORIZATION","0:M","","association"
"PAYMENT_ACTION_TYPE","TRADITIONAL_PLACEMENT","0:M","","association"
"PAYMENT_ACTION_TYPE","TRADITIONAL_REQUEST_PLACEMENT","0:M","","association"
"PAYMENT_ADJUSTMENT_TYPE","PAYMENT_ADJUSTMENT","0:M","","association"
"PAYMENT_INSTRUCTION","EVENT_PAYMENT_INSTRUCTION","0:M","","association"
"PAYMENT_INSTRUCTION","PAYMENT_INSTRUCTION_ACCOUNT","0:M","","association"
"PAYMENT_INSTRUCTION","PAYMENT_INSTRUCTION_AGREEMENT","0:M","","association"
"PAYMENT_INSTRUCTION","PAYMENT_INSTRUCTION_IDENTIFICATION","0:M","","association"
"PAYMENT_INSTRUCTION","PAYMENT_INSTRUCTION_LOCATOR","0:M","","association"
"PAYMENT_INSTRUCTION","PAYMENT_INSTRUCTION_STATUS","0:M","","association"
"PAYMENT_INSTRUCTION","PAYMENT_INSTRUCTION_TEXT","0:M","","association"
"PAYMENT_INSTRUCTION_AGREEMENT_ROLE","PAYMENT_INSTRUCTION_ACCOUNT","0:M","","association"
"PAYMENT_INSTRUCTION_AGREEMENT_ROLE","PAYMENT_INSTRUCTION_AGREEMENT","0:M","","association"
"PAYMENT_INSTRUCTION_EVENT_ROLE","EVENT_PAYMENT_INSTRUCTION","0:M","","association"
"PAYMENT_INSTRUCTION_IDENTIFICATION_TYPE","PAYMENT_INSTRUCTION_IDENTIFICATION","0:M","","association"
"PAYMENT_INSTRUCTION_LOCATOR_REASON_TYPE","PAYMENT_INSTRUCTION_LOCATOR","0:M","","association"
"PAYMENT_INSTRUCTION_STATUS_REASON_TYPE","PAYMENT_INSTRUCTION_STATUS","0:M","","association"
"PAYMENT_INSTRUCTION_STATUS_TYPE","PAYMENT_INSTRUCTION_STATUS","0:M","","association"
"PAYMENT_INSTRUCTION_TYPE","PAYMENT_INSTRUCTION","0:M","","association"
"PAYMENT_MODE","AGENT_REPORT","0:M","","association"
"PAYMENT_MODE","CLAIM","0:M","","association"
"PAYMENT_MODE","INSURANCE_QUOTATION","0:M","","association"
"PAYMENT_OPTION_TYPE","AGREEMENT_PAYMENT_OPTION","0:M","","association"
"PAYMENT_OPTION_TYPE","PRODUCT_PAYMENT_OPTION","0:M","","association"
"PAYMENT_PRIORITY_TYPE","VENDOR","0:M","","association"
"PAYMENT_SCHEDULE","AR_COLLECTION_ACTIVITY","0:M","","association"
"PAYMENT_SCHEDULE","PAYMENT_SCHEDULE_AMOUNT","0:M","","association"
"PAYMENT_SCHEDULE","PAYMENT_SCHEDULE_PAYMENT","0:M","","association"
"PAYMENT_SCHEDULE","PAYMENT_SCHEDULE_TERM","0:M","","association"
"PAYMENT_SCHEDULE_AMOUNT_TYPE","PAYMENT_SCHEDULE_AMOUNT","0:M","","association"
"PAYMENT_SCHEDULE_TYPE","PAYMENT_SCHEDULE","0:M","","association"
"PAYMENT_STATUS_REASON_TYPE","INVOICE_LINE_PAYMENT_STATUS","0:M","","association"
"PAYMENT_STATUS_REASON_TYPE","PAYMENT_STATUS","0:M","","association"
"PAYMENT_STATUS_TYPE","INVOICE_LINE_PAYMENT_STATUS","0:M","","association"
"PAYMENT_STATUS_TYPE","PAYMENT_STATUS","0:M","","association"
"PAYMENT_TERM_TYPE","PAYMENT_SCHEDULE","0:M","","association"
"PAYMENT_TERM_TYPE","PAYMENT_TERM_TYPE_INVOICE_XREF","0:M","","association"
"PAYMENT_TIMING_TYPE","INVESTMENT_AGREEMENT","0:M","","association"
"PAYMENT_TIMING_TYPE","TRADE_EVENT_SETTLE_INSTRUCTION","0:M","","association"
"PAYMENT_TIMING_TYPE","TRADE_SETTLEMENT_INSTRUCTION","0:M","","association"
"PAYMENT_TIMING_TYPE","TRADE_SETTLEMENT_PRODUCT_GROUP","0:M","","association"
"PAYMENT_TIMING_TYPE","UNSETTLED_TRADE_PARAMETER","0:M","","association"
"PAYROLL_BALANCE_TYPE","PAY_STUB_BALANCE","0:M","","association"
"PAYROLL_PAY_PERIOD","PAY_STUB","0:M","","association"
"PAYROLL_REGISTER","ASSOCIATE_LEAVE_TAKEN","0:M","","association"
"PAYROLL_REGISTER","ASSOCIATE_PAYROLL_TRANSACTION","0:M","","association"
"PAYROLL_REGISTER","PAYROLL_PAY_PERIOD","0:M","","association"
"PAYROLL_REGISTER","PAYROLL_REGISTER_PAYMENT","0:M","","association"
"PAYROLL_TRANSACTION_SUBTYPE","ASSOCIATE_PAYROLL_TRANSACTION","0:M","","association"
"PAY_ELEMENT","ASSOCIATE_PAY_ELEMENT","0:M","","association"
"PAY_ELEMENT","ORGANIZATION_PAY_ELEMENT","0:M","","association"
"PAY_ELEMENT_TYPE","PAY_ELEMENT","0:M","","association"
"PAY_ELEMENT_VARIABLE_BASIS_TYPE","DIRECT_PAY_ELEMENT_VARIABLE","0:M","","association"
"PAY_ELEMENT_VARIABLE_TYPE","DIRECT_PAY_ELEMENT_VARIABLE","0:M","","association"
"PAY_STUB","PAY_STUB_BALANCE","0:M","","association"
"PA_DRAFT_INVOICE","PA_DRAFT_INVOICE_LINE","0:M","","association"
"PA_DRAFT_INVOICE_LINE","PA_DRAFT_INVOICE_LINE_AMOUNT","0:M","","association"
"PERIL_ORIGIN_TYPE","PERIL_TYPE","0:M","","association"
"PERIL_TYPE","CLAIM_AUTHORIZATION","0:M","","association"
"PERIL_TYPE","CLAIM_PERIL","0:M","","association"
"PERIL_TYPE","CLAIM_SERVICE","0:M","","association"
"PERIL_TYPE","INCIDENT_PERIL_TYPE","0:M","","association"
"PERIL_TYPE","LOCATOR_PERIL_TYPE_METRIC","0:M","","association"
"PERIL_TYPE","PARTY_ASSET_SALVAGE_SUMMARY","0:M","","association"
"PERIL_TYPE","PERIL_TYPE_SUBJECT","0:1","","association"
"PERIL_TYPE","PRODUCT_FEATURE_PERIL","0:M","","association"
"PERSONA","VISIT","0:M","","association"
"PHARMACEUTICAL_DRUG","ACTIVE_INGREDIENT","0:M","","association"
"PHARMACEUTICAL_DRUG","COMPOUND_DRUG","0:1","","association"
"PHARMACEUTICAL_DRUG","DRUG_NDC__GEO","0:M","","association"
"PHARMACEUTICAL_DRUG","INACTIVE_INGREDIENT","0:M","","association"
"PHARMACIST_INTERVENTION_REASON_TYPE","PHARMACY_CLAIM_SERVICE","0:M","","association"
"PHARMACY_CLAIM_SERVICE","PHARMACY_CLAIM_SERVICE_DRUG","0:M","","association"
"PHYSICAL_MAIL_SERVICE_TYPE","PHYSICAL_MAIL_CHANNEL_INSTANCE","0:M","","association"
"PLACEMENT_CATEGORY","POD_PLACEMENT","0:M","","association"
"PLACEMENT_CATEGORY","TRADITIONAL_PLACEMENT","0:M","","association"
"POLICY_COMPLIANCE_TYPE","INSTITUTIONAL_CLAIM","0:M","","association"
"POLICY_COMPLIANCE_TYPE","PROFESSIONAL_CLAIM","0:M","","association"
"POLICY_COMPLIANCE_TYPE","PROFESSIONAL_CLAIM_SERVICE","0:M","","association"
"POLICY_INSURABLE_COVERAGE","AGREEMENT_COVERAGE_EVENT","0:M","","association"
"POLICY_INSURABLE_COVERAGE","POLICY_INSURABLE_COVERAGE_METRIC","0:M","","association"
"POLICY_INSURABLE_COVERAGE","POLICY_INSURABLE_COVERAGE_PARTY","0:M","","association"
"POLICY_INSURABLE_COVERAGE","POLICY_INSURABLE_INTEREST_COVERAGE_STATUS","0:M","","association"
"POLICY_INSURABLE_COVERAGE","POLICY_INSURABLE_INTEREST_FEATURE_RELATED","0:M","","association"
"POLICY_INSURABLE_COVERAGE_PARTY","POLICY_INSURABLE_COVERAGE_PARTY_METRIC","0:M","","association"
"POLICY_INSURABLE_INTEREST","POLICY_INSURABLE_COVERAGE","0:M","","association"
"POLICY_INSURABLE_INTEREST","POLICY_INSURABLE_INTEREST_STATUS","0:M","","association"
"POLICY_INSURABLE_INTEREST_FEATURE_RELATED","REINSURANCE_UNDERLYING_COVERAGE","0:M","","association"
"POLICY_INSURABLE_INTEREST_ROLE","POLICY_INSURABLE_INTEREST","0:M","","association"
"POOL_CONTENT_TYPE","PURCHASED_RECEIVABLE_POOL_CONTENT","0:M","","association"
"POOL_GRANULARITY_TYPE","SECURITIZATION_POOL","0:M","","association"
"PORTFOLIO","AGREEMENT_PORTFOLIO","0:M","","association"
"PORTFOLIO","AGREEMENT_PORTFOLIO_EVENT","0:M","","association"
"PORTFOLIO","CUSTOMER_PORTFOLIO_EVENT","0:M","","association"
"PORTFOLIO","INVESTMENT_HOLDING_STATEMENT","0:M","","association"
"PORTFOLIO","PARTY_PORTFOLIO","0:M","","association"
"PORTFOLIO","PORTFOLIO_INVESTMENT_ALLOCATION","0:M","","association"
"PORTFOLIO","PORTFOLIO_PRODUCT_HOLDING","0:M","","association"
"PORTFOLIO_METRIC_TYPE","PORTFOLIO_PRODUCT_AGREEMENT_HOLDING_VALUE","0:M","","association"
"PORTFOLIO_METRIC_TYPE","PORTFOLIO_PRODUCT_HOLDING_VALUE","0:M","","association"
"PORTFOLIO_PRODUCT_AGREEMENT_HOLDING","PORTFOLIO_COLLATERAL_ITEM","0:1","","association"
"PORTFOLIO_PRODUCT_AGREEMENT_HOLDING","PORTFOLIO_PRODUCT_AGREEMENT_HOLDING_QUANTITY","0:M","","association"
"PORTFOLIO_PRODUCT_AGREEMENT_HOLDING","PORTFOLIO_PRODUCT_AGREEMENT_HOLDING_VALUE","0:M","","association"
"PORTFOLIO_PRODUCT_AGREEMENT_HOLDING","PORTFOLIO_PRODUCT_MARGIN_DETAIL","0:M","","association"
"PORTFOLIO_PRODUCT_AGREEMENT_HOLDING","PORTFOLIO_PRODUCT_TO_COA","0:M","","association"
"PORTFOLIO_PRODUCT_HOLDING","PORTFOLIO_PRODUCT_COST_BASIS","0:M","","association"
"PORTFOLIO_PRODUCT_HOLDING","PORTFOLIO_PRODUCT_HOLDING_VALUE","0:M","","association"
"PORTFOLIO_PRODUCT_HOLDING","PORTFOLIO_PRODUCT_QUANTITY","0:M","","association"
"POSITION_APPLICANT_STATUS_TYPE","POSITION_POSTING_APPLICANT_STATUS","0:M","","association"
"POSITION_ASSIGNMENT_STATUS","ORGANIZATION_POSITION_STATUS","0:M","","association"
"POSITION_GRADE","BENEFIT_PLAN_OPTION_POSITION","0:M","","association"
"POSITION_GRADE","ORGANIZATION_POSITION","0:M","","association"
"POSITION_GRADE_TYPE","POSITION_GRADE","0:M","","association"
"POSITION_POSTING","POSITION_POSTING_APPLICANT","0:M","","association"
"POSITION_POSTING_APPLICANT","EMPLOYMENT_WORK_PROCESS_STEP_ACTUAL","0:M","","association"
"POSITION_POSTING_APPLICANT","POSITION_APPLICANT_INTERVIEW","0:M","","association"
"POSITION_POSTING_APPLICANT","POSITION_POSTING_APPLICANT_STATUS","0:M","","association"
"POSITION_TRAIT_VALUE","ORGANIZATION_POSITION_TRAIT_XREF","0:M","","association"
"POSITION_TYPE","CURRENCY_POSITION_METRIC","0:M","","association"
"POSITION_TYPE","EQUITY_NETTED_GROUP_RISK","0:M","","association"
"POSITION_TYPE","INSTRUMENT_METRIC_TYPE_CALCULATION_is_final_position_type_for","0:M","","association"
"POSITION_TYPE","INSTRUMENT_METRIC_TYPE_CALCULATION_is_position_type_for","0:M","","association"
"POSITION_TYPE","INVESTMENT_AGREEMENT","0:M","","association"
"POSITION_TYPE","INVESTMENT_HOLDING_STATEMENT","0:M","","association"
"POSITION_TYPE","PORTFOLIO_PRODUCT_AGREEMENT_HOLDING","0:M","","association"
"POSITION_TYPE","PORTFOLIO_PRODUCT_HOLDING","0:M","","association"
"POSITION_TYPE","POSITION_FX_METRIC","0:M","","association"
"POSSIBLE_ANSWER","QUESTION_POSSIBLE_ANSWER","0:M","","association"
"POSTAL_CODE","BROWSER_GEOGRAPHIC_ADDRESS_INFORMATION","0:M","","association"
"POSTAL_CODE","CENSUS_BLOCK__GEO","0:M","","association"
"POSTAL_CODE","CREDIT_AUTHORIZATION","0:M","","association"
"POSTAL_CODE","INTERNET_PROTOCOL_ADDRESS_GEOGRAPHICAL_MAP","0:M","","association"
"POSTAL_CODE","ONLINE_APPLICATION_ACCESS","0:M","","association"
"POSTAL_CODE","OVERSEAS_MILITARY_ADDRESS","0:M","","association"
"POSTAL_CODE","PARCEL_ADDRESS","0:M","","association"
"POSTAL_CODE","POST_OFFICE_BOX_ADDRESS","0:M","","association"
"POSTAL_CODE","STREET_ADDRESS","0:M","","association"
"POSTAL_CODE","VISITOR_INPUT","0:M","","association"
"POSTAL_CODE_JAPAN","STREET_ADDRESS_JAPAN","0:M","","association"
"POST_OFFICE_BOX_ADDRESS","LOCK_BOX_CHANNEL_INSTANCE","0:M","","association"
"PO_ACCRUE_TYPE","VENDOR_PO","0:M","","association"
"PO_DELIVERY_RELEASE","PO_DELIVERY_RELEASE_LINE_ITEM","0:M","","association"
"PO_DELIVERY_RELEASE_LINE_ITEM","PO_DELIVERY_RELEASE_STATUS","0:M","","association"
"PO_DELIVERY_RELEASE_LINE_ITEM","PO_LINE_DELIVERY_RELEASE_LINE","0:M","","association"
"PO_RELEASE_STATUS_REASON_TYPE","PO_DELIVERY_RELEASE_STATUS","0:M","","association"
"PO_RELEASE_STATUS_TYPE","PO_DELIVERY_RELEASE_STATUS","0:M","","association"
"PO_TERM","RECEIPT_TERM","0:M","","association"
"PO_TERM","VENDOR_PO_LINE_TERM","0:M","","association"
"PO_TERM","VENDOR_PO_TERM","0:M","","association"
"PO_TERM_TYPE","PO_TERM","0:M","","association"
"PRECREDIT_TYPE","CREDIT_APPLICATION_PRECREDIT_CHARGE","0:M","","association"
"PREFECTURE_JAPAN","CITY_JAPAN","0:M","","association"
"PREFECTURE_JAPAN","ISO_3166_JAPAN_PREFECTURE","0:M","","association"
"PRESCRIPTION_ORIGIN_TYPE","PHARMACY_CLAIM_SERVICE","0:M","","association"
"PRESCRIPTION_REFILL_TYPE","PHARMACY_CLAIM_SERVICE","0:M","","association"
"PRICING_METHODOLOGY_TYPE","HEALTH_CLAIM","0:M","","association"
"PRICING_METHODOLOGY_TYPE","PROFESSIONAL_CLAIM_SERVICE","0:M","","association"
"PRICING_METHOD_SUBTYPE","FINANCIAL_AGREEMENT","0:M","","association"
"PRIVACY_DATA_USAGE","AGREEMENT_PRIVACY_PREFERENCE","0:M","","association"
"PRIVACY_DATA_USAGE","MEMBER_PRIVACY_PREFERENCE","0:M","","association"
"PRIVACY_DATA_USAGE","PARTY_PRIVACY_PREFERENCE","0:M","","association"
"PRIVACY_DATA_USAGE","PRIVACY_DATA_TRANSFER","0:M","","association"
"PRIVACY_DATA_USAGE","PRIVACY_PRESET","0:M","","association"
"PRIVACY_DATA_USAGE","UNKNOWN_PARTY_SESSION_PRIVACY_PREFERENCE","0:M","","association"
"PRIVACY_POLICY_SCOPE","PRIVACY_PRESET","0:M","","association"
"PROBABILITY_DEFAULT_FLOOR_TYPE","MARKET_PARTICIPANT_PARAMETER","0:M","","association"
"PROCEDURE_CODE","CLAIM_AUTHORIZATION_SERVICE","0:M","","association"
"PROCEDURE_CODE","HEALTH_CLAIM_SERVICE","0:M","","association"
"PROCEDURE_CODE","HEALTH_PROCEDURE_TO_PROCEDURE_CODE","0:M","","association"
"PROCEDURE_CODE","HOME_HEALTH_CERTIFICATION","0:M","","association"
"PROCEDURE_CODE","INSTITUTIONAL_CLAIM_PROCEDURE_CODE","0:M","","association"
"PROCEDURE_CODE","PROCEDURE_CODE_XREF","0:M","","association"
"PROCEDURE_CODE_MODIFIER_TYPE","HEALTH_CLAIM_SERVICE","0:M","","association"
"PRODUCT","AD_PLACEMENT_BROADCAST_PLATFORM","0:M","","association"
"PRODUCT","AD_PRODUCT_XREF","0:M","","association"
"PRODUCT","AGREEMENT_PRODUCT","0:M","","association"
"PRODUCT","APPLICATION_FORM","0:M","","association"
"PRODUCT","APPLICATION_PARTY_PRODUCT","0:M","","association"
"PRODUCT","APPLICATION_PRODUCT","0:M","","association"
"PRODUCT","APPLICATION_SECOND_SOURCE_XREF","0:M","","association"
"PRODUCT","AR_INVOICE_LINE","0:M","","association"
"PRODUCT","CAMPAIGN_PRODUCT","0:M","","association"
"PRODUCT","CONTENT_DELIVERY_XREF","0:M","","association"
"PRODUCT","DIGITAL_PLACEMENT","0:M","","association"
"PRODUCT","EVENT_PRODUCT","0:M","","association"
"PRODUCT","FORWARD_CONTRACT","0:M","","association"
"PRODUCT","INVESTMENT_PORTFOLIO_POSITION_SUMMARY","0:M","","association"
"PRODUCT","LOSS_GIVEN_DEFAULT_RISK_GRADE_VALUE","0:M","","association"
"PRODUCT","MULTIMEDIA_OBJECT","0:M","","association"
"PRODUCT","NEXT_OFFER","0:M","","association"
"PRODUCT","ONLINE_APPLICATION_PROGRAM","0:M","","association"
"PRODUCT","OPPORTUNITY_PRODUCT","0:M","","association"
"PRODUCT","PARTY_PRODUCT_QUOTA","0:M","","association"
"PRODUCT","PARTY_PRODUCT_SCORE","0:M","","association"
"PRODUCT","PARTY_SCRIPT","0:M","","association"
"PRODUCT","PATH_ANALYSIS_PRODUCT_XREF","0:M","","association"
"PRODUCT","PLANNED_PRODUCT_REVENUE","0:M","","association"
"PRODUCT","PRODUCT_CHANNEL_TYPE_XREF","0:M","","association"
"PRODUCT","PRODUCT_CLASS_VALUE_XREF","0:M","","association"
"PRODUCT","PRODUCT_COST","0:M","","association"
"PRODUCT","PRODUCT_DEMOGRAPHIC","0:M","","association"
"PRODUCT","PRODUCT_DEMOGRAPHIC_ELIGIBILITY","0:M","","association"
"PRODUCT","PRODUCT_DOCUMENT","0:M","","association"
"PRODUCT","PRODUCT_ELIGIBILITY","0:M","","association"
"PRODUCT","PRODUCT_EVENT_ACTIVITY_ELIGIBILITY","0:M","","association"
"PRODUCT","PRODUCT_FEATURE","0:M","","association"
"PRODUCT","PRODUCT_FEATURE_GROUP","0:M","","association"
"PRODUCT","PRODUCT_FEATURE_PERIL","0:M","","association"
"PRODUCT","PRODUCT_FINANCIAL_RULE","0:M","","association"
"PRODUCT","PRODUCT_LIMIT","0:M","","association"
"PRODUCT","PRODUCT_LOCATOR","0:M","","association"
"PRODUCT","PRODUCT_MARKET_SEGMENT","0:M","","association"
"PRODUCT","PRODUCT_METRIC","0:M","","association"
"PRODUCT","PRODUCT_NAME","0:M","","association"
"PRODUCT","PRODUCT_OCCUPATION_ELIGIBILITY","0:M","","association"
"PRODUCT","PRODUCT_OFFER","0:M","","association"
"PRODUCT","PRODUCT_PACKAGE","0:M","","association"
"PRODUCT","PRODUCT_PARTY","0:M","","association"
"PRODUCT","PRODUCT_PARTY_GROUP","0:M","","association"
"PRODUCT","PRODUCT_PAYMENT_OPTION","0:M","","association"
"PRODUCT","PRODUCT_PROFIT","0:M","","association"
"PRODUCT","PRODUCT_RELATED_is_related_to","0:M","","association"
"PRODUCT","PRODUCT_RELATED_is_related_with","0:M","","association"
"PRODUCT","PRODUCT_REVENUE","0:M","","association"
"PRODUCT","PRODUCT_REVIEW_EVENT","0:M","","association"
"PRODUCT","PRODUCT_RISK_GRADE","0:M","","association"
"PRODUCT","PRODUCT_RISK_GRADE_ELIGIBILITY_RULE","0:M","","association"
"PRODUCT","PRODUCT_SCORE","0:M","","association"
"PRODUCT","PRODUCT_SCORE_MODEL_ELIGIBILITY","0:M","","association"
"PRODUCT","PRODUCT_STATUS","0:M","","association"
"PRODUCT","PRODUCT_TAX_STATUS","0:M","","association"
"PRODUCT","PRODUCT_TO_AGREEMENT_CLASS_VALUE","0:M","","association"
"PRODUCT","PRODUCT_TO_PRODUCT_GROUP","0:M","","association"
"PRODUCT","PRODUCT_TO_PRODUCT_IDENTIFIER","0:M","","association"
"PRODUCT","PRODUCT_VALUE_AT_RISK","0:M","","association"
"PRODUCT","PRODUCT_VIEW_WEB_EVENT","0:M","","association"
"PRODUCT","PROMOTED_PRODUCT_EVENT","0:M","","association"
"PRODUCT","PROMOTION_PRODUCT_OFFER","0:M","","association"
"PRODUCT","PROPOSAL_PRODUCT","0:M","","association"
"PRODUCT","PUBLISHED_CONTENT_REVIEW","0:M","","association"
"PRODUCT","PUBLISHED_CONTENT_VIEW","0:M","","association"
"PRODUCT","QUOTATION_PRODUCT","0:M","","association"
"PRODUCT","REPORTING_PRODUCT","0:M","","association"
"PRODUCT","REPURCHASE_AGREEMENT","0:M","","association"
"PRODUCT","SALES_PROGRAM","0:M","","association"
"PRODUCT","SEARCH_PRODUCT_XREF","0:M","","association"
"PRODUCT","SHOPPING_CART","0:M","","association"
"PRODUCT","SITE_PRODUCT","0:M","","association"
"PRODUCT","SOCIAL_MEDIA_CONTENT_REVIEW","0:M","","association"
"PRODUCT","SOCIAL_MEDIA_DOWNLOAD_TRANSFER","0:M","","association"
"PRODUCT","SOCIAL_MEDIA_UPLOAD_TRANSFER","0:M","","association"
"PRODUCT","TRADITIONAL_PLACEMENT","0:M","","association"
"PRODUCT","TV_SIGNAL_RECEIVER","0:M","","association"
"PRODUCT","VISITOR_PATH_ANALYSIS_ITEM_XREF","0:M","","association"
"PRODUCT","VISIT_PRODUCT_FEATURE_SUMMARY","0:M","","association"
"PRODUCT","VOLATILITY_RISK_CALCULATION","0:M","","association"
"PRODUCT","WEB_PAGE_PRODUCT_XREF","0:M","","association"
"PRODUCT","WEB_SHOPPING_EXPERIENCE_EVENT_PRODUCT_XREF","0:M","","association"
"PRODUCT_CHANNEL_ROLE_TYPE","PRODUCT_CHANNEL_TYPE_XREF","0:M","","association"
"PRODUCT_CLASS_SCHEME_TYPE","PRODUCT_CLASS_SCHEME_TYPE","0:M","","association"
"PRODUCT_CLASS_SCHEME_TYPE","PRODUCT_CLASS_VALUE","0:M","","association"
"PRODUCT_CLASS_SCHEME_TYPE","PRODUCT_CLASS_VALUE_XREF","0:M","","association"
"PRODUCT_CLASS_VALUE","PRODUCT_CLASS_VALUE","0:M","","association"
"PRODUCT_CLASS_VALUE","PRODUCT_CLASS_VALUE_XREF","0:M","","association"
"PRODUCT_DOCUMENT_ROLE_TYPE","PRODUCT_DOCUMENT","0:M","","association"
"PRODUCT_FEATURE","PRODUCT_FEATURE_DEMOGRAPHIC_ELIGIBILITY","0:M","","association"
"PRODUCT_FEATURE","PRODUCT_FEATURE_ELIGIBILITY","0:M","","association"
"PRODUCT_FEATURE","PRODUCT_FEATURE_EVENT_ACTIVITY_ELIGIBILITY","0:M","","association"
"PRODUCT_FEATURE","PRODUCT_FEATURE_LEEWAY","0:M","","association"
"PRODUCT_FEATURE","PRODUCT_FEATURE_LOCATOR","0:M","","association"
"PRODUCT_FEATURE","PRODUCT_FEATURE_OCCUPATION_ELIGIBILITY","0:M","","association"
"PRODUCT_FEATURE","PRODUCT_FEATURE_PARTY","0:M","","association"
"PRODUCT_FEATURE","PRODUCT_FEATURE_RELATED","0:M","","association"
"PRODUCT_FEATURE","PRODUCT_FEATURE_RISK_ELIGIBILITY_RULE","0:M","","association"
"PRODUCT_FEATURE","PRODUCT_FEATURE_SCORE_MODEL_ELIGIBILITY","0:M","","association"
"PRODUCT_FEATURE","PRODUCT_FEATURE_STATUS","0:M","","association"
"PRODUCT_FEATURE","PROMOTION_PRODUCT_OFFER_FEATURE","0:M","","association"
"PRODUCT_FEATURE_ELIGIBILITY_CATEGORY_TYPE","PRODUCT_FEATURE_ELIGIBILITY_TYPE","0:M","","association"
"PRODUCT_FEATURE_ELIGIBILITY_TYPE","FEATURE_ELIGIBILITY","0:M","","association"
"PRODUCT_FEATURE_ELIGIBILITY_TYPE","PRODUCT_ELIGIBILITY","0:M","","association"
"PRODUCT_FEATURE_ELIGIBILITY_TYPE","PRODUCT_FEATURE_ELIGIBILITY","0:M","","association"
"PRODUCT_FEATURE_ELIGIBILITY_TYPE","PRODUCT_PARTY_GROUP_ELIGIBILITY","0:M","","association"
"PRODUCT_FEATURE_LOCATOR_TYPE","FEATURE_LOCATOR","0:M","","association"
"PRODUCT_FEATURE_LOCATOR_TYPE","PRODUCT_FEATURE_LOCATOR","1:M","","association"
"PRODUCT_FEATURE_LOCATOR_TYPE","PRODUCT_LOCATOR","0:M","","association"
"PRODUCT_FEATURE_PARTY_ROLE_TYPE","PRODUCT_FEATURE_PARTY","0:M","","association"
"PRODUCT_FEATURE_STATUS_TYPE","PRODUCT_FEATURE_STATUS","0:M","","association"
"PRODUCT_FEATURE_TYPE","PRODUCT_FEATURE","0:M","","association"
"PRODUCT_FEATURE_TYPE","PRODUCT_FEATURE_RELATED","0:M","","association"
"PRODUCT_FEATURE_TYPE","PRODUCT_PACKAGE_FEATURE","0:M","","association"
"PRODUCT_FEATURE_TYPE","PRODUCT_PACKAGE_FEATURE_RELATED","0:M","","association"
"PRODUCT_GROUP","AGREEMENT_STATEMENT_LINE_ITEM","0:M","","association"
"PRODUCT_GROUP","APPLICATION","0:M","","association"
"PRODUCT_GROUP","APPLICATION_FORM","0:M","","association"
"PRODUCT_GROUP","BASEL_EQUITY_RISK_WEIGHT_PARAMETER","0:M","","association"
"PRODUCT_GROUP","BASEL_EXPOSURE_HAIRCUT_PARAMETER","0:M","","association"
"PRODUCT_GROUP","BASEL_RETAIL_DEFAULT_PARAMETER","0:M","","association"
"PRODUCT_GROUP","CAPITAL_REQUIREMENTS_SUMMARY","0:M","","association"
"PRODUCT_GROUP","CCF_EARLY_AMORTIZATION_PARAMETER","0:M","","association"
"PRODUCT_GROUP","CREDIT_CONVERSION_FACTOR_PARAMETER","0:M","","association"
"PRODUCT_GROUP","CREDIT_MATURITY_SUMMARY","0:M","","association"
"PRODUCT_GROUP","CREDIT_RISK_SUMMARY","0:M","","association"
"PRODUCT_GROUP","EQUITY_HOLDING_SUMMARY","0:M","","association"
"PRODUCT_GROUP","INTEREST_RATE_CAPITAL_PARAMETER","0:M","","association"
"PRODUCT_GROUP","INTERNAL_MODEL_APPROACH_SUMMARY","0:M","","association"
"PRODUCT_GROUP","INVESTMENT_AGREEMENT_ALLOCATION","0:M","","association"
"PRODUCT_GROUP","INVESTMENT_PRODUCT_GROUP_RISK_FACTOR","0:M","","association"
"PRODUCT_GROUP","KEYWORD_PLACEMENT_AD_GROUP_XREF","0:M","","association"
"PRODUCT_GROUP","MARKET_PLAN","0:M","","association"
"PRODUCT_GROUP","MARKET_RISK_DERIVATIVE_TREATMENT_PARAMETER","0:M","","association"
"PRODUCT_GROUP","MULTIMEDIA_OBJECT","0:M","","association"
"PRODUCT_GROUP","NON-IRB_EXPOSURE_SUMMARY","0:M","","association"
"PRODUCT_GROUP","NONRETAIL_RISK_ASSESSMENT_SUMMARY","0:M","","association"
"PRODUCT_GROUP","PARTY_PRODUCT_GROUP_QUOTA","0:M","","association"
"PRODUCT_GROUP","PORTFOLIO_INVESTMENT_ALLOCATION","0:M","","association"
"PRODUCT_GROUP","PRODUCT_GROUP","0:M","","association"
"PRODUCT_GROUP","PRODUCT_GROUP_BASEL_1_WEIGHT","0:M","","association"
"PRODUCT_GROUP","PRODUCT_GROUP_LIMIT","0:M","","association"
"PRODUCT_GROUP","PRODUCT_GROUP_MARGIN","0:M","","association"
"PRODUCT_GROUP","PRODUCT_GROUP_METRIC","0:M","","association"
"PRODUCT_GROUP","PRODUCT_GROUP_PARTY","0:M","","association"
"PRODUCT_GROUP","PRODUCT_GROUP_RISK_GRADE","0:M","","association"
"PRODUCT_GROUP","PRODUCT_GROUP_SUBJECT","0:1","","association"
"PRODUCT_GROUP","PRODUCT_MINIMUM_HOLDING_PERIOD_PARAMETER","0:M","","association"
"PRODUCT_GROUP","PRODUCT_TO_PRODUCT_GROUP","0:M","","association"
"PRODUCT_GROUP","REPORTING_PRODUCT_GROUP","0:M","","association"
"PRODUCT_GROUP","RETAIL_RISK_ASSESSMENT_SUMMARY","0:M","","association"
"PRODUCT_GROUP","RISK_MITIGATION_SUMMARY","0:M","","association"
"PRODUCT_GROUP","SECURITIZATION_EXPOSURE","0:M","","association"
"PRODUCT_GROUP","SPECIAL_LENDING_SLOTTING_PARAMETER","0:M","","association"
"PRODUCT_GROUP","TRADE_SETTLEMENT_PRODUCT_GROUP","0:M","","association"
"PRODUCT_GROUP","YIELD_TO_MATURITY_PARAMETER","0:M","","association"
"PRODUCT_GROUP_METRIC_TYPE","PRODUCT_GROUP_METRIC","0:M","","association"
"PRODUCT_GROUP_REASON_TYPE","PRODUCT_GROUP","0:M","","association"
"PRODUCT_IDENTIFICATION","EVENT_PRODUCT_IDENTIFICATION","0:M","","association"
"PRODUCT_IDENTIFICATION","NSIN_PRODUCT_IDENTIFIER","0:1","","association"
"PRODUCT_IDENTIFICATION","PRODUCT_TO_PRODUCT_IDENTIFIER","0:M","","association"
"PRODUCT_IDENTIFICATION_SUBTYPE","PRODUCT_IDENTIFICATION","0:M","","association"
"PRODUCT_IDENTIFICATION_TYPE","PRODUCT_IDENTIFICATION","0:M","","association"
"PRODUCT_METRIC_TYPE","PRODUCT_METRIC","0:M","","association"
"PRODUCT_NAME_TYPE","PRODUCT_NAME","0:M","","association"
"PRODUCT_PACKAGE","PRODUCT_PACKAGE_FEATURE","0:M","","association"
"PRODUCT_PACKAGE","PRODUCT_PACKAGE_PARTY","0:M","","association"
"PRODUCT_PACKAGE_FEATURE","PRODUCT_PACKAGE_FEATURE_LEEWAY","0:M","","association"
"PRODUCT_PACKAGE_FEATURE","PRODUCT_PACKAGE_FEATURE_RELATED","0:M","","association"
"PRODUCT_PACKAGE_TYPE","PRODUCT","0:M","","association"
"PRODUCT_PARTY","EXCHANGE_LISTED_PRODUCT_RELATED_is_related_to","0:M","","association"
"PRODUCT_PARTY","EXCHANGE_LISTED_PRODUCT_RELATED_is_related_with","0:M","","association"
"PRODUCT_PARTY","PARTY_PRODUCT_FUNCTION","0:M","","association"
"PRODUCT_PARTY","PRODUCT_PARTY_NAME","0:M","","association"
"PRODUCT_PARTY","PRODUCT_PARTY_STATUS","0:M","","association"
"PRODUCT_PARTY_GROUP","PRODUCT_PARTY_GROUP_ELIGIBILITY","0:M","","association"
"PRODUCT_PARTY_ROLE_TYPE","PRODUCT_GROUP_PARTY","0:M","","association"
"PRODUCT_PARTY_ROLE_TYPE","PRODUCT_PACKAGE_PARTY","0:M","","association"
"PRODUCT_PARTY_ROLE_TYPE","PRODUCT_PARTY","0:M","","association"
"PRODUCT_PARTY_STATUS_TYPE","PRODUCT_PARTY_STATUS","0:M","","association"
"PRODUCT_RELATIONSHIP_TYPE","PRODUCT_RELATED","0:M","","association"
"PRODUCT_RISK_GRADE","PRODUCT_RISK_GRADE_RELATED_is_related_to","0:M","","association"
"PRODUCT_RISK_GRADE","PRODUCT_RISK_GRADE_RELATED_is_related_with","0:M","","association"
"PRODUCT_STATUS_TYPE","PRODUCT_STATUS","0:M","","association"
"PRODUCT_STRUCTURE_TYPE","PRODUCT_RELATED","0:M","","association"
"PRODUCT_SUBTYPE","PRODUCT","0:M","","association"
"PRODUCT_TO_PRODUCT_GROUP_ROLE_TYPE","PRODUCT_TO_PRODUCT_GROUP","0:M","","association"
"PROFESSIONAL_CLAIM","CLAIM_CLIA","0:M","","association"
"PROFESSIONAL_CLAIM","CLAIM_VISION_CONDITION","0:M","","association"
"PROFESSIONAL_CLAIM","PROFESSIONAL_CLAIM_APG","0:M","","association"
"PROFESSIONAL_CLAIM_SERVICE","PROFESSIONAL_CLAIM_SERVICE_DRUG","0:M","","association"
"PROFESSIONAL_CLAIM_SERVICE","SUPPLEMENTAL_FORM_RESPONSE","0:M","","association"
"PROFITABILITY_COMPONENT","AGREEMENT_PROFIT_COMPONENT","0:M","","association"
"PROFIT_COMPONENT_TYPE","PROFITABILITY_COMPONENT","0:M","","association"
"PROFIT_TYPE","AGREEMENT_PROFIT","0:M","","association"
"PROFIT_TYPE","CHANNEL_PROFIT","0:M","","association"
"PROFIT_TYPE","PARTY_PROFIT","0:M","","association"
"PROFIT_TYPE","PRODUCT_PROFIT","0:M","","association"
"PROFIT_TYPE","PROFITABILITY_COMPONENT","0:M","","association"
"PROGNOSIS_TYPE","PATIENT_CLAIM_AUTHORIZATION","0:M","","association"
"PROGRAMMING_CHANNEL_GROUP_TYPE","PACKAGE_CHANNEL_LINEUP","0:M","","association"
"PROGRAMMING_PACKAGE","PACKAGE_CHANNEL_LINEUP","0:M","","association"
"PROGRAM_RELATED_STATUS_REASON","ONLINE_APPLICATION_PROGRAM_RELATED","0:M","","association"
"PROGRAM_RELATED_STATUS_TYPE","ONLINE_APPLICATION_PROGRAM_RELATED","0:M","","association"
"PROJECT","AGREEMENT_PROJECT","0:M","","association"
"PROJECT","GRIEVANCE_PROJECT","0:M","","association"
"PROJECT","PA_DRAFT_INVOICE","0:M","","association"
"PROJECT","PROJECT","0:M","","association"
"PROJECT","PROJECT_FINANCIAL_PLAN","0:M","","association"
"PROJECT","PROJECT_LOCATOR","0:M","","association"
"PROJECT","PROJECT_METRIC","0:M","","association"
"PROJECT","PROJECT_OBJECTIVE","0:M","","association"
"PROJECT","PROJECT_PARTY","0:M","","association"
"PROJECT","PROJECT_RELATED_is_project_for","0:M","","association"
"PROJECT","PROJECT_RELATED_is_project_related_to","0:M","","association"
"PROJECT","PROJECT_STATUS","0:M","","association"
"PROJECT","PROJECT_TASK","0:M","","association"
"PROJECT","REPORTING_PROJECT","0:M","","association"
"PROJECT","WORK_PROCESS_STEP_PROJECT","0:M","","association"
"PROJECT_BILLABLE_TYPE","PROJECT","0:M","","association"
"PROJECT_BILLABLE_TYPE","PROJECT_TASK","0:M","","association"
"PROJECT_CLASSIFICATION_TYPE","PROJECT","0:M","","association"
"PROJECT_LOCATOR_ROLE","PROJECT_LOCATOR","0:M","","association"
"PROJECT_METRIC_TYPE","PROJECT_METRIC","0:M","","association"
"PROJECT_RELATED_ROLE","PROJECT_RELATED","0:M","","association"
"PROJECT_STATUS_TYPE","PROJECT_STATUS","0:M","","association"
"PROJECT_STATUS_TYPE","PROJECT_TASK_STATUS","0:M","","association"
"PROJECT_TASK","ASSOCIATE_LABOR_TASK","0:M","","association"
"PROJECT_TASK","PROJECT_TASK_FINANCIAL_PLAN","0:M","","association"
"PROJECT_TASK","PROJECT_TASK_RELATED_related_from","0:M","","association"
"PROJECT_TASK","PROJECT_TASK_RELATED_relates_to","0:M","","association"
"PROJECT_TASK","PROJECT_TASK_RESOURCE_ASSIGNMENT","0:M","","association"
"PROJECT_TASK","PROJECT_TASK_STATUS","0:M","","association"
"PROJECT_TASK","PROJECT_TASK_TRAINING_EVENT","0:M","","association"
"PROJECT_TASK","TASK_ADJUSTMENT","0:M","","association"
"PROJECT_TASK_RELATED_TYPE","PROJECT_TASK_RELATED","0:M","","association"
"PROJECT_TASK_RESOURCE_ASSIGNMENT","FINANCIAL_PLAN_PROJECT_TASK_RESOURCE","0:M","","association"
"PROJECT_TASK_RESOURCE_ASSIGNMENT","PA_DRAFT_INVOICE_LINE","0:M","","association"
"PROJECT_TASK_RESOURCE_ASSIGNMENT","PROJECT_TASK_CHART_OF_ACCOUNTS","0:M","","association"
"PROJECT_TASK_RESOURCE_INDIVIDUAL","PROJECT_TASK_RESOURCE_PARTY","0:M","","association"
"PROJECT_TASK_RESOURCE_ITEM_TYPE","PROJECT_TASK_RESOURCE_ITEM","0:M","","association"
"PROJECT_TASK_RESOURCE_TYPE","PROJECT_TASK_RESOURCE_ASSIGNMENT","0:M","","association"
"PROJECT_TYPE","PROJECT","0:M","","association"
"PROMOTION","AD","0:M","","association"
"PROMOTION","APPLICATION","0:M","","association"
"PROMOTION","CONTACT_EVENT","0:M","","association"
"PROMOTION","OPPORTUNITY_PROMOTION","0:M","","association"
"PROMOTION","PROMOTION_CHANNEL","1:M","","association"
"PROMOTION","PROMOTION_COLLATERAL","0:M","","association"
"PROMOTION","PROMOTION_EXPENSE_XREF","0:M","","association"
"PROMOTION","PROMOTION_METRIC","0:M","","association"
"PROMOTION","PROMOTION_OFFER","0:M","","association"
"PROMOTION","PROMOTION_PARTY","0:M","","association"
"PROMOTION","PROMOTION_RESPONSE_SCORE","0:M","","association"
"PROMOTION","PROMOTION_SCRIPTED_MESSAGE_XREF","0:M","","association"
"PROMOTION","PROMOTION_STATUS","0:M","","association"
"PROMOTION_CELL","PROMOTION_CELL_PARTY","0:M","","association"
"PROMOTION_CELL","PROMOTION_STEP_RESPONSE","0:M","","association"
"PROMOTION_CELL_PARTY","PROMOTION_PARTY_STEP","0:M","","association"
"PROMOTION_CHANNEL","PROMOTION_CHANNEL_MM_OBJECT","0:M","","association"
"PROMOTION_CLASSIFICATION","PROMOTION","0:M","","association"
"PROMOTION_EXPENSE_TYPE","PROMOTION_EXPENSE_XREF","0:M","","association"
"PROMOTION_METRIC_TYPE","PROMOTION_METRIC","0:M","","association"
"PROMOTION_OFFER","AGREEMENT_PROMOTION_OFFER","0:M","","association"
"PROMOTION_OFFER","CAMPAIGN_CELL","0:M","","association"
"PROMOTION_OFFER","COMPENSATORY_OFFER","0:M","","association"
"PROMOTION_OFFER","PROMOTION_OFFER_SEGMENT","0:M","","association"
"PROMOTION_OFFER","PROMOTION_PRODUCT_OFFER","0:M","","association"
"PROMOTION_OFFER_TYPE","PROMOTION_OFFER","0:M","","association"
"PROMOTION_PARTY_ROLE","PROMOTION_PARTY","0:M","","association"
"PROMOTION_PARTY_STEP","PROMOTION_PARTY_STEP_RESPONSE","0:M","","association"
"PROMOTION_PARTY_STEP","PROMOTION_PARTY_STEP_STATUS","0:M","","association"
"PROMOTION_PRODUCT_OFFER","PROMOTION_PRODUCT_OFFER_FEATURE","0:M","","association"
"PROMOTION_STATUS_TYPE","PROMOTION_STATUS","0:M","","association"
"PROMOTION_STEP","CAMPAIGN_STEP_RESPONSE_is_current_step_for","0:M","","association"
"PROMOTION_STEP","CAMPAIGN_STEP_RESPONSE_is_next_step_for","0:M","","association"
"PROMOTION_STEP","NEXT_ACTIVITY","0:M","","association"
"PROMOTION_STEP","PROMOTION_PARTY_STEP","0:M","","association"
"PROMOTION_STEP","PROMOTION_STEP_RESPONSE_has_response_of","0:M","","association"
"PROMOTION_STEP","PROMOTION_STEP_RESPONSE_is_next_step_for","0:M","","association"
"PROMOTION_STEP_TYPE","PROMOTION_STEP","0:M","","association"
"PROMOTION_TYPE","PROMOTION","0:M","","association"
"PROPOSAL","AGREEMENT","0:M","","association"
"PROPOSAL","OPPORTUNITY_PROPOSAL","0:M","","association"
"PROPOSAL","PROPOSAL_AGREEMENT","0:M","","association"
"PROPOSAL","PROPOSAL_FEATURE","0:M","","association"
"PROPOSAL","PROPOSAL_FINANCE","0:M","","association"
"PROPOSAL","PROPOSAL_PARTY","0:M","","association"
"PROPOSAL","PROPOSAL_PRODUCT","0:M","","association"
"PROPOSAL","PROPOSAL_PRODUCT_FEATURE","0:M","","association"
"PROPOSAL","PROPOSAL_STATUS","0:M","","association"
"PROPOSAL_FINANCE_TYPE","PROPOSAL_FINANCE","0:M","","association"
"PROPOSAL_PARTY_ROLE_TYPE","PROPOSAL_PARTY","0:M","","association"
"PROPOSAL_PRODUCT","PROPOSAL_PRODUCT_FEATURE","0:M","","association"
"PROPOSAL_STATUS_REASON_TYPE","PROPOSAL_STATUS","0:M","","association"
"PROPOSAL_STATUS_TYPE","PROPOSAL_STATUS","0:M","","association"
"PROTECTION_PARTY_TYPE","ADD_ON_FACTOR_PARAMETER","0:M","","association"
"PROTOCOL_TYPE","PARTY_CHANNEL_INSTANCE_PREFERENCE","0:M","","association"
"PROTOCOL_TYPE","PARTY_SOLICITATION_PREFERENCE","0:M","","association"
"PROVIDER_AGREEMENT_TYPE","PROFESSIONAL_CLAIM","0:M","","association"
"PROVIDER_DESELECT_REASON","INSURED_PROVIDER_SELECTION","0:M","","association"
"PROVIDER_SELECT_REASON","INSURED_PROVIDER_SELECTION","0:M","","association"
"PROVIDER_SELECT_ROLE_TYPE","INSURED_PROVIDER_SELECTION","0:M","","association"
"PROVIDER_TYPE","PROVIDER_BUSINESS_TYPE","0:M","","association"
"PROVISION_TYPE","AGREEMENT_PROVISION","0:M","","association"
"PROVISION_TYPE","LOAN_PROVISION_BALANCE","0:M","","association"
"PUBLIC_RECORD_TYPE","PARTY_PUBLIC_RECORD","0:M","","association"
"PURCHASED_RECEIVABLE_INVOICE_TYPE","PURCHASED_RECEIVABLE_INVOICE","0:M","","association"
"PURCHASED_RECEIVABLE_ISSUER_AGREEMENT","PURCHASED_RECEIVABLE_ISSUER_DEBTOR_AGREEMENT","0:M","","association"
"PURCHASED_RECEIVABLE_ISSUER_DEBTOR_AGREEMENT","PURCHASED_RECEIVABLE_INVOICE","0:M","","association"
"PURCHASED_RECEIVABLE_POOL","PURCHASED_RECEIVABLE_POOL_CONTENT","0:M","","association"
"PURCHASED_RECEIVABLE_POOL","PURCHASED_RECEIVABLE_POOL_RISK","0:M","","association"
"PURCHASED_RECEIVABLE_POOL_TYPE","PURCHASED_RECEIVABLE_POOL","0:M","","association"
"PURCHASE_CARD","PURCHASE_CARD_BUSINESS","0:M","","association"
"PURCHASE_CARD_BUSINESS","PURCHASE_CARD_BUSINESS_LIMIT","0:M","","association"
"PURCHASE_INTENT_TYPE","INVESTMENT_AGREEMENT","0:M","","association"
"PURCHASE_REQUISITION","PO_REQUISITION","0:M","","association"
"PURCHASE_REQUISITION","PURCHASE_REQUISITION_LINE","0:M","","association"
"PURCHASE_REQUISITION","PURCHASE_REQUISITION_STATUS","0:M","","association"
"PURCHASE_REQUISITION_LINE","PURCHASE_REQUISITION_LINE_ASSIGNMENT","0:M","","association"
"PURCHASE_REQUISITION_LINE","PURCHASE_REQUISITION_LINE_STATUS","0:M","","association"
"PURCHASE_TRANSACTION_AGREEMENT","PURCHASE_AGREEMENT_BUSINESS_TYPE","0:M","","association"
"PURCHASE_TYPE","PURCHASE_CARD","0:M","","association"
"PURCHASE_TYPE","PURCHASE_TRANSACTION_AGREEMENT","0:M","","association"
"QUERY_STRING_FIELD_NAME","NAME_VALUE_PAIR_EVENT_XREF","0:M","","association"
"QUERY_STRING_FIELD_NAME","QUERY_STRING_NAME_VALUE","0:M","","association"
"QUERY_STRING_FIELD_NAME","WEB_EVENT_DETAIL","0:M","","association"
"QUERY_STRING_FIELD_TYPE","QUERY_STRING_FIELD_VALUE","0:M","","association"
"QUERY_STRING_FIELD_VALUE","NAME_VALUE_PAIR_EVENT_XREF","0:M","","association"
"QUERY_STRING_FIELD_VALUE","QUERY_STRING_NAME_VALUE","0:M","","association"
"QUERY_STRING_FIELD_VALUE","WEB_EVENT_DETAIL","0:M","","association"
"QUESTION","QUESTIONNAIRE_QUESTION","0:M","","association"
"QUESTION","QUESTION_POSSIBLE_ANSWER","0:M","","association"
"QUESTIONNAIRE","QUESTIONNAIRE_QUESTION","0:M","","association"
"QUESTIONNAIRE","SURVEY_COST","0:M","","association"
"QUESTIONNAIRE","SURVEY_RESPONSE","0:M","","association"
"QUESTIONNAIRE_CATEGORY","GROUP_SURVEY","0:M","","association"
"QUESTIONNAIRE_CATEGORY","QUESTIONNAIRE","0:M","","association"
"QUESTIONNAIRE_QUESTION","SURVEY_QUESTION_RESPONSE","0:M","","association"
"QUESTION_CATEGORY","QUESTION","0:M","","association"
"QUESTION_FORMAT_TYPE","QUESTION","0:M","","association"
"QUESTION_POSSIBLE_ANSWER","SURVEY_RESPONSE_ANSWER","0:M","","association"
"QUOTATION","EXTERNALLY_REPORTED_CLAIM","0:M","","association"
"QUOTATION","OPPORTUNITY_QUOTATION","0:M","","association"
"QUOTATION","PARTY_QUOTATION","0:M","","association"
"QUOTATION","QUOTATION_AGREEMENT","0:M","","association"
"QUOTATION","QUOTATION_ASSET","0:M","","association"
"QUOTATION","QUOTATION_EVENT","0:M","","association"
"QUOTATION","QUOTATION_FEATURE","0:M","","association"
"QUOTATION","QUOTATION_LOCATOR","0:M","","association"
"QUOTATION","QUOTATION_METRIC","0:M","","association"
"QUOTATION","QUOTATION_PRODUCT","0:M","","association"
"QUOTATION","QUOTATION_RELATED_is_related_to","0:M","","association"
"QUOTATION","QUOTATION_RELATED_is_related_with","0:M","","association"
"QUOTATION","QUOTATION_STATUS","0:M","","association"
"QUOTATION_ASSET_ROLE_SUBTYPE","QUOTATION_ASSET","0:M","","association"
"QUOTATION_CLOSE_REASON_TYPE","QUOTATION","0:M","","association"
"QUOTATION_FEATURE","QUOTATION_FEATURE_RELATED","0:M","","association"
"QUOTATION_METRIC_TYPE","QUOTATION_METRIC","0:M","","association"
"QUOTATION_ORIGIN_TYPE","QUOTATION","0:M","","association"
"QUOTATION_RELATIONSHIP_TYPE","QUOTATION_RELATED","0:M","","association"
"QUOTATION_STATUS","QUOTATION_STATUS_REASON","0:M","","association"
"QUOTATION_STATUS_REASON_TYPE","QUOTATION_STATUS_REASON","0:M","","association"
"QUOTATION_STATUS_TYPE","QUOTATION_STATUS","0:M","","association"
"QUOTATION_SUBTYPE","QUOTATION","0:M","","association"
"QUOTA_TYPE","PARTY_CHANNEL_TYPE_ACTIVITY_QUOTA","0:M","","association"
"QUOTA_TYPE","PARTY_PRODUCT_GROUP_QUOTA","0:M","","association"
"QUOTA_TYPE","PARTY_PRODUCT_QUOTA","0:M","","association"
"QUOTA_TYPE","PARTY_QUOTA","0:M","","association"
"RANK_TYPE","BOOKMARK","0:M","","association"
"RANK_TYPE","PUBLISHED_CONTENT_REVIEW","0:M","","association"
"RANK_TYPE","SOCIAL_MEDIA_AUTHOR_RANK","0:M","","association"
"RANK_TYPE","WEB_PAGE_CONTEXT","0:M","","association"
"RATE_FEATURE_TYPE","INTEREST_BASED_AGREEMENT","0:M","","association"
"RATE_FEATURE_TYPE","RATE_FEATURE","0:M","","association"
"REAL_ESTATE","REAL_ESTATE_DETAIL","0:M","","association"
"REAL_ESTATE","REAL_ESTATE_REBUILD_AMOUNT","0:M","","association"
"REAL_ESTATE_INVESTMENT_TRUST","REIT_DIVIDEND_SCHEDULE","0:M","","association"
"REAL_ESTATE_RIGHTS_TYPE","REAL_ESTATE","0:M","","association"
"REAL_ESTATE_TYPE","REAL_ESTATE","0:M","","association"
"REAL_ESTATE_ZONE_TYPE","REAL_ESTATE","0:M","","association"
"RECEIPT","RECEIPT_LINE","0:M","","association"
"RECEIPT","RECEIPT_STATUS","0:M","","association"
"RECEIPT","RECEIPT_TERM","0:M","","association"
"RECEIPT_LINE","RECEIPT_LINE_DOCUMENT","0:M","","association"
"RECEIPT_LINE","RECEIPT_LINE_INSPECTION","0:M","","association"
"RECEIPT_LINE","RECEIPT_LINE_STATUS","0:M","","association"
"RECEIPT_LINE","RECEIPT_LINE_UNIQUE_ITEM_INSTANCE","0:M","","association"
"RECEIPT_LINE","RECEIVED_QUANTITY","0:M","","association"
"RECEIPT_LINE_DOCUMENT_TYPE","RECEIPT_LINE_DOCUMENT","0:M","","association"
"RECEIPT_LINE_QUALITY_TYPE","RECEIPT_LINE_INSPECTION","0:M","","association"
"RECEIPT_LINE_STATUS_TYPE","RECEIPT_LINE_INSPECTION","0:M","","association"
"RECEIPT_LINE_STATUS_TYPE","RECEIPT_LINE_STATUS","0:M","","association"
"RECEIPT_LINE_TYPE","RECEIPT_LINE","0:M","","association"
"RECEIPT_STATUS_TYPE","RECEIPT_STATUS","0:M","","association"
"RECEIVABLE_TYPE","RECEIVABLE","0:M","","association"
"RECEIVED_QUANTITY_TYPE","RECEIVED_QUANTITY","0:M","","association"
"RECOMMENDATION_EVENT","ONLINE_IMPRESSION_EXPERIENCED","0:1","","association"
"RECOVERY_STATUS_CHANGE_REASON","DEFAULT_RECOVERY_ITEM_STATUS","0:M","","association"
"RECOVERY_STATUS_TYPE","DEFAULT_RECOVERY_ITEM_STATUS","0:M","","association"
"REFERENCE_RATE_TYPE","FORWARD_RATE_AGREEMENT","0:M","","association"
"REFERRAL","REFERRAL_SEARCH","0:M","","association"
"REFERRAL","WEB_PAGE_EVENT_INFORMATION","0:M","","association"
"REFERRAL","WEB_VISIT","1:1","","association"
"REFERRAL_SUBTYPE","REFERRAL","0:M","","association"
"REFERRAL_WEB_SITE_FEATURE_SUBTYPE","REFERRAL","0:M","","association"
"REFERRING_SITE","REFERRAL","0:M","","association"
"REFERRING_SITE_TYPE","REFERRING_SITE","0:M","","association"
"REGION","TERRITORY","0:M","","association"
"REGULAR_EARNING_SUBTYPE","REGULAR_EARNING","0:M","","association"
"REGULATED_BENEFIT_TYPE","REGULATED_BENEFIT","0:M","","association"
"REGULATORY_INVESTMENT_TYPE","INVESTMENT_AGREEMENT","0:M","","association"
"REINSURANCE_AGREEMENT","CLAIM_COVERAGE_INSURABLE_INTEREST_REINSURANCE","0:M","","association"
"REINSURANCE_AGREEMENT","REINSURANCE_AGREEMENT_RESTRICTION","0:M","","association"
"REINSURANCE_AGREEMENT","REINSURANCE_UNDERLYING_COVERAGE","0:M","","association"
"REINSURANCE_CONTRACT_TYPE","REINSURANCE_AGREEMENT","0:M","","association"
"REINSURANCE_PLAN_TYPE","REINSURANCE_AGREEMENT","0:M","","association"
"REINSURANCE_RESTRICT_ROLE_TYPE","REINSURANCE_AGREEMENT_RESTRICTION","0:M","","association"
"REINSURANCE_TRIGGER_TYPE","REINSURANCE_AGREEMENT","0:M","","association"
"RELEASE_TYPE","PO_DELIVERY_RELEASE","0:M","","association"
"REMEDIATION_PLAN_STATUS_TYPE","AGREEMENT_REMEDIATION_STATUS","0:M","","association"
"REMEDIATION_PLAN_TYPE","AGREEMENT_REMEDIATION_PLAN","0:M","","association"
"REPAYMENT_METHOD_TYPE","PURCHASED_RECEIVABLE_ISSUER_AGREEMENT","0:M","","association"
"REPLENISH_MEDIUM_TYPE","CHANNEL_REPLENISHMENT","0:M","","association"
"REPORTING_PRODUCT_GROUP","REPORTING_PRODUCT_GROUP","0:M","","association"
"REPURCHASE_AGREEMENT_TYPE","REPURCHASE_AGREEMENT","0:M","","association"
"REPURCHASE_TRADING_BASIS_TYPE","REPURCHASE_AGREEMENT","0:M","","association"
"RESPONSE_STATUS_TYPE","PROMOTION_PARTY_STEP_STATUS","0:M","","association"
"RESPONSE_TYPE","CAMPAIGN_STEP_RESPONSE","0:M","","association"
"RESPONSE_TYPE","NEXT_ACTIVITY","0:M","","association"
"RESPONSE_TYPE","PROMOTION_PARTY_STEP_RESPONSE","0:M","","association"
"RESPONSE_TYPE","PROMOTION_STEP_RESPONSE","0:M","","association"
"RETURN_DETAIL","RETURN_LINE","0:M","","association"
"RETURN_LINE","RETURN_LINE_STATUS","0:M","","association"
"RETURN_LINE","RETURN_LINE_UNIQUE_ITEM_INSTANCE","0:M","","association"
"RETURN_LINE","VENDOR_RETURN_PO_LINE","0:M","","association"
"RETURN_LINE_TYPE","RETURN_LINE","0:M","","association"
"RETURN_REASON_TYPE","RETURN_LINE","0:M","","association"
"RETURN_STATUS_TYPE","RETURN_LINE_STATUS","0:M","","association"
"REVENUE_ACCOUNT","REVENUE_ACCOUNT_REVENUE_TYPE_XREF","0:M","","association"
"REVENUE_ACCOUNT_SUBTYPE","REVENUE_ACCOUNT","1:M","","association"
"REVENUE_TYPE","AD_ORDER_REVENUE_FORECAST","0:M","","association"
"REVENUE_TYPE","AGREEMENT_REVENUE","0:M","","association"
"REVENUE_TYPE","PARTY_ASSET_REVENUE","0:M","","association"
"REVENUE_TYPE","PARTY_REVENUE","0:M","","association"
"REVENUE_TYPE","PLANNED_PRODUCT_REVENUE","0:M","","association"
"REVENUE_TYPE","PRODUCT_REVENUE","0:M","","association"
"REVENUE_TYPE","REVENUE_ACCOUNT_REVENUE_TYPE_XREF","0:M","","association"
"REVENUE_TYPE","REVENUE_TYPE","0:M","","association"
"REWARD_EVENT_SUBTYPE","REWARD_EVENT","0:M","","association"
"REWARD_EVENT_TYPE","REWARD_EVENT","0:M","","association"
"RISK_ADJUSTMENT_METRIC_TYPE","AGREEMENT_CLASS_ADJUSTMENT_PARAMETER","0:M","","association"
"RISK_ADJUSTMENT_METRIC_TYPE","COLLATERALIZED_EXPOSURE_ADJUSTMENT","0:M","","association"
"RISK_ADJUSTMENT_METRIC_TYPE","COLLATERAL_ITEM_ADJUSTMENT","0:M","","association"
"RISK_ADJUSTMENT_METRIC_TYPE","EXPOSURE_AGREEMENT_ASSET_VALUE_ADJUSTMENT","0:M","","association"
"RISK_ADJUSTMENT_METRIC_TYPE","FINANCIAL_AGREEMENT_ADJUSTMENT","0:M","","association"
"RISK_ADJUSTMENT_REASON_TYPE","COLLATERALIZED_EXPOSURE_ADJUSTMENT","0:M","","association"
"RISK_ADJUSTMENT_REASON_TYPE","COLLATERAL_ITEM_ADJUSTMENT","0:M","","association"
"RISK_ADJUSTMENT_REASON_TYPE","EXPOSURE_AGREEMENT_ASSET_VALUE_ADJUSTMENT","0:M","","association"
"RISK_ADJUSTMENT_REASON_TYPE","FINANCIAL_AGREEMENT_ADJUSTMENT","0:M","","association"
"RISK_ASSESSMENT_RELATED_TYPE","AGREEMENT_RISK_GRADE_RELATED","0:M","","association"
"RISK_ASSESSMENT_RELATED_TYPE","AGREEMENT_SCORE_RELATED","0:M","","association"
"RISK_ASSESSMENT_RELATED_TYPE","ASSET_RISK_GRADE_RELATED","0:M","","association"
"RISK_ASSESSMENT_RELATED_TYPE","PARTY_RISK_GRADE_RELATED","0:M","","association"
"RISK_ASSESSMENT_RELATED_TYPE","PARTY_SCORE_RELATED","0:M","","association"
"RISK_ASSESSMENT_RELATED_TYPE","PRODUCT_RISK_GRADE_RELATED","0:M","","association"
"RISK_ASSESS_OVERRIDE_TYPE","AGREEMENT_RISK_GRADE_RELATED","0:M","","association"
"RISK_ASSESS_OVERRIDE_TYPE","AGREEMENT_SCORE_RELATED","0:M","","association"
"RISK_ASSESS_OVERRIDE_TYPE","ASSET_RISK_GRADE_RELATED","0:M","","association"
"RISK_ASSESS_OVERRIDE_TYPE","MODEL_RELATIONSHIP","0:M","","association"
"RISK_ASSESS_OVERRIDE_TYPE","PARTY_RISK_GRADE_RELATED","0:M","","association"
"RISK_ASSESS_OVERRIDE_TYPE","PARTY_SCORE_RELATED","0:M","","association"
"RISK_ASSESS_OVERRIDE_TYPE","PRODUCT_RISK_GRADE_RELATED","0:M","","association"
"RISK_CALCULATION_SCENARIO","AGREEMENT_CREDIT_RISK_TYPE_METRIC","0:M","","association"
"RISK_CALCULATION_SCENARIO","AGREEMENT_GROUP_RISK","0:M","","association"
"RISK_CALCULATION_SCENARIO","AGREEMENT_GROUP_RISK_TYPE_METRIC","0:M","","association"
"RISK_CALCULATION_SCENARIO","AGREEMENT_MARKET_RISK_TYPE","0:M","","association"
"RISK_CALCULATION_SCENARIO","AGREEMENT_RISK_METRIC","0:M","","association"
"RISK_CALCULATION_SCENARIO","BANK_CAPITAL_SUMMARY","0:M","","association"
"RISK_CALCULATION_SCENARIO","BUSINESS_INTEREST_SUMMARY","0:M","","association"
"RISK_CALCULATION_SCENARIO","BUSINESS_UNIT_OPERATIONAL_RISK_ADVANCED","0:M","","association"
"RISK_CALCULATION_SCENARIO","BUSINESS_UNIT_OPERATIONAL_RISK_STANDARDIZED","0:M","","association"
"RISK_CALCULATION_SCENARIO","CAPITAL_REQUIREMENTS_SUMMARY","0:M","","association"
"RISK_CALCULATION_SCENARIO","COLLATERALIZED_EXPOSURE","0:M","","association"
"RISK_CALCULATION_SCENARIO","COLLATERAL_ITEM_VALUE","0:M","","association"
"RISK_CALCULATION_SCENARIO","CREDIT_MATURITY_SUMMARY","0:M","","association"
"RISK_CALCULATION_SCENARIO","CREDIT_RISK_SUMMARY","0:M","","association"
"RISK_CALCULATION_SCENARIO","CURRENCY_POSITION_METRIC","0:M","","association"
"RISK_CALCULATION_SCENARIO","EQUITY_HOLDING_SUMMARY","0:M","","association"
"RISK_CALCULATION_SCENARIO","EQUITY_NETTED_GROUP_RISK","0:M","","association"
"RISK_CALCULATION_SCENARIO","EXPOSURE_AGREEMENT_ASSET_VALUE","0:M","","association"
"RISK_CALCULATION_SCENARIO","FINANCIAL_AGREEMENT_ADJUSTMENT","0:M","","association"
"RISK_CALCULATION_SCENARIO","HOLDING_VALUE_AT_RISK","0:M","","association"
"RISK_CALCULATION_SCENARIO","INSTRUMENT_METRIC_TYPE_CALCULATION","0:M","","association"
"RISK_CALCULATION_SCENARIO","INTEREST_RATE_BANKING_BOOK_SUMMARY","0:M","","association"
"RISK_CALCULATION_SCENARIO","INTEREST_RATE_RISK_CALCULATION","0:M","","association"
"RISK_CALCULATION_SCENARIO","INTERNAL_MODEL_APPROACH_SUMMARY","0:M","","association"
"RISK_CALCULATION_SCENARIO","INVESTMENT_PRODUCT_RISK_METRIC","0:M","","association"
"RISK_CALCULATION_SCENARIO","LINE_OF_BUSINESS_RISK_SCENARIO_METRIC","0:M","","association"
"RISK_CALCULATION_SCENARIO","LOAN_PROVISION_BALANCE","0:M","","association"
"RISK_CALCULATION_SCENARIO","MARKET_RISK_HORIZONTAL_DISALLOWANCE_CALCULATION","0:M","","association"
"RISK_CALCULATION_SCENARIO","NON-IRB_EXPOSURE_SUMMARY","0:M","","association"
"RISK_CALCULATION_SCENARIO","NONRETAIL_RISK_ASSESSMENT_SUMMARY","0:M","","association"
"RISK_CALCULATION_SCENARIO","PARTY_METRIC","0:M","","association"
"RISK_CALCULATION_SCENARIO","PORTFOLIO_VALUE_AT_RISK","0:M","","association"
"RISK_CALCULATION_SCENARIO","POSITION_FX_METRIC","0:M","","association"
"RISK_CALCULATION_SCENARIO","PRODUCT_VALUE_AT_RISK","0:M","","association"
"RISK_CALCULATION_SCENARIO","PURCHASED_RECEIVABLE_POOL_RISK","0:M","","association"
"RISK_CALCULATION_SCENARIO","RETAIL_RISK_ASSESSMENT_SUMMARY","0:M","","association"
"RISK_CALCULATION_SCENARIO","RISK_CALCULATION_SCENARIO_BASEL_APPROACH","0:M","","association"
"RISK_CALCULATION_SCENARIO","RISK_MITIGATION_SUMMARY","0:M","","association"
"RISK_CALCULATION_SCENARIO","SECURITIZATION_EXPOSURE","0:M","","association"
"RISK_CALCULATION_SCENARIO","SECURITIZATION_POOL_OBLIGOR_METRIC","0:M","","association"
"RISK_CALCULATION_SCENARIO","SECURITIZATION_POOL_RISK","0:M","","association"
"RISK_CALCULATION_SCENARIO","TIME_BAND_CALCULATION","0:M","","association"
"RISK_CALCULATION_SCENARIO","TRANCHE_RISK_METRIC","0:M","","association"
"RISK_CALCULATION_SCENARIO","VOLATILITY_RISK_CALCULATION","0:M","","association"
"RISK_EXPOSURE_MITIGANT_SUBTYPE","FINANCIAL_AGREEMENT","0:M","","association"
"RISK_FACTOR_INSTRUMENT","ANALYTICAL_MODEL_RISK_FACTOR","0:M","","association"
"RISK_FACTOR_INSTRUMENT","RISK_FACTOR_INSTRUMENT","0:M","","association"
"RISK_FACTOR_INSTRUMENT","RISK_POSITION_has_risk_position_of","0:M","","association"
"RISK_FACTOR_INSTRUMENT","RISK_POSITION_has_secondary_risk_of","0:M","","association"
"RISK_GRADE_CHANGE_REASON","AGREEMENT_RISK_GRADE","0:M","","association"
"RISK_GRADE_CHANGE_REASON","PARTY_RISK_GRADE","0:M","","association"
"RISK_GRADE_RELATION_TYPE","RISK_GRADE_VALUE_RELATED","0:M","","association"
"RISK_GRADE_SCHEME","AGREEMENT_CLASS_RISK_GRADE","0:M","","association"
"RISK_GRADE_SCHEME","AGREEMENT_GROUP_RISK_GRADE","0:M","","association"
"RISK_GRADE_SCHEME","AGREEMENT_RISK_GRADE","0:M","","association"
"RISK_GRADE_SCHEME","ASSET_CLASS_MATURITY_RISK_GRADE","0:M","","association"
"RISK_GRADE_SCHEME","ASSET_RISK_GRADE","0:M","","association"
"RISK_GRADE_SCHEME","BASEL_COLLATERAL_HAIRCUT_PARAMETER","0:M","","association"
"RISK_GRADE_SCHEME","BASEL_ELIGIBLE_COLLATERAL_PARAMETER","0:M","","association"
"RISK_GRADE_SCHEME","BASEL_ELIGIBLE_GUARANTEE_PARAMETER","0:M","","association"
"RISK_GRADE_SCHEME","BASEL_EXPOSURE_HAIRCUT_PARAMETER","0:M","","association"
"RISK_GRADE_SCHEME","CHANNEL_RISK_GRADE","0:M","","association"
"RISK_GRADE_SCHEME","CLAIM_RISK_GRADE","0:M","","association"
"RISK_GRADE_SCHEME","EVENT_RISK_GRADE","0:M","","association"
"RISK_GRADE_SCHEME","FEATURE_RISK_GRADE_ELIGIBILITY_RULE","0:M","","association"
"RISK_GRADE_SCHEME","GEOGRAPHY_RISK_GRADE","0:M","","association"
"RISK_GRADE_SCHEME","INVESTMENT_GRADE_PARAMETER","0:M","","association"
"RISK_GRADE_SCHEME","INVESTMENT_SECURITY_RISK_GRADE","0:M","","association"
"RISK_GRADE_SCHEME","NON-IRB_EXPOSURE_SUMMARY","0:M","","association"
"RISK_GRADE_SCHEME","NONRETAIL_RISK_ASSESSMENT_SUMMARY","0:M","","association"
"RISK_GRADE_SCHEME","OPPORTUNITY_RISK_GRADE","0:M","","association"
"RISK_GRADE_SCHEME","PARTY_ASSET_CLASS_RISK_GRADE","0:M","","association"
"RISK_GRADE_SCHEME","PARTY_CLASS_RISK_GRADE","0:M","","association"
"RISK_GRADE_SCHEME","PARTY_GROUP_RISK_GRADE","0:M","","association"
"RISK_GRADE_SCHEME","PARTY_RISK_GRADE","0:M","","association"
"RISK_GRADE_SCHEME","PRODUCT_FEATURE_RISK_ELIGIBILITY_RULE","0:M","","association"
"RISK_GRADE_SCHEME","PRODUCT_GROUP_RISK_GRADE","0:M","","association"
"RISK_GRADE_SCHEME","PRODUCT_RISK_GRADE","0:M","","association"
"RISK_GRADE_SCHEME","PRODUCT_RISK_GRADE_ELIGIBILITY_RULE","0:M","","association"
"RISK_GRADE_SCHEME","RETAIL_RISK_ASSESSMENT_SUMMARY","0:M","","association"
"RISK_GRADE_SCHEME","RISK_GRADE_VALUE","0:M","","association"
"RISK_GRADE_SCHEME","ROADWAY_SEGMENT_RISK_GRADE","0:M","","association"
"RISK_GRADE_SCHEME","SECURITIZATION_EXPOSURE","0:M","","association"
"RISK_GRADE_SCHEME","SPECIAL_LENDING_SLOTTING_PARAMETER","0:M","","association"
"RISK_GRADE_VALUE","AGREEMENT_CLASS_RISK_GRADE","0:M","","association"
"RISK_GRADE_VALUE","AGREEMENT_GROUP_RISK_GRADE","0:M","","association"
"RISK_GRADE_VALUE","AGREEMENT_RISK_GRADE","0:M","","association"
"RISK_GRADE_VALUE","ANALYTICAL_MODEL_TO_RISK_GRADE","0:M","","association"
"RISK_GRADE_VALUE","ASSET_CLASS_MATURITY_RISK_GRADE","0:M","","association"
"RISK_GRADE_VALUE","ASSET_RISK_GRADE","0:M","","association"
"RISK_GRADE_VALUE","BASEL_COLLATERAL_HAIRCUT_PARAMETER","0:M","","association"
"RISK_GRADE_VALUE","BASEL_ELIGIBLE_COLLATERAL_PARAMETER","0:M","","association"
"RISK_GRADE_VALUE","BASEL_ELIGIBLE_GUARANTEE_PARAMETER","0:M","","association"
"RISK_GRADE_VALUE","BASEL_EXPOSURE_HAIRCUT_PARAMETER","0:M","","association"
"RISK_GRADE_VALUE","CHANNEL_RISK_GRADE","0:M","","association"
"RISK_GRADE_VALUE","CHANNEL_TYPE_RISK_GRADE","0:M","","association"
"RISK_GRADE_VALUE","CLAIM_RISK_GRADE","0:M","","association"
"RISK_GRADE_VALUE","COLLATERALIZED_EXPOSURE","0:M","","association"
"RISK_GRADE_VALUE","EVENT_RISK_GRADE","0:M","","association"
"RISK_GRADE_VALUE","FEATURE_RISK_GRADE_ELIGIBILITY_RULE","0:M","","association"
"RISK_GRADE_VALUE","GEOGRAPHY_RISK_GRADE","0:M","","association"
"RISK_GRADE_VALUE","INVESTMENT_GRADE_PARAMETER","0:M","","association"
"RISK_GRADE_VALUE","INVESTMENT_SECURITY_RISK_GRADE","0:M","","association"
"RISK_GRADE_VALUE","NON-IRB_EXPOSURE_SUMMARY","0:M","","association"
"RISK_GRADE_VALUE","NONRETAIL_RISK_ASSESSMENT_SUMMARY","0:M","","association"
"RISK_GRADE_VALUE","OPPORTUNITY_RISK_GRADE","0:M","","association"
"RISK_GRADE_VALUE","PARTY_ASSET_CLASS_RISK_GRADE","0:M","","association"
"RISK_GRADE_VALUE","PARTY_CLASS_RISK_GRADE","0:M","","association"
"RISK_GRADE_VALUE","PARTY_GROUP_RISK_GRADE","0:M","","association"
"RISK_GRADE_VALUE","PARTY_RISK_GRADE","0:M","","association"
"RISK_GRADE_VALUE","PRODUCT_FEATURE_RISK_ELIGIBILITY_RULE","0:M","","association"
"RISK_GRADE_VALUE","PRODUCT_GROUP_RISK_GRADE","0:M","","association"
"RISK_GRADE_VALUE","PRODUCT_RISK_GRADE","0:M","","association"
"RISK_GRADE_VALUE","PRODUCT_RISK_GRADE_ELIGIBILITY_RULE","0:M","","association"
"RISK_GRADE_VALUE","RETAIL_RISK_ASSESSMENT_SUMMARY","0:M","","association"
"RISK_GRADE_VALUE","RISK_GRADE_VALUE_RELATED_is_related_to","0:M","","association"
"RISK_GRADE_VALUE","RISK_GRADE_VALUE_RELATED_is_related_with","0:M","","association"
"RISK_GRADE_VALUE","ROADWAY_SEGMENT_RISK_GRADE","0:M","","association"
"RISK_GRADE_VALUE","SECURITIZATION_EXPOSURE","0:M","","association"
"RISK_GRADE_VALUE","SPECIAL_LENDING_SLOTTING_PARAMETER","0:M","","association"
"RISK_GRADE_VALUE","TRADE_EVENT_SETTLE_INSTRUCTION","0:M","","association"
"RISK_GRADE_VALUE","TRADE_SETTLEMENT_INSTRUCTION","0:M","","association"
"RISK_GRADE_VALUE","TRADE_SETTLEMENT_PRODUCT_GROUP","0:M","","association"
"RISK_METRIC_TYPE","AGREEMENT_CREDIT_RISK_TYPE_METRIC","0:M","","association"
"RISK_METRIC_TYPE","AGREEMENT_GROUP_RISK_TYPE_METRIC","0:M","","association"
"RISK_METRIC_TYPE","AGREEMENT_MARKET_RISK_TYPE","0:M","","association"
"RISK_METRIC_TYPE","CURRENCY_POSITION_METRIC","0:M","","association"
"RISK_METRIC_TYPE","INSTRUMENT_METRIC_TYPE_CALCULATION","0:M","","association"
"RISK_METRIC_TYPE","LINE_OF_BUSINESS_RISK_SCENARIO_METRIC","0:M","","association"
"RISK_METRIC_TYPE","POSITION_FX_METRIC","0:M","","association"
"RISK_METRIC_TYPE","VOLATILITY_RISK_CALCULATION","0:M","","association"
"RISK_MITIGANT_AGREEMENT","RISK_MITIGANT_AGREEMENT_ITEM","0:M","","association"
"RISK_MITIGANT_AGREEMENT_ITEM","COLLATERAL_AGREEMENT_COVERAGE","0:M","","association"
"RISK_MITIGANT_AGREEMENT_RELATED","RISK_MITIGANT_AGREEMENT_SENIORITY","0:M","","association"
"RISK_MITIGANT_AGREEMENT_SUBTYPE","RISK_MITIGANT_AGREEMENT","0:M","","association"
"RISK_RATING_METHOD","RISK_GRADE_SCHEME","0:M","","association"
"RISK_RATING_PURPOSE_TYPE","RISK_GRADE_SCHEME","0:M","","association"
"RISK_RATING_PURPOSE_TYPE","RISK_RATING_PURPOSE_TYPE","0:M","","association"
"RISK_TYPE","BANK_ACTUAL_RISK_LOSS","0:M","","association"
"RISK_TYPE","EXPOSURE_AGREEMENT_RISK_MITIGANT_AGREEMENT","0:M","","association"
"RISK_TYPE","FINANCE_EXPOSURE_RISK_TYPE","0:M","","association"
"RISK_TYPE","FINANCIAL_RISK_FACTOR","0:M","","association"
"RISK_TYPE","INSURANCE_METRIC_TYPE","0:M","","association"
"RISK_TYPE","INVESTMENT_VALUE_TYPE","0:M","","association"
"RISK_TYPE","PARTY_METRIC_TYPE","0:M","","association"
"RISK_TYPE","RISK_CALCULATION_SCENARIO","0:M","","association"
"ROADWAY_SEGMENT","ROADWAY_SEGMENT_RISK_GRADE","0:M","","association"
"ROAD_TYPE","ROADWAY","0:M","","association"
"ROOF_CONSTRUCTION_TYPE","REAL_ESTATE_DETAIL","0:M","","association"
"ROUTING_TRANSIT_NUMBER","PARTY_ROUTING_TRANSIT_NUMBER","0:M","","association"
"ROUTING_TRANSIT_NUMBER","ROUTING_TRANSIT_NUMBER_ADDRESS","0:1","","association"
"ROUTING_TRANSIT_NUMBER","UNITED_STATES_BANK_ACCOUNT_IDENTIFIER","0:M","","association"
"RXNORM_CODE","INSTITUTIONAL_CLAIM_SERVICE_DRUG","0:M","","association"
"RXNORM_CODE","PHARMACY_CLAIM_SERVICE_DRUG","0:M","","association"
"SALES_ACTIVITY_TYPE","SALES_MARKETING_ACTIVITY","0:M","","association"
"SALES_MARKET","SALES_MARKETING_ACTIVITY","0:M","","association"
"SALES_MARKETING_ACTIVITY","SALES_MARKETING_ACTIVITY_CONTACT","0:M","","association"
"SALES_MARKETING_ACTIVITY","SALES_MARKETING_ACTIVITY_LOCATOR","0:M","","association"
"SALES_MARKETING_ACTIVITY","SALES_MARKETING_ACTIVITY_PARTY","0:M","","association"
"SALES_MARKETING_ACTIVITY","SALES_MARKETING_ACTIVITY_RELATED_is_related","0:M","","association"
"SALES_MARKETING_ACTIVITY","SALES_MARKETING_ACTIVITY_RELATED_relates","0:M","","association"
"SALES_MARKETING_ACTIVITY","SALES_MARKETING_ACTIVITY_STATUS","0:M","","association"
"SALES_MARKETING_ACTIVITY","SALES_MARKETING_ACTIVITY_TEXT_COMMENT","0:M","","association"
"SALES_MARKETING_ACTIVITY_RELATED","SALES_MARKETING_ACTIVITY_RELATED_STATUS","0:M","","association"
"SALES_MARKETING_ACTIVITY_RELATED_ROLE","SALES_MARKETING_ACTIVITY_RELATED","0:M","","association"
"SALES_MARKETING_ACTIVITY_RELATED_STATUS_REASON","SALES_MARKETING_ACTIVITY_RELATED_STATUS","0:M","","association"
"SALES_MARKETING_ACTIVITY_RELATED_STATUS_TYPE","SALES_MARKETING_ACTIVITY_RELATED_STATUS","0:M","","association"
"SALES_MARKETING_ACTIVITY_STATUS_TYPE","SALES_MARKETING_ACTIVITY_STATUS","0:M","","association"
"SALES_METHOD_TYPE","LEAD","0:M","","association"
"SALES_METHOD_TYPE","OPPORTUNITY","0:M","","association"
"SALES_PROGRAM_TYPE","SALES_PROGRAM","0:M","","association"
"SALES_STAGE","OPPORTUNITY_SALES_STAGE","0:M","","association"
"SALES_STAGE_PHASE_TYPE","SALES_STAGE","0:M","","association"
"SALES_STAGE_STATUS_TYPE","OPPORTUNITY_SALES_STAGE_STATUS","0:M","","association"
"SALUTATION_TYPE","NAME_SALUTATION","0:M","","association"
"SANCTION_TYPE","PARTY_SANCTION","0:M","","association"
"SCENARIO_PURPOSE_TYPE","RISK_CALCULATION_SCENARIO","0:M","","association"
"SCENARIO_TRIAL_TYPE","RISK_CALCULATION_SCENARIO","0:M","","association"
"SCHEDULE_GROUP_TYPE","SITE_SCHEDULE_GROUP","0:M","","association"
"SCORE_TYPE","PARTY_CREDIT_REPORT_SCORE","0:M","","association"
"SCORE_TYPE","PARTY_EXTERNAL_SCORE","0:M","","association"
"SCREEN_RESOLUTION_TYPE","WEB_PAGE_VIEW","0:M","","association"
"SCRIPTED_MESSAGE","COMMUNICATION_COLLATERAL","0:1","","association"
"SCRIPTED_MESSAGE","CONTACT_SCRIPT","0:M","","association"
"SCRIPTED_MESSAGE","PARTY_SCRIPT","0:M","","association"
"SCRIPTED_MESSAGE","PRODUCT","0:M","","association"
"SCRIPTED_MESSAGE","PROMOTION_SCRIPTED_MESSAGE_XREF","0:M","","association"
"SCRIPTED_MESSAGE","PROMOTION_STEP","0:M","","association"
"SCRIPTED_MESSAGE","SCRIPTED_MESSAGE_STATUS","0:M","","association"
"SCRIPTED_MESSAGE_STATUS_TYPE","SCRIPTED_MESSAGE_STATUS","0:M","","association"
"SCRIPTED_MESSAGE_TYPE","SCRIPTED_MESSAGE","0:M","","association"
"SEARCH_BY_TYPE","INTERNAL_SEARCH_EVENT","0:M","","association"
"SEARCH_ENGINE_SYSTEM","KEYWORD_PLACEMENT","0:M","","association"
"SEARCH_ENGINE_SYSTEM","REFERRAL","0:M","","association"
"SEARCH_ENGINE_SYSTEM","REFERRAL_SEARCH","0:M","","association"
"SEARCH_ENGINE_SYSTEM","SEARCH_ENGINE_SYSTEM_ACCOUNT","0:M","","association"
"SEARCH_ENGINE_SYSTEM_ACCOUNT","SEARCH_ENGINE_ACCOUNT_CAMPAIGN_XREF","0:M","","association"
"SEARCH_ENGINE_SYSTEM_TYPE","CUSTOM_SEARCH_CLICK-THROUGH","0:M","","association"
"SEARCH_ENGINE_SYSTEM_TYPE","SEARCH_ENGINE_SYSTEM","0:M","","association"
"SEARCH_EVENT_FIELD","INTERNAL_SEARCH_EVENT_XREF","0:M","","association"
"SEARCH_FIELD_NAME","SEARCH_EVENT_FIELD","0:M","","association"
"SEARCH_MATCH_TYPE","INTERNAL_SEARCH_EVENT","0:M","","association"
"SEARCH_MATCH_TYPE","KEYWORD_PLACEMENT","0:M","","association"
"SEARCH_REFINEMENT_TYPE","INTERNAL_SEARCH_EVENT","0:M","","association"
"SEARCH_TYPE","CUSTOM_SEARCH_CLICK-THROUGH","0:M","","association"
"SEARCH_TYPE","INTERNAL_SEARCH_EVENT","0:M","","association"
"SEARCH_TYPE","REFERRAL","0:M","","association"
"SEASON","GEOGRAPHICAL_AREA_SEASON","0:M","","association"
"SECONDARY_MARKET_STATUS_TYPE","CREDIT_AGREEMENT_SECONDARY_MARKET_STATUS","0:M","","association"
"SECTION_CONTAINS_SECTION_TYPE","SECTION_CONTAINS_SECTION","0:M","","association"
"SECURITIES_INDEX_PRODUCT","COMMODITY_AGREEMENT","0:M","","association"
"SECURITIZATION_CLEAN_UP_CALL_TYPE","SECURITIZATION_SELL_AGREEMENT","0:M","","association"
"SECURITIZATION_POOL","ASSET-BACKED_SECURITY_PRODUCT","0:1","","association"
"SECURITIZATION_POOL","SECURITIZATION_POOL_OBLIGOR_METRIC","0:M","","association"
"SECURITIZATION_POOL","SECURITIZATION_POOL_RISK","0:M","","association"
"SECURITIZATION_POOL_STRUCTURE_TYPE","SECURITIZATION_POOL","0:M","","association"
"SECURITIZATION_ROLE","SECURITIZATION_EXPOSURE","0:M","","association"
"SECURITIZATION_TYPE","SECURITIZATION_POOL","0:M","","association"
"SECURITY_TYPE","CURRENT_AGREEMENT","0:M","","association"
"SECURITY_TYPE","LOAN_AGREEMENT","0:M","","association"
"SEGMENT_RELATIONSHIP_REASON","COA_SEGMENT_RELATED","0:M","","association"
"SELECTION_CRITERION_TYPE","AGREEMENT_GROUP_CRITERION","0:M","","association"
"SELECTION_CRITERION_TYPE","MODEL_CALCULATION_CRITERIA","0:M","","association"
"SELECTION_CRITERION_TYPE","PARTY_GROUP_SELECT_CRITERION","0:M","","association"
"SELECTION_CRITERION_TYPE","SEGMENT_CRITERION","0:M","","association"
"SELECTION_CRITERION_TYPE","SELECTION_SET_CRITERION","0:M","","association"
"SELECTION_CRITERION_TYPE","STRESS_TEST_CRITERION","0:M","","association"
"SELECTION_SET_FORMULA_TYPE","SELECTION_SET_CRITERION","0:M","","association"
"SENIORITY_LEVEL_TYPE","AGREEMENT_INVESTOR","0:M","","association"
"SENIORITY_LEVEL_TYPE","AGREEMENT_TO_SECURITIZATION_POOL","0:M","","association"
"SENIORITY_LEVEL_TYPE","CREDIT_AGREEMENT","0:M","","association"
"SENIORITY_LEVEL_TYPE","INVESTMENT_PRODUCT","0:M","","association"
"SENIORITY_LEVEL_TYPE","RISK_MITIGANT_AGREEMENT_SENIORITY","0:M","","association"
"SENIORITY_LEVEL_TYPE","SENIORITY_LEVEL_PARAMETER","0:M","","association"
"SENIORITY_LEVEL_TYPE","TRANCHE","0:M","","association"
"SERVICE_FEATURE","CLAIM_SERVICE","0:M","","association"
"SERVICE_QUOTE_REQUEST_TYPE","SERVICE_REQUEST","0:M","","association"
"SERVICE_REQUEST","SERVICE_REQUEST_ACTIVITY","0:M","","association"
"SERVICE_REQUEST","SERVICE_REQUEST_EVENT","0:M","","association"
"SERVICE_REQUEST","SERVICE_REQUEST_PARTY","0:M","","association"
"SERVICE_REQUEST","SERVICE_REQUEST_RELATED_dependent_upon","0:M","","association"
"SERVICE_REQUEST","SERVICE_REQUEST_RELATED_has_dependent","0:M","","association"
"SERVICE_REQUEST","SERVICE_REQUEST_STATUS","0:M","","association"
"SERVICE_REQUEST_ACTIVITY","SERVICE_REQUEST_ACTIVITY_PARTY","0:M","","association"
"SERVICE_REQUEST_ACTIVITY","SERVICE_REQUEST_ACTIVITY_STATUS","0:M","","association"
"SERVICE_REQUEST_ACTIVITY_TYPE","SERVICE_REQUEST_ACTIVITY_describes","0:M","","association"
"SERVICE_REQUEST_PARTY_ROLE","SERVICE_REQUEST_ACTIVITY_PARTY","0:M","","association"
"SERVICE_REQUEST_PARTY_ROLE","SERVICE_REQUEST_PARTY","0:M","","association"
"SERVICE_REQUEST_RELATED_ROLE","SERVICE_REQUEST_RELATED","0:M","","association"
"SERVICE_REQUEST_STATUS_REASON","SERVICE_REQUEST_STATUS","0:M","","association"
"SERVICE_REQUEST_STATUS_SCHEME_TYPE","SERVICE_REQUEST_STATUS","0:M","","association"
"SERVICE_REQUEST_STATUS_TYPE","SERVICE_REQUEST_ACTIVITY_STATUS","0:M","","association"
"SERVICE_REQUEST_STATUS_TYPE","SERVICE_REQUEST_STATUS","0:M","","association"
"SERVICE_REQUEST_SUBTYPE","SERVICE_REQUEST","0:M","","association"
"SERVICE_REQUEST_TYPE","SERVICE_REQUEST","0:M","","association"
"SERVICE_TYPE","PHARMACY_CLAIM_SERVICE","0:M","","association"
"SETTLEMENT_DELIVERY_TYPE","TRADE_EVENT_SETTLE_INSTRUCTION","0:M","","association"
"SETTLEMENT_DELIVERY_TYPE","TRADE_SETTLEMENT_INSTRUCTION","0:M","","association"
"SETTLEMENT_DELIVERY_TYPE","TRADE_SETTLEMENT_PRODUCT_GROUP","0:M","","association"
"SETTLEMENT_DIRECTION_TYPE","TRADE_EVENT_SETTLE_INSTRUCTION","0:M","","association"
"SETTLEMENT_DIRECTION_TYPE","TRADE_SETTLEMENT_INSTRUCTION","0:M","","association"
"SETTLEMENT_DIRECTION_TYPE","TRADE_SETTLEMENT_PRODUCT_GROUP","0:M","","association"
"SETTLEMENT_LOCATOR_ROLE_TYPE","TRADE_SETTLEMENT_INSTRUCTION_LOCATOR","0:M","","association"
"SETTLEMENT_PARTY_ROLE_TYPE","TRADE_EVENT_SETTLE_PARTY","0:M","","association"
"SETTLEMENT_PRODUCT_REASON_TYPE","TRADE_SETTLEMENT_PRODUCT_GROUP","0:M","","association"
"SET_OF_BOOKS","CHART_OF_ACCOUNTS_CODE","0:M","","association"
"SET_OF_BOOKS","FIXED_ASSET_BOOK","0:M","","association"
"SET_OF_BOOKS","GL_MAIN_ACCOUNT_SET_OF_BOOKS_XREF","0:M","","association"
"SET_OF_BOOKS","JOURNAL_ENTRY_HEADER","0:M","","association"
"SET_OF_BOOKS","SET_OF_BOOKS","0:M","","association"
"SET_OF_BOOKS","SET_OF_BOOKS_CALENDAR_YEAR","0:M","","association"
"SET_OF_BOOKS","SET_OF_BOOKS_CURRENCY","0:M","","association"
"SET_OF_BOOKS","SET_OF_BOOKS_INTERNAL_ORGANIZATION","0:M","","association"
"SET_OF_BOOKS","SET_OF_BOOKS_RELATED_is_related_to","0:M","","association"
"SET_OF_BOOKS","SET_OF_BOOKS_RELATED_is_related_with","0:M","","association"
"SET_OF_BOOKS_RELATED_REASON","SET_OF_BOOKS_RELATED","0:M","","association"
"SET_OF_BOOKS_TYPE","SET_OF_BOOKS","0:M","","association"
"SEVERITY_TYPE","CLAIM_INSURABLE_INTEREST","0:M","","association"
"SHOPPING_CART","PROMOTED_PRODUCT_EVENT","0:M","","association"
"SHOPPING_CART","PURCHASE_EVENT","0:M","","association"
"SHOPPING_CART","REBATE_EVENT","0:M","","association"
"SHOPPING_CART","SHOPPING_CART_EVENT","0:M","","association"
"SHOPPING_CART","WISH_LIST_EVENT","0:M","","association"
"SHOPPING_SOURCE_TYPE","WEB_SHOPPING_EXPERIENCE_EVENT","0:M","","association"
"SHOPPING_TOOL_TYPE","SHOPPING_TOOL","0:M","","association"
"SIC","CREDIT_AUTHORIZATION","0:M","","association"
"SIC","ORGANIZATION_SIC__GEO","0:M","","association"
"SIC","SIC_ECONOMIC_MEASURE","0:M","","association"
"SIC_GROUP","SIC","0:M","","association"
"SIGNATURE_SOURCE_TYPE","HEALTH_CLAIM","0:M","","association"
"SITE","ASSOCIATE","0:M","","association"
"SITE","ASSOCIATE_LABOR_TASK","0:M","","association"
"SITE","ASSOCIATE_PAYROLL_TRANSACTION","0:M","","association"
"SITE","CHANNEL_INSTANCE_SITE_XREF","0:M","","association"
"SITE","CHANNEL_TYPE_SITE","0:M","","association"
"SITE","COURSE_SCHEDULED","0:M","","association"
"SITE","COVERED_SITE","0:M","","association"
"SITE","DOCUMENT_SITE","0:M","","association"
"SITE","EVENT_SITE","0:M","","association"
"SITE","FIXED_ASSET","0:M","","association"
"SITE","HR_POSITION_SITE","0:M","","association"
"SITE","JOB_CLASSIFICATION_LABOR_SHIFT_SCHEDULE","0:M","","association"
"SITE","LABOR_FINANCIAL_PLAN","0:M","","association"
"SITE","LABOR_POOL","0:M","","association"
"SITE","PROJECT_TASK","0:M","","association"
"SITE","RECEIPT_LINE","0:M","","association"
"SITE","RETURN_LINE","0:M","","association"
"SITE","SITE","0:M","","association"
"SITE","SITE_BUSINESS_HOURS","0:M","","association"
"SITE","SITE_CHANNEL_INSTANCE","0:M","","association"
"SITE","SITE_COST","0:M","","association"
"SITE","SITE_IDENTIFICATION","0:M","","association"
"SITE","SITE_LOCATOR","0:M","","association"
"SITE","SITE_METRIC","0:M","","association"
"SITE","SITE_PARTY","0:M","","association"
"SITE","SITE_PRODUCT","0:M","","association"
"SITE","SITE_RELATED_is_related_to","0:M","","association"
"SITE","SITE_RELATED_is_related_with","0:M","","association"
"SITE","SITE_SCHEDULE_XREF","0:M","","association"
"SITE","SITE_SITE_CLASS_XREF","0:M","","association"
"SITE","SITE_STATUS","0:M","","association"
"SITE","SITE_TRAIT_XREF","0:M","","association"
"SITE","SITE_TYPE_XREF","0:M","","association"
"SITE","SOCIAL_MEDIA_POST","0:M","","association"
"SITE","SURVEY_RESPONSE","0:M","","association"
"SITE","TRAINING_EVENT","0:M","","association"
"SITE","VENDOR_PO","0:M","","association"
"SITE","VISIT","0:M","","association"
"SITE_CLASS_SCHEME_TYPE","SITE_CLASS_SCHEME_TYPE","0:M","","association"
"SITE_CLASS_SCHEME_TYPE","SITE_CLASS_VALUE","0:M","","association"
"SITE_CLASS_SCHEME_TYPE","SITE_SITE_CLASS_XREF","0:M","","association"
"SITE_CLASS_VALUE","SITE_CLASS_VALUE","0:M","","association"
"SITE_CLASS_VALUE","SITE_SITE_CLASS_XREF","0:M","","association"
"SITE_IDENTIFICATION_TYPE","SITE_IDENTIFICATION","0:M","","association"
"SITE_MAJOR_TYPE","ORGANIZATION_OPERATING_HOURS","0:M","","association"
"SITE_MAJOR_TYPE","SITE","0:M","","association"
"SITE_METRIC_TYPE","SITE_METRIC","0:M","","association"
"SITE_PARTY_ROLE","SITE_PARTY","0:M","","association"
"SITE_PRODUCT_ROLE","SITE_PRODUCT","0:M","","association"
"SITE_PURPOSE_TYPE","SITE","0:M","","association"
"SITE_RELATIONSHIP_TYPE","SITE_RELATED","0:M","","association"
"SITE_SCHEDULE_GROUP","AD_PLACEMENT_DISPLAY_TIME","0:M","","association"
"SITE_SCHEDULE_GROUP","DAYPART_HOURS","0:M","","association"
"SITE_SCHEDULE_GROUP","SITE_DAILY_HOURS","0:M","","association"
"SITE_SCHEDULE_GROUP","SITE_DAY_OF_WEEK_HOURS","0:M","","association"
"SITE_SCHEDULE_GROUP","SITE_SCHEDULE_XREF","0:M","","association"
"SITE_SCHEDULE_GROUP","WORK_SHIFT_DAILY_HOURS","0:M","","association"
"SITE_SCHEDULE_GROUP","WORK_SHIFT_DAY_OF_WEEK_HOURS","0:M","","association"
"SITE_STATUS_TYPE","SITE_STATUS","0:M","","association"
"SITE_TRAIT","SITE_TRAIT_VALUE","0:M","","association"
"SITE_TRAIT_TYPE","SITE_TRAIT","0:M","","association"
"SITE_TRAIT_VALUE","SITE_TRAIT_XREF","0:M","","association"
"SITE_TYPE","SITE_TYPE_XREF","0:M","","association"
"SKILL_TYPE","INDIVIDUAL_SKILL","0:M","","association"
"SKILL_TYPE","INTERNAL_ORGANIZATION_GROUP_SKILL","0:M","","association"
"SKILL_TYPE","STEP_SKILL_SET","0:M","","association"
"SOCIAL_CONSTRUCT_TYPE","LEGAL_SYSTEM","0:M","","association"
"SOCIAL_MEDIA_AUTHOR","SOCIAL_MEDIA_AUTHOR_RANK","0:M","","association"
"SOCIAL_MEDIA_CATEGORY","SOCIAL_MEDIA_CATEGORY_SCORE","0:M","","association"
"SOCIAL_MEDIA_CATEGORY","SOCIAL_MEDIA_CATEGORY_XREF","0:M","","association"
"SOCIAL_MEDIA_CATEGORY","SOCIAL_MEDIA_CONTENT_REVIEW","0:M","","association"
"SOCIAL_MEDIA_CATEGORY","SOCIAL_MEDIA_POST","0:M","","association"
"SOCIAL_MEDIA_CATEGORY","SOCIAL_MEDIA_RESULT_CATEGORY","0:M","","association"
"SOCIAL_MEDIA_GROUP","SOCIAL_MEDIA_CATEGORY","0:M","","association"
"SOCIAL_MEDIA_INTERACTION","SOCIAL_MEDIA_ACTIVITY_IMPRESSION_XREF","0:M","","association"
"SOCIAL_MEDIA_INTERACTION","SOCIAL_MEDIA_AUTHOR","0:M","","association"
"SOCIAL_MEDIA_INTERACTION","SOCIAL_MEDIA_CATEGORY_XREF","0:M","","association"
"SOCIAL_MEDIA_INTERACTION","SOCIAL_MEDIA_CONTENT_REVIEW","0:M","","association"
"SOCIAL_MEDIA_INTERACTION","SOCIAL_MEDIA_CONTENT_SOURCE","0:M","","association"
"SOCIAL_MEDIA_INTERACTION","SOCIAL_MEDIA_KEYWORD_SUMMARY","0:M","","association"
"SOCIAL_MEDIA_INTERACTION","SOCIAL_MEDIA_POST","0:M","","association"
"SOCIAL_MEDIA_INTERACTION","SOCIAL_MEDIA_RESULT","0:M","","association"
"SOCIAL_MEDIA_INTERACTION","SOCIAL_MEDIA_STATUS","0:M","","association"
"SOCIAL_MEDIA_INTERACTION","SOCIAL_MEDIA_TRANSFER","0:M","","association"
"SOCIAL_MEDIA_INTERACTION","SOCIAL_NETWORK_PROFILE","0:M","","association"
"SOCIAL_MEDIA_INTERACTION","SOCIAL_NETWORK_SUMMARY_ACTIVITY","0:M","","association"
"SOCIAL_MEDIA_INTERACTION_TYPE","SOCIAL_MEDIA_INTERACTION","0:M","","association"
"SOCIAL_MEDIA_LOGON","SOCIAL_NETWORK_MEMBER","0:M","","association"
"SOCIAL_MEDIA_POST","SOCIAL_MEDIA_CATEGORY_SCORE","0:M","","association"
"SOCIAL_MEDIA_RESULT_CATEGORY","SOCIAL_MEDIA_RESULT_TOPIC","0:M","","association"
"SOCIAL_MEDIA_RESULT_TOPIC","SOCIAL_MEDIA_RESULT","0:M","","association"
"SOCIAL_MEDIA_SITE","SOCIAL_MEDIA_INTERACTION","0:M","","association"
"SOCIAL_MEDIA_STATUS_TYPE","SOCIAL_MEDIA_STATUS","0:M","","association"
"SOCIAL_NETWORK_AFFILIATION_TYPE","SOCIAL_NETWORK_AFFILIATION","0:M","","association"
"SOCIAL_NETWORK_MEMBER","MEMBER_PRIVACY_PREFERENCE","0:M","","association"
"SOCIAL_NETWORK_MEMBER","SOCIAL_NETWORK_AFFILIATION","0:M","","association"
"SOFTWARE","CSR_APPLICATION_JUMP","0:M","","association"
"SORT_BY_VALUE_TYPE","INTERNAL_SEARCH_EVENT","0:M","","association"
"SOURCE_SYSTEM_PANEL_CODE","TRADITIONAL_PLACEMENT_describes","0:M","","association"
"SOURCE_SYSTEM_PROCESSING","HIT_PAGE","0:M","","association"
"SPECIALIZED_LENDING_TYPE","BOND","0:M","","association"
"SPECIALIZED_LENDING_TYPE","CREDIT_AGREEMENT","0:M","","association"
"SPECIALTY_TYPE","PARTY_SPECIALTY","0:M","","association"
"SPECIAL_NEED_TYPE","INDIVIDUAL_SPECIAL_NEED","0:M","","association"
"SPECIAL_PROGRAM_TYPE","HEALTH_CLAIM","0:M","","association"
"SPLIT_SETTLEMENT_TYPE","TRADE_EVENT_SETTLE_INSTRUCTION","0:M","","association"
"SPLIT_SETTLEMENT_TYPE","TRADE_SETTLEMENT_INSTRUCTION","0:M","","association"
"SPLIT_SETTLEMENT_TYPE","TRADE_SETTLEMENT_PRODUCT_GROUP","0:M","","association"
"SPOT_TYPE","FOREIGN_EXCHANGE_AGREEMENT","0:M","","association"
"STANDARD_COMMENT","ALERT_EVENT","0:M","","association"
"STANDARD_COMMENT","ALERT_SETUP_COMMENT","0:M","","association"
"STANDARD_COMMENT_TYPE","STANDARD_COMMENT","0:M","","association"
"STANDARD_RESULT_SET","MEASUREMENT_EVENT_RESULT","0:M","","association"
"STANDARD_RESULT_SET","MEASUREMENT_STANDARD_RESULT","0:M","","association"
"STANDARD_RESULT_SET","STANDARD_RESULT_VALID_VALUE","0:M","","association"
"STANDARD_RESULT_SET_TYPE","STANDARD_RESULT_SET","0:M","","association"
"STANDARD_TEXT_PATTERN","TEXT_PATTERN_RESPONSE","0:M","","association"
"STATEMENT","AGREEMENT_STATEMENT","0:M","","association"
"STATEMENT","STATEMENT_EVENT","0:M","","association"
"STATEMENT","STATEMENT_METRIC","0:M","","association"
"STATEMENT_EVENT_TYPE","STATEMENT_EVENT","0:M","","association"
"STATEMENT_MAIL_TYPE","AGREEMENT","0:M","","association"
"STATEMENT_MAIL_TYPE","STATEMENT","0:M","","association"
"STATEMENT_METRIC_TYPE","AGREEMENT_STATEMENT_LINE_METRIC","0:M","","association"
"STATEMENT_METRIC_TYPE","AGREEMENT_STATEMENT_METRIC","0:M","","association"
"STATEMENT_METRIC_TYPE","CARD_STATEMENT_METRIC","0:M","","association"
"STATEMENT_METRIC_TYPE","INVESTMENT_HOLDING_STATEMENT_METRIC","0:M","","association"
"STATEMENT_METRIC_TYPE","INVESTMENT_STATEMENT_LINE_ITEM_METRIC","0:M","","association"
"STATEMENT_METRIC_TYPE","STATEMENT_METRIC","0:M","","association"
"STATEMENT_TYPE","STATEMENT","0:M","","association"
"STATION_OBSERVATION_XREF","DERIVED_WEATHER","0:M","","association"
"STATION_OBSERVATION_XREF","TMY_DAY","0:M","","association"
"STATION_OBSERVATION_XREF","WEATHER_OBSERVATION","0:M","","association"
"STEP","STEP_ACTUAL_INPUT_OUTPUT","0:M","","association"
"STEP","STEP_GROUP_TO_STEP","0:M","","association"
"STEP","STEP_RELATED_ACTUAL_is_related_step_for","0:M","","association"
"STEP","STEP_RELATED_ACTUAL_is_step_for","0:M","","association"
"STEP","STEP_RELATED_STANDARD_Is_related_with","0:M","","association"
"STEP","STEP_RELATED_STANDARD_is_related_to","0:M","","association"
"STEP","STEP_SKILL_SET","0:M","","association"
"STEP","STEP_SPECIFICATION_STANDARD","0:M","","association"
"STEP","STEP_STANDARD_INPUT_OUTPUT","0:M","","association"
"STEP","WORK_PROCESS_STEP_ACTUAL","0:M","","association"
"STEP","WORK_PROCESS_STEP_STANDARD","0:M","","association"
"STEP_GROUP","STEP_GROUP","0:M","","association"
"STEP_GROUP","STEP_GROUP_TO_STEP","0:M","","association"
"STEP_PRIORITY_TYPE","WORK_PROCESS_STEP_ACTUAL","0:M","","association"
"STEP_RELATED_ROLE","STEP_RELATED_ACTUAL","0:M","","association"
"STEP_RELATED_ROLE","STEP_RELATED_STANDARD","0:M","","association"
"STEP_STATUS_TYPE","STEP_STATUS","0:M","","association"
"STOCK","PAIRED_SHARE_is_other_paired_stock","0:M","","association"
"STOCK","PAIRED_SHARE_is_paired_stock","0:M","","association"
"STOCK","STOCK_ISSUANCE","0:M","","association"
"STOCK_SHARE_CLASS_TYPE","STOCK","0:M","","association"
"STOCK_TYPE","STOCK","0:M","","association"
"STRATEGY","FINANCIAL_RULE_STRATEGY","0:M","","association"
"STRATEGY","PARTY_STRATEGY","0:M","","association"
"STRATEGY","STRATEGY_OBJECTIVE","0:M","","association"
"STRATEGY","TACTIC","0:M","","association"
"STRATEGY_TYPE","STRATEGY","0:M","","association"
"STREET_ADDRESS","GPS_PROGRAM_is_destination_for","0:M","","association"
"STREET_ADDRESS","GPS_PROGRAM_is_source_for","0:M","","association"
"STREET_ADDRESS","RECEIPT_LINE","0:M","","association"
"STREET_ADDRESS","RETURN_DETAIL","0:M","","association"
"STREET_ADDRESS","STREET_ADDRESS_DETAIL","0:1","","association"
"STREET_ADDRESS","STREET_ADDRESS_LINE","0:M","","association"
"STREET_ADDRESS","VENDOR_PO_LINE_requested_ship_to","0:M","","association"
"STREET_ADDRESS","VENDOR_PO_LINE_shipped_to","0:M","","association"
"STREET_ADDRESS","VENDOR_PO_bill_to","0:M","","association"
"STREET_ADDRESS","VENDOR_PO_sent_to","0:M","","association"
"STREET_ADDRESS","VENDOR_PO_sold_to","0:M","","association"
"STREET_ADDRESS","WEB_SERVER","0:M","","association"
"STREET_SUFFIX_TYPE","STREET_ADDRESS_DETAIL","0:M","","association"
"STRESS_TEST_CALCULATION_SCENARIO","STRESS_TEST_AGREEMENT_GROUP","0:M","","association"
"STRESS_TEST_CALCULATION_SCENARIO","STRESS_TEST_CRITERION","0:M","","association"
"STRESS_TEST_CALCULATION_SCENARIO","STRESS_TEST_RESULT","0:M","","association"
"STRESS_TEST_TYPE","STRESS_TEST_CALCULATION_SCENARIO","0:M","","association"
"SUBJECT","REINSURANCE_AGREEMENT_RESTRICTION","0:M","","association"
"SUBJECT","WATCH_LIST_MEMBER","0:M","","association"
"SUBJECT_TYPE","SUBJECT","0:M","","association"
"SUBMISSION_CLARIFICATION_TYPE","PHARMACY_CLAIM_SERVICE","0:M","","association"
"SUBMISSION_TYPE","INSTITUTIONAL_CLAIM_PROCEDURE_CODE","0:M","","association"
"SUBMISSION_TYPE","OUTPATIENT_INSTITUTIONAL_CLAIM_APC","0:M","","association"
"SUBMISSION_TYPE","PROFESSIONAL_CLAIM_APG","0:M","","association"
"SUBROGATION_ELIGIBILITY_REASON_TYPE","PROPERTY_AND_CASUALTY_CLAIM","0:M","","association"
"SUBROGATION_ELIGIBLE_TYPE","PROPERTY_AND_CASUALTY_CLAIM","0:M","","association"
"SUPPLEMENTAL_FORM","SUPPLEMENTAL_FORM_RESPONSE","0:M","","association"
"SURVEY_EVENT_REASON_TYPE","SURVEY_EVENT","0:M","","association"
"SURVEY_FEEDBACK","SURVEY_FEEDBACK_SURVEY_RESPONSE","0:M","","association"
"SURVEY_QUESTION_RESPONSE","SURVEY_FEEDBACK_SURVEY_RESPONSE","0:M","","association"
"SURVEY_QUESTION_RESPONSE","SURVEY_RESPONSE_ANSWER","0:M","","association"
"SURVEY_QUESTION_RESPONSE","SURVEY_RESPONSE_TEXT","0:M","","association"
"SURVEY_RESOLUTION_TYPE","SURVEY_RESOLUTION","0:M","","association"
"SURVEY_RESPONSE","SURVEY_EVENT","0:M","","association"
"SURVEY_RESPONSE","SURVEY_FEEDBACK","0:M","","association"
"SURVEY_RESPONSE","SURVEY_QUESTION_RESPONSE","0:M","","association"
"SURVEY_RESPONSE_TEXT","SURVEY_RESPONSE_TEXT_SECTION","0:M","","association"
"SURVEY_SUBJECT_SUBTYPE","SURVEY_QUESTION_RESPONSE","0:M","","association"
"SWAP_AGREEMENT","SWAP_AGREEMENT_LEG","0:M","","association"
"SWAP_AGREEMENT_LEG","SWAP_AGREEMENT_LEG_METRIC","0:M","","association"
"SWAP_AGREEMENT_LEG","SWAP_LEG_AGREEMENT_EVENT","0:M","","association"
"SWAP_AGREEMENT_LEG","SWAP_LEG_AMORTIZATION_SCHEDULE","0:M","","association"
"SWAP_AGREEMENT_LEG","SWAP_LEG_CALL_SCHEDULE","0:M","","association"
"SWAP_AGREEMENT_LEG","SWAP_LEG_CASH_FLOW_FEATURE","0:M","","association"
"SWAP_AGREEMENT_LEG","SWAP_LEG_PAYMENT_SCHEDULE","0:M","","association"
"SWAP_AGREEMENT_LEG","SWAP_LEG_PROJECTED_CASH_FLOW","0:M","","association"
"SWAP_AGREEMENT_LEG","SWAP_LEG_RESET_SCHEDULE","0:M","","association"
"SWAP_DIRECTION_TYPE","SWAP_AGREEMENT_LEG","0:M","","association"
"SWAP_LEG_TYPE","SWAP_AGREEMENT_LEG","0:M","","association"
"SWAP_METRIC_TYPE","SWAP_AGREEMENT_LEG_METRIC","0:M","","association"
"SWAP_OBLIGATION_SUBTYPE","SWAP_AGREEMENT","0:M","","association"
"SWAP_OBLIGATION_SUBTYPE","SWAP_PRODUCT","0:M","","association"
"SWAP_PAYMENT_TYPE","SWAP_LEG_CASH_FLOW_FEATURE","0:M","","association"
"SYSTEM_ABUSE_TYPE","AGREEMENT_ABUSE","0:M","","association"
"SYSTEM_ABUSE_TYPE","PARTY_SYSTEM_ABUSE","0:M","","association"
"TACTIC","PARTY_TACTIC","0:M","","association"
"TARGET_CELL_TYPE","CAMPAIGN_CELL","0:M","","association"
"TARGET_PROMOTION","PROMOTION_CELL","0:M","","association"
"TARGET_PROMOTION","PROMOTION_SEGMENT","0:M","","association"
"TARGET_PROMOTION","TARGET_PROMOTION_AGREEMENT","0:M","","association"
"TARGET_PROMOTION","TARGET_PROMOTION_AGREEMENT_GROUP","0:M","","association"
"TASK","PROJECT_TASK","0:M","","association"
"TASK","TASK","0:M","","association"
"TASK_ADJUSTMENT_REASON_TYPE","TASK_ADJUSTMENT","0:M","","association"
"TASK_ADJUSTMENT_TYPE","TASK_ADJUSTMENT","0:M","","association"
"TAX_BRACKET_TYPE","BUSINESS","0:M","","association"
"TAX_BRACKET_TYPE","INDIVIDUAL","0:M","","association"
"TAX_LOT","TAX_LOT_EVENT","0:M","","association"
"TAX_LOT","TAX_LOT_METRIC","0:M","","association"
"TAX_LOT_METRIC_TYPE","TAX_LOT_METRIC","0:M","","association"
"TAX_METHOD_TYPE","TRADE_ORDER","0:M","","association"
"TAX_STATUS_TYPE","AGREEMENT_TAX_RULE","0:M","","association"
"TAX_STATUS_TYPE","ORGANIZATION_TAX_STATUS","0:M","","association"
"TAX_STATUS_TYPE","PRODUCT_TAX_STATUS","0:M","","association"
"TAX_TYPE","AGREEMENT_TAX_RULE","0:M","","association"
"TECHNOLOGY_TYPE","CARD","0:M","","association"
"TELEPHONE_NUMBER","BROWSER_GEOGRAPHIC_ADDRESS_INFORMATION","0:M","","association"
"TELEPHONE_NUMBER","MOBILE_TELEPHONE_NUMBER","0:M","","association"
"TELEPHONE_NUMBER","ONLINE_APPLICATION_ACCESS","0:M","","association"
"TELEPHONE_NUMBER","TELEPHONE_NUMBER_CHANNEL_INSTANCE","0:M","","association"
"TELEPHONE_NUMBER","TV_SIGNAL_RECEIVER","0:M","","association"
"TELEPHONE_NUMBER","VISITOR_INPUT","0:M","","association"
"TERMINATION_TYPE_JAPAN","FINANCIAL_AGREEMENT_JAPAN","0:M","","association"
"TERM_TYPE","COMMODITY_AGREEMENT","0:M","","association"
"TERM_TYPE","TERM_FEATURE","0:M","","association"
"TERRITORY","BROWSER_GEOGRAPHIC_ADDRESS_INFORMATION_describes_DMA","0:M","","association"
"TERRITORY","BROWSER_GEOGRAPHIC_ADDRESS_INFORMATION_describes_MSA","0:M","","association"
"TERRITORY","BROWSER_GEOGRAPHIC_ADDRESS_INFORMATION_describes_PMSA","0:M","","association"
"TERRITORY","BROWSER_GEOGRAPHIC_ADDRESS_INFORMATION_describes_territory","0:M","","association"
"TERRITORY","CITY","0:M","","association"
"TERRITORY","COUNTY","0:M","","association"
"TERRITORY","CREDIT_AUTHORIZATION","0:M","","association"
"TERRITORY","INTERNET_PROTOCOL_ADDRESS_GEOGRAPHICAL_MAP","0:M","","association"
"TERRITORY","ONLINE_APPLICATION_ACCESS","0:M","","association"
"TERRITORY","OVERSEAS_MILITARY_ADDRESS","0:M","","association"
"TERRITORY","PARCEL_ADDRESS","0:M","","association"
"TERRITORY","POST_OFFICE_BOX_ADDRESS","0:M","","association"
"TERRITORY","STREET_ADDRESS","0:M","","association"
"TERRITORY","TERRITORY_STANDARD","0:M","","association"
"TERRITORY_STANDARD_TYPE","TERRITORY_STANDARD","0:M","","association"
"TERRITORY_TYPE","TERRITORY","0:M","","association"
"TEXT_PATTERN_METHOD_TYPE","TEXT_PATTERN_RESPONSE","0:M","","association"
"TEXT_SECTION","AGREEMENT_TEXT_SECTION","0:M","","association"
"TEXT_SECTION","CLAIM_COVERAGE_TEXT_SECTION","0:M","","association"
"TEXT_SECTION","CLAIM_SERVICE_TEXT_SECTION","0:M","","association"
"TEXT_SECTION","CLAIM_TEXT_SECTION","0:M","","association"
"TEXT_SECTION","DOCUMENT_TEXT_SECTION","0:M","","association"
"TEXT_SECTION","EVENT_PARTY_TEXT_SECTION","0:M","","association"
"TEXT_SECTION","EVENT_TEXT_SECTION","0:M","","association"
"TEXT_SECTION","LEAD_TEXT_COMMENT","0:M","","association"
"TEXT_SECTION","MM_OBJECT_TEXT_SECTION","0:M","","association"
"TEXT_SECTION","OPPORTUNITY_TEXT_SECTION","0:M","","association"
"TEXT_SECTION","PARTY_TEXT_SECTION","0:M","","association"
"TEXT_SECTION","SALES_MARKETING_ACTIVITY_TEXT_COMMENT","0:M","","association"
"TEXT_SECTION","SURVEY_RESPONSE_TEXT_SECTION","0:M","","association"
"TEXT_SECTION","TEXT_SECTION_RELATED_is_related_to","0:M","","association"
"TEXT_SECTION","TEXT_SECTION_RELATED_is_related_with","0:M","","association"
"TEXT_SECTION","WEB_AD_PLACEMENT_TEXT_SECTION","0:M","","association"
"TEXT_SECTION","WEB_PAGE_TEXT_SECTION","0:M","","association"
"TEXT_SECTION_RELATED_REASON_SUBTYPE","TEXT_SECTION_RELATED","0:M","","association"
"TEXT_SUBTYPE","LEAD_TEXT_COMMENT","0:M","","association"
"TEXT_SUBTYPE","SALES_MARKETING_ACTIVITY_TEXT_COMMENT","0:M","","association"
"TEXT_SUBTYPE","TEXT_SECTION","0:M","","association"
"TEXT_TYPE","AGREEMENT_GROUP_TEXT","0:M","","association"
"TEXT_TYPE","AGREEMENT_PARTY_TEXT","0:M","","association"
"TEXT_TYPE","AGREEMENT_TEXT","0:M","","association"
"TEXT_TYPE","EVENT_TEXT","0:M","","association"
"TEXT_TYPE","PARTY_TEXT","0:M","","association"
"TEXT_TYPE","WEB_AD_PLACEMENT_TEXT","0:M","","association"
"TEXT_TYPE","WEB_PAGE_TEXT","0:M","","association"
"THERAPEUTIC_CLASS","THERAPEUTIC_SUBCLASS","0:M","","association"
"THERAPEUTIC_CLASS_TYPE","THERAPEUTIC_CLASS","0:M","","association"
"THERAPEUTIC_SUBCLASS","PHARMACEUTICAL_DRUG","0:M","","association"
"THIRD-PARTY_FINANCIAL_STATEMENT","PARTY_FINANCIAL_DOCUMENT","0:M","","association"
"THIRD-PARTY_GUARANTEE_TYPE","THIRD-PARTY_GUARANTEE_AGREEMENT","0:M","","association"
"TIME_BAND","AGREEMENT_GROUP_RISK_TYPE_METRIC","0:M","","association"
"TIME_BAND","ASSET_CLASS_MATURITY_RISK_GRADE","0:M","","association"
"TIME_BAND","BASEL_COLLATERAL_HAIRCUT_PARAMETER","0:M","","association"
"TIME_BAND","BASEL_EXPOSURE_HAIRCUT_PARAMETER","0:M","","association"
"TIME_BAND","CREDIT_CONVERSION_FACTOR_PARAMETER","0:M","","association"
"TIME_BAND","INSTRUMENT_METRIC_TYPE_CALCULATION_has_final_position_of","0:M","","association"
"TIME_BAND","INSTRUMENT_METRIC_TYPE_CALCULATION_is_time_band_for","0:M","","association"
"TIME_BAND","INTEREST_RATE_RISK_CALCULATION_has_final_maturity_time_band_of","0:M","","association"
"TIME_BAND","INTEREST_RATE_RISK_CALCULATION_is_next_interest_fix_time_band_for","0:M","","association"
"TIME_BAND","SPECIAL_LENDING_SLOTTING_PARAMETER","0:M","","association"
"TIME_BAND","TIME_BAND_CALCULATION","0:M","","association"
"TIME_BAND","TIME_BAND_PARAMETER","0:M","","association"
"TIME_BAND","TIME_BAND_RELATED_is_related_to","0:M","","association"
"TIME_BAND","TIME_BAND_RELATED_is_related_with","0:M","","association"
"TIME_BAND","UNSETTLED_TRADE_PARAMETER","0:M","","association"
"TIME_BAND_METRIC_TYPE","TIME_BAND_CALCULATION","0:M","","association"
"TIME_BAND_PARAMETER_TYPE","TIME_BAND_PARAMETER","0:M","","association"
"TIME_BAND_ROLE_TYPE","TIME_BAND_RELATED","0:M","","association"
"TIME_BAND_SCHEME","TIME_BAND","0:M","","association"
"TIME_BAND_SCHEME_PURPOSE_TYPE","TIME_BAND_SCHEME","0:M","","association"
"TIME_BAND_TYPE","TIME_BAND","0:M","","association"
"TIME_PERIOD_TYPE","ACCOUNT_METRIC","0:M","","association"
"TIME_PERIOD_TYPE","AGENT_REPORT","0:M","","association"
"TIME_PERIOD_TYPE","AGREEMENT_BALANCE_TYPE_METRIC","0:M","","association"
"TIME_PERIOD_TYPE","AGREEMENT_COST","0:M","","association"
"TIME_PERIOD_TYPE","AGREEMENT_GROUP_BALANCE","0:M","","association"
"TIME_PERIOD_TYPE","AGREEMENT_GROUP_METRIC","0:M","","association"
"TIME_PERIOD_TYPE","AGREEMENT_INSURED_ASSET_COST","0:M","","association"
"TIME_PERIOD_TYPE","AGREEMENT_METRIC","0:M","","association"
"TIME_PERIOD_TYPE","AGREEMENT_METRIC_PROJECTION","0:M","","association"
"TIME_PERIOD_TYPE","AGREEMENT_PAYMENT_OPTION","0:M","","association"
"TIME_PERIOD_TYPE","AGREEMENT_PROFIT","0:M","","association"
"TIME_PERIOD_TYPE","AGREEMENT_RATE","0:M","","association"
"TIME_PERIOD_TYPE","AGREEMENT_REVENUE","0:M","","association"
"TIME_PERIOD_TYPE","AGREEMENT_RISK_METRIC","0:M","","association"
"TIME_PERIOD_TYPE","AGREEMENT_SUMMARY","0:M","","association"
"TIME_PERIOD_TYPE","AMOUNT_FEATURE","0:M","","association"
"TIME_PERIOD_TYPE","ANALYTICAL_MODEL","0:M","","association"
"TIME_PERIOD_TYPE","ASSOCIATE_PERFORMANCE_EVALUATION","0:M","","association"
"TIME_PERIOD_TYPE","BANKERS_ACCEPTANCE","0:M","","association"
"TIME_PERIOD_TYPE","BASEL_COLLATERAL_HAIRCUT_PARAMETER_is_holding_period_for","0:M","","association"
"TIME_PERIOD_TYPE","BASEL_COLLATERAL_HAIRCUT_PARAMETER_is_remargining_frequency_for","0:M","","association"
"TIME_PERIOD_TYPE","BOND","0:M","","association"
"TIME_PERIOD_TYPE","CHANNEL_CAPACITY","0:M","","association"
"TIME_PERIOD_TYPE","CHANNEL_COST","0:M","","association"
"TIME_PERIOD_TYPE","CHANNEL_PROFIT","0:M","","association"
"TIME_PERIOD_TYPE","CHANNEL_TYPE_CAPACITY","0:M","","association"
"TIME_PERIOD_TYPE","CLAIM_AUTHORIZATION_SERVICE_AMOUNT","0:M","","association"
"TIME_PERIOD_TYPE","COLLATERAL_ITEM_RISK_METRIC","0:M","","association"
"TIME_PERIOD_TYPE","COLLECTION_COST","0:M","","association"
"TIME_PERIOD_TYPE","CREDIT_AGREEMENT","0:M","","association"
"TIME_PERIOD_TYPE","DIVIDEND_DECLARE_EVENT","0:M","","association"
"TIME_PERIOD_TYPE","DOCUMENT","0:M","","association"
"TIME_PERIOD_TYPE","DOCUMENT_PRODUCTION_CYCLE_TYPE","0:M","","association"
"TIME_PERIOD_TYPE","EVENT_FORECAST_METRIC","0:M","","association"
"TIME_PERIOD_TYPE","EXTERNAL_DIRECT_DEBIT","0:M","","association"
"TIME_PERIOD_TYPE","EXTERNAL_STANDING_ORDER","0:M","","association"
"TIME_PERIOD_TYPE","FINANCE_EXPOSURE_AGREEMENT","0:M","","association"
"TIME_PERIOD_TYPE","FLOATING_RATE_NOTE","0:M","","association"
"TIME_PERIOD_TYPE","FOREIGN_EXCHANGE_AGREEMENT_is_buy_compound_frequency","0:M","","association"
"TIME_PERIOD_TYPE","FOREIGN_EXCHANGE_AGREEMENT_is_sell_compound_frequency","0:M","","association"
"TIME_PERIOD_TYPE","FOREIGN_EXCHANGE_METRIC","0:M","","association"
"TIME_PERIOD_TYPE","FOREIGN_EXCHANGE_POINT","0:M","","association"
"TIME_PERIOD_TYPE","FORWARD_RATE_AGREEMENT","0:M","","association"
"TIME_PERIOD_TYPE","GEOGRAPHIC_ECONOMIC_MEASURE","0:M","","association"
"TIME_PERIOD_TYPE","HOLDING_VALUE_AT_RISK","0:M","","association"
"TIME_PERIOD_TYPE","INDIVIDUAL_PAY_TIMING","0:M","","association"
"TIME_PERIOD_TYPE","INSURABLE_INTEREST_METRIC","0:M","","association"
"TIME_PERIOD_TYPE","INSURANCE_LINE_OF_BUSINESS_METRIC","0:M","","association"
"TIME_PERIOD_TYPE","INSURANCE_QUOTATION","0:M","","association"
"TIME_PERIOD_TYPE","INTEREST_BASED_AGREEMENT_is_compound_frequency_for","0:M","","association"
"TIME_PERIOD_TYPE","INTEREST_BASED_AGREEMENT_is_reset_period_for","0:M","","association"
"TIME_PERIOD_TYPE","INTEREST_RATE_CAPITAL_PARAMETER","0:M","","association"
"TIME_PERIOD_TYPE","INTEREST_RATE_INDEX_is_time_period_for","0:M","","association"
"TIME_PERIOD_TYPE","INTEREST_RATE_QUOTATION","0:M","","association"
"TIME_PERIOD_TYPE","INTERNAL_DIRECT_DEBIT","0:M","","association"
"TIME_PERIOD_TYPE","INTERNAL_STANDING_ORDER","0:M","","association"
"TIME_PERIOD_TYPE","LINE_OF_BUSINESS_PARTY_METRIC","0:M","","association"
"TIME_PERIOD_TYPE","LOCATOR_METRIC","0:M","","association"
"TIME_PERIOD_TYPE","MARKET_QUOTATION_TIME_PERIOD_METRIC","0:M","","association"
"TIME_PERIOD_TYPE","MEDIUM_TERM_NOTE","0:M","","association"
"TIME_PERIOD_TYPE","NEGOTIABLE_CERTIFICATE_OF_DEPOSIT","0:M","","association"
"TIME_PERIOD_TYPE","PARTY_ASSET","0:M","","association"
"TIME_PERIOD_TYPE","PARTY_ASSET_COST","0:M","","association"
"TIME_PERIOD_TYPE","PARTY_ASSET_REVENUE","0:M","","association"
"TIME_PERIOD_TYPE","PARTY_ASSET_SALVAGE_SUMMARY","0:M","","association"
"TIME_PERIOD_TYPE","PARTY_CHANNEL_TYPE_ACTIVITY_QUOTA","0:M","","association"
"TIME_PERIOD_TYPE","PARTY_COST","0:M","","association"
"TIME_PERIOD_TYPE","PARTY_CREDIT_INQUIRY_SUMMARY","0:M","","association"
"TIME_PERIOD_TYPE","PARTY_FINANCIAL_DOCUMENT","0:M","","association"
"TIME_PERIOD_TYPE","PARTY_GROUP_METRIC","0:M","","association"
"TIME_PERIOD_TYPE","PARTY_METRIC","0:M","","association"
"TIME_PERIOD_TYPE","PARTY_METRIC_PROJECTION","0:M","","association"
"TIME_PERIOD_TYPE","PARTY_PRODUCT_GROUP_QUOTA","0:M","","association"
"TIME_PERIOD_TYPE","PARTY_PRODUCT_QUOTA","0:M","","association"
"TIME_PERIOD_TYPE","PARTY_PROFIT","0:M","","association"
"TIME_PERIOD_TYPE","PARTY_QUOTA","0:M","","association"
"TIME_PERIOD_TYPE","PARTY_RELATIONSHIP_COST","0:M","","association"
"TIME_PERIOD_TYPE","PARTY_REVENUE","0:M","","association"
"TIME_PERIOD_TYPE","PLANNED_PRODUCT_REVENUE","0:M","","association"
"TIME_PERIOD_TYPE","POLICY_ASSET_COVERAGE_METRIC","0:M","","association"
"TIME_PERIOD_TYPE","POLICY_COVERAGE_METRIC","0:M","","association"
"TIME_PERIOD_TYPE","POLICY_INSURABLE_COVERAGE_METRIC","0:M","","association"
"TIME_PERIOD_TYPE","POLICY_INSURABLE_COVERAGE_PARTY_METRIC","0:M","","association"
"TIME_PERIOD_TYPE","POLICY_METRIC","0:M","","association"
"TIME_PERIOD_TYPE","POLICY_PARTY_COVERAGE_METRIC","0:M","","association"
"TIME_PERIOD_TYPE","PORTFOLIO_VALUE_AT_RISK","0:M","","association"
"TIME_PERIOD_TYPE","POSITION_GRADE","0:M","","association"
"TIME_PERIOD_TYPE","PRODUCT_COST","0:M","","association"
"TIME_PERIOD_TYPE","PRODUCT_GROUP_METRIC","0:M","","association"
"TIME_PERIOD_TYPE","PRODUCT_METRIC","0:M","","association"
"TIME_PERIOD_TYPE","PRODUCT_MINIMUM_HOLDING_PERIOD_PARAMETER_is_remargining_frequency_for","0:M","","association"
"TIME_PERIOD_TYPE","PRODUCT_MINIMUM_HOLDING_PERIOD_PARAMETER_is_time_period_for","0:M","","association"
"TIME_PERIOD_TYPE","PRODUCT_PROFIT","0:M","","association"
"TIME_PERIOD_TYPE","PRODUCT_REVENUE","0:M","","association"
"TIME_PERIOD_TYPE","PRODUCT_VALUE_AT_RISK","0:M","","association"
"TIME_PERIOD_TYPE","PROJECT_METRIC","0:M","","association"
"TIME_PERIOD_TYPE","QUANTITY_FEATURE","0:M","","association"
"TIME_PERIOD_TYPE","RATE_FEATURE","0:M","","association"
"TIME_PERIOD_TYPE","SITE_METRIC","0:M","","association"
"TIME_PERIOD_TYPE","SURVEY_COST","0:M","","association"
"TIME_PERIOD_TYPE","SWAP_AGREEMENT","0:M","","association"
"TIME_PERIOD_TYPE","TERM_FEATURE_is_from_time_period_for","0:M","","association"
"TIME_PERIOD_TYPE","TERM_FEATURE_is_to_time_period_for","0:M","","association"
"TIME_PERIOD_TYPE","TERM_FEATURE_is_until_age_for","0:M","","association"
"TIME_PERIOD_TYPE","TIME_BAND_is_from_timer_period_for","0:M","","association"
"TIME_PERIOD_TYPE","TIME_BAND_is_to_timer_period_for","0:M","","association"
"TIME_PERIOD_TYPE","WEATHER_NORMALS_PERIODIC","0:M","","association"
"TIME_ZONE","GEOGRAPHIC_AREA_TIME_ZONE","0:M","","association"
"TIME_ZONE","INTERNET_PROTOCOL_ADDRESS_GEOGRAPHICAL_MAP","0:M","","association"
"TIME_ZONE","POSTAL_CODE","0:M","","association"
"TIME_ZONE","SEARCH_ENGINE_SYSTEM_ACCOUNT","0:M","","association"
"TIME_ZONE","SITE","0:M","","association"
"TIME_ZONE","TIME_ZONE_AREA","0:M","","association"
"TIME_ZONE","WEB_SERVER","0:M","","association"
"TIME_ZONE","WEB_VISIT","0:M","","association"
"TMY_DAY","TMY_INTRADAY","0:M","","association"
"TOOTH_STATUS_TYPE","DENTAL_CLAIM_TOOTH","0:M","","association"
"TOOTH_SURFACE_TYPE","DENTAL_SERVICE_TOOTH","0:M","","association"
"TRADE_CANCEL_TYPE","TRADE_ORDER","0:M","","association"
"TRADE_EVENT_SETTLE_INSTRUCTION","TRADE_EVENT_SETTLE_PARTY","0:M","","association"
"TRADE_EXECUTION","TRADE_EXECUTION_OTC_POST-TRADE","0:M","","association"
"TRADE_EXECUTION","TRADE_EXECUTION_WAIVER","0:M","","association"
"TRADE_EXECUTION_STATUS_TYPE","TRADE_EXECUTION","0:M","","association"
"TRADE_EXECUTION_WAIVER_TYPE","TRADE_EXECUTION_WAIVER","0:M","","association"
"TRADE_METHOD_TYPE","TRADE_EXECUTION","0:M","","association"
"TRADE_ORDER","TRADE_ORDER_RESTRICTION","0:M","","association"
"TRADE_ORDER","TRADE_ORDER_STATUS","0:M","","association"
"TRADE_ORDER","TRADE_ORDER_VENUE_PRIORITY","0:M","","association"
"TRADE_ORDER_BUY_SELL_TYPE","TRADE_EXECUTION","0:M","","association"
"TRADE_ORDER_BUY_SELL_TYPE","TRADE_ORDER","0:M","","association"
"TRADE_ORDER_CLIENT_IDENTIFICATION_TYPE","TRADE_ORDER","0:M","","association"
"TRADE_ORDER_EVENT_TYPE","TRADE_ORDER","0:M","","association"
"TRADE_ORDER_INVESTMENT_DECIDER_TYPE","TRADE_ORDER","0:M","","association"
"TRADE_ORDER_PHASE_TYPE","TRADE_ORDER","0:M","","association"
"TRADE_ORDER_PRICE_NOTATION_TYPE","TRADE_ORDER","0:M","","association"
"TRADE_ORDER_RESTRICTION_TYPE","TRADE_ORDER_RESTRICTION","0:M","","association"
"TRADE_ORDER_STATUS_TYPE","TRADE_ORDER_STATUS","0:M","","association"
"TRADE_ORDER_TYPE","TRADE_ORDER","0:M","","association"
"TRADE_ORDER_VENUE_TYPE","TRADE_ORDER","0:M","","association"
"TRADE_PURPOSE_TYPE","TRADE_ORDER","0:M","","association"
"TRADE_SETTLEMENT_INSTRUCTION","TRADE_SETTLEMENT_INSTRUCTION_LOCATOR","0:M","","association"
"TRADE_SETTLE_PHYSICAL_DELIVERY","TRADE_EVENT_SETTLE_LOCATOR","0:M","","association"
"TRADING_CAPACITY_TYPE","TRADE_EXECUTION","0:M","","association"
"TRADING_CAPACITY_TYPE","TRADE_ORDER","0:M","","association"
"TRADITIONAL_PLACEMENT","AD_PLACEMENT_BROADCAST_PLATFORM","0:M","","association"
"TRADITIONAL_PLACEMENT","CONTENT_DELIVERY_XREF","0:M","","association"
"TRADITIONAL_PLACEMENT","POD_PLACEMENT","0:M","","association"
"TRADITIONAL_PLACEMENT_SUBTYPE","TRADITIONAL_PLACEMENT","0:M","","association"
"TRADITIONAL_PLACEMENT_SUBTYPE","TRADITIONAL_REQUEST_PLACEMENT","0:M","","association"
"TRAILER_AD_SUBTYPE","TRAILER_AD","0:M","","association"
"TRAINING_EVENT","INSTRUCTOR","0:M","","association"
"TRAINING_EVENT","PROJECT_TASK_TRAINING_EVENT","0:M","","association"
"TRAINING_EVENT","STUDENT_ATTENDANCE","0:M","","association"
"TRAIT","ASSUMPTION_SET","0:M","","association"
"TRAIT","GEOSEQUENCE_POINT_TRAIT_XREF","0:M","","association"
"TRAIT","LEAD_TRAIT_VALUE_XREF","0:M","","association"
"TRAIT","ONLINE_APPLICATION_PROGRAM_TRAIT_XREF","0:M","","association"
"TRAIT","ORGANIZATION_POSITION_TRAIT_XREF","0:M","","association"
"TRAIT","PARTY_TRAIT_VALUE_XREF","0:M","","association"
"TRAIT","SITE_TRAIT_XREF","0:M","","association"
"TRAIT_SUBTYPE","TRAIT","0:M","","association"
"TRAIT_TYPE","TRAIT","0:M","","association"
"TRANCHE","TRANCHE","0:M","","association"
"TRANCHE","TRANCHE_RISK_METRIC","0:M","","association"
"TRANCHE","TRANCHE_TO_AGREEMENT","0:M","","association"
"TRANCHE_TO_AGREEMENT_ROLE_TYPE","TRANCHE_TO_AGREEMENT","0:M","","association"
"TRANCHE_TYPE","TRANCHE","0:M","","association"
"TRANSACTION_ACCOUNT","BANK_DRAFT","0:M","","association"
"TRANSACTION_ACCOUNT_TYPE","TRANSACTION_ACCOUNT","0:M","","association"
"TRANSACTION_FRAUD_TYPE","TRANSACTION_FRAUD_CASE","0:M","","association"
"TRANSFER_EVENT_SUBTYPE","SOCIAL_MEDIA_TRANSFER","0:M","","association"
"TRANSFER_EVENT_SUBTYPE","TRANSFER_EVENT","0:M","","association"
"TRANSFER_FAILURE_REASON","FILE_TRANSFER","0:M","","association"
"TRANSFER_FAILURE_REASON","SOCIAL_MEDIA_TRANSFER","0:M","","association"
"TRANSFER_FAILURE_REASON","TRANSFER_EVENT","0:M","","association"
"TRANSFER_PROTOCOL_TYPE","FILE_TRANSFER","0:M","","association"
"TRANSFER_PROTOCOL_TYPE","SOCIAL_MEDIA_TRANSFER","0:M","","association"
"TRANSFER_PROTOCOL_TYPE","TRANSFER_EVENT","0:M","","association"
"TRANSMISSION_TYPE","MOTOR_VEHICLE","0:M","","association"
"TRANSMITTAL_MODE_TYPE","ALERT_SETUP_NOTIFICATION_LOCATOR","0:M","","association"
"TRANSMITTAL_MODE_TYPE","INVOICE","0:M","","association"
"TRANSMITTAL_MODE_TYPE","PO_DELIVERY_RELEASE","0:M","","association"
"TRANSMITTAL_MODE_TYPE","VENDOR_PO","0:M","","association"
"TRAVEL_CLASS_TYPE","TRAVEL_EVENT","0:M","","association"
"TRAVEL_PLAN","TRAVEL_PLAN_CARD","0:M","","association"
"TRAVEL_PLAN","TRAVEL_PLAN_CONTACT","0:M","","association"
"TRAVEL_PLAN","TRAVEL_PLAN_DESTINATION","0:M","","association"
"TRAVEL_PLAN","TRAVEL_PLAN_EVENT","0:M","","association"
"TREASURY_BOND_SUBTYPE","U.S._TREASURY_BOND","0:M","","association"
"TREATMENT_TYPE","INSTITUTIONAL_TREATMENT","0:M","","association"
"TV_RECEIVER_SETTING_TYPE","TV_RECEIVER_SETTING","0:M","","association"
"TV_SIGNAL_RECEIVER","PROGRAMMING_PACKAGE","0:M","","association"
"TV_SIGNAL_RECEIVER","RECEIVER_USER_SETTING","0:M","","association"
"TV_SIGNAL_RECEIVER","TV_RECEIVER_SETTING","0:M","","association"
"TV_SYSTEM_TYPE","PROGRAMMING_PACKAGE","0:M","","association"
"UNDERWRITER_PARTY_APPLICATION","APPLICATION_UNDERWRITE_EXCEPTION","0:M","","association"
"UNDERWRITE_CLASS","AGENT_REPORT","0:M","","association"
"UNDERWRITE_CLASS","INSURANCE_RISK_UNDERWRITE_CLASS","0:M","","association"
"UNDERWRITE_CLASS","INSURED_ASSET_UNDERWRITE_CLASS","0:M","","association"
"UNDERWRITE_CLASS","INSURED_PARTY_APPLICATION","0:M","","association"
"UNDERWRITE_CLASS","INSURED_PARTY_UNDERWRITE_CLASS","0:M","","association"
"UNDERWRITING_AUTHORITY_TYPE","INSURANCE_AGENT","0:M","","association"
"UNDERWRITING_REQUIREMENT_TYPE","APPLICATION_UNDERWRITE_EXCEPTION","0:M","","association"
"UNDERWRITING_REQUIREMENT_TYPE","APPLICATION_UNDERWRITE_REQUIREMENT","0:M","","association"
"UNDERWRITING_STATUS_TYPE","APPLICATION_UNDERWRITE_REQUIREMENT_STATUS","0:M","","association"
"UNIFIED_COVERAGE","FEATURE_UNIFIED_COVERAGE","0:M","","association"
"UNIFIED_COVERAGE_CATEGORY","UNIFIED_COVERAGE","0:M","","association"
"UNIT_COST_TYPE","AGREEMENT_DIRECT_EXPENSE","0:M","","association"
"UNIT_DISTRIBUTION_TYPE","UNIT_DISTRIBUTION_EVENT","0:M","","association"
"UNIT_OF_MEASURE","ACCESS_DEVICE_LIMIT","0:M","","association"
"UNIT_OF_MEASURE","ACCOUNT","0:M","","association"
"UNIT_OF_MEASURE","ACCOUNT_METRIC","0:M","","association"
"UNIT_OF_MEASURE","ACTIVE_INGREDIENT","0:M","","association"
"UNIT_OF_MEASURE","ACTUAL_IMPACT_AREA_METRIC","0:M","","association"
"UNIT_OF_MEASURE","AGREEMENT_CLASS_VALUE","0:M","","association"
"UNIT_OF_MEASURE","AGREEMENT_FEATURE","0:M","","association"
"UNIT_OF_MEASURE","AGREEMENT_FEATURE_METRIC","0:M","","association"
"UNIT_OF_MEASURE","AGREEMENT_FEATURE_RELATED","0:M","","association"
"UNIT_OF_MEASURE","AGREEMENT_GROUP_METRIC","0:M","","association"
"UNIT_OF_MEASURE","AGREEMENT_GROUP_RELATED_METRIC","0:M","","association"
"UNIT_OF_MEASURE","AGREEMENT_INSURED_ASSET_FEATURE","0:M","","association"
"UNIT_OF_MEASURE","AGREEMENT_LIMIT_METRIC","0:M","","association"
"UNIT_OF_MEASURE","AGREEMENT_METRIC","0:M","","association"
"UNIT_OF_MEASURE","AGREEMENT_PRODUCT_FEATURE","0:M","","association"
"UNIT_OF_MEASURE","AGREEMENT_PRODUCT_FEATURE_RELATED","0:M","","association"
"UNIT_OF_MEASURE","AGREEMENT_STATEMENT_LINE_METRIC","0:M","","association"
"UNIT_OF_MEASURE","AGREEMENT_STATEMENT_METRIC","0:M","","association"
"UNIT_OF_MEASURE","ALERT_SETUP","0:M","","association"
"UNIT_OF_MEASURE","ALERT_SETUP_NOTIFICATION_PARTY_is_unit_of_measure_for","0:M","","association"
"UNIT_OF_MEASURE","APPLICATION_FEATURE","0:M","","association"
"UNIT_OF_MEASURE","APPLICATION_FEATURE_RELATED","0:M","","association"
"UNIT_OF_MEASURE","AP_INVOICE_LINE","0:M","","association"
"UNIT_OF_MEASURE","AP_INVOICE_LINE_ADJUSTMENT","0:M","","association"
"UNIT_OF_MEASURE","AP_INVOICE_LINE_VENDOR_PO_LINE","0:M","","association"
"UNIT_OF_MEASURE","AP_INVOICE_LINE_VENDOR_RECEIPT_LINE","0:M","","association"
"UNIT_OF_MEASURE","AR_INVOICE_LINE_ADJUSTMENT","0:M","","association"
"UNIT_OF_MEASURE","AR_INVOICE_LINE_QUANTITY","0:M","","association"
"UNIT_OF_MEASURE","ASSET_DETAIL_CODE_XREF","0:M","","association"
"UNIT_OF_MEASURE","ASSOCIATE_LABOR_TASK","0:M","","association"
"UNIT_OF_MEASURE","ASSOCIATE_LEAVE_EARNED","0:M","","association"
"UNIT_OF_MEASURE","ASSOCIATE_LEAVE_PLAN","0:M","","association"
"UNIT_OF_MEASURE","ASSOCIATE_LEAVE_TAKEN","0:M","","association"
"UNIT_OF_MEASURE","ASSOCIATE_PAYROLL_TRANSACTION","0:M","","association"
"UNIT_OF_MEASURE","CAMPAIGN_TRAIT_VALUE","0:M","","association"
"UNIT_OF_MEASURE","CARD_STATEMENT_METRIC","0:M","","association"
"UNIT_OF_MEASURE","CHANNEL_CLASS_VALUE","0:M","","association"
"UNIT_OF_MEASURE","CHECK_BOOK_METRIC","0:M","","association"
"UNIT_OF_MEASURE","CLAIM_AMOUNT","0:M","","association"
"UNIT_OF_MEASURE","CLAIM_AUTHORIZATION_AMOUNT","0:M","","association"
"UNIT_OF_MEASURE","CLAIM_AUTHORIZATION_SERVICE_AMOUNT","0:M","","association"
"UNIT_OF_MEASURE","CLAIM_CLASS_VALUE","0:M","","association"
"UNIT_OF_MEASURE","CLAIM_COVERAGE_AMOUNT","0:M","","association"
"UNIT_OF_MEASURE","CLAIM_COVERAGE_INSURABLE_INTEREST_AMOUNT","0:M","","association"
"UNIT_OF_MEASURE","CLAIM_SERVICE_AMOUNT","0:M","","association"
"UNIT_OF_MEASURE","CLAIM_SERVICE_COVERAGE_AMOUNT","0:M","","association"
"UNIT_OF_MEASURE","COA_QUANTITATIVE_BALANCE","0:M","","association"
"UNIT_OF_MEASURE","COMMODITY","0:M","","association"
"UNIT_OF_MEASURE","CONTACT_LIST_UPDATE","0:M","","association"
"UNIT_OF_MEASURE","DEFAULT_RECOVERY_METRIC","0:M","","association"
"UNIT_OF_MEASURE","DERIVATIVE_AGREEMENT","0:M","","association"
"UNIT_OF_MEASURE","DIGITAL_ITEM","0:M","","association"
"UNIT_OF_MEASURE","DIRECT_PAY_ELEMENT_VARIABLE","0:M","","association"
"UNIT_OF_MEASURE","DRUG_NDC__GEO","0:M","","association"
"UNIT_OF_MEASURE","EVENT_CLASS_VALUE","0:M","","association"
"UNIT_OF_MEASURE","EVENT_FORECAST_METRIC","0:M","","association"
"UNIT_OF_MEASURE","EVENT_METRIC","0:M","","association"
"UNIT_OF_MEASURE","FEATURE_CLASS_VALUE","0:M","","association"
"UNIT_OF_MEASURE","FEATURE_GROUP_METRIC","0:M","","association"
"UNIT_OF_MEASURE","FILE_TRANSFER_is_duration_measure_for","0:M","","association"
"UNIT_OF_MEASURE","FILE_TRANSFER_is_transfer_measure_for","0:M","","association"
"UNIT_OF_MEASURE","FINANCIAL_PLAN_PROJECT_TASK_RESOURCE","0:M","","association"
"UNIT_OF_MEASURE","FINANCIAL_RISK_FACTOR","0:M","","association"
"UNIT_OF_MEASURE","FIXED_ASSET_CLASS_VALUE","0:M","","association"
"UNIT_OF_MEASURE","GEOSEQUENCE_POINT_TRAIT_VALUE","0:M","","association"
"UNIT_OF_MEASURE","GEOSPATIAL_POINT","0:M","","association"
"UNIT_OF_MEASURE","GL_MAIN_ACCOUNT_CLASS_VALUE","0:M","","association"
"UNIT_OF_MEASURE","GPS_PROGRAM","0:M","","association"
"UNIT_OF_MEASURE","HEALTH_CLAIM_SERVICE","0:M","","association"
"UNIT_OF_MEASURE","INACTIVE_INGREDIENT","0:M","","association"
"UNIT_OF_MEASURE","INSTITUTIONAL_CLAIM_SERVICE_DRUG","0:M","","association"
"UNIT_OF_MEASURE","INSURABLE_INTEREST_METRIC","0:M","","association"
"UNIT_OF_MEASURE","INVESTMENT_HOLDING_STATEMENT_METRIC","0:M","","association"
"UNIT_OF_MEASURE","INVESTMENT_STATEMENT_LINE_ITEM_METRIC","0:M","","association"
"UNIT_OF_MEASURE","LABOR_FINANCIAL_PLAN","0:M","","association"
"UNIT_OF_MEASURE","LEAD_TRAIT_VALUE","0:M","","association"
"UNIT_OF_MEASURE","LOCATOR_METRIC","0:M","","association"
"UNIT_OF_MEASURE","LOCATOR_PERIL_TYPE_METRIC","0:M","","association"
"UNIT_OF_MEASURE","LOCATOR_TO_LOCATOR_DISTANCE","0:M","","association"
"UNIT_OF_MEASURE","LOYALTY_UNIT","0:M","","association"
"UNIT_OF_MEASURE","MEASUREMENT","0:M","","association"
"UNIT_OF_MEASURE","MEASUREMENT_EVENT_MEASURE","0:M","","association"
"UNIT_OF_MEASURE","MOTOR_VEHICLE_SPECIFICATION","0:M","","association"
"UNIT_OF_MEASURE","MOTOR_VEHICLE_USAGE_METRIC","0:M","","association"
"UNIT_OF_MEASURE","MULTIMEDIA_IMAGE_OBJECT_describes","0:M","","association"
"UNIT_OF_MEASURE","MULTIMEDIA_IMAGE_OBJECT_is_unit_of_measure_for","0:M","","association"
"UNIT_OF_MEASURE","MULTIMEDIA_OBJECT","0:M","","association"
"UNIT_OF_MEASURE","ONLINE_APPLICATION_PROGRAM_TRAIT_VALUE","0:M","","association"
"UNIT_OF_MEASURE","PAID_SEARCH_is_UOM_for","0:M","","association"
"UNIT_OF_MEASURE","PAID_SEARCH_is_average_position_UOM_for","0:M","","association"
"UNIT_OF_MEASURE","PARTY_AGREEMENT_METRIC","0:M","","association"
"UNIT_OF_MEASURE","PARTY_ASSET_CLASS_VALUE","0:M","","association"
"UNIT_OF_MEASURE","PARTY_ASSET_SPECIFICATION","0:M","","association"
"UNIT_OF_MEASURE","PARTY_CLAIM_SERVICE_AMOUNT","0:M","","association"
"UNIT_OF_MEASURE","PARTY_CLAIM_SERVICE_DIAGNOSIS_AMOUNT","0:M","","association"
"UNIT_OF_MEASURE","PARTY_CLASS_VALUE","0:M","","association"
"UNIT_OF_MEASURE","PARTY_FINANCIAL_DOCUMENT_ITEM","0:M","","association"
"UNIT_OF_MEASURE","PARTY_GROUP_METRIC","0:M","","association"
"UNIT_OF_MEASURE","PARTY_METRIC","0:M","","association"
"UNIT_OF_MEASURE","PARTY_METRIC_PROJECTION","0:M","","association"
"UNIT_OF_MEASURE","PARTY_RELATED_METRIC","0:M","","association"
"UNIT_OF_MEASURE","PARTY_TRAIT_VALUE","0:M","","association"
"UNIT_OF_MEASURE","PAY_ELEMENT","0:M","","association"
"UNIT_OF_MEASURE","PAY_STUB_BALANCE","0:M","","association"
"UNIT_OF_MEASURE","PHARMACEUTICAL_DRUG","0:M","","association"
"UNIT_OF_MEASURE","PHARMACY_CLAIM_SERVICE_DRUG","0:M","","association"
"UNIT_OF_MEASURE","POLICY_ASSET_COVERAGE_METRIC","0:M","","association"
"UNIT_OF_MEASURE","POLICY_COVERAGE_METRIC","0:M","","association"
"UNIT_OF_MEASURE","POLICY_INSURABLE_COVERAGE_METRIC","0:M","","association"
"UNIT_OF_MEASURE","POLICY_INSURABLE_COVERAGE_PARTY_METRIC","0:M","","association"
"UNIT_OF_MEASURE","POLICY_METRIC","0:M","","association"
"UNIT_OF_MEASURE","POLICY_PARTY_COVERAGE_METRIC","0:M","","association"
"UNIT_OF_MEASURE","POSITION_TRAIT_VALUE","0:M","","association"
"UNIT_OF_MEASURE","POSSIBLE_ANSWER","0:M","","association"
"UNIT_OF_MEASURE","PO_DELIVERY_RELEASE_LINE_ITEM","0:M","","association"
"UNIT_OF_MEASURE","PO_LINE_DELIVERY_RELEASE_LINE","0:M","","association"
"UNIT_OF_MEASURE","PO_TERM","0:M","","association"
"UNIT_OF_MEASURE","PRODUCT_CLASS_VALUE","0:M","","association"
"UNIT_OF_MEASURE","PRODUCT_FEATURE","0:M","","association"
"UNIT_OF_MEASURE","PRODUCT_GROUP_METRIC","0:M","","association"
"UNIT_OF_MEASURE","PRODUCT_METRIC","0:M","","association"
"UNIT_OF_MEASURE","PROFESSIONAL_CLAIM_SERVICE_DRUG","0:M","","association"
"UNIT_OF_MEASURE","PROJECT_METRIC","0:M","","association"
"UNIT_OF_MEASURE","PROJECT_TASK","0:M","","association"
"UNIT_OF_MEASURE","PROJECT_TASK_RESOURCE_ITEM","0:M","","association"
"UNIT_OF_MEASURE","PROJECT_TASK_RESOURCE_PARTY","0:M","","association"
"UNIT_OF_MEASURE","PROMOTION","0:M","","association"
"UNIT_OF_MEASURE","PROMOTION_METRIC","0:M","","association"
"UNIT_OF_MEASURE","PURCHASE_REQUISITION_LINE","0:M","","association"
"UNIT_OF_MEASURE","QUANTITY_FEATURE","0:M","","association"
"UNIT_OF_MEASURE","QUOTATION_FEATURE","0:M","","association"
"UNIT_OF_MEASURE","QUOTATION_FEATURE_RELATED","0:M","","association"
"UNIT_OF_MEASURE","QUOTATION_METRIC","0:M","","association"
"UNIT_OF_MEASURE","RECEIPT_LINE","0:M","","association"
"UNIT_OF_MEASURE","RECEIVED_QUANTITY","0:M","","association"
"UNIT_OF_MEASURE","RETURN_LINE","0:M","","association"
"UNIT_OF_MEASURE","RISK_FACTOR_INSTRUMENT","0:M","","association"
"UNIT_OF_MEASURE","SELECTION_SET_CRITERION","0:M","","association"
"UNIT_OF_MEASURE","SITE_CLASS_VALUE","0:M","","association"
"UNIT_OF_MEASURE","SITE_METRIC","0:M","","association"
"UNIT_OF_MEASURE","SITE_TRAIT_VALUE","0:M","","association"
"UNIT_OF_MEASURE","SOCIAL_MEDIA_TRANSFER_is_duration_unit_of_measure_for","0:M","","association"
"UNIT_OF_MEASURE","SOCIAL_MEDIA_TRANSFER_is_transfer_unit_of_measure_for","0:M","","association"
"UNIT_OF_MEASURE","STANDARD_RESULT_VALID_VALUE_is_unit_of_measure_for","0:M","","association"
"UNIT_OF_MEASURE","STATEMENT_METRIC","0:M","","association"
"UNIT_OF_MEASURE","STEP_ACTUAL_INPUT_OUTPUT","0:M","","association"
"UNIT_OF_MEASURE","STEP_STANDARD_INPUT_OUTPUT","0:M","","association"
"UNIT_OF_MEASURE","SWAP_AGREEMENT_LEG_METRIC","0:M","","association"
"UNIT_OF_MEASURE","TASK_ADJUSTMENT","0:M","","association"
"UNIT_OF_MEASURE","TRADE_ORDER","0:M","","association"
"UNIT_OF_MEASURE","TRAIT","0:M","","association"
"UNIT_OF_MEASURE","TRANSFER_EVENT_is_duration_unit_for","0:M","","association"
"UNIT_OF_MEASURE","TRANSFER_EVENT_is_transfer_unit_for","0:M","","association"
"UNIT_OF_MEASURE","UNIT_OF_MEASURE_CONVERSION_is_from_UOM","0:M","","association"
"UNIT_OF_MEASURE","UNIT_OF_MEASURE_CONVERSION_is_to_UOM","0:M","","association"
"UNIT_OF_MEASURE","VEHICLE_MAKE_MODEL_YEAR_SPECIFICATION","0:M","","association"
"UNIT_OF_MEASURE","VENDOR_PO_LINE","0:M","","association"
"UNIT_OF_MEASURE","VENDOR_PO_LINE_BACK_ORDER","0:M","","association"
"UNIT_OF_MEASURE","VENDOR_RECEIPT_LINE_VENDOR_PO_LINE","0:M","","association"
"UNIT_OF_MEASURE","VENDOR_RETURN_PO_LINE","0:M","","association"
"UNIT_OF_MEASURE","VISITOR_BEHAVIOR_ANALYSIS","0:M","","association"
"UNIT_OF_MEASURE","WEATHER_MEASURE_TYPE","0:M","","association"
"UNIT_OF_MEASURE","WEB_PAGE_VIEW_defines_height","0:M","","association"
"UNIT_OF_MEASURE","WEB_PAGE_VIEW_defines_width","0:M","","association"
"UNIT_OF_MEASURE","WEB_PAGE_VIEW_is_UOM_for","0:M","","association"
"UNIT_OF_MEASURE","WEB_PAGE_VIEW_specifies_measurement","0:M","","association"
"UNIT_OF_MEASURE","WEB_SERVER","0:M","","association"
"UNIT_OF_MEASURE","WEB_VISIT_is_unit_of_measure_for","0:M","","association"
"UNIT_OF_MEASURE","WEB_VISIT_specifies_measurement_for","0:M","","association"
"UNIT_OF_MEASURE_TYPE","UNIT_OF_MEASURE","0:M","","association"
"UNKNOWN_PARTY","UNKNOWN_PARTY_EVENT","0:M","","association"
"UNKNOWN_PARTY_EVENT","UNKNOWN_PARTY_SESSION_PRIVACY_PREFERENCE","0:1","","association"
"UNKNOWN_PARTY_ID_TYPE","UNKNOWN_PARTY","0:M","","association"
"UNKNOWN_PARTY_SESSION_PRIVACY_PREFERENCE","UNKNOWN_PARTY_THIRD_PARTY_CONSENT","0:M","","association"
"URL_CATEGORY","URL_INFORMATION","0:M","","association"
"USER_SETTING_TYPE","RECEIVER_USER_SETTING","0:M","","association"
"USSGL_TRANSACTION_TYPE","PO_DELIVERY_RELEASE","0:M","","association"
"VACCINE_ADMINISTERED","INSTITUTIONAL_CLAIM_SERVICE_DRUG","0:M","","association"
"VACCINE_ADMINISTERED","PHARMACY_CLAIM_SERVICE_DRUG","0:M","","association"
"VACCINE_ADMINISTERED","PROFESSIONAL_CLAIM_SERVICE_DRUG","0:M","","association"
"VACCINE_ADMINISTERED_STATUS","VACCINE_ADMINISTERED","0:M","","association"
"VALEDICTION_TYPE","NAME_VALEDICTION","0:M","","association"
"VARIABLE_EARNING_SUBTYPE","VARIABLE_EARNING","0:M","","association"
"VEHICLE_MAKE_MODEL","VEHICLE_MAKE_MODEL_YEAR","0:M","","association"
"VEHICLE_MAKE_MODEL_YEAR","MOTOR_VEHICLE","0:M","","association"
"VEHICLE_MAKE_MODEL_YEAR","VEHICLE_MAKE_MODEL_YEAR_SPECIFICATION","0:M","","association"
"VEHICLE_MAKE_TYPE","VEHICLE_MAKE_MODEL","0:M","","association"
"VEHICLE_SERIES_TYPE","VEHICLE_MAKE_MODEL_YEAR","0:M","","association"
"VEHICLE_SPECIFICATION_TYPE","MOTOR_VEHICLE_SPECIFICATION","0:M","","association"
"VEHICLE_SPECIFICATION_TYPE","VEHICLE_MAKE_MODEL_YEAR_SPECIFICATION","0:M","","association"
"VENDOR_PO","PO_REQUISITION","0:M","","association"
"VENDOR_PO","VENDOR_PO_COMMENT","0:M","","association"
"VENDOR_PO","VENDOR_PO_LINE","0:M","","association"
"VENDOR_PO","VENDOR_PO_PARTY","0:M","","association"
"VENDOR_PO","VENDOR_PO_RELATED_related","0:M","","association"
"VENDOR_PO","VENDOR_PO_RELATED_relates","0:M","","association"
"VENDOR_PO","VENDOR_PO_STATUS_ASSIGN","0:M","","association"
"VENDOR_PO","VENDOR_PO_TERM","0:M","","association"
"VENDOR_PO_LINE","AP_INVOICE_LINE_VENDOR_PO_LINE","0:M","","association"
"VENDOR_PO_LINE","FIXED_ASSET_PO","0:M","","association"
"VENDOR_PO_LINE","PO_LINE_DELIVERY_RELEASE_LINE","0:M","","association"
"VENDOR_PO_LINE","PURCHASE_REQUISITION_LINE_ASSIGNMENT","0:M","","association"
"VENDOR_PO_LINE","VENDOR_PO_LINE_BACK_ORDER","0:M","","association"
"VENDOR_PO_LINE","VENDOR_PO_LINE_COMMENT","0:M","","association"
"VENDOR_PO_LINE","VENDOR_PO_LINE_RELATED_is_related_to","0:M","","association"
"VENDOR_PO_LINE","VENDOR_PO_LINE_RELATED_is_related_with","0:M","","association"
"VENDOR_PO_LINE","VENDOR_PO_LINE_STATUS_ASSIGNMENT","0:M","","association"
"VENDOR_PO_LINE","VENDOR_PO_LINE_TERM","0:M","","association"
"VENDOR_PO_LINE","VENDOR_RECEIPT_LINE_VENDOR_PO_LINE","0:M","","association"
"VENDOR_PO_LINE","VENDOR_RETURN_PO_LINE","0:M","","association"
"VENDOR_PO_LINE_RELATED_TYPE","VENDOR_PO_LINE_RELATED","0:M","","association"
"VENDOR_PO_REASON","PURCHASE_REQUISITION_LINE_STATUS","0:M","","association"
"VENDOR_PO_REASON","PURCHASE_REQUISITION_STATUS","0:M","","association"
"VENDOR_PO_REASON","VENDOR_PO_LINE_STATUS_ASSIGNMENT","0:M","","association"
"VENDOR_PO_REASON","VENDOR_PO_STATUS_ASSIGN","0:M","","association"
"VENDOR_PO_RELATED_TYPE","VENDOR_PO_RELATED","0:M","","association"
"VENDOR_PO_STATUS","PURCHASE_REQUISITION_LINE_STATUS","0:M","","association"
"VENDOR_PO_STATUS","PURCHASE_REQUISITION_STATUS","0:M","","association"
"VENDOR_PO_STATUS","VENDOR_PO_LINE_STATUS_ASSIGNMENT","0:M","","association"
"VENDOR_PO_STATUS","VENDOR_PO_STATUS_ASSIGN","0:M","","association"
"VENDOR_PO_TYPE","VENDOR_PO","0:M","","association"
"VENDOR_RECEIPT_LINE","AP_INVOICE_LINE_VENDOR_RECEIPT_LINE","0:M","","association"
"VENDOR_RECEIPT_LINE","VENDOR_RECEIPT_LINE_VENDOR_PO_LINE","0:M","","association"
"VENDOR_TYPE","VENDOR","1:M","","association"
"VERY_IMPORTANT_PERSON_TYPE","INDIVIDUAL_VIP_STATUS","0:M","","association"
"VISION_CONDITION","CLAIM_VISION_CONDITION","0:M","","association"
"VISION_CONDITION_CATEGORY","CLAIM_VISION_CONDITION","0:M","","association"
"VISIT","AD_ORDER_HEADER","0:M","","association"
"VISIT","CONTACT_EVENT","0:M","","association"
"VISIT","CONTACT_MENU_OPTION","0:M","","association"
"VISITOR","ONLINE_DOCUMENT_INFORMATION","0:M","","association"
"VISITOR","SHOPPING_CART","0:M","","association"
"VISITOR","VISITOR_BEHAVIOR_ANALYSIS","0:M","","association"
"VISITOR","VISITOR_LOCATOR","0:M","","association"
"VISITOR","VISITOR_LOGON_SYSTEM_XREF","0:M","","association"
"VISITOR","VISITOR_PATH_ANALYSIS","0:M","","association"
"VISITOR","WEB_PAGE_VIEW_SUMMARY","0:M","","association"
"VISITOR","WEB_SITE_USER_SPACE","0:M","","association"
"VISITOR","WEB_VISIT","0:M","","association"
"VISITOR","WEB_VISIT_SUMMARY","0:M","","association"
"VISITOR_IDENTIFICATION_METHOD_TYPE","VISITOR","0:M","","association"
"VISITOR_INTERACTION_EVENT","INTERACTION_EVENT","0:M","","association"
"VISITOR_INTERACTION_EVENT","INTERACTION_EVENT_IMPRESSION_XREF","0:M","","association"
"VISITOR_INTERACTION_EVENT","NAME_VALUE_PAIR_EVENT_XREF","0:M","","association"
"VISITOR_INTERACTION_EVENT","SESSION_EVENT_INFORMATION","0:M","","association"
"VISITOR_INTERACTION_EVENT","VISITOR_LOGON","0:M","","association"
"VISITOR_INTERACTION_EVENT","WEB_EVENT_DETAIL","0:M","","association"
"VISITOR_INTERACTION_EVENT","WEB_FORM_EVENT","0:M","","association"
"VISITOR_INTERACTION_EVENT","WEB_PAGE_EVENT_INFORMATION","0:M","","association"
"VISITOR_INTERACTION_EVENT_SUBTYPE","VISITOR_INTERACTION_EVENT","0:M","","association"
"VISITOR_LOGON_SYSTEM","MICROSITE_MEMBER","0:M","","association"
"VISITOR_LOGON_SYSTEM","ONLINE_APPLICATION_ACCESS","0:M","","association"
"VISITOR_LOGON_SYSTEM","SOCIAL_NETWORK_AFFILIATION","0:M","","association"
"VISITOR_LOGON_SYSTEM","VISITOR_LOGON","0:M","","association"
"VISITOR_LOGON_SYSTEM","VISITOR_LOGON_SYSTEM_XREF","0:M","","association"
"VISITOR_LOGON_TYPE","VISITOR_LOGON","0:M","","association"
"VISITOR_PATH_ANALYSIS","PATH_ANALYSIS_METRIC","0:M","","association"
"VISITOR_PATH_ANALYSIS","PATH_ANALYSIS_PRODUCT_XREF","0:M","","association"
"VISITOR_PATH_ANALYSIS","VISITOR_PATH_ANALYSIS_ITEM_XREF","0:M","","association"
"VISIT_ACTION_TYPE","VISIT","0:M","","association"
"VISIT_SUBTYPE","VISIT","0:M","","association"
"VISIT_SUBTYPE","WEB_VISIT_SUBTYPE","0:M","","association"
"WATCH_LIST","WATCH_LIST_MEMBER","0:M","","association"
"WATCH_LIST","WATCH_LIST_SOURCE","0:M","","association"
"WATCH_LIST_RISK_TYPE","WATCH_LIST","0:M","","association"
"WATERFALL_PAYMENT_TYPE","AGREEMENT_TO_SECURITIZATION_POOL","0:M","","association"
"WATERFALL_PAYMENT_TYPE","TRANCHE_RISK_METRIC","0:M","","association"
"WEATHER_CONDITION_TYPE","CONDITION_TYPE_VALUE","0:M","","association"
"WEATHER_NORMALS_DAILY","WEATHER_NORMALS_INTRADAY","0:M","","association"
"WEATHER_STATION","ASTRONOMICAL_CALENDAR","0:M","","association"
"WEATHER_STATION","COVERED_AREA","0:M","","association"
"WEATHER_STATION","COVERED_SITE","0:M","","association"
"WEATHER_STATION","STATION_IDENTIFICATION","0:M","","association"
"WEATHER_STATION","STATION_OBSERVATION_XREF","0:M","","association"
"WEB_AD","WEB_CAMPAIGN_EVENT","0:M","","association"
"WEB_AD_PLACEMENT_CONTRACT","DIGITAL_REQUEST_PLACEMENT","0:M","","association"
"WEB_AD_PLACEMENT_TEXT","WEB_AD_PLACEMENT_TEXT_SECTION","0:1","","association"
"WEB_AD_TYPE","WEB_AD","0:M","","association"
"WEB_FORM","WEB_FORM_EVENT","0:M","","association"
"WEB_FORM_EVENT","FORM_FIELD_EVENT","0:M","","association"
"WEB_FORM_EVENT","FORM_STATUS","0:M","","association"
"WEB_INTERACTION_SITE_TYPE","INTERACTION_EVENT","0:M","","association"
"WEB_PAGE","AD_EVENT","0:M","","association"
"WEB_PAGE","CONVERSION_CATEGORY","0:M","","association"
"WEB_PAGE","CRAWLER_WEB_PAGE_PERMISSION","0:M","","association"
"WEB_PAGE","DIGITAL_REQUEST_PLACEMENT","0:M","","association"
"WEB_PAGE","FORM_FIELD_EVENT","0:M","","association"
"WEB_PAGE","INTERNAL_SEARCH_EVENT","0:M","","association"
"WEB_PAGE","PRODUCT_VIEW_WEB_EVENT","0:M","","association"
"WEB_PAGE","PROMOTED_PRODUCT_EVENT","0:M","","association"
"WEB_PAGE","REBATE_EVENT","0:M","","association"
"WEB_PAGE","SEGMENT_PAGE_INTEREST_MAP","0:M","","association"
"WEB_PAGE","SESSION_EVENT_INFORMATION","0:M","","association"
"WEB_PAGE","VISITOR_PATH_ANALYSIS_is_current_page_for","0:M","","association"
"WEB_PAGE","VISITOR_PATH_ANALYSIS_is_parent_page_for","0:M","","association"
"WEB_PAGE","WEB_FORM_EVENT","0:M","","association"
"WEB_PAGE","WEB_PAGE_CONTEXT","0:M","","association"
"WEB_PAGE","WEB_PAGE_CREATIVE_is_page_for","0:M","","association"
"WEB_PAGE","WEB_PAGE_CREATIVE_is_web_page_for","0:M","","association"
"WEB_PAGE","WEB_PAGE_ERROR","0:M","","association"
"WEB_PAGE","WEB_PAGE_EVENT_INFORMATION","0:M","","association"
"WEB_PAGE","WEB_PAGE_MM_OBJECT_is_composed_of","0:M","","association"
"WEB_PAGE","WEB_PAGE_MM_OBJECT_is_linked_to_from","0:M","","association"
"WEB_PAGE","WEB_PAGE_PRODUCT_XREF","0:M","","association"
"WEB_PAGE","WEB_PAGE_TEXT","0:M","","association"
"WEB_PAGE","WEB_PAGE_VIEW_current_web_page_for","0:M","","association"
"WEB_PAGE","WEB_PAGE_VIEW_is_previous_page_for","0:M","","association"
"WEB_PAGE","WEB_PLATFORM","0:M","","association"
"WEB_PAGE","WEB_VISIT","0:M","","association"
"WEB_PAGE_ERROR_TYPE","WEB_PAGE_ERROR","0:M","","association"
"WEB_PAGE_EVENT_INFORMATION","CUSTOM_PAGE_VIEW_EVENT","0:M","","association"
"WEB_PAGE_EVENT_INFORMATION","DOWNLOAD_EVENT","0:M","","association"
"WEB_PAGE_EVENT_INFORMATION","WEB_DOCUMENT_EVENT","0:M","","association"
"WEB_PAGE_GENERATION_TYPE","WEB_PAGE","0:M","","association"
"WEB_PAGE_STATUS_CATEGORY","WEB_PAGE_ERROR_TYPE","0:M","","association"
"WEB_PAGE_TEXT","WEB_PAGE_TEXT_SECTION","0:1","","association"
"WEB_PAGE_VIEW","CLICK_ACTIVITY","0:M","","association"
"WEB_PAGE_VIEW","HIT_PAGE","0:M","","association"
"WEB_PAGE_VIEW","ONLINE_APPLICATION_PROGRAM_PAGE_VIEW_XREF","0:M","","association"
"WEB_PAGE_VIEW","PROGRAM_PAGE_VIEW_XREF","0:M","","association"
"WEB_PAGE_VIEW","QUERY_STRING_NAME_VALUE","0:M","","association"
"WEB_PAGE_VIEW","URL_INFORMATION","0:M","","association"
"WEB_PAGE_VIEW","VISITOR_INPUT","0:M","","association"
"WEB_PAGE_VIEW","WEB_PAGE_AD_VIEW_XREF","0:M","","association"
"WEB_PAGE_VIEW","WEB_PAGE_ERROR","0:M","","association"
"WEB_PAGE_VIEW","WEB_PAGE_EVENT_INFORMATION","0:M","","association"
"WEB_PAGE_VIEW","WEB_PAGE_OBJECT_VIEW","0:M","","association"
"WEB_PAGE_VIEW","WEB_PAGE_VIEW_SUMMARY","0:M","","association"
"WEB_PAGE_VIEW","WEB_SELF-HELP","0:M","","association"
"WEB_PAGE_VIEW_SUMMARY","WEB_PAGE_VIEW_AD_SUMMARY","0:M","","association"
"WEB_SCENARIO_EVENT","WEB_SCENARIO_STEP","0:M","","association"
"WEB_SECTION_SUBTYPE","WEB_SITE_SECTION","0:M","","association"
"WEB_SERVER","WEB_PAGE_VIEW","0:M","","association"
"WEB_SERVER","WEB_SERVER_ACTIVITY","0:M","","association"
"WEB_SERVER","WEB_SERVER_INTERNET_PROTOCOL_ADDRESS","0:M","","association"
"WEB_SERVER","WEB_SITE_SERVER","0:M","","association"
"WEB_SERVER_ACTIVITY","WEB_SERVER_STATUS","0:M","","association"
"WEB_SERVER_SOFTWARE","WEB_SERVER","0:M","","association"
"WEB_SERVER_STATUS_CATEGORY","WEB_SERVER_STATUS_TYPE","0:M","","association"
"WEB_SERVER_STATUS_TYPE","WEB_PAGE_VIEW","0:M","","association"
"WEB_SERVER_STATUS_TYPE","WEB_SERVER_STATUS","0:M","","association"
"WEB_SHOPPING_EXPERIENCE_EVENT","WEB_SHOPPING_EXPERIENCE_EVENT_PRODUCT_XREF","0:M","","association"
"WEB_SHOPPING_EXPERIENCE_EVENT_SUBTYPE","WEB_SHOPPING_EXPERIENCE_EVENT","0:M","","association"
"WEB_SHOPPING_EXPERIENCE_FUNCTION_TYPE","WEB_SHOPPING_EXPERIENCE_EVENT","0:M","","association"
"WEB_SITE","AD_IMPRESSION_SUMMARY","0:M","","association"
"WEB_SITE","AD_NETWORK_WEB_SITE","0:M","","association"
"WEB_SITE","CAMPAIGN_CELL_WEB_SITE_SECTION","0:M","","association"
"WEB_SITE","CRAWLER_WEB_SITE_PERMISSION","0:M","","association"
"WEB_SITE","CUSTOM_EVENT_INFORMATION","0:M","","association"
"WEB_SITE","SEGMENT_SITE_INTEREST_MAP","0:M","","association"
"WEB_SITE","WEB_PAGE","0:M","","association"
"WEB_SITE","WEB_SITE_CRAWLER","0:M","","association"
"WEB_SITE","WEB_SITE_GROUP_XREF","0:M","","association"
"WEB_SITE","WEB_SITE_SECTION","0:M","","association"
"WEB_SITE","WEB_SITE_SERVER","0:M","","association"
"WEB_SITE_BREADCRUMB","AD_EVENT","0:M","","association"
"WEB_SITE_BREADCRUMB","CONTENT_GROUP_VIEW","0:M","","association"
"WEB_SITE_CONTENT_TYPE","WEB_SITE","0:M","","association"
"WEB_SITE_DATABASE_REPOSITORY","WEB_SITE","0:M","","association"
"WEB_SITE_ENTRY_TYPE","WEB_VISIT","0:M","","association"
"WEB_SITE_GROUP","WEB_GROUP_PUBLISHER","0:M","","association"
"WEB_SITE_GROUP","WEB_SITE_GROUP_XREF","0:M","","association"
"WEB_SITE_NAVIGATION","WEB_PAGE","0:M","","association"
"WEB_SITE_NAVIGATION","WEB_SITE_NAVIGATION","0:M","","association"
"WEB_SITE_SECTION","CAMPAIGN_CELL_WEB_SITE_SECTION","0:M","","association"
"WEB_SITE_SECTION","DIGITAL_REQUEST_PLACEMENT","0:M","","association"
"WEB_SITE_SECTION","WEB_PAGE","0:M","","association"
"WEB_SITE_SECTION","WEB_SITE_SECTION","0:M","","association"
"WEB_SITE_SECTION","WEB_SITE_SUBSTITUTE_SECTION","0:M","","association"
"WEB_SITE_SUBSTITUTE_SECTION","CONTENT_GROUP_VIEW","0:M","","association"
"WEB_SITE_SUBSTITUTE_SECTION","WEB_SHOPPING_EXPERIENCE_EVENT","0:M","","association"
"WEB_SITE_SUBSTITUTE_SECTION","WEB_SHOPPING_EXPERIENCE_EVENT_PRODUCT_XREF","0:M","","association"
"WEB_SITE_SUBSTITUTE_SECTION_TYPE","WEB_SITE_SUBSTITUTE_SECTION","0:M","","association"
"WEB_SITE_SUBTYPE","WEB_SITE","0:M","","association"
"WEB_VISIT","ONLINE_CAMPAIGN_CHARACTERISTIC","0:M","","association"
"WEB_VISIT","ONLINE_PROMOTION_VISIT_XREF","0:M","","association"
"WEB_VISIT","SESSION_ATTRIBUTE_TYPE","0:M","","association"
"WEB_VISIT","USER_SOURCE_INFORMATION","0:M","","association"
"WEB_VISIT","USER_TYPE_INFORMATION","0:M","","association"
"WEB_VISIT","VISITOR_BEHAVIOR_ANALYSIS","0:M","","association"
"WEB_VISIT","VISITOR_INTERACTION_EVENT","0:M","","association"
"WEB_VISIT","VISITOR_PATH_ANALYSIS","0:M","","association"
"WEB_VISIT","VISIT_PROMOTION_XREF","0:M","","association"
"WEB_VISIT","WEB_PAGE_VIEW","0:M","","association"
"WEB_VISIT","WEB_SESSION_COOKIE","0:M","","association"
"WEB_VISIT","WEB_VISIT_INTERNET_PROTOCOL_XREF","0:M","","association"
"WEB_VISIT","WEB_VISIT_SUMMARY","0:M","","association"
"WEB_VISIT_SUBTYPE","WEB_VISIT","0:M","","association"
"WEB_VISIT_SUMMARY","ONLINE_PROMOTION_SUMMARY","0:M","","association"
"WEB_VISIT_SUMMARY","VISIT_PRODUCT_FEATURE_SUMMARY","0:M","","association"
"WITHHOLDING_TAX_SUBTYPE","WITHHOLDING_TAX","0:M","","association"
"WORKSTATION_TERMINAL","CALL_CENTER_TERMINAL_CHANNEL_INSTANCE","0:M","","association"
"WORKSTATION_TERMINAL","INTERNAL_ORGANIZATION_WORKSTATION","0:M","","association"
"WORKSTATION_TERMINAL","OVER-THE-COUNTER_TERMINAL_CHANNEL_INSTANCE","0:M","","association"
"WORKSTATION_TYPE","WORKSTATION_TERMINAL","0:M","","association"
"WORK_PROCESS","WORK_PROCESS_EVENT","0:M","","association"
"WORK_PROCESS","WORK_PROCESS_RELATED_is_related_to","0:M","","association"
"WORK_PROCESS","WORK_PROCESS_RELATED_is_related_with","0:M","","association"
"WORK_PROCESS","WORK_PROCESS_STATUS","0:M","","association"
"WORK_PROCESS","WORK_PROCESS_STEP_ACTUAL","0:M","","association"
"WORK_PROCESS","WORK_PROCESS_STEP_STANDARD","0:M","","association"
"WORK_PROCESS_RELATED_ROLE","WORK_PROCESS_RELATED","0:M","","association"
"WORK_PROCESS_STATUS_TYPE","WORK_PROCESS_STATUS","0:M","","association"
"WORK_PROCESS_STEP_ACTUAL","STEP_STATUS","0:M","","association"
"WORK_PROCESS_STEP_ACTUAL","WORK_PROCESS_STEP_PARTY","0:M","","association"
"WORK_PROCESS_STEP_ACTUAL","WORK_PROCESS_STEP_PROJECT","0:M","","association"
"WORK_PROCESS_STEP_ACTUAL_SUBTYPE","WORK_PROCESS_STEP_ACTUAL","0:M","","association"
"WORK_PROCESS_STEP_PARTY_ROLE","WORK_PROCESS_STEP_PARTY","0:M","","association"
"WORK_PROCESS_SUBTYPE","WORK_PROCESS","0:M","","association"
"WORK_PROCESS_TYPE","WORK_PROCESS","0:M","","association"
"WORK_PRODUCT","STEP_ACTUAL_INPUT_OUTPUT","0:M","","association"
"WORK_PRODUCT","STEP_STANDARD_INPUT_OUTPUT","0:M","","association"
"WORK_PRODUCT_TYPE","WORK_PRODUCT","0:M","","association"
"WORK_SHIFT_TYPE","ASSOCIATE_JOB_CLASSIFICATION_LABOR_ACTUAL","0:M","","association"
"WORK_SHIFT_TYPE","JOB_CLASSIFICATION_LABOR_SHIFT_SCHEDULE","0:M","","association"
"WORK_SHIFT_TYPE","LABOR_FINANCIAL_PLAN","0:M","","association"
"WORK_SHIFT_TYPE","WORK_SHIFT_DAILY_HOURS","0:M","","association"
"WORK_SHIFT_TYPE","WORK_SHIFT_DAY_OF_WEEK_HOURS","0:M","","association"
"X-RAY_STATUS_TYPE","HEALTH_CLAIM","0:M","","association"
"YIELD_CURVE_MATURITY_SEGMENT_TYPE","INTEREST_RATE_INDEX","0:M","","association"
"YIELD_CURVE_MATURITY_SEGMENT_TYPE","YIELD_CURVE_MATURITY_RISK_FACTOR","0:M","","association"
